<?xml version="1.0" encoding="utf-8"?>
<gpx xmlns="http://www.topografix.com/GPX/1/1" version="1.1" creator="https://mapy.com/">
	<trk>
		<name>Millstätter See okruh</name>
		<trkseg>
			<trkpt lat="46.811062" lon="13.548122">
				<ele>594.000000</ele>
			</trkpt>
			<trkpt lat="46.811056" lon="13.547771">
				<ele>597.000000</ele>
			</trkpt>
			<trkpt lat="46.811093" lon="13.547736">
				<ele>598.000000</ele>
			</trkpt>
			<trkpt lat="46.811136" lon="13.547717">
				<ele>599.000000</ele>
			</trkpt>
			<trkpt lat="46.811210" lon="13.547709">
				<ele>600.000000</ele>
			</trkpt>
			<trkpt lat="46.811198" lon="13.547852">
				<ele>600.000000</ele>
			</trkpt>
			<trkpt lat="46.811198" lon="13.547996">
				<ele>600.000000</ele>
			</trkpt>
			<trkpt lat="46.811198" lon="13.548185">
				<ele>600.000000</ele>
			</trkpt>
			<trkpt lat="46.811210" lon="13.548516">
				<ele>600.000000</ele>
			</trkpt>
			<trkpt lat="46.811210" lon="13.548786">
				<ele>600.000000</ele>
			</trkpt>
			<trkpt lat="46.811192" lon="13.549011">
				<ele>600.000000</ele>
			</trkpt>
			<trkpt lat="46.811148" lon="13.549334">
				<ele>600.000000</ele>
			</trkpt>
			<trkpt lat="46.811062" lon="13.549640">
				<ele>600.000000</ele>
			</trkpt>
			<trkpt lat="46.809857" lon="13.552631">
				<ele>600.000000</ele>
			</trkpt>
			<trkpt lat="46.809089" lon="13.554482">
				<ele>600.000000</ele>
			</trkpt>
			<trkpt lat="46.809033" lon="13.554644">
				<ele>600.000000</ele>
			</trkpt>
			<trkpt lat="46.808966" lon="13.554858">
				<ele>600.000000</ele>
			</trkpt>
			<trkpt lat="46.808911" lon="13.554824">
				<ele>592.000000</ele>
			</trkpt>
			<trkpt lat="46.808855" lon="13.555003">
				<ele>592.000000</ele>
			</trkpt>
			<trkpt lat="46.808806" lon="13.555353">
				<ele>592.000000</ele>
			</trkpt>
			<trkpt lat="46.808806" lon="13.555721">
				<ele>592.000000</ele>
			</trkpt>
			<trkpt lat="46.808855" lon="13.556072">
				<ele>592.000000</ele>
			</trkpt>
			<trkpt lat="46.808990" lon="13.557032">
				<ele>592.000000</ele>
			</trkpt>
			<trkpt lat="46.808990" lon="13.557401">
				<ele>591.000000</ele>
			</trkpt>
			<trkpt lat="46.808954" lon="13.557635">
				<ele>591.000000</ele>
			</trkpt>
			<trkpt lat="46.808849" lon="13.558164">
				<ele>591.000000</ele>
			</trkpt>
			<trkpt lat="46.808806" lon="13.558785">
				<ele>591.000000</ele>
			</trkpt>
			<trkpt lat="46.808486" lon="13.559871">
				<ele>591.000000</ele>
			</trkpt>
			<trkpt lat="46.807964" lon="13.560860">
				<ele>590.000000</ele>
			</trkpt>
			<trkpt lat="46.807552" lon="13.561713">
				<ele>590.000000</ele>
			</trkpt>
			<trkpt lat="46.807091" lon="13.562881">
				<ele>590.000000</ele>
			</trkpt>
			<trkpt lat="46.806544" lon="13.563743">
				<ele>590.000000</ele>
			</trkpt>
			<trkpt lat="46.806439" lon="13.563914">
				<ele>590.000000</ele>
			</trkpt>
			<trkpt lat="46.806427" lon="13.563940">
				<ele>590.000000</ele>
			</trkpt>
			<trkpt lat="46.806408" lon="13.563969">
				<ele>590.000000</ele>
			</trkpt>
			<trkpt lat="46.806396" lon="13.563995">
				<ele>590.000000</ele>
			</trkpt>
			<trkpt lat="46.806383" lon="13.564013">
				<ele>590.000000</ele>
			</trkpt>
			<trkpt lat="46.806377" lon="13.564030">
				<ele>590.000000</ele>
			</trkpt>
			<trkpt lat="46.806371" lon="13.564049">
				<ele>590.000000</ele>
			</trkpt>
			<trkpt lat="46.806359" lon="13.564076">
				<ele>590.000000</ele>
			</trkpt>
			<trkpt lat="46.806346" lon="13.564103">
				<ele>590.000000</ele>
			</trkpt>
			<trkpt lat="46.806334" lon="13.564129">
				<ele>590.000000</ele>
			</trkpt>
			<trkpt lat="46.806322" lon="13.564166">
				<ele>590.000000</ele>
			</trkpt>
			<trkpt lat="46.806199" lon="13.564426">
				<ele>590.000000</ele>
			</trkpt>
			<trkpt lat="46.806045" lon="13.565082">
				<ele>590.000000</ele>
			</trkpt>
			<trkpt lat="46.805990" lon="13.565244">
				<ele>590.000000</ele>
			</trkpt>
			<trkpt lat="46.805394" lon="13.566313">
				<ele>590.000000</ele>
			</trkpt>
			<trkpt lat="46.805351" lon="13.566447">
				<ele>590.000000</ele>
			</trkpt>
			<trkpt lat="46.804883" lon="13.567301">
				<ele>593.000000</ele>
			</trkpt>
			<trkpt lat="46.804668" lon="13.567678">
				<ele>594.000000</ele>
			</trkpt>
			<trkpt lat="46.804422" lon="13.568100">
				<ele>595.000000</ele>
			</trkpt>
			<trkpt lat="46.804391" lon="13.568154">
				<ele>595.000000</ele>
			</trkpt>
			<trkpt lat="46.804330" lon="13.568261">
				<ele>595.000000</ele>
			</trkpt>
			<trkpt lat="46.804238" lon="13.568324">
				<ele>596.000000</ele>
			</trkpt>
			<trkpt lat="46.804133" lon="13.568514">
				<ele>596.000000</ele>
			</trkpt>
			<trkpt lat="46.804047" lon="13.568703">
				<ele>597.000000</ele>
			</trkpt>
			<trkpt lat="46.803875" lon="13.569034">
				<ele>597.000000</ele>
			</trkpt>
			<trkpt lat="46.803801" lon="13.569313">
				<ele>598.000000</ele>
			</trkpt>
			<trkpt lat="46.803401" lon="13.570112">
				<ele>600.000000</ele>
			</trkpt>
			<trkpt lat="46.803340" lon="13.570229">
				<ele>600.000000</ele>
			</trkpt>
			<trkpt lat="46.803242" lon="13.570418">
				<ele>600.000000</ele>
			</trkpt>
			<trkpt lat="46.802934" lon="13.571020">
				<ele>600.000000</ele>
			</trkpt>
			<trkpt lat="46.802701" lon="13.571451">
				<ele>600.000000</ele>
			</trkpt>
			<trkpt lat="46.802651" lon="13.571550">
				<ele>600.000000</ele>
			</trkpt>
			<trkpt lat="46.802442" lon="13.571972">
				<ele>600.000000</ele>
			</trkpt>
			<trkpt lat="46.802418" lon="13.572026">
				<ele>600.000000</ele>
			</trkpt>
			<trkpt lat="46.802375" lon="13.572125">
				<ele>600.000000</ele>
			</trkpt>
			<trkpt lat="46.802344" lon="13.572187">
				<ele>600.000000</ele>
			</trkpt>
			<trkpt lat="46.802264" lon="13.572376">
				<ele>600.000000</ele>
			</trkpt>
			<trkpt lat="46.802184" lon="13.572655">
				<ele>600.000000</ele>
			</trkpt>
			<trkpt lat="46.802166" lon="13.572798">
				<ele>600.000000</ele>
			</trkpt>
			<trkpt lat="46.802159" lon="13.572961">
				<ele>600.000000</ele>
			</trkpt>
			<trkpt lat="46.802172" lon="13.573355">
				<ele>600.000000</ele>
			</trkpt>
			<trkpt lat="46.802178" lon="13.573481">
				<ele>600.000000</ele>
			</trkpt>
			<trkpt lat="46.802184" lon="13.573544">
				<ele>600.000000</ele>
			</trkpt>
			<trkpt lat="46.802264" lon="13.574173">
				<ele>600.000000</ele>
			</trkpt>
			<trkpt lat="46.802307" lon="13.574658">
				<ele>600.000000</ele>
			</trkpt>
			<trkpt lat="46.802288" lon="13.574793">
				<ele>600.000000</ele>
			</trkpt>
			<trkpt lat="46.802319" lon="13.575135">
				<ele>600.000000</ele>
			</trkpt>
			<trkpt lat="46.802319" lon="13.575196">
				<ele>600.000000</ele>
			</trkpt>
			<trkpt lat="46.802313" lon="13.575422">
				<ele>600.000000</ele>
			</trkpt>
			<trkpt lat="46.802356" lon="13.575861">
				<ele>600.000000</ele>
			</trkpt>
			<trkpt lat="46.802362" lon="13.575951">
				<ele>600.000000</ele>
			</trkpt>
			<trkpt lat="46.802399" lon="13.576347">
				<ele>600.000000</ele>
			</trkpt>
			<trkpt lat="46.802455" lon="13.576427">
				<ele>600.000000</ele>
			</trkpt>
			<trkpt lat="46.802467" lon="13.576563">
				<ele>600.000000</ele>
			</trkpt>
			<trkpt lat="46.802473" lon="13.576976">
				<ele>600.000000</ele>
			</trkpt>
			<trkpt lat="46.802467" lon="13.577317">
				<ele>600.000000</ele>
			</trkpt>
			<trkpt lat="46.802412" lon="13.577882">
				<ele>600.000000</ele>
			</trkpt>
			<trkpt lat="46.802294" lon="13.578485">
				<ele>600.000000</ele>
			</trkpt>
			<trkpt lat="46.802227" lon="13.578790">
				<ele>600.000000</ele>
			</trkpt>
			<trkpt lat="46.802049" lon="13.579374">
				<ele>600.000000</ele>
			</trkpt>
			<trkpt lat="46.801858" lon="13.579841">
				<ele>600.000000</ele>
			</trkpt>
			<trkpt lat="46.801600" lon="13.580335">
				<ele>600.000000</ele>
			</trkpt>
			<trkpt lat="46.801360" lon="13.580704">
				<ele>600.000000</ele>
			</trkpt>
			<trkpt lat="46.801323" lon="13.580758">
				<ele>600.000000</ele>
			</trkpt>
			<trkpt lat="46.801212" lon="13.580919">
				<ele>600.000000</ele>
			</trkpt>
			<trkpt lat="46.801200" lon="13.580938">
				<ele>600.000000</ele>
			</trkpt>
			<trkpt lat="46.800825" lon="13.581477">
				<ele>600.000000</ele>
			</trkpt>
			<trkpt lat="46.800542" lon="13.581943">
				<ele>600.000000</ele>
			</trkpt>
			<trkpt lat="46.800302" lon="13.582356">
				<ele>600.000000</ele>
			</trkpt>
			<trkpt lat="46.799951" lon="13.582959">
				<ele>600.000000</ele>
			</trkpt>
			<trkpt lat="46.799829" lon="13.583120">
				<ele>600.000000</ele>
			</trkpt>
			<trkpt lat="46.799798" lon="13.583174">
				<ele>600.000000</ele>
			</trkpt>
			<trkpt lat="46.799730" lon="13.583282">
				<ele>600.000000</ele>
			</trkpt>
			<trkpt lat="46.799570" lon="13.583452">
				<ele>600.000000</ele>
			</trkpt>
			<trkpt lat="46.799263" lon="13.583875">
				<ele>600.000000</ele>
			</trkpt>
			<trkpt lat="46.799165" lon="13.584027">
				<ele>600.000000</ele>
			</trkpt>
			<trkpt lat="46.798998" lon="13.584288">
				<ele>600.000000</ele>
			</trkpt>
			<trkpt lat="46.798752" lon="13.584773">
				<ele>600.000000</ele>
			</trkpt>
			<trkpt lat="46.798630" lon="13.584980">
				<ele>600.000000</ele>
			</trkpt>
			<trkpt lat="46.798574" lon="13.585150">
				<ele>600.000000</ele>
			</trkpt>
			<trkpt lat="46.798469" lon="13.585698">
				<ele>600.000000</ele>
			</trkpt>
			<trkpt lat="46.798168" lon="13.587117">
				<ele>600.000000</ele>
			</trkpt>
			<trkpt lat="46.798058" lon="13.587530">
				<ele>600.000000</ele>
			</trkpt>
			<trkpt lat="46.797769" lon="13.588501">
				<ele>600.000000</ele>
			</trkpt>
			<trkpt lat="46.797412" lon="13.589633">
				<ele>600.000000</ele>
			</trkpt>
			<trkpt lat="46.797191" lon="13.590423">
				<ele>600.000000</ele>
			</trkpt>
			<trkpt lat="46.797055" lon="13.590980">
				<ele>600.000000</ele>
			</trkpt>
			<trkpt lat="46.796896" lon="13.591412">
				<ele>600.000000</ele>
			</trkpt>
			<trkpt lat="46.796489" lon="13.592283">
				<ele>600.000000</ele>
			</trkpt>
			<trkpt lat="46.796078" lon="13.593163">
				<ele>600.000000</ele>
			</trkpt>
			<trkpt lat="46.795960" lon="13.593423">
				<ele>600.000000</ele>
			</trkpt>
			<trkpt lat="46.795868" lon="13.593639">
				<ele>600.000000</ele>
			</trkpt>
			<trkpt lat="46.795536" lon="13.594564">
				<ele>600.000000</ele>
			</trkpt>
			<trkpt lat="46.795358" lon="13.595094">
				<ele>600.000000</ele>
			</trkpt>
			<trkpt lat="46.795229" lon="13.595580">
				<ele>600.000000</ele>
			</trkpt>
			<trkpt lat="46.795174" lon="13.595840">
				<ele>600.000000</ele>
			</trkpt>
			<trkpt lat="46.795161" lon="13.595930">
				<ele>600.000000</ele>
			</trkpt>
			<trkpt lat="46.795143" lon="13.596073">
				<ele>600.000000</ele>
			</trkpt>
			<trkpt lat="46.795130" lon="13.596209">
				<ele>600.000000</ele>
			</trkpt>
			<trkpt lat="46.795118" lon="13.596595">
				<ele>600.000000</ele>
			</trkpt>
			<trkpt lat="46.795118" lon="13.596801">
				<ele>600.000000</ele>
			</trkpt>
			<trkpt lat="46.795192" lon="13.597170">
				<ele>600.000000</ele>
			</trkpt>
			<trkpt lat="46.795413" lon="13.597654">
				<ele>600.000000</ele>
			</trkpt>
			<trkpt lat="46.796035" lon="13.598723">
				<ele>600.000000</ele>
			</trkpt>
			<trkpt lat="46.796225" lon="13.599254">
				<ele>600.000000</ele>
			</trkpt>
			<trkpt lat="46.796274" lon="13.599578">
				<ele>600.000000</ele>
			</trkpt>
			<trkpt lat="46.796293" lon="13.599748">
				<ele>600.000000</ele>
			</trkpt>
			<trkpt lat="46.796299" lon="13.599847">
				<ele>600.000000</ele>
			</trkpt>
			<trkpt lat="46.796293" lon="13.600178">
				<ele>600.000000</ele>
			</trkpt>
			<trkpt lat="46.796268" lon="13.600494">
				<ele>600.000000</ele>
			</trkpt>
			<trkpt lat="46.796084" lon="13.600996">
				<ele>600.000000</ele>
			</trkpt>
			<trkpt lat="46.795856" lon="13.601463">
				<ele>600.000000</ele>
			</trkpt>
			<trkpt lat="46.795604" lon="13.601849">
				<ele>600.000000</ele>
			</trkpt>
			<trkpt lat="46.795419" lon="13.602111">
				<ele>600.000000</ele>
			</trkpt>
			<trkpt lat="46.794675" lon="13.603071">
				<ele>600.000000</ele>
			</trkpt>
			<trkpt lat="46.794386" lon="13.603512">
				<ele>600.000000</ele>
			</trkpt>
			<trkpt lat="46.794189" lon="13.604006">
				<ele>600.000000</ele>
			</trkpt>
			<trkpt lat="46.793968" lon="13.604509">
				<ele>600.000000</ele>
			</trkpt>
			<trkpt lat="46.793778" lon="13.604815">
				<ele>600.000000</ele>
			</trkpt>
			<trkpt lat="46.793458" lon="13.605155">
				<ele>600.000000</ele>
			</trkpt>
			<trkpt lat="46.793261" lon="13.605417">
				<ele>600.000000</ele>
			</trkpt>
			<trkpt lat="46.793150" lon="13.605614">
				<ele>600.000000</ele>
			</trkpt>
			<trkpt lat="46.793039" lon="13.605748">
				<ele>600.000000</ele>
			</trkpt>
			<trkpt lat="46.792861" lon="13.606044">
				<ele>600.000000</ele>
			</trkpt>
			<trkpt lat="46.792627" lon="13.606486">
				<ele>600.000000</ele>
			</trkpt>
			<trkpt lat="46.792345" lon="13.606845">
				<ele>600.000000</ele>
			</trkpt>
			<trkpt lat="46.792074" lon="13.607329">
				<ele>600.000000</ele>
			</trkpt>
			<trkpt lat="46.791655" lon="13.607878">
				<ele>600.000000</ele>
			</trkpt>
			<trkpt lat="46.791391" lon="13.608327">
				<ele>600.000000</ele>
			</trkpt>
			<trkpt lat="46.790991" lon="13.609252">
				<ele>600.000000</ele>
			</trkpt>
			<trkpt lat="46.790561" lon="13.610204">
				<ele>602.000000</ele>
			</trkpt>
			<trkpt lat="46.790278" lon="13.610923">
				<ele>605.000000</ele>
			</trkpt>
			<trkpt lat="46.790044" lon="13.611820">
				<ele>608.000000</ele>
			</trkpt>
			<trkpt lat="46.789902" lon="13.612791">
				<ele>612.000000</ele>
			</trkpt>
			<trkpt lat="46.789761" lon="13.613492">
				<ele>615.000000</ele>
			</trkpt>
			<trkpt lat="46.789613" lon="13.613897">
				<ele>616.000000</ele>
			</trkpt>
			<trkpt lat="46.789484" lon="13.614166">
				<ele>618.000000</ele>
			</trkpt>
			<trkpt lat="46.789318" lon="13.614507">
				<ele>619.000000</ele>
			</trkpt>
			<trkpt lat="46.789041" lon="13.614866">
				<ele>621.000000</ele>
			</trkpt>
			<trkpt lat="46.788758" lon="13.615189">
				<ele>623.000000</ele>
			</trkpt>
			<trkpt lat="46.788316" lon="13.615612">
				<ele>626.000000</ele>
			</trkpt>
			<trkpt lat="46.788064" lon="13.615908">
				<ele>628.000000</ele>
			</trkpt>
			<trkpt lat="46.788027" lon="13.615954">
				<ele>628.000000</ele>
			</trkpt>
			<trkpt lat="46.787916" lon="13.616070">
				<ele>629.000000</ele>
			</trkpt>
			<trkpt lat="46.787873" lon="13.616115">
				<ele>629.000000</ele>
			</trkpt>
			<trkpt lat="46.787670" lon="13.616304">
				<ele>630.000000</ele>
			</trkpt>
			<trkpt lat="46.787405" lon="13.616357">
				<ele>630.000000</ele>
			</trkpt>
			<trkpt lat="46.786858" lon="13.616197">
				<ele>630.000000</ele>
			</trkpt>
			<trkpt lat="46.786809" lon="13.616133">
				<ele>630.000000</ele>
			</trkpt>
			<trkpt lat="46.786735" lon="13.616124">
				<ele>630.000000</ele>
			</trkpt>
			<trkpt lat="46.786680" lon="13.616124">
				<ele>630.000000</ele>
			</trkpt>
			<trkpt lat="46.786618" lon="13.616124">
				<ele>630.000000</ele>
			</trkpt>
			<trkpt lat="46.786483" lon="13.616151">
				<ele>630.000000</ele>
			</trkpt>
			<trkpt lat="46.786372" lon="13.616205">
				<ele>630.000000</ele>
			</trkpt>
			<trkpt lat="46.786286" lon="13.616258">
				<ele>630.000000</ele>
			</trkpt>
			<trkpt lat="46.786231" lon="13.616367">
				<ele>630.000000</ele>
			</trkpt>
			<trkpt lat="46.786151" lon="13.616457">
				<ele>630.000000</ele>
			</trkpt>
			<trkpt lat="46.786009" lon="13.616627">
				<ele>630.000000</ele>
			</trkpt>
			<trkpt lat="46.785911" lon="13.616816">
				<ele>630.000000</ele>
			</trkpt>
			<trkpt lat="46.785812" lon="13.617149">
				<ele>630.000000</ele>
			</trkpt>
			<trkpt lat="46.785726" lon="13.617535">
				<ele>630.000000</ele>
			</trkpt>
			<trkpt lat="46.785646" lon="13.617831">
				<ele>630.000000</ele>
			</trkpt>
			<trkpt lat="46.785591" lon="13.617948">
				<ele>630.000000</ele>
			</trkpt>
			<trkpt lat="46.785536" lon="13.618055">
				<ele>630.000000</ele>
			</trkpt>
			<trkpt lat="46.785492" lon="13.618118">
				<ele>630.000000</ele>
			</trkpt>
			<trkpt lat="46.785302" lon="13.618415">
				<ele>630.000000</ele>
			</trkpt>
			<trkpt lat="46.785123" lon="13.618702">
				<ele>630.000000</ele>
			</trkpt>
			<trkpt lat="46.784939" lon="13.619241">
				<ele>630.000000</ele>
			</trkpt>
			<trkpt lat="46.784816" lon="13.619583">
				<ele>630.000000</ele>
			</trkpt>
			<trkpt lat="46.784699" lon="13.619816">
				<ele>630.000000</ele>
			</trkpt>
			<trkpt lat="46.784441" lon="13.620202">
				<ele>629.000000</ele>
			</trkpt>
			<trkpt lat="46.784133" lon="13.620508">
				<ele>629.000000</ele>
			</trkpt>
			<trkpt lat="46.783992" lon="13.620642">
				<ele>629.000000</ele>
			</trkpt>
			<trkpt lat="46.783617" lon="13.621218">
				<ele>628.000000</ele>
			</trkpt>
			<trkpt lat="46.783377" lon="13.621451">
				<ele>627.000000</ele>
			</trkpt>
			<trkpt lat="46.783290" lon="13.621541">
				<ele>627.000000</ele>
			</trkpt>
			<trkpt lat="46.783143" lon="13.621667">
				<ele>627.000000</ele>
			</trkpt>
			<trkpt lat="46.783051" lon="13.621784">
				<ele>627.000000</ele>
			</trkpt>
			<trkpt lat="46.782909" lon="13.622053">
				<ele>626.000000</ele>
			</trkpt>
			<trkpt lat="46.782687" lon="13.622512">
				<ele>626.000000</ele>
			</trkpt>
			<trkpt lat="46.782417" lon="13.622915">
				<ele>625.000000</ele>
			</trkpt>
			<trkpt lat="46.781316" lon="13.623931">
				<ele>623.000000</ele>
			</trkpt>
			<trkpt lat="46.781051" lon="13.624236">
				<ele>623.000000</ele>
			</trkpt>
			<trkpt lat="46.780799" lon="13.624541">
				<ele>622.000000</ele>
			</trkpt>
			<trkpt lat="46.780491" lon="13.625000">
				<ele>622.000000</ele>
			</trkpt>
			<trkpt lat="46.780080" lon="13.625673">
				<ele>621.000000</ele>
			</trkpt>
			<trkpt lat="46.779815" lon="13.626114">
				<ele>620.000000</ele>
			</trkpt>
			<trkpt lat="46.779556" lon="13.626544">
				<ele>619.000000</ele>
			</trkpt>
			<trkpt lat="46.779329" lon="13.626958">
				<ele>619.000000</ele>
			</trkpt>
			<trkpt lat="46.779082" lon="13.627443">
				<ele>618.000000</ele>
			</trkpt>
			<trkpt lat="46.778917" lon="13.627793">
				<ele>618.000000</ele>
			</trkpt>
			<trkpt lat="46.778750" lon="13.628179">
				<ele>617.000000</ele>
			</trkpt>
			<trkpt lat="46.778584" lon="13.628566">
				<ele>617.000000</ele>
			</trkpt>
			<trkpt lat="46.778455" lon="13.628826">
				<ele>617.000000</ele>
			</trkpt>
			<trkpt lat="46.778283" lon="13.629114">
				<ele>616.000000</ele>
			</trkpt>
			<trkpt lat="46.778160" lon="13.629284">
				<ele>616.000000</ele>
			</trkpt>
			<trkpt lat="46.777994" lon="13.629473">
				<ele>616.000000</ele>
			</trkpt>
			<trkpt lat="46.777944" lon="13.629500">
				<ele>615.000000</ele>
			</trkpt>
			<trkpt lat="46.777883" lon="13.629545">
				<ele>615.000000</ele>
			</trkpt>
			<trkpt lat="46.777711" lon="13.629734">
				<ele>615.000000</ele>
			</trkpt>
			<trkpt lat="46.777674" lon="13.629833">
				<ele>615.000000</ele>
			</trkpt>
			<trkpt lat="46.777600" lon="13.629931">
				<ele>615.000000</ele>
			</trkpt>
			<trkpt lat="46.777452" lon="13.630120">
				<ele>614.000000</ele>
			</trkpt>
			<trkpt lat="46.777212" lon="13.630497">
				<ele>614.000000</ele>
			</trkpt>
			<trkpt lat="46.777028" lon="13.630785">
				<ele>614.000000</ele>
			</trkpt>
			<trkpt lat="46.776880" lon="13.631028">
				<ele>614.000000</ele>
			</trkpt>
			<trkpt lat="46.776677" lon="13.631405">
				<ele>614.000000</ele>
			</trkpt>
			<trkpt lat="46.776505" lon="13.631745">
				<ele>614.000000</ele>
			</trkpt>
			<trkpt lat="46.776290" lon="13.632321">
				<ele>615.000000</ele>
			</trkpt>
			<trkpt lat="46.776111" lon="13.633300">
				<ele>615.000000</ele>
			</trkpt>
			<trkpt lat="46.775933" lon="13.633892">
				<ele>614.000000</ele>
			</trkpt>
			<trkpt lat="46.775779" lon="13.634216">
				<ele>614.000000</ele>
			</trkpt>
			<trkpt lat="46.775712" lon="13.634332">
				<ele>614.000000</ele>
			</trkpt>
			<trkpt lat="46.775496" lon="13.634764">
				<ele>614.000000</ele>
			</trkpt>
			<trkpt lat="46.775311" lon="13.635177">
				<ele>614.000000</ele>
			</trkpt>
			<trkpt lat="46.775274" lon="13.635267">
				<ele>614.000000</ele>
			</trkpt>
			<trkpt lat="46.775189" lon="13.635537">
				<ele>613.000000</ele>
			</trkpt>
			<trkpt lat="46.775127" lon="13.635806">
				<ele>613.000000</ele>
			</trkpt>
			<trkpt lat="46.775109" lon="13.636408">
				<ele>613.000000</ele>
			</trkpt>
			<trkpt lat="46.775096" lon="13.636741">
				<ele>613.000000</ele>
			</trkpt>
			<trkpt lat="46.775084" lon="13.636938">
				<ele>613.000000</ele>
			</trkpt>
			<trkpt lat="46.775047" lon="13.637082">
				<ele>613.000000</ele>
			</trkpt>
			<trkpt lat="46.775035" lon="13.637171">
				<ele>612.000000</ele>
			</trkpt>
			<trkpt lat="46.775035" lon="13.637271">
				<ele>612.000000</ele>
			</trkpt>
			<trkpt lat="46.775047" lon="13.637378">
				<ele>612.000000</ele>
			</trkpt>
			<trkpt lat="46.775072" lon="13.637468">
				<ele>612.000000</ele>
			</trkpt>
			<trkpt lat="46.775102" lon="13.637531">
				<ele>612.000000</ele>
			</trkpt>
			<trkpt lat="46.775133" lon="13.637567">
				<ele>612.000000</ele>
			</trkpt>
			<trkpt lat="46.775176" lon="13.637621">
				<ele>612.000000</ele>
			</trkpt>
			<trkpt lat="46.775237" lon="13.637764">
				<ele>612.000000</ele>
			</trkpt>
			<trkpt lat="46.775299" lon="13.637873">
				<ele>612.000000</ele>
			</trkpt>
			<trkpt lat="46.775742" lon="13.638529">
				<ele>612.000000</ele>
			</trkpt>
			<trkpt lat="46.775840" lon="13.638626">
				<ele>611.000000</ele>
			</trkpt>
			<trkpt lat="46.775988" lon="13.638968">
				<ele>611.000000</ele>
			</trkpt>
			<trkpt lat="46.776468" lon="13.640082">
				<ele>610.000000</ele>
			</trkpt>
			<trkpt lat="46.776739" lon="13.640460">
				<ele>610.000000</ele>
			</trkpt>
			<trkpt lat="46.777022" lon="13.640827">
				<ele>609.000000</ele>
			</trkpt>
			<trkpt lat="46.777065" lon="13.640890">
				<ele>609.000000</ele>
			</trkpt>
			<trkpt lat="46.777354" lon="13.641286">
				<ele>608.000000</ele>
			</trkpt>
			<trkpt lat="46.777415" lon="13.641403">
				<ele>608.000000</ele>
			</trkpt>
			<trkpt lat="46.777458" lon="13.641475">
				<ele>607.000000</ele>
			</trkpt>
			<trkpt lat="46.777434" lon="13.641483">
				<ele>607.000000</ele>
			</trkpt>
			<trkpt lat="46.777385" lon="13.641448">
				<ele>607.000000</ele>
			</trkpt>
			<trkpt lat="46.777120" lon="13.641286">
				<ele>601.000000</ele>
			</trkpt>
			<trkpt lat="46.777028" lon="13.641322">
				<ele>597.000000</ele>
			</trkpt>
			<trkpt lat="46.776979" lon="13.641330">
				<ele>593.000000</ele>
			</trkpt>
			<trkpt lat="46.776942" lon="13.641358">
				<ele>593.000000</ele>
			</trkpt>
			<trkpt lat="46.776892" lon="13.641420">
				<ele>593.000000</ele>
			</trkpt>
			<trkpt lat="46.776782" lon="13.641582">
				<ele>593.000000</ele>
			</trkpt>
			<trkpt lat="46.776622" lon="13.641789">
				<ele>593.000000</ele>
			</trkpt>
			<trkpt lat="46.776462" lon="13.641529">
				<ele>592.000000</ele>
			</trkpt>
			<trkpt lat="46.776382" lon="13.641403">
				<ele>592.000000</ele>
			</trkpt>
			<trkpt lat="46.776320" lon="13.641295">
				<ele>592.000000</ele>
			</trkpt>
			<trkpt lat="46.776290" lon="13.641196">
				<ele>592.000000</ele>
			</trkpt>
			<trkpt lat="46.776265" lon="13.641223">
				<ele>592.000000</ele>
			</trkpt>
			<trkpt lat="46.776222" lon="13.641250">
				<ele>591.000000</ele>
			</trkpt>
			<trkpt lat="46.776167" lon="13.641268">
				<ele>591.000000</ele>
			</trkpt>
			<trkpt lat="46.776086" lon="13.641295">
				<ele>591.000000</ele>
			</trkpt>
			<trkpt lat="46.776050" lon="13.641330">
				<ele>591.000000</ele>
			</trkpt>
			<trkpt lat="46.776007" lon="13.641385">
				<ele>591.000000</ele>
			</trkpt>
			<trkpt lat="46.775976" lon="13.641313">
				<ele>591.000000</ele>
			</trkpt>
			<trkpt lat="46.775952" lon="13.641259">
				<ele>591.000000</ele>
			</trkpt>
			<trkpt lat="46.775896" lon="13.641205">
				<ele>591.000000</ele>
			</trkpt>
			<trkpt lat="46.775632" lon="13.641555">
				<ele>590.000000</ele>
			</trkpt>
			<trkpt lat="46.775435" lon="13.641816">
				<ele>590.000000</ele>
			</trkpt>
			<trkpt lat="46.775404" lon="13.641869">
				<ele>590.000000</ele>
			</trkpt>
			<trkpt lat="46.775336" lon="13.641842">
				<ele>590.000000</ele>
			</trkpt>
			<trkpt lat="46.775324" lon="13.641861">
				<ele>590.000000</ele>
			</trkpt>
			<trkpt lat="46.775299" lon="13.641896">
				<ele>590.000000</ele>
			</trkpt>
			<trkpt lat="46.775287" lon="13.641915">
				<ele>591.000000</ele>
			</trkpt>
			<trkpt lat="46.775274" lon="13.641942">
				<ele>591.000000</ele>
			</trkpt>
			<trkpt lat="46.775244" lon="13.641986">
				<ele>591.000000</ele>
			</trkpt>
			<trkpt lat="46.775140" lon="13.642175">
				<ele>591.000000</ele>
			</trkpt>
			<trkpt lat="46.775022" lon="13.642355">
				<ele>591.000000</ele>
			</trkpt>
			<trkpt lat="46.774561" lon="13.642984">
				<ele>592.000000</ele>
			</trkpt>
			<trkpt lat="46.774284" lon="13.643326">
				<ele>592.000000</ele>
			</trkpt>
			<trkpt lat="46.774173" lon="13.643496">
				<ele>592.000000</ele>
			</trkpt>
			<trkpt lat="46.774094" lon="13.643657">
				<ele>592.000000</ele>
			</trkpt>
			<trkpt lat="46.774081" lon="13.643792">
				<ele>592.000000</ele>
			</trkpt>
			<trkpt lat="46.774094" lon="13.643918">
				<ele>593.000000</ele>
			</trkpt>
			<trkpt lat="46.774106" lon="13.644026">
				<ele>593.000000</ele>
			</trkpt>
			<trkpt lat="46.774118" lon="13.644492">
				<ele>593.000000</ele>
			</trkpt>
			<trkpt lat="46.774118" lon="13.644754">
				<ele>593.000000</ele>
			</trkpt>
			<trkpt lat="46.774118" lon="13.644834">
				<ele>593.000000</ele>
			</trkpt>
			<trkpt lat="46.773853" lon="13.644951">
				<ele>593.000000</ele>
			</trkpt>
			<trkpt lat="46.773060" lon="13.645454">
				<ele>592.000000</ele>
			</trkpt>
			<trkpt lat="46.772925" lon="13.645526">
				<ele>592.000000</ele>
			</trkpt>
			<trkpt lat="46.772875" lon="13.645553">
				<ele>592.000000</ele>
			</trkpt>
			<trkpt lat="46.772641" lon="13.645714">
				<ele>592.000000</ele>
			</trkpt>
			<trkpt lat="46.772426" lon="13.645867">
				<ele>591.000000</ele>
			</trkpt>
			<trkpt lat="46.772026" lon="13.646154">
				<ele>591.000000</ele>
			</trkpt>
			<trkpt lat="46.771627" lon="13.646442">
				<ele>590.000000</ele>
			</trkpt>
			<trkpt lat="46.771559" lon="13.646487">
				<ele>590.000000</ele>
			</trkpt>
			<trkpt lat="46.771134" lon="13.646819">
				<ele>590.000000</ele>
			</trkpt>
			<trkpt lat="46.771104" lon="13.646846">
				<ele>590.000000</ele>
			</trkpt>
			<trkpt lat="46.770833" lon="13.647053">
				<ele>590.000000</ele>
			</trkpt>
			<trkpt lat="46.770666" lon="13.647188">
				<ele>590.000000</ele>
			</trkpt>
			<trkpt lat="46.770574" lon="13.647259">
				<ele>590.000000</ele>
			</trkpt>
			<trkpt lat="46.770352" lon="13.647475">
				<ele>591.000000</ele>
			</trkpt>
			<trkpt lat="46.770230" lon="13.647601">
				<ele>592.000000</ele>
			</trkpt>
			<trkpt lat="46.769984" lon="13.647861">
				<ele>593.000000</ele>
			</trkpt>
			<trkpt lat="46.769953" lon="13.647898">
				<ele>593.000000</ele>
			</trkpt>
			<trkpt lat="46.769866" lon="13.647997">
				<ele>593.000000</ele>
			</trkpt>
			<trkpt lat="46.769608" lon="13.648284">
				<ele>594.000000</ele>
			</trkpt>
			<trkpt lat="46.769583" lon="13.648311">
				<ele>594.000000</ele>
			</trkpt>
			<trkpt lat="46.769312" lon="13.648653">
				<ele>594.000000</ele>
			</trkpt>
			<trkpt lat="46.769208" lon="13.648777">
				<ele>595.000000</ele>
			</trkpt>
			<trkpt lat="46.769085" lon="13.648949">
				<ele>595.000000</ele>
			</trkpt>
			<trkpt lat="46.768975" lon="13.649102">
				<ele>595.000000</ele>
			</trkpt>
			<trkpt lat="46.768857" lon="13.649282">
				<ele>595.000000</ele>
			</trkpt>
			<trkpt lat="46.768686" lon="13.649523">
				<ele>597.000000</ele>
			</trkpt>
			<trkpt lat="46.768531" lon="13.649595">
				<ele>598.000000</ele>
			</trkpt>
			<trkpt lat="46.768433" lon="13.649595">
				<ele>599.000000</ele>
			</trkpt>
			<trkpt lat="46.768365" lon="13.649586">
				<ele>599.000000</ele>
			</trkpt>
			<trkpt lat="46.768285" lon="13.649542">
				<ele>600.000000</ele>
			</trkpt>
			<trkpt lat="46.768199" lon="13.649433">
				<ele>600.000000</ele>
			</trkpt>
			<trkpt lat="46.768082" lon="13.649282">
				<ele>600.000000</ele>
			</trkpt>
			<trkpt lat="46.767977" lon="13.649146">
				<ele>600.000000</ele>
			</trkpt>
			<trkpt lat="46.767879" lon="13.649003">
				<ele>600.000000</ele>
			</trkpt>
			<trkpt lat="46.767861" lon="13.648966">
				<ele>600.000000</ele>
			</trkpt>
			<trkpt lat="46.767737" lon="13.648787">
				<ele>600.000000</ele>
			</trkpt>
			<trkpt lat="46.767664" lon="13.648653">
				<ele>600.000000</ele>
			</trkpt>
			<trkpt lat="46.767590" lon="13.648508">
				<ele>600.000000</ele>
			</trkpt>
			<trkpt lat="46.767485" lon="13.648284">
				<ele>600.000000</ele>
			</trkpt>
			<trkpt lat="46.767319" lon="13.647907">
				<ele>600.000000</ele>
			</trkpt>
			<trkpt lat="46.767190" lon="13.647592">
				<ele>600.000000</ele>
			</trkpt>
			<trkpt lat="46.767067" lon="13.647305">
				<ele>600.000000</ele>
			</trkpt>
			<trkpt lat="46.766894" lon="13.646909">
				<ele>600.000000</ele>
			</trkpt>
			<trkpt lat="46.766815" lon="13.646739">
				<ele>600.000000</ele>
			</trkpt>
			<trkpt lat="46.766753" lon="13.646632">
				<ele>600.000000</ele>
			</trkpt>
			<trkpt lat="46.766654" lon="13.646532">
				<ele>600.000000</ele>
			</trkpt>
			<trkpt lat="46.766520" lon="13.646452">
				<ele>600.000000</ele>
			</trkpt>
			<trkpt lat="46.766329" lon="13.646389">
				<ele>600.000000</ele>
			</trkpt>
			<trkpt lat="46.766273" lon="13.646370">
				<ele>600.000000</ele>
			</trkpt>
			<trkpt lat="46.766236" lon="13.646362">
				<ele>600.000000</ele>
			</trkpt>
			<trkpt lat="46.766131" lon="13.646334">
				<ele>600.000000</ele>
			</trkpt>
			<trkpt lat="46.766021" lon="13.646236">
				<ele>601.000000</ele>
			</trkpt>
			<trkpt lat="46.765916" lon="13.646056">
				<ele>603.000000</ele>
			</trkpt>
			<trkpt lat="46.765836" lon="13.645850">
				<ele>605.000000</ele>
			</trkpt>
			<trkpt lat="46.765443" lon="13.644592">
				<ele>617.000000</ele>
			</trkpt>
			<trkpt lat="46.765160" lon="13.643873">
				<ele>624.000000</ele>
			</trkpt>
			<trkpt lat="46.765018" lon="13.643450">
				<ele>627.000000</ele>
			</trkpt>
			<trkpt lat="46.764926" lon="13.643253">
				<ele>629.000000</ele>
			</trkpt>
			<trkpt lat="46.764827" lon="13.643118">
				<ele>631.000000</ele>
			</trkpt>
			<trkpt lat="46.764771" lon="13.643064">
				<ele>632.000000</ele>
			</trkpt>
			<trkpt lat="46.764710" lon="13.643037">
				<ele>632.000000</ele>
			</trkpt>
			<trkpt lat="46.764636" lon="13.642993">
				<ele>633.000000</ele>
			</trkpt>
			<trkpt lat="46.764587" lon="13.642966">
				<ele>634.000000</ele>
			</trkpt>
			<trkpt lat="46.764538" lon="13.642921">
				<ele>635.000000</ele>
			</trkpt>
			<trkpt lat="46.764495" lon="13.642867">
				<ele>635.000000</ele>
			</trkpt>
			<trkpt lat="46.764470" lon="13.642795">
				<ele>636.000000</ele>
			</trkpt>
			<trkpt lat="46.764446" lon="13.642724">
				<ele>636.000000</ele>
			</trkpt>
			<trkpt lat="46.764427" lon="13.642634">
				<ele>637.000000</ele>
			</trkpt>
			<trkpt lat="46.764427" lon="13.642571">
				<ele>638.000000</ele>
			</trkpt>
			<trkpt lat="46.764434" lon="13.642445">
				<ele>639.000000</ele>
			</trkpt>
			<trkpt lat="46.764446" lon="13.642372">
				<ele>639.000000</ele>
			</trkpt>
			<trkpt lat="46.764458" lon="13.642265">
				<ele>640.000000</ele>
			</trkpt>
			<trkpt lat="46.764458" lon="13.642121">
				<ele>641.000000</ele>
			</trkpt>
			<trkpt lat="46.764446" lon="13.642049">
				<ele>642.000000</ele>
			</trkpt>
			<trkpt lat="46.764421" lon="13.641951">
				<ele>642.000000</ele>
			</trkpt>
			<trkpt lat="46.764372" lon="13.641852">
				<ele>643.000000</ele>
			</trkpt>
			<trkpt lat="46.764322" lon="13.641735">
				<ele>644.000000</ele>
			</trkpt>
			<trkpt lat="46.764279" lon="13.641592">
				<ele>646.000000</ele>
			</trkpt>
			<trkpt lat="46.764261" lon="13.641205">
				<ele>649.000000</ele>
			</trkpt>
			<trkpt lat="46.764236" lon="13.640837">
				<ele>651.000000</ele>
			</trkpt>
			<trkpt lat="46.764206" lon="13.640711">
				<ele>652.000000</ele>
			</trkpt>
			<trkpt lat="46.764144" lon="13.640576">
				<ele>654.000000</ele>
			</trkpt>
			<trkpt lat="46.764002" lon="13.640370">
				<ele>656.000000</ele>
			</trkpt>
			<trkpt lat="46.763953" lon="13.640288">
				<ele>657.000000</ele>
			</trkpt>
			<trkpt lat="46.763929" lon="13.640217">
				<ele>657.000000</ele>
			</trkpt>
			<trkpt lat="46.763898" lon="13.640118">
				<ele>658.000000</ele>
			</trkpt>
			<trkpt lat="46.763830" lon="13.639894">
				<ele>660.000000</ele>
			</trkpt>
			<trkpt lat="46.763762" lon="13.639669">
				<ele>662.000000</ele>
			</trkpt>
			<trkpt lat="46.763701" lon="13.639454">
				<ele>664.000000</ele>
			</trkpt>
			<trkpt lat="46.763652" lon="13.639301">
				<ele>665.000000</ele>
			</trkpt>
			<trkpt lat="46.763609" lon="13.639156">
				<ele>666.000000</ele>
			</trkpt>
			<trkpt lat="46.763547" lon="13.639031">
				<ele>668.000000</ele>
			</trkpt>
			<trkpt lat="46.763473" lon="13.638860">
				<ele>669.000000</ele>
			</trkpt>
			<trkpt lat="46.763436" lon="13.638779">
				<ele>670.000000</ele>
			</trkpt>
			<trkpt lat="46.763400" lon="13.638708">
				<ele>671.000000</ele>
			</trkpt>
			<trkpt lat="46.763369" lon="13.638645">
				<ele>671.000000</ele>
			</trkpt>
			<trkpt lat="46.763351" lon="13.638609">
				<ele>671.000000</ele>
			</trkpt>
			<trkpt lat="46.763283" lon="13.638529">
				<ele>672.000000</ele>
			</trkpt>
			<trkpt lat="46.763258" lon="13.638492">
				<ele>673.000000</ele>
			</trkpt>
			<trkpt lat="46.763239" lon="13.638447">
				<ele>673.000000</ele>
			</trkpt>
			<trkpt lat="46.763196" lon="13.638376">
				<ele>674.000000</ele>
			</trkpt>
			<trkpt lat="46.763172" lon="13.638303">
				<ele>674.000000</ele>
			</trkpt>
			<trkpt lat="46.763147" lon="13.638223">
				<ele>675.000000</ele>
			</trkpt>
			<trkpt lat="46.763135" lon="13.638142">
				<ele>675.000000</ele>
			</trkpt>
			<trkpt lat="46.763129" lon="13.638087">
				<ele>676.000000</ele>
			</trkpt>
			<trkpt lat="46.763129" lon="13.637998">
				<ele>676.000000</ele>
			</trkpt>
			<trkpt lat="46.763129" lon="13.637900">
				<ele>677.000000</ele>
			</trkpt>
			<trkpt lat="46.763117" lon="13.637854">
				<ele>677.000000</ele>
			</trkpt>
			<trkpt lat="46.763098" lon="13.637783">
				<ele>678.000000</ele>
			</trkpt>
			<trkpt lat="46.763049" lon="13.637747">
				<ele>678.000000</ele>
			</trkpt>
			<trkpt lat="46.763018" lon="13.637737">
				<ele>679.000000</ele>
			</trkpt>
			<trkpt lat="46.762999" lon="13.637737">
				<ele>679.000000</ele>
			</trkpt>
			<trkpt lat="46.762969" lon="13.637747">
				<ele>679.000000</ele>
			</trkpt>
			<trkpt lat="46.762950" lon="13.637764">
				<ele>679.000000</ele>
			</trkpt>
			<trkpt lat="46.762932" lon="13.637800">
				<ele>680.000000</ele>
			</trkpt>
			<trkpt lat="46.762919" lon="13.637863">
				<ele>680.000000</ele>
			</trkpt>
			<trkpt lat="46.762919" lon="13.637963">
				<ele>681.000000</ele>
			</trkpt>
			<trkpt lat="46.763049" lon="13.638420">
				<ele>684.000000</ele>
			</trkpt>
			<trkpt lat="46.763111" lon="13.639085">
				<ele>688.000000</ele>
			</trkpt>
			<trkpt lat="46.763147" lon="13.639875">
				<ele>694.000000</ele>
			</trkpt>
			<trkpt lat="46.763159" lon="13.640639">
				<ele>700.000000</ele>
			</trkpt>
			<trkpt lat="46.763159" lon="13.640827">
				<ele>702.000000</ele>
			</trkpt>
			<trkpt lat="46.763172" lon="13.641034">
				<ele>704.000000</ele>
			</trkpt>
			<trkpt lat="46.763159" lon="13.641179">
				<ele>705.000000</ele>
			</trkpt>
			<trkpt lat="46.763141" lon="13.641286">
				<ele>706.000000</ele>
			</trkpt>
			<trkpt lat="46.763111" lon="13.641538">
				<ele>708.000000</ele>
			</trkpt>
			<trkpt lat="46.763055" lon="13.641779">
				<ele>711.000000</ele>
			</trkpt>
			<trkpt lat="46.762944" lon="13.642166">
				<ele>714.000000</ele>
			</trkpt>
			<trkpt lat="46.762809" lon="13.642615">
				<ele>719.000000</ele>
			</trkpt>
			<trkpt lat="46.762735" lon="13.642894">
				<ele>721.000000</ele>
			</trkpt>
			<trkpt lat="46.762667" lon="13.643163">
				<ele>724.000000</ele>
			</trkpt>
			<trkpt lat="46.762624" lon="13.643397">
				<ele>726.000000</ele>
			</trkpt>
			<trkpt lat="46.762594" lon="13.643559">
				<ele>728.000000</ele>
			</trkpt>
			<trkpt lat="46.762501" lon="13.643945">
				<ele>731.000000</ele>
			</trkpt>
			<trkpt lat="46.762476" lon="13.644098">
				<ele>732.000000</ele>
			</trkpt>
			<trkpt lat="46.762439" lon="13.644269">
				<ele>734.000000</ele>
			</trkpt>
			<trkpt lat="46.762372" lon="13.644699">
				<ele>737.000000</ele>
			</trkpt>
			<trkpt lat="46.762347" lon="13.644942">
				<ele>739.000000</ele>
			</trkpt>
			<trkpt lat="46.762335" lon="13.644987">
				<ele>740.000000</ele>
			</trkpt>
			<trkpt lat="46.762317" lon="13.645121">
				<ele>741.000000</ele>
			</trkpt>
			<trkpt lat="46.762292" lon="13.645337">
				<ele>742.000000</ele>
			</trkpt>
			<trkpt lat="46.762267" lon="13.645463">
				<ele>743.000000</ele>
			</trkpt>
			<trkpt lat="46.762206" lon="13.645624">
				<ele>744.000000</ele>
			</trkpt>
			<trkpt lat="46.762132" lon="13.645796">
				<ele>745.000000</ele>
			</trkpt>
			<trkpt lat="46.762009" lon="13.646020">
				<ele>747.000000</ele>
			</trkpt>
			<trkpt lat="46.761922" lon="13.646227">
				<ele>748.000000</ele>
			</trkpt>
			<trkpt lat="46.761898" lon="13.646280">
				<ele>749.000000</ele>
			</trkpt>
			<trkpt lat="46.761843" lon="13.646397">
				<ele>750.000000</ele>
			</trkpt>
			<trkpt lat="46.761794" lon="13.646505">
				<ele>750.000000</ele>
			</trkpt>
			<trkpt lat="46.761695" lon="13.646739">
				<ele>752.000000</ele>
			</trkpt>
			<trkpt lat="46.761639" lon="13.646928">
				<ele>754.000000</ele>
			</trkpt>
			<trkpt lat="46.761596" lon="13.647089">
				<ele>755.000000</ele>
			</trkpt>
			<trkpt lat="46.761572" lon="13.647224">
				<ele>756.000000</ele>
			</trkpt>
			<trkpt lat="46.761547" lon="13.647395">
				<ele>757.000000</ele>
			</trkpt>
			<trkpt lat="46.761517" lon="13.647637">
				<ele>759.000000</ele>
			</trkpt>
			<trkpt lat="46.761486" lon="13.648068">
				<ele>762.000000</ele>
			</trkpt>
			<trkpt lat="46.761430" lon="13.648769">
				<ele>767.000000</ele>
			</trkpt>
			<trkpt lat="46.761406" lon="13.648976">
				<ele>769.000000</ele>
			</trkpt>
			<trkpt lat="46.761369" lon="13.649227">
				<ele>771.000000</ele>
			</trkpt>
			<trkpt lat="46.761271" lon="13.649729">
				<ele>774.000000</ele>
			</trkpt>
			<trkpt lat="46.761252" lon="13.649865">
				<ele>775.000000</ele>
			</trkpt>
			<trkpt lat="46.761215" lon="13.650026">
				<ele>776.000000</ele>
			</trkpt>
			<trkpt lat="46.761178" lon="13.650206">
				<ele>777.000000</ele>
			</trkpt>
			<trkpt lat="46.761116" lon="13.650502">
				<ele>779.000000</ele>
			</trkpt>
			<trkpt lat="46.761110" lon="13.650530">
				<ele>780.000000</ele>
			</trkpt>
			<trkpt lat="46.761098" lon="13.650574">
				<ele>780.000000</ele>
			</trkpt>
			<trkpt lat="46.761085" lon="13.650628">
				<ele>780.000000</ele>
			</trkpt>
			<trkpt lat="46.761055" lon="13.650682">
				<ele>780.000000</ele>
			</trkpt>
			<trkpt lat="46.760944" lon="13.650861">
				<ele>782.000000</ele>
			</trkpt>
			<trkpt lat="46.760839" lon="13.650961">
				<ele>782.000000</ele>
			</trkpt>
			<trkpt lat="46.760796" lon="13.650997">
				<ele>783.000000</ele>
			</trkpt>
			<trkpt lat="46.760741" lon="13.651033">
				<ele>783.000000</ele>
			</trkpt>
			<trkpt lat="46.760674" lon="13.651068">
				<ele>783.000000</ele>
			</trkpt>
			<trkpt lat="46.760593" lon="13.651087">
				<ele>784.000000</ele>
			</trkpt>
			<trkpt lat="46.760556" lon="13.651087">
				<ele>784.000000</ele>
			</trkpt>
			<trkpt lat="46.760464" lon="13.651087">
				<ele>785.000000</ele>
			</trkpt>
			<trkpt lat="46.760212" lon="13.651041">
				<ele>786.000000</ele>
			</trkpt>
			<trkpt lat="46.760082" lon="13.651033">
				<ele>787.000000</ele>
			</trkpt>
			<trkpt lat="46.760003" lon="13.651024">
				<ele>788.000000</ele>
			</trkpt>
			<trkpt lat="46.759867" lon="13.651024">
				<ele>789.000000</ele>
			</trkpt>
			<trkpt lat="46.759658" lon="13.651050">
				<ele>790.000000</ele>
			</trkpt>
			<trkpt lat="46.759443" lon="13.651096">
				<ele>792.000000</ele>
			</trkpt>
			<trkpt lat="46.759005" lon="13.651167">
				<ele>795.000000</ele>
			</trkpt>
			<trkpt lat="46.758649" lon="13.651177">
				<ele>798.000000</ele>
			</trkpt>
			<trkpt lat="46.758427" lon="13.651177">
				<ele>800.000000</ele>
			</trkpt>
			<trkpt lat="46.758242" lon="13.651177">
				<ele>801.000000</ele>
			</trkpt>
			<trkpt lat="46.758120" lon="13.651203">
				<ele>802.000000</ele>
			</trkpt>
			<trkpt lat="46.757959" lon="13.651248">
				<ele>804.000000</ele>
			</trkpt>
			<trkpt lat="46.757861" lon="13.651284">
				<ele>804.000000</ele>
			</trkpt>
			<trkpt lat="46.757769" lon="13.651329">
				<ele>805.000000</ele>
			</trkpt>
			<trkpt lat="46.757621" lon="13.651427">
				<ele>807.000000</ele>
			</trkpt>
			<trkpt lat="46.757504" lon="13.651473">
				<ele>808.000000</ele>
			</trkpt>
			<trkpt lat="46.757369" lon="13.651536">
				<ele>809.000000</ele>
			</trkpt>
			<trkpt lat="46.757153" lon="13.651599">
				<ele>810.000000</ele>
			</trkpt>
			<trkpt lat="46.756895" lon="13.651716">
				<ele>813.000000</ele>
			</trkpt>
			<trkpt lat="46.756772" lon="13.651779">
				<ele>814.000000</ele>
			</trkpt>
			<trkpt lat="46.756532" lon="13.651932">
				<ele>816.000000</ele>
			</trkpt>
			<trkpt lat="46.756273" lon="13.652129">
				<ele>818.000000</ele>
			</trkpt>
			<trkpt lat="46.755769" lon="13.652488">
				<ele>824.000000</ele>
			</trkpt>
			<trkpt lat="46.755639" lon="13.652586">
				<ele>826.000000</ele>
			</trkpt>
			<trkpt lat="46.755565" lon="13.652668">
				<ele>827.000000</ele>
			</trkpt>
			<trkpt lat="46.755504" lon="13.652641">
				<ele>827.000000</ele>
			</trkpt>
			<trkpt lat="46.755405" lon="13.652498">
				<ele>827.000000</ele>
			</trkpt>
			<trkpt lat="46.755344" lon="13.652416">
				<ele>826.000000</ele>
			</trkpt>
			<trkpt lat="46.755184" lon="13.652272">
				<ele>826.000000</ele>
			</trkpt>
			<trkpt lat="46.755006" lon="13.652119">
				<ele>825.000000</ele>
			</trkpt>
			<trkpt lat="46.754648" lon="13.651823">
				<ele>824.000000</ele>
			</trkpt>
			<trkpt lat="46.754242" lon="13.651500">
				<ele>822.000000</ele>
			</trkpt>
			<trkpt lat="46.754094" lon="13.651437">
				<ele>822.000000</ele>
			</trkpt>
			<trkpt lat="46.753972" lon="13.651374">
				<ele>821.000000</ele>
			</trkpt>
			<trkpt lat="46.753793" lon="13.651293">
				<ele>821.000000</ele>
			</trkpt>
			<trkpt lat="46.753584" lon="13.651203">
				<ele>820.000000</ele>
			</trkpt>
			<trkpt lat="46.753485" lon="13.651167">
				<ele>820.000000</ele>
			</trkpt>
			<trkpt lat="46.753399" lon="13.651140">
				<ele>821.000000</ele>
			</trkpt>
			<trkpt lat="46.753263" lon="13.651077">
				<ele>821.000000</ele>
			</trkpt>
			<trkpt lat="46.753190" lon="13.651041">
				<ele>821.000000</ele>
			</trkpt>
			<trkpt lat="46.753116" lon="13.650978">
				<ele>822.000000</ele>
			</trkpt>
			<trkpt lat="46.753017" lon="13.650890">
				<ele>822.000000</ele>
			</trkpt>
			<trkpt lat="46.752845" lon="13.650674">
				<ele>823.000000</ele>
			</trkpt>
			<trkpt lat="46.752661" lon="13.650431">
				<ele>823.000000</ele>
			</trkpt>
			<trkpt lat="46.752421" lon="13.650108">
				<ele>824.000000</ele>
			</trkpt>
			<trkpt lat="46.751977" lon="13.649649">
				<ele>826.000000</ele>
			</trkpt>
			<trkpt lat="46.751953" lon="13.649605">
				<ele>826.000000</ele>
			</trkpt>
			<trkpt lat="46.751940" lon="13.649569">
				<ele>826.000000</ele>
			</trkpt>
			<trkpt lat="46.751928" lon="13.649532">
				<ele>826.000000</ele>
			</trkpt>
			<trkpt lat="46.751922" lon="13.649496">
				<ele>826.000000</ele>
			</trkpt>
			<trkpt lat="46.751934" lon="13.649425">
				<ele>826.000000</ele>
			</trkpt>
			<trkpt lat="46.751959" lon="13.649308">
				<ele>826.000000</ele>
			</trkpt>
			<trkpt lat="46.752070" lon="13.648886">
				<ele>827.000000</ele>
			</trkpt>
			<trkpt lat="46.752063" lon="13.648473">
				<ele>828.000000</ele>
			</trkpt>
			<trkpt lat="46.751977" lon="13.647718">
				<ele>830.000000</ele>
			</trkpt>
			<trkpt lat="46.751934" lon="13.647368">
				<ele>830.000000</ele>
			</trkpt>
			<trkpt lat="46.751904" lon="13.647259">
				<ele>831.000000</ele>
			</trkpt>
			<trkpt lat="46.751885" lon="13.647196">
				<ele>831.000000</ele>
			</trkpt>
			<trkpt lat="46.751786" lon="13.647053">
				<ele>831.000000</ele>
			</trkpt>
			<trkpt lat="46.751621" lon="13.646919">
				<ele>832.000000</ele>
			</trkpt>
			<trkpt lat="46.751436" lon="13.646748">
				<ele>833.000000</ele>
			</trkpt>
			<trkpt lat="46.751269" lon="13.646603">
				<ele>833.000000</ele>
			</trkpt>
			<trkpt lat="46.750808" lon="13.646190">
				<ele>835.000000</ele>
			</trkpt>
			<trkpt lat="46.750155" lon="13.645490">
				<ele>838.000000</ele>
			</trkpt>
			<trkpt lat="46.749836" lon="13.645140">
				<ele>839.000000</ele>
			</trkpt>
			<trkpt lat="46.749786" lon="13.645077">
				<ele>839.000000</ele>
			</trkpt>
			<trkpt lat="46.749737" lon="13.645014">
				<ele>840.000000</ele>
			</trkpt>
			<trkpt lat="46.749657" lon="13.644852">
				<ele>840.000000</ele>
			</trkpt>
			<trkpt lat="46.749417" lon="13.644492">
				<ele>842.000000</ele>
			</trkpt>
			<trkpt lat="46.749337" lon="13.644412">
				<ele>843.000000</ele>
			</trkpt>
			<trkpt lat="46.749220" lon="13.644313">
				<ele>844.000000</ele>
			</trkpt>
			<trkpt lat="46.749029" lon="13.644169">
				<ele>845.000000</ele>
			</trkpt>
			<trkpt lat="46.748893" lon="13.644079">
				<ele>847.000000</ele>
			</trkpt>
			<trkpt lat="46.748777" lon="13.644008">
				<ele>847.000000</ele>
			</trkpt>
			<trkpt lat="46.748598" lon="13.643945">
				<ele>849.000000</ele>
			</trkpt>
			<trkpt lat="46.748426" lon="13.643927">
				<ele>850.000000</ele>
			</trkpt>
			<trkpt lat="46.748272" lon="13.643936">
				<ele>850.000000</ele>
			</trkpt>
			<trkpt lat="46.748081" lon="13.643945">
				<ele>850.000000</ele>
			</trkpt>
			<trkpt lat="46.747995" lon="13.643953">
				<ele>850.000000</ele>
			</trkpt>
			<trkpt lat="46.747927" lon="13.643972">
				<ele>850.000000</ele>
			</trkpt>
			<trkpt lat="46.747866" lon="13.643990">
				<ele>850.000000</ele>
			</trkpt>
			<trkpt lat="46.747687" lon="13.644089">
				<ele>850.000000</ele>
			</trkpt>
			<trkpt lat="46.747564" lon="13.644152">
				<ele>850.000000</ele>
			</trkpt>
			<trkpt lat="46.747447" lon="13.644223">
				<ele>850.000000</ele>
			</trkpt>
			<trkpt lat="46.747035" lon="13.644458">
				<ele>846.000000</ele>
			</trkpt>
			<trkpt lat="46.746905" lon="13.644519">
				<ele>845.000000</ele>
			</trkpt>
			<trkpt lat="46.746813" lon="13.644556">
				<ele>845.000000</ele>
			</trkpt>
			<trkpt lat="46.746776" lon="13.644565">
				<ele>844.000000</ele>
			</trkpt>
			<trkpt lat="46.746739" lon="13.644546">
				<ele>844.000000</ele>
			</trkpt>
			<trkpt lat="46.746708" lon="13.644529">
				<ele>844.000000</ele>
			</trkpt>
			<trkpt lat="46.746690" lon="13.644502">
				<ele>844.000000</ele>
			</trkpt>
			<trkpt lat="46.746678" lon="13.644448">
				<ele>843.000000</ele>
			</trkpt>
			<trkpt lat="46.746684" lon="13.644385">
				<ele>843.000000</ele>
			</trkpt>
			<trkpt lat="46.746721" lon="13.644322">
				<ele>842.000000</ele>
			</trkpt>
			<trkpt lat="46.746795" lon="13.644232">
				<ele>842.000000</ele>
			</trkpt>
			<trkpt lat="46.746874" lon="13.644142">
				<ele>841.000000</ele>
			</trkpt>
			<trkpt lat="46.746936" lon="13.644062">
				<ele>840.000000</ele>
			</trkpt>
			<trkpt lat="46.746955" lon="13.644016">
				<ele>840.000000</ele>
			</trkpt>
			<trkpt lat="46.747023" lon="13.643829">
				<ele>839.000000</ele>
			</trkpt>
			<trkpt lat="46.747066" lon="13.643676">
				<ele>837.000000</ele>
			</trkpt>
			<trkpt lat="46.747108" lon="13.643469">
				<ele>836.000000</ele>
			</trkpt>
			<trkpt lat="46.747207" lon="13.643316">
				<ele>834.000000</ele>
			</trkpt>
			<trkpt lat="46.747287" lon="13.643217">
				<ele>833.000000</ele>
			</trkpt>
			<trkpt lat="46.747379" lon="13.643118">
				<ele>832.000000</ele>
			</trkpt>
			<trkpt lat="46.747558" lon="13.642957">
				<ele>829.000000</ele>
			</trkpt>
			<trkpt lat="46.747933" lon="13.642687">
				<ele>824.000000</ele>
			</trkpt>
			<trkpt lat="46.748204" lon="13.642490">
				<ele>821.000000</ele>
			</trkpt>
			<trkpt lat="46.748297" lon="13.642391">
				<ele>820.000000</ele>
			</trkpt>
			<trkpt lat="46.748389" lon="13.642274">
				<ele>818.000000</ele>
			</trkpt>
			<trkpt lat="46.748734" lon="13.641888">
				<ele>813.000000</ele>
			</trkpt>
			<trkpt lat="46.748961" lon="13.641636">
				<ele>810.000000</ele>
			</trkpt>
			<trkpt lat="46.749060" lon="13.641475">
				<ele>808.000000</ele>
			</trkpt>
			<trkpt lat="46.749140" lon="13.641286">
				<ele>806.000000</ele>
			</trkpt>
			<trkpt lat="46.749195" lon="13.641016">
				<ele>804.000000</ele>
			</trkpt>
			<trkpt lat="46.749220" lon="13.640873">
				<ele>803.000000</ele>
			</trkpt>
			<trkpt lat="46.749226" lon="13.640756">
				<ele>802.000000</ele>
			</trkpt>
			<trkpt lat="46.749244" lon="13.640756">
				<ele>802.000000</ele>
			</trkpt>
			<trkpt lat="46.749343" lon="13.640783">
				<ele>803.000000</ele>
			</trkpt>
			<trkpt lat="46.749651" lon="13.640873">
				<ele>806.000000</ele>
			</trkpt>
			<trkpt lat="46.749823" lon="13.640909">
				<ele>807.000000</ele>
			</trkpt>
			<trkpt lat="46.750032" lon="13.640936">
				<ele>809.000000</ele>
			</trkpt>
			<trkpt lat="46.750254" lon="13.640953">
				<ele>811.000000</ele>
			</trkpt>
			<trkpt lat="46.750377" lon="13.640944">
				<ele>811.000000</ele>
			</trkpt>
			<trkpt lat="46.750500" lon="13.640926">
				<ele>812.000000</ele>
			</trkpt>
			<trkpt lat="46.750630" lon="13.640890">
				<ele>813.000000</ele>
			</trkpt>
			<trkpt lat="46.750728" lon="13.640783">
				<ele>814.000000</ele>
			</trkpt>
			<trkpt lat="46.750777" lon="13.640648">
				<ele>814.000000</ele>
			</trkpt>
			<trkpt lat="46.750802" lon="13.640550">
				<ele>815.000000</ele>
			</trkpt>
			<trkpt lat="46.750802" lon="13.640468">
				<ele>815.000000</ele>
			</trkpt>
			<trkpt lat="46.750796" lon="13.640324">
				<ele>815.000000</ele>
			</trkpt>
			<trkpt lat="46.750771" lon="13.640226">
				<ele>816.000000</ele>
			</trkpt>
			<trkpt lat="46.750721" lon="13.640028">
				<ele>817.000000</ele>
			</trkpt>
			<trkpt lat="46.750648" lon="13.639840">
				<ele>817.000000</ele>
			</trkpt>
			<trkpt lat="46.750518" lon="13.639561">
				<ele>819.000000</ele>
			</trkpt>
			<trkpt lat="46.750346" lon="13.639282">
				<ele>820.000000</ele>
			</trkpt>
			<trkpt lat="46.750155" lon="13.638968">
				<ele>822.000000</ele>
			</trkpt>
			<trkpt lat="46.750069" lon="13.638806">
				<ele>823.000000</ele>
			</trkpt>
			<trkpt lat="46.750026" lon="13.638680">
				<ele>823.000000</ele>
			</trkpt>
			<trkpt lat="46.749934" lon="13.638403">
				<ele>824.000000</ele>
			</trkpt>
			<trkpt lat="46.749885" lon="13.638232">
				<ele>825.000000</ele>
			</trkpt>
			<trkpt lat="46.749842" lon="13.638061">
				<ele>826.000000</ele>
			</trkpt>
			<trkpt lat="46.749675" lon="13.637621">
				<ele>828.000000</ele>
			</trkpt>
			<trkpt lat="46.749472" lon="13.637198">
				<ele>830.000000</ele>
			</trkpt>
			<trkpt lat="46.749244" lon="13.636831">
				<ele>833.000000</ele>
			</trkpt>
			<trkpt lat="46.749189" lon="13.636705">
				<ele>834.000000</ele>
			</trkpt>
			<trkpt lat="46.749170" lon="13.636569">
				<ele>835.000000</ele>
			</trkpt>
			<trkpt lat="46.749146" lon="13.635896">
				<ele>840.000000</ele>
			</trkpt>
			<trkpt lat="46.749066" lon="13.635124">
				<ele>843.000000</ele>
			</trkpt>
			<trkpt lat="46.748930" lon="13.634630">
				<ele>846.000000</ele>
			</trkpt>
			<trkpt lat="46.748838" lon="13.634234">
				<ele>848.000000</ele>
			</trkpt>
			<trkpt lat="46.748826" lon="13.633506">
				<ele>847.000000</ele>
			</trkpt>
			<trkpt lat="46.748783" lon="13.633255">
				<ele>846.000000</ele>
			</trkpt>
			<trkpt lat="46.748703" lon="13.632940">
				<ele>846.000000</ele>
			</trkpt>
			<trkpt lat="46.748659" lon="13.632833">
				<ele>846.000000</ele>
			</trkpt>
			<trkpt lat="46.748580" lon="13.632626">
				<ele>846.000000</ele>
			</trkpt>
			<trkpt lat="46.748549" lon="13.632554">
				<ele>846.000000</ele>
			</trkpt>
			<trkpt lat="46.748487" lon="13.632401">
				<ele>845.000000</ele>
			</trkpt>
			<trkpt lat="46.748463" lon="13.632321">
				<ele>845.000000</ele>
			</trkpt>
			<trkpt lat="46.748370" lon="13.632051">
				<ele>844.000000</ele>
			</trkpt>
			<trkpt lat="46.748284" lon="13.631764">
				<ele>844.000000</ele>
			</trkpt>
			<trkpt lat="46.748198" lon="13.631485">
				<ele>844.000000</ele>
			</trkpt>
			<trkpt lat="46.748087" lon="13.631225">
				<ele>843.000000</ele>
			</trkpt>
			<trkpt lat="46.748032" lon="13.631116">
				<ele>843.000000</ele>
			</trkpt>
			<trkpt lat="46.747983" lon="13.631036">
				<ele>843.000000</ele>
			</trkpt>
			<trkpt lat="46.747847" lon="13.630839">
				<ele>843.000000</ele>
			</trkpt>
			<trkpt lat="46.747712" lon="13.630676">
				<ele>845.000000</ele>
			</trkpt>
			<trkpt lat="46.747577" lon="13.630515">
				<ele>847.000000</ele>
			</trkpt>
			<trkpt lat="46.747435" lon="13.630380">
				<ele>849.000000</ele>
			</trkpt>
			<trkpt lat="46.747355" lon="13.630273">
				<ele>850.000000</ele>
			</trkpt>
			<trkpt lat="46.747324" lon="13.630137">
				<ele>851.000000</ele>
			</trkpt>
			<trkpt lat="46.747330" lon="13.630003">
				<ele>851.000000</ele>
			</trkpt>
			<trkpt lat="46.747373" lon="13.629734">
				<ele>852.000000</ele>
			</trkpt>
			<trkpt lat="46.747428" lon="13.629428">
				<ele>853.000000</ele>
			</trkpt>
			<trkpt lat="46.747478" lon="13.629177">
				<ele>854.000000</ele>
			</trkpt>
			<trkpt lat="46.747546" lon="13.628844">
				<ele>855.000000</ele>
			</trkpt>
			<trkpt lat="46.747619" lon="13.628539">
				<ele>856.000000</ele>
			</trkpt>
			<trkpt lat="46.747638" lon="13.628458">
				<ele>856.000000</ele>
			</trkpt>
			<trkpt lat="46.747755" lon="13.628116">
				<ele>857.000000</ele>
			</trkpt>
			<trkpt lat="46.747811" lon="13.627946">
				<ele>858.000000</ele>
			</trkpt>
			<trkpt lat="46.747915" lon="13.627784">
				<ele>858.000000</ele>
			</trkpt>
			<trkpt lat="46.747983" lon="13.627686">
				<ele>859.000000</ele>
			</trkpt>
			<trkpt lat="46.748081" lon="13.627550">
				<ele>859.000000</ele>
			</trkpt>
			<trkpt lat="46.748266" lon="13.627353">
				<ele>861.000000</ele>
			</trkpt>
			<trkpt lat="46.748641" lon="13.626967">
				<ele>864.000000</ele>
			</trkpt>
			<trkpt lat="46.749085" lon="13.626554">
				<ele>868.000000</ele>
			</trkpt>
			<trkpt lat="46.749232" lon="13.626418">
				<ele>869.000000</ele>
			</trkpt>
			<trkpt lat="46.749368" lon="13.626275">
				<ele>870.000000</ele>
			</trkpt>
			<trkpt lat="46.749472" lon="13.626078">
				<ele>872.000000</ele>
			</trkpt>
			<trkpt lat="46.749596" lon="13.625808">
				<ele>875.000000</ele>
			</trkpt>
			<trkpt lat="46.749768" lon="13.625422">
				<ele>879.000000</ele>
			</trkpt>
			<trkpt lat="46.749866" lon="13.625260">
				<ele>880.000000</ele>
			</trkpt>
			<trkpt lat="46.749946" lon="13.625170">
				<ele>881.000000</ele>
			</trkpt>
			<trkpt lat="46.750014" lon="13.625099">
				<ele>882.000000</ele>
			</trkpt>
			<trkpt lat="46.750100" lon="13.625080">
				<ele>883.000000</ele>
			</trkpt>
			<trkpt lat="46.750211" lon="13.625099">
				<ele>884.000000</ele>
			</trkpt>
			<trkpt lat="46.750285" lon="13.625099">
				<ele>885.000000</ele>
			</trkpt>
			<trkpt lat="46.750365" lon="13.625089">
				<ele>886.000000</ele>
			</trkpt>
			<trkpt lat="46.750426" lon="13.625053">
				<ele>887.000000</ele>
			</trkpt>
			<trkpt lat="46.750475" lon="13.625009">
				<ele>887.000000</ele>
			</trkpt>
			<trkpt lat="46.750580" lon="13.624900">
				<ele>888.000000</ele>
			</trkpt>
			<trkpt lat="46.750666" lon="13.624766">
				<ele>890.000000</ele>
			</trkpt>
			<trkpt lat="46.750709" lon="13.624640">
				<ele>890.000000</ele>
			</trkpt>
			<trkpt lat="46.750734" lon="13.624550">
				<ele>891.000000</ele>
			</trkpt>
			<trkpt lat="46.750666" lon="13.624361">
				<ele>891.000000</ele>
			</trkpt>
			<trkpt lat="46.750642" lon="13.624065">
				<ele>890.000000</ele>
			</trkpt>
			<trkpt lat="46.750593" lon="13.623616">
				<ele>887.000000</ele>
			</trkpt>
			<trkpt lat="46.750531" lon="13.623445">
				<ele>886.000000</ele>
			</trkpt>
			<trkpt lat="46.750469" lon="13.623319">
				<ele>886.000000</ele>
			</trkpt>
			<trkpt lat="46.750402" lon="13.623158">
				<ele>884.000000</ele>
			</trkpt>
			<trkpt lat="46.750359" lon="13.622996">
				<ele>884.000000</ele>
			</trkpt>
			<trkpt lat="46.750353" lon="13.622879">
				<ele>883.000000</ele>
			</trkpt>
			<trkpt lat="46.750377" lon="13.622690">
				<ele>882.000000</ele>
			</trkpt>
			<trkpt lat="46.750432" lon="13.622430">
				<ele>880.000000</ele>
			</trkpt>
			<trkpt lat="46.750642" lon="13.621730">
				<ele>874.000000</ele>
			</trkpt>
			<trkpt lat="46.751048" lon="13.620751">
				<ele>867.000000</ele>
			</trkpt>
			<trkpt lat="46.751282" lon="13.620185">
				<ele>863.000000</ele>
			</trkpt>
			<trkpt lat="46.751583" lon="13.619673">
				<ele>859.000000</ele>
			</trkpt>
			<trkpt lat="46.752088" lon="13.619017">
				<ele>855.000000</ele>
			</trkpt>
			<trkpt lat="46.752494" lon="13.618558">
				<ele>852.000000</ele>
			</trkpt>
			<trkpt lat="46.752907" lon="13.618101">
				<ele>849.000000</ele>
			</trkpt>
			<trkpt lat="46.753300" lon="13.617562">
				<ele>846.000000</ele>
			</trkpt>
			<trkpt lat="46.753590" lon="13.617390">
				<ele>844.000000</ele>
			</trkpt>
			<trkpt lat="46.753916" lon="13.617184">
				<ele>842.000000</ele>
			</trkpt>
			<trkpt lat="46.754150" lon="13.617059">
				<ele>840.000000</ele>
			</trkpt>
			<trkpt lat="46.754371" lon="13.616897">
				<ele>838.000000</ele>
			</trkpt>
			<trkpt lat="46.754574" lon="13.616644">
				<ele>836.000000</ele>
			</trkpt>
			<trkpt lat="46.754790" lon="13.616357">
				<ele>834.000000</ele>
			</trkpt>
			<trkpt lat="46.755221" lon="13.615881">
				<ele>829.000000</ele>
			</trkpt>
			<trkpt lat="46.756046" lon="13.615046">
				<ele>819.000000</ele>
			</trkpt>
			<trkpt lat="46.756581" lon="13.614409">
				<ele>811.000000</ele>
			</trkpt>
			<trkpt lat="46.756803" lon="13.614120">
				<ele>805.000000</ele>
			</trkpt>
			<trkpt lat="46.756907" lon="13.613977">
				<ele>800.000000</ele>
			</trkpt>
			<trkpt lat="46.756975" lon="13.613843">
				<ele>797.000000</ele>
			</trkpt>
			<trkpt lat="46.757615" lon="13.612962">
				<ele>794.000000</ele>
			</trkpt>
			<trkpt lat="46.757627" lon="13.612935">
				<ele>794.000000</ele>
			</trkpt>
			<trkpt lat="46.758033" lon="13.612145">
				<ele>792.000000</ele>
			</trkpt>
			<trkpt lat="46.758446" lon="13.611193">
				<ele>790.000000</ele>
			</trkpt>
			<trkpt lat="46.758667" lon="13.610717">
				<ele>787.000000</ele>
			</trkpt>
			<trkpt lat="46.759061" lon="13.610241">
				<ele>784.000000</ele>
			</trkpt>
			<trkpt lat="46.759258" lon="13.609755">
				<ele>781.000000</ele>
			</trkpt>
			<trkpt lat="46.759307" lon="13.609144">
				<ele>778.000000</ele>
			</trkpt>
			<trkpt lat="46.759295" lon="13.608857">
				<ele>777.000000</ele>
			</trkpt>
			<trkpt lat="46.759350" lon="13.608533">
				<ele>775.000000</ele>
			</trkpt>
			<trkpt lat="46.759375" lon="13.607977">
				<ele>772.000000</ele>
			</trkpt>
			<trkpt lat="46.759363" lon="13.607599">
				<ele>770.000000</ele>
			</trkpt>
			<trkpt lat="46.759264" lon="13.606763">
				<ele>767.000000</ele>
			</trkpt>
			<trkpt lat="46.759178" lon="13.606610">
				<ele>766.000000</ele>
			</trkpt>
			<trkpt lat="46.759117" lon="13.606503">
				<ele>766.000000</ele>
			</trkpt>
			<trkpt lat="46.758864" lon="13.606090">
				<ele>763.000000</ele>
			</trkpt>
			<trkpt lat="46.758895" lon="13.605776">
				<ele>762.000000</ele>
			</trkpt>
			<trkpt lat="46.758944" lon="13.605587">
				<ele>761.000000</ele>
			</trkpt>
			<trkpt lat="46.758993" lon="13.605281">
				<ele>760.000000</ele>
			</trkpt>
			<trkpt lat="46.758962" lon="13.605120">
				<ele>759.000000</ele>
			</trkpt>
			<trkpt lat="46.758864" lon="13.605021">
				<ele>758.000000</ele>
			</trkpt>
			<trkpt lat="46.758716" lon="13.604975">
				<ele>756.000000</ele>
			</trkpt>
			<trkpt lat="46.758667" lon="13.604886">
				<ele>756.000000</ele>
			</trkpt>
			<trkpt lat="46.758594" lon="13.604742">
				<ele>755.000000</ele>
			</trkpt>
			<trkpt lat="46.758464" lon="13.604455">
				<ele>752.000000</ele>
			</trkpt>
			<trkpt lat="46.758329" lon="13.604060">
				<ele>749.000000</ele>
			</trkpt>
			<trkpt lat="46.758304" lon="13.603484">
				<ele>745.000000</ele>
			</trkpt>
			<trkpt lat="46.758384" lon="13.603117">
				<ele>742.000000</ele>
			</trkpt>
			<trkpt lat="46.758458" lon="13.602901">
				<ele>740.000000</ele>
			</trkpt>
			<trkpt lat="46.758513" lon="13.602712">
				<ele>739.000000</ele>
			</trkpt>
			<trkpt lat="46.758606" lon="13.602434">
				<ele>736.000000</ele>
			</trkpt>
			<trkpt lat="46.759129" lon="13.601599">
				<ele>727.000000</ele>
			</trkpt>
			<trkpt lat="46.759720" lon="13.600511">
				<ele>714.000000</ele>
			</trkpt>
			<trkpt lat="46.759886" lon="13.600000">
				<ele>710.000000</ele>
			</trkpt>
			<trkpt lat="46.760255" lon="13.599119">
				<ele>701.000000</ele>
			</trkpt>
			<trkpt lat="46.760261" lon="13.598895">
				<ele>699.000000</ele>
			</trkpt>
			<trkpt lat="46.760231" lon="13.598778">
				<ele>698.000000</ele>
			</trkpt>
			<trkpt lat="46.760132" lon="13.598392">
				<ele>695.000000</ele>
			</trkpt>
			<trkpt lat="46.760132" lon="13.598194">
				<ele>693.000000</ele>
			</trkpt>
			<trkpt lat="46.760169" lon="13.597951">
				<ele>691.000000</ele>
			</trkpt>
			<trkpt lat="46.760243" lon="13.597528">
				<ele>687.000000</ele>
			</trkpt>
			<trkpt lat="46.760520" lon="13.596199">
				<ele>675.000000</ele>
			</trkpt>
			<trkpt lat="46.760556" lon="13.595983">
				<ele>674.000000</ele>
			</trkpt>
			<trkpt lat="46.760538" lon="13.595894">
				<ele>673.000000</ele>
			</trkpt>
			<trkpt lat="46.760483" lon="13.595894">
				<ele>672.000000</ele>
			</trkpt>
			<trkpt lat="46.760440" lon="13.595957">
				<ele>672.000000</ele>
			</trkpt>
			<trkpt lat="46.760353" lon="13.596119">
				<ele>670.000000</ele>
			</trkpt>
			<trkpt lat="46.760243" lon="13.596316">
				<ele>668.000000</ele>
			</trkpt>
			<trkpt lat="46.760126" lon="13.596496">
				<ele>666.000000</ele>
			</trkpt>
			<trkpt lat="46.759984" lon="13.596649">
				<ele>664.000000</ele>
			</trkpt>
			<trkpt lat="46.759948" lon="13.596702">
				<ele>663.000000</ele>
			</trkpt>
			<trkpt lat="46.759886" lon="13.596729">
				<ele>662.000000</ele>
			</trkpt>
			<trkpt lat="46.759855" lon="13.596702">
				<ele>662.000000</ele>
			</trkpt>
			<trkpt lat="46.759793" lon="13.596612">
				<ele>661.000000</ele>
			</trkpt>
			<trkpt lat="46.759830" lon="13.596379">
				<ele>659.000000</ele>
			</trkpt>
			<trkpt lat="46.759904" lon="13.596119">
				<ele>657.000000</ele>
			</trkpt>
			<trkpt lat="46.760070" lon="13.595633">
				<ele>652.000000</ele>
			</trkpt>
			<trkpt lat="46.760538" lon="13.594205">
				<ele>639.000000</ele>
			</trkpt>
			<trkpt lat="46.760864" lon="13.593209">
				<ele>629.000000</ele>
			</trkpt>
			<trkpt lat="46.761110" lon="13.592517">
				<ele>624.000000</ele>
			</trkpt>
			<trkpt lat="46.761547" lon="13.591636">
				<ele>617.000000</ele>
			</trkpt>
			<trkpt lat="46.761726" lon="13.591186">
				<ele>613.000000</ele>
			</trkpt>
			<trkpt lat="46.762119" lon="13.590441">
				<ele>606.000000</ele>
			</trkpt>
			<trkpt lat="46.762218" lon="13.590253">
				<ele>604.000000</ele>
			</trkpt>
			<trkpt lat="46.762458" lon="13.589427">
				<ele>597.000000</ele>
			</trkpt>
			<trkpt lat="46.762581" lon="13.589085">
				<ele>593.000000</ele>
			</trkpt>
			<trkpt lat="46.762895" lon="13.588322">
				<ele>586.000000</ele>
			</trkpt>
			<trkpt lat="46.762944" lon="13.588169">
				<ele>585.000000</ele>
			</trkpt>
			<trkpt lat="46.762981" lon="13.588052">
				<ele>584.000000</ele>
			</trkpt>
			<trkpt lat="46.762956" lon="13.587791">
				<ele>582.000000</ele>
			</trkpt>
			<trkpt lat="46.762624" lon="13.588339">
				<ele>578.000000</ele>
			</trkpt>
			<trkpt lat="46.762384" lon="13.588654">
				<ele>575.000000</ele>
			</trkpt>
			<trkpt lat="46.761984" lon="13.589067">
				<ele>570.000000</ele>
			</trkpt>
			<trkpt lat="46.761800" lon="13.589282">
				<ele>568.000000</ele>
			</trkpt>
			<trkpt lat="46.761670" lon="13.589435">
				<ele>566.000000</ele>
			</trkpt>
			<trkpt lat="46.761566" lon="13.589391">
				<ele>565.000000</ele>
			</trkpt>
			<trkpt lat="46.761578" lon="13.589238">
				<ele>564.000000</ele>
			</trkpt>
			<trkpt lat="46.761707" lon="13.589112">
				<ele>563.000000</ele>
			</trkpt>
			<trkpt lat="46.761843" lon="13.588914">
				<ele>561.000000</ele>
			</trkpt>
			<trkpt lat="46.762034" lon="13.588465">
				<ele>558.000000</ele>
			</trkpt>
			<trkpt lat="46.762175" lon="13.587926">
				<ele>554.000000</ele>
			</trkpt>
			<trkpt lat="46.762249" lon="13.587576">
				<ele>552.000000</ele>
			</trkpt>
			<trkpt lat="46.762323" lon="13.587010">
				<ele>549.000000</ele>
			</trkpt>
			<trkpt lat="46.762317" lon="13.586812">
				<ele>547.000000</ele>
			</trkpt>
			<trkpt lat="46.762317" lon="13.586677">
				<ele>546.000000</ele>
			</trkpt>
			<trkpt lat="46.762347" lon="13.586301">
				<ele>544.000000</ele>
			</trkpt>
			<trkpt lat="46.762421" lon="13.585941">
				<ele>541.000000</ele>
			</trkpt>
			<trkpt lat="46.762402" lon="13.585563">
				<ele>539.000000</ele>
			</trkpt>
			<trkpt lat="46.762408" lon="13.585196">
				<ele>536.000000</ele>
			</trkpt>
			<trkpt lat="46.762513" lon="13.584701">
				<ele>532.000000</ele>
			</trkpt>
			<trkpt lat="46.762673" lon="13.584180">
				<ele>528.000000</ele>
			</trkpt>
			<trkpt lat="46.762877" lon="13.583578">
				<ele>523.000000</ele>
			</trkpt>
			<trkpt lat="46.762913" lon="13.583515">
				<ele>523.000000</ele>
			</trkpt>
			<trkpt lat="46.762956" lon="13.583398">
				<ele>522.000000</ele>
			</trkpt>
			<trkpt lat="46.763006" lon="13.583156">
				<ele>520.000000</ele>
			</trkpt>
			<trkpt lat="46.762938" lon="13.582886">
				<ele>520.000000</ele>
			</trkpt>
			<trkpt lat="46.762692" lon="13.582429">
				<ele>520.000000</ele>
			</trkpt>
			<trkpt lat="46.762594" lon="13.582267">
				<ele>520.000000</ele>
			</trkpt>
			<trkpt lat="46.762396" lon="13.581854">
				<ele>520.000000</ele>
			</trkpt>
			<trkpt lat="46.762175" lon="13.581647">
				<ele>520.000000</ele>
			</trkpt>
			<trkpt lat="46.761695" lon="13.581242">
				<ele>520.000000</ele>
			</trkpt>
			<trkpt lat="46.761554" lon="13.581117">
				<ele>520.000000</ele>
			</trkpt>
			<trkpt lat="46.761160" lon="13.580785">
				<ele>520.000000</ele>
			</trkpt>
			<trkpt lat="46.760938" lon="13.580632">
				<ele>520.000000</ele>
			</trkpt>
			<trkpt lat="46.761037" lon="13.580416">
				<ele>520.000000</ele>
			</trkpt>
			<trkpt lat="46.761443" lon="13.579464">
				<ele>520.000000</ele>
			</trkpt>
			<trkpt lat="46.761824" lon="13.578647">
				<ele>520.000000</ele>
			</trkpt>
			<trkpt lat="46.762292" lon="13.577667">
				<ele>520.000000</ele>
			</trkpt>
			<trkpt lat="46.762402" lon="13.577443">
				<ele>520.000000</ele>
			</trkpt>
			<trkpt lat="46.762606" lon="13.577011">
				<ele>520.000000</ele>
			</trkpt>
			<trkpt lat="46.762735" lon="13.576777">
				<ele>520.000000</ele>
			</trkpt>
			<trkpt lat="46.762772" lon="13.576714">
				<ele>520.000000</ele>
			</trkpt>
			<trkpt lat="46.762901" lon="13.576473">
				<ele>520.000000</ele>
			</trkpt>
			<trkpt lat="46.763030" lon="13.576221">
				<ele>520.000000</ele>
			</trkpt>
			<trkpt lat="46.763283" lon="13.575817">
				<ele>520.000000</ele>
			</trkpt>
			<trkpt lat="46.763880" lon="13.574900">
				<ele>520.000000</ele>
			</trkpt>
			<trkpt lat="46.764175" lon="13.574460">
				<ele>520.000000</ele>
			</trkpt>
			<trkpt lat="46.764434" lon="13.574003">
				<ele>520.000000</ele>
			</trkpt>
			<trkpt lat="46.764482" lon="13.573930">
				<ele>520.000000</ele>
			</trkpt>
			<trkpt lat="46.764519" lon="13.573885">
				<ele>520.000000</ele>
			</trkpt>
			<trkpt lat="46.764655" lon="13.573688">
				<ele>520.000000</ele>
			</trkpt>
			<trkpt lat="46.764674" lon="13.573661">
				<ele>520.000000</ele>
			</trkpt>
			<trkpt lat="46.764833" lon="13.573401">
				<ele>520.000000</ele>
			</trkpt>
			<trkpt lat="46.764999" lon="13.573131">
				<ele>520.000000</ele>
			</trkpt>
			<trkpt lat="46.765338" lon="13.572485">
				<ele>520.000000</ele>
			</trkpt>
			<trkpt lat="46.766168" lon="13.570804">
				<ele>521.000000</ele>
			</trkpt>
			<trkpt lat="46.766698" lon="13.569726">
				<ele>521.000000</ele>
			</trkpt>
			<trkpt lat="46.767245" lon="13.568540">
				<ele>522.000000</ele>
			</trkpt>
			<trkpt lat="46.767812" lon="13.566959">
				<ele>522.000000</ele>
			</trkpt>
			<trkpt lat="46.768187" lon="13.565674">
				<ele>523.000000</ele>
			</trkpt>
			<trkpt lat="46.768390" lon="13.564768">
				<ele>523.000000</ele>
			</trkpt>
			<trkpt lat="46.768740" lon="13.563034">
				<ele>523.000000</ele>
			</trkpt>
			<trkpt lat="46.768882" lon="13.562567">
				<ele>524.000000</ele>
			</trkpt>
			<trkpt lat="46.768987" lon="13.562243">
				<ele>524.000000</ele>
			</trkpt>
			<trkpt lat="46.769116" lon="13.561893">
				<ele>524.000000</ele>
			</trkpt>
			<trkpt lat="46.769208" lon="13.561659">
				<ele>524.000000</ele>
			</trkpt>
			<trkpt lat="46.769343" lon="13.561336">
				<ele>525.000000</ele>
			</trkpt>
			<trkpt lat="46.769540" lon="13.560940">
				<ele>525.000000</ele>
			</trkpt>
			<trkpt lat="46.769854" lon="13.560374">
				<ele>525.000000</ele>
			</trkpt>
			<trkpt lat="46.770814" lon="13.558640">
				<ele>527.000000</ele>
			</trkpt>
			<trkpt lat="46.771152" lon="13.558021">
				<ele>527.000000</ele>
			</trkpt>
			<trkpt lat="46.771319" lon="13.557751">
				<ele>528.000000</ele>
			</trkpt>
			<trkpt lat="46.771350" lon="13.557698">
				<ele>528.000000</ele>
			</trkpt>
			<trkpt lat="46.771393" lon="13.557635">
				<ele>528.000000</ele>
			</trkpt>
			<trkpt lat="46.771620" lon="13.557258">
				<ele>528.000000</ele>
			</trkpt>
			<trkpt lat="46.772069" lon="13.556845">
				<ele>528.000000</ele>
			</trkpt>
			<trkpt lat="46.772143" lon="13.556782">
				<ele>528.000000</ele>
			</trkpt>
			<trkpt lat="46.772641" lon="13.556413">
				<ele>529.000000</ele>
			</trkpt>
			<trkpt lat="46.772789" lon="13.556296">
				<ele>529.000000</ele>
			</trkpt>
			<trkpt lat="46.772937" lon="13.556116">
				<ele>529.000000</ele>
			</trkpt>
			<trkpt lat="46.773066" lon="13.556000">
				<ele>529.000000</ele>
			</trkpt>
			<trkpt lat="46.773133" lon="13.555929">
				<ele>530.000000</ele>
			</trkpt>
			<trkpt lat="46.773275" lon="13.555721">
				<ele>530.000000</ele>
			</trkpt>
			<trkpt lat="46.773417" lon="13.555487">
				<ele>530.000000</ele>
			</trkpt>
			<trkpt lat="46.773491" lon="13.555273">
				<ele>530.000000</ele>
			</trkpt>
			<trkpt lat="46.773546" lon="13.555011">
				<ele>530.000000</ele>
			</trkpt>
			<trkpt lat="46.773607" lon="13.554742">
				<ele>530.000000</ele>
			</trkpt>
			<trkpt lat="46.773669" lon="13.554311">
				<ele>530.000000</ele>
			</trkpt>
			<trkpt lat="46.773675" lon="13.554275">
				<ele>530.000000</ele>
			</trkpt>
			<trkpt lat="46.773749" lon="13.553745">
				<ele>530.000000</ele>
			</trkpt>
			<trkpt lat="46.774253" lon="13.554069">
				<ele>532.000000</ele>
			</trkpt>
			<trkpt lat="46.774924" lon="13.554518">
				<ele>535.000000</ele>
			</trkpt>
			<trkpt lat="46.775121" lon="13.554023">
				<ele>536.000000</ele>
			</trkpt>
			<trkpt lat="46.775225" lon="13.553772">
				<ele>536.000000</ele>
			</trkpt>
			<trkpt lat="46.775514" lon="13.553143">
				<ele>536.000000</ele>
			</trkpt>
			<trkpt lat="46.775681" lon="13.552829">
				<ele>536.000000</ele>
			</trkpt>
			<trkpt lat="46.775859" lon="13.552505">
				<ele>537.000000</ele>
			</trkpt>
			<trkpt lat="46.776173" lon="13.552650">
				<ele>536.000000</ele>
			</trkpt>
			<trkpt lat="46.776284" lon="13.552577">
				<ele>536.000000</ele>
			</trkpt>
			<trkpt lat="46.776376" lon="13.552470">
				<ele>537.000000</ele>
			</trkpt>
			<trkpt lat="46.776542" lon="13.552254">
				<ele>538.000000</ele>
			</trkpt>
			<trkpt lat="46.776733" lon="13.551994">
				<ele>539.000000</ele>
			</trkpt>
			<trkpt lat="46.776819" lon="13.551868">
				<ele>539.000000</ele>
			</trkpt>
			<trkpt lat="46.776905" lon="13.551732">
				<ele>540.000000</ele>
			</trkpt>
			<trkpt lat="46.777065" lon="13.551445">
				<ele>540.000000</ele>
			</trkpt>
			<trkpt lat="46.777145" lon="13.551319">
				<ele>540.000000</ele>
			</trkpt>
			<trkpt lat="46.777194" lon="13.551239">
				<ele>540.000000</ele>
			</trkpt>
			<trkpt lat="46.777391" lon="13.550960">
				<ele>540.000000</ele>
			</trkpt>
			<trkpt lat="46.777495" lon="13.550843">
				<ele>540.000000</ele>
			</trkpt>
			<trkpt lat="46.777613" lon="13.550753">
				<ele>540.000000</ele>
			</trkpt>
			<trkpt lat="46.777741" lon="13.550673">
				<ele>540.000000</ele>
			</trkpt>
			<trkpt lat="46.777914" lon="13.550529">
				<ele>540.000000</ele>
			</trkpt>
			<trkpt lat="46.777957" lon="13.550457">
				<ele>540.000000</ele>
			</trkpt>
			<trkpt lat="46.778000" lon="13.550350">
				<ele>540.000000</ele>
			</trkpt>
			<trkpt lat="46.778301" lon="13.549784">
				<ele>540.000000</ele>
			</trkpt>
			<trkpt lat="46.778504" lon="13.549460">
				<ele>540.000000</ele>
			</trkpt>
			<trkpt lat="46.779076" lon="13.548642">
				<ele>540.000000</ele>
			</trkpt>
			<trkpt lat="46.779175" lon="13.548562">
				<ele>540.000000</ele>
			</trkpt>
			<trkpt lat="46.779304" lon="13.548436">
				<ele>540.000000</ele>
			</trkpt>
			<trkpt lat="46.779415" lon="13.548319">
				<ele>540.000000</ele>
			</trkpt>
			<trkpt lat="46.779520" lon="13.548103">
				<ele>540.000000</ele>
			</trkpt>
			<trkpt lat="46.779581" lon="13.547987">
				<ele>540.000000</ele>
			</trkpt>
			<trkpt lat="46.779698" lon="13.547924">
				<ele>544.000000</ele>
			</trkpt>
			<trkpt lat="46.779962" lon="13.547384">
				<ele>545.000000</ele>
			</trkpt>
			<trkpt lat="46.780135" lon="13.546963">
				<ele>547.000000</ele>
			</trkpt>
			<trkpt lat="46.780399" lon="13.546487">
				<ele>548.000000</ele>
			</trkpt>
			<trkpt lat="46.780510" lon="13.546281">
				<ele>549.000000</ele>
			</trkpt>
			<trkpt lat="46.780670" lon="13.546011">
				<ele>550.000000</ele>
			</trkpt>
			<trkpt lat="46.780971" lon="13.545562">
				<ele>550.000000</ele>
			</trkpt>
			<trkpt lat="46.781156" lon="13.545283">
				<ele>551.000000</ele>
			</trkpt>
			<trkpt lat="46.781254" lon="13.545094">
				<ele>551.000000</ele>
			</trkpt>
			<trkpt lat="46.781297" lon="13.544977">
				<ele>551.000000</ele>
			</trkpt>
			<trkpt lat="46.781396" lon="13.544789">
				<ele>551.000000</ele>
			</trkpt>
			<trkpt lat="46.781543" lon="13.544474">
				<ele>552.000000</ele>
			</trkpt>
			<trkpt lat="46.781679" lon="13.544142">
				<ele>552.000000</ele>
			</trkpt>
			<trkpt lat="46.781826" lon="13.543738">
				<ele>552.000000</ele>
			</trkpt>
			<trkpt lat="46.781931" lon="13.543478">
				<ele>553.000000</ele>
			</trkpt>
			<trkpt lat="46.782078" lon="13.543155">
				<ele>553.000000</ele>
			</trkpt>
			<trkpt lat="46.782208" lon="13.542803">
				<ele>553.000000</ele>
			</trkpt>
			<trkpt lat="46.782300" lon="13.542444">
				<ele>554.000000</ele>
			</trkpt>
			<trkpt lat="46.782386" lon="13.542157">
				<ele>554.000000</ele>
			</trkpt>
			<trkpt lat="46.782515" lon="13.541834">
				<ele>554.000000</ele>
			</trkpt>
			<trkpt lat="46.782595" lon="13.541654">
				<ele>554.000000</ele>
			</trkpt>
			<trkpt lat="46.782712" lon="13.541384">
				<ele>555.000000</ele>
			</trkpt>
			<trkpt lat="46.782798" lon="13.541079">
				<ele>555.000000</ele>
			</trkpt>
			<trkpt lat="46.782903" lon="13.540656">
				<ele>555.000000</ele>
			</trkpt>
			<trkpt lat="46.783014" lon="13.540325">
				<ele>556.000000</ele>
			</trkpt>
			<trkpt lat="46.783179" lon="13.539902">
				<ele>556.000000</ele>
			</trkpt>
			<trkpt lat="46.783327" lon="13.539597">
				<ele>556.000000</ele>
			</trkpt>
			<trkpt lat="46.783456" lon="13.539336">
				<ele>557.000000</ele>
			</trkpt>
			<trkpt lat="46.783598" lon="13.538985">
				<ele>557.000000</ele>
			</trkpt>
			<trkpt lat="46.783709" lon="13.538698">
				<ele>557.000000</ele>
			</trkpt>
			<trkpt lat="46.783850" lon="13.538384">
				<ele>558.000000</ele>
			</trkpt>
			<trkpt lat="46.783937" lon="13.538205">
				<ele>558.000000</ele>
			</trkpt>
			<trkpt lat="46.784028" lon="13.538015">
				<ele>558.000000</ele>
			</trkpt>
			<trkpt lat="46.784348" lon="13.537360">
				<ele>559.000000</ele>
			</trkpt>
			<trkpt lat="46.784588" lon="13.536884">
				<ele>559.000000</ele>
			</trkpt>
			<trkpt lat="46.784889" lon="13.536318">
				<ele>560.000000</ele>
			</trkpt>
			<trkpt lat="46.785290" lon="13.535545">
				<ele>560.000000</ele>
			</trkpt>
			<trkpt lat="46.785449" lon="13.535222">
				<ele>560.000000</ele>
			</trkpt>
			<trkpt lat="46.785573" lon="13.534907">
				<ele>560.000000</ele>
			</trkpt>
			<trkpt lat="46.785695" lon="13.534593">
				<ele>560.000000</ele>
			</trkpt>
			<trkpt lat="46.785689" lon="13.534423">
				<ele>560.000000</ele>
			</trkpt>
			<trkpt lat="46.785652" lon="13.534189">
				<ele>558.000000</ele>
			</trkpt>
			<trkpt lat="46.785622" lon="13.534108">
				<ele>556.000000</ele>
			</trkpt>
			<trkpt lat="46.785505" lon="13.533983">
				<ele>554.000000</ele>
			</trkpt>
			<trkpt lat="46.785449" lon="13.533947">
				<ele>553.000000</ele>
			</trkpt>
			<trkpt lat="46.785455" lon="13.533685">
				<ele>554.000000</ele>
			</trkpt>
			<trkpt lat="46.785499" lon="13.533551">
				<ele>555.000000</ele>
			</trkpt>
			<trkpt lat="46.785744" lon="13.533039">
				<ele>558.000000</ele>
			</trkpt>
			<trkpt lat="46.785941" lon="13.532563">
				<ele>560.000000</ele>
			</trkpt>
			<trkpt lat="46.786163" lon="13.531862">
				<ele>557.000000</ele>
			</trkpt>
			<trkpt lat="46.786477" lon="13.530379">
				<ele>549.000000</ele>
			</trkpt>
			<trkpt lat="46.786661" lon="13.529679">
				<ele>547.000000</ele>
			</trkpt>
			<trkpt lat="46.786471" lon="13.529536">
				<ele>546.000000</ele>
			</trkpt>
			<trkpt lat="46.786280" lon="13.529499">
				<ele>545.000000</ele>
			</trkpt>
			<trkpt lat="46.786095" lon="13.529373">
				<ele>544.000000</ele>
			</trkpt>
			<trkpt lat="46.785806" lon="13.528951">
				<ele>542.000000</ele>
			</trkpt>
			<trkpt lat="46.785769" lon="13.528647">
				<ele>541.000000</ele>
			</trkpt>
			<trkpt lat="46.785720" lon="13.528431">
				<ele>541.000000</ele>
			</trkpt>
			<trkpt lat="46.785480" lon="13.527838">
				<ele>539.000000</ele>
			</trkpt>
			<trkpt lat="46.785308" lon="13.527461">
				<ele>537.000000</ele>
			</trkpt>
			<trkpt lat="46.785142" lon="13.527155">
				<ele>536.000000</ele>
			</trkpt>
			<trkpt lat="46.784926" lon="13.526777">
				<ele>535.000000</ele>
			</trkpt>
			<trkpt lat="46.784804" lon="13.526634">
				<ele>534.000000</ele>
			</trkpt>
			<trkpt lat="46.784994" lon="13.526211">
				<ele>534.000000</ele>
			</trkpt>
			<trkpt lat="46.785099" lon="13.525987">
				<ele>534.000000</ele>
			</trkpt>
			<trkpt lat="46.785253" lon="13.525664">
				<ele>534.000000</ele>
			</trkpt>
			<trkpt lat="46.785327" lon="13.525511">
				<ele>534.000000</ele>
			</trkpt>
			<trkpt lat="46.785376" lon="13.525404">
				<ele>534.000000</ele>
			</trkpt>
			<trkpt lat="46.785707" lon="13.524721">
				<ele>534.000000</ele>
			</trkpt>
			<trkpt lat="46.785874" lon="13.524352">
				<ele>534.000000</ele>
			</trkpt>
			<trkpt lat="46.786095" lon="13.523894">
				<ele>534.000000</ele>
			</trkpt>
			<trkpt lat="46.786347" lon="13.523328">
				<ele>534.000000</ele>
			</trkpt>
			<trkpt lat="46.786415" lon="13.523364">
				<ele>534.000000</ele>
			</trkpt>
			<trkpt lat="46.786471" lon="13.523355">
				<ele>534.000000</ele>
			</trkpt>
			<trkpt lat="46.786526" lon="13.523320">
				<ele>534.000000</ele>
			</trkpt>
			<trkpt lat="46.786569" lon="13.523247">
				<ele>534.000000</ele>
			</trkpt>
			<trkpt lat="46.786587" lon="13.523148">
				<ele>534.000000</ele>
			</trkpt>
			<trkpt lat="46.786569" lon="13.523031">
				<ele>534.000000</ele>
			</trkpt>
			<trkpt lat="46.786520" lon="13.522951">
				<ele>535.000000</ele>
			</trkpt>
			<trkpt lat="46.786649" lon="13.522699">
				<ele>535.000000</ele>
			</trkpt>
			<trkpt lat="46.786784" lon="13.522412">
				<ele>536.000000</ele>
			</trkpt>
			<trkpt lat="46.787024" lon="13.521909">
				<ele>537.000000</ele>
			</trkpt>
			<trkpt lat="46.787202" lon="13.521540">
				<ele>538.000000</ele>
			</trkpt>
			<trkpt lat="46.787713" lon="13.520463">
				<ele>540.000000</ele>
			</trkpt>
			<trkpt lat="46.787971" lon="13.519897">
				<ele>541.000000</ele>
			</trkpt>
			<trkpt lat="46.788427" lon="13.518873">
				<ele>541.000000</ele>
			</trkpt>
			<trkpt lat="46.788512" lon="13.518693">
				<ele>541.000000</ele>
			</trkpt>
			<trkpt lat="46.788667" lon="13.518387">
				<ele>542.000000</ele>
			</trkpt>
			<trkpt lat="46.788789" lon="13.518109">
				<ele>542.000000</ele>
			</trkpt>
			<trkpt lat="46.788943" lon="13.517794">
				<ele>542.000000</ele>
			</trkpt>
			<trkpt lat="46.788956" lon="13.517758">
				<ele>542.000000</ele>
			</trkpt>
			<trkpt lat="46.789232" lon="13.517175">
				<ele>542.000000</ele>
			</trkpt>
			<trkpt lat="46.789454" lon="13.516725">
				<ele>543.000000</ele>
			</trkpt>
			<trkpt lat="46.789700" lon="13.516267">
				<ele>543.000000</ele>
			</trkpt>
			<trkpt lat="46.789970" lon="13.515764">
				<ele>543.000000</ele>
			</trkpt>
			<trkpt lat="46.790007" lon="13.515683">
				<ele>543.000000</ele>
			</trkpt>
			<trkpt lat="46.790130" lon="13.515450">
				<ele>544.000000</ele>
			</trkpt>
			<trkpt lat="46.790143" lon="13.515431">
				<ele>544.000000</ele>
			</trkpt>
			<trkpt lat="46.790259" lon="13.515180">
				<ele>544.000000</ele>
			</trkpt>
			<trkpt lat="46.790296" lon="13.515100">
				<ele>544.000000</ele>
			</trkpt>
			<trkpt lat="46.790370" lon="13.514928">
				<ele>544.000000</ele>
			</trkpt>
			<trkpt lat="46.790425" lon="13.514812">
				<ele>544.000000</ele>
			</trkpt>
			<trkpt lat="46.790672" lon="13.514156">
				<ele>544.000000</ele>
			</trkpt>
			<trkpt lat="46.790782" lon="13.513833">
				<ele>545.000000</ele>
			</trkpt>
			<trkpt lat="46.790911" lon="13.513473">
				<ele>545.000000</ele>
			</trkpt>
			<trkpt lat="46.791077" lon="13.513016">
				<ele>545.000000</ele>
			</trkpt>
			<trkpt lat="46.791151" lon="13.512809">
				<ele>545.000000</ele>
			</trkpt>
			<trkpt lat="46.791225" lon="13.512620">
				<ele>545.000000</ele>
			</trkpt>
			<trkpt lat="46.791385" lon="13.512180">
				<ele>546.000000</ele>
			</trkpt>
			<trkpt lat="46.791422" lon="13.512028">
				<ele>546.000000</ele>
			</trkpt>
			<trkpt lat="46.791520" lon="13.512099">
				<ele>546.000000</ele>
			</trkpt>
			<trkpt lat="46.791692" lon="13.512215">
				<ele>546.000000</ele>
			</trkpt>
			<trkpt lat="46.791822" lon="13.512305">
				<ele>546.000000</ele>
			</trkpt>
			<trkpt lat="46.791840" lon="13.512333">
				<ele>546.000000</ele>
			</trkpt>
			<trkpt lat="46.791920" lon="13.512387">
				<ele>546.000000</ele>
			</trkpt>
			<trkpt lat="46.792153" lon="13.512557">
				<ele>546.000000</ele>
			</trkpt>
			<trkpt lat="46.792363" lon="13.512720">
				<ele>547.000000</ele>
			</trkpt>
			<trkpt lat="46.792418" lon="13.512754">
				<ele>547.000000</ele>
			</trkpt>
			<trkpt lat="46.792738" lon="13.512997">
				<ele>547.000000</ele>
			</trkpt>
			<trkpt lat="46.792812" lon="13.512871">
				<ele>547.000000</ele>
			</trkpt>
			<trkpt lat="46.793125" lon="13.512404">
				<ele>548.000000</ele>
			</trkpt>
			<trkpt lat="46.793629" lon="13.511615">
				<ele>548.000000</ele>
			</trkpt>
			<trkpt lat="46.793962" lon="13.511083">
				<ele>549.000000</ele>
			</trkpt>
			<trkpt lat="46.794085" lon="13.510770">
				<ele>549.000000</ele>
			</trkpt>
			<trkpt lat="46.794164" lon="13.510500">
				<ele>549.000000</ele>
			</trkpt>
			<trkpt lat="46.794325" lon="13.510159">
				<ele>549.000000</ele>
			</trkpt>
			<trkpt lat="46.794497" lon="13.509781">
				<ele>550.000000</ele>
			</trkpt>
			<trkpt lat="46.794663" lon="13.509441">
				<ele>550.000000</ele>
			</trkpt>
			<trkpt lat="46.794878" lon="13.509152">
				<ele>550.000000</ele>
			</trkpt>
			<trkpt lat="46.795247" lon="13.508605">
				<ele>550.000000</ele>
			</trkpt>
			<trkpt lat="46.795579" lon="13.508093">
				<ele>550.000000</ele>
			</trkpt>
			<trkpt lat="46.795911" lon="13.507743">
				<ele>550.000000</ele>
			</trkpt>
			<trkpt lat="46.795973" lon="13.507653">
				<ele>550.000000</ele>
			</trkpt>
			<trkpt lat="46.796072" lon="13.507454">
				<ele>550.000000</ele>
			</trkpt>
			<trkpt lat="46.796151" lon="13.507060">
				<ele>550.000000</ele>
			</trkpt>
			<trkpt lat="46.796145" lon="13.506915">
				<ele>550.000000</ele>
			</trkpt>
			<trkpt lat="46.796035" lon="13.506332">
				<ele>550.000000</ele>
			</trkpt>
			<trkpt lat="46.795960" lon="13.505856">
				<ele>550.000000</ele>
			</trkpt>
			<trkpt lat="46.795942" lon="13.505605">
				<ele>550.000000</ele>
			</trkpt>
			<trkpt lat="46.795942" lon="13.505326">
				<ele>550.000000</ele>
			</trkpt>
			<trkpt lat="46.795942" lon="13.505227">
				<ele>550.000000</ele>
			</trkpt>
			<trkpt lat="46.795948" lon="13.505129">
				<ele>550.000000</ele>
			</trkpt>
			<trkpt lat="46.796016" lon="13.504913">
				<ele>550.000000</ele>
			</trkpt>
			<trkpt lat="46.796182" lon="13.504275">
				<ele>550.000000</ele>
			</trkpt>
			<trkpt lat="46.796231" lon="13.504032">
				<ele>550.000000</ele>
			</trkpt>
			<trkpt lat="46.796348" lon="13.503664">
				<ele>550.000000</ele>
			</trkpt>
			<trkpt lat="46.796557" lon="13.503116">
				<ele>550.000000</ele>
			</trkpt>
			<trkpt lat="46.796625" lon="13.502730">
				<ele>550.000000</ele>
			</trkpt>
			<trkpt lat="46.796686" lon="13.502263">
				<ele>550.000000</ele>
			</trkpt>
			<trkpt lat="46.796668" lon="13.501957">
				<ele>550.000000</ele>
			</trkpt>
			<trkpt lat="46.796729" lon="13.501472">
				<ele>550.000000</ele>
			</trkpt>
			<trkpt lat="46.796747" lon="13.501355">
				<ele>550.000000</ele>
			</trkpt>
			<trkpt lat="46.796766" lon="13.501257">
				<ele>550.000000</ele>
			</trkpt>
			<trkpt lat="46.796797" lon="13.501085">
				<ele>550.000000</ele>
			</trkpt>
			<trkpt lat="46.796809" lon="13.500959">
				<ele>550.000000</ele>
			</trkpt>
			<trkpt lat="46.796871" lon="13.500753">
				<ele>550.000000</ele>
			</trkpt>
			<trkpt lat="46.796920" lon="13.500609">
				<ele>550.000000</ele>
			</trkpt>
			<trkpt lat="46.796951" lon="13.500493">
				<ele>550.000000</ele>
			</trkpt>
			<trkpt lat="46.797104" lon="13.499999">
				<ele>552.000000</ele>
			</trkpt>
			<trkpt lat="46.797172" lon="13.499756">
				<ele>553.000000</ele>
			</trkpt>
			<trkpt lat="46.797246" lon="13.499469">
				<ele>554.000000</ele>
			</trkpt>
			<trkpt lat="46.797301" lon="13.499064">
				<ele>555.000000</ele>
			</trkpt>
			<trkpt lat="46.797350" lon="13.498571">
				<ele>557.000000</ele>
			</trkpt>
			<trkpt lat="46.797369" lon="13.498462">
				<ele>557.000000</ele>
			</trkpt>
			<trkpt lat="46.797387" lon="13.498372">
				<ele>557.000000</ele>
			</trkpt>
			<trkpt lat="46.797430" lon="13.498166">
				<ele>558.000000</ele>
			</trkpt>
			<trkpt lat="46.797572" lon="13.497519">
				<ele>560.000000</ele>
			</trkpt>
			<trkpt lat="46.797726" lon="13.496900">
				<ele>560.000000</ele>
			</trkpt>
			<trkpt lat="46.797830" lon="13.496540">
				<ele>560.000000</ele>
			</trkpt>
			<trkpt lat="46.797910" lon="13.496315">
				<ele>560.000000</ele>
			</trkpt>
			<trkpt lat="46.798119" lon="13.496135">
				<ele>560.000000</ele>
			</trkpt>
			<trkpt lat="46.798150" lon="13.496181">
				<ele>560.000000</ele>
			</trkpt>
			<trkpt lat="46.798273" lon="13.496101">
				<ele>560.000000</ele>
			</trkpt>
			<trkpt lat="46.798359" lon="13.496082">
				<ele>560.000000</ele>
			</trkpt>
			<trkpt lat="46.798372" lon="13.496109">
				<ele>560.000000</ele>
			</trkpt>
			<trkpt lat="46.798445" lon="13.496145">
				<ele>560.000000</ele>
			</trkpt>
			<trkpt lat="46.798506" lon="13.496190">
				<ele>560.000000</ele>
			</trkpt>
			<trkpt lat="46.798746" lon="13.496343">
				<ele>560.000000</ele>
			</trkpt>
			<trkpt lat="46.798863" lon="13.496414">
				<ele>560.000000</ele>
			</trkpt>
			<trkpt lat="46.798900" lon="13.496460">
				<ele>560.000000</ele>
			</trkpt>
			<trkpt lat="46.799041" lon="13.496550">
				<ele>561.000000</ele>
			</trkpt>
			<trkpt lat="46.799220" lon="13.496630">
				<ele>561.000000</ele>
			</trkpt>
			<trkpt lat="46.799577" lon="13.496801">
				<ele>561.000000</ele>
			</trkpt>
			<trkpt lat="46.799755" lon="13.496936">
				<ele>561.000000</ele>
			</trkpt>
			<trkpt lat="46.799853" lon="13.497017">
				<ele>561.000000</ele>
			</trkpt>
			<trkpt lat="46.800087" lon="13.497304">
				<ele>561.000000</ele>
			</trkpt>
			<trkpt lat="46.800106" lon="13.497340">
				<ele>561.000000</ele>
			</trkpt>
			<trkpt lat="46.800210" lon="13.497466">
				<ele>560.000000</ele>
			</trkpt>
			<trkpt lat="46.800468" lon="13.497843">
				<ele>560.000000</ele>
			</trkpt>
			<trkpt lat="46.800480" lon="13.497743">
				<ele>560.000000</ele>
			</trkpt>
			<trkpt lat="46.800419" lon="13.497654">
				<ele>561.000000</ele>
			</trkpt>
			<trkpt lat="46.800370" lon="13.497537">
				<ele>562.000000</ele>
			</trkpt>
			<trkpt lat="46.800327" lon="13.497367">
				<ele>564.000000</ele>
			</trkpt>
			<trkpt lat="46.800333" lon="13.497330">
				<ele>564.000000</ele>
			</trkpt>
			<trkpt lat="46.800382" lon="13.497151">
				<ele>566.000000</ele>
			</trkpt>
			<trkpt lat="46.800413" lon="13.496999">
				<ele>567.000000</ele>
			</trkpt>
			<trkpt lat="46.800499" lon="13.497034">
				<ele>567.000000</ele>
			</trkpt>
			<trkpt lat="46.800628" lon="13.497089">
				<ele>568.000000</ele>
			</trkpt>
			<trkpt lat="46.800751" lon="13.497124">
				<ele>569.000000</ele>
			</trkpt>
			<trkpt lat="46.800862" lon="13.497124">
				<ele>569.000000</ele>
			</trkpt>
			<trkpt lat="46.800967" lon="13.497080">
				<ele>570.000000</ele>
			</trkpt>
			<trkpt lat="46.801225" lon="13.496944">
				<ele>572.000000</ele>
			</trkpt>
			<trkpt lat="46.801421" lon="13.496827">
				<ele>574.000000</ele>
			</trkpt>
			<trkpt lat="46.801581" lon="13.496711">
				<ele>576.000000</ele>
			</trkpt>
			<trkpt lat="46.801723" lon="13.496577">
				<ele>578.000000</ele>
			</trkpt>
			<trkpt lat="46.801858" lon="13.496414">
				<ele>580.000000</ele>
			</trkpt>
			<trkpt lat="46.802018" lon="13.496154">
				<ele>582.000000</ele>
			</trkpt>
			<trkpt lat="46.802147" lon="13.495912">
				<ele>584.000000</ele>
			</trkpt>
			<trkpt lat="46.802245" lon="13.495732">
				<ele>586.000000</ele>
			</trkpt>
			<trkpt lat="46.802331" lon="13.495588">
				<ele>587.000000</ele>
			</trkpt>
			<trkpt lat="46.802522" lon="13.495309">
				<ele>590.000000</ele>
			</trkpt>
			<trkpt lat="46.802799" lon="13.494942">
				<ele>592.000000</ele>
			</trkpt>
			<trkpt lat="46.802934" lon="13.494770">
				<ele>593.000000</ele>
			</trkpt>
			<trkpt lat="46.803155" lon="13.494609">
				<ele>594.000000</ele>
			</trkpt>
			<trkpt lat="46.803395" lon="13.494474">
				<ele>595.000000</ele>
			</trkpt>
			<trkpt lat="46.803506" lon="13.494403">
				<ele>596.000000</ele>
			</trkpt>
			<trkpt lat="46.803826" lon="13.494043">
				<ele>598.000000</ele>
			</trkpt>
			<trkpt lat="46.804028" lon="13.493738">
				<ele>600.000000</ele>
			</trkpt>
			<trkpt lat="46.804262" lon="13.493451">
				<ele>602.000000</ele>
			</trkpt>
			<trkpt lat="46.804428" lon="13.493271">
				<ele>605.000000</ele>
			</trkpt>
			<trkpt lat="46.804625" lon="13.493082">
				<ele>607.000000</ele>
			</trkpt>
			<trkpt lat="46.804724" lon="13.492983">
				<ele>608.000000</ele>
			</trkpt>
			<trkpt lat="46.805117" lon="13.492642">
				<ele>613.000000</ele>
			</trkpt>
			<trkpt lat="46.805400" lon="13.492480">
				<ele>616.000000</ele>
			</trkpt>
			<trkpt lat="46.805510" lon="13.492417">
				<ele>617.000000</ele>
			</trkpt>
			<trkpt lat="46.805658" lon="13.492354">
				<ele>618.000000</ele>
			</trkpt>
			<trkpt lat="46.805750" lon="13.492309">
				<ele>619.000000</ele>
			</trkpt>
			<trkpt lat="46.805873" lon="13.492246">
				<ele>621.000000</ele>
			</trkpt>
			<trkpt lat="46.805978" lon="13.492147">
				<ele>623.000000</ele>
			</trkpt>
			<trkpt lat="46.806660" lon="13.491258">
				<ele>637.000000</ele>
			</trkpt>
			<trkpt lat="46.806827" lon="13.491078">
				<ele>640.000000</ele>
			</trkpt>
			<trkpt lat="46.806980" lon="13.491015">
				<ele>642.000000</ele>
			</trkpt>
			<trkpt lat="46.807404" lon="13.490925">
				<ele>647.000000</ele>
			</trkpt>
			<trkpt lat="46.807896" lon="13.490818">
				<ele>651.000000</ele>
			</trkpt>
			<trkpt lat="46.808191" lon="13.490827">
				<ele>652.000000</ele>
			</trkpt>
			<trkpt lat="46.808271" lon="13.490827">
				<ele>653.000000</ele>
			</trkpt>
			<trkpt lat="46.808443" lon="13.490818">
				<ele>653.000000</ele>
			</trkpt>
			<trkpt lat="46.808812" lon="13.490575">
				<ele>655.000000</ele>
			</trkpt>
			<trkpt lat="46.809175" lon="13.490180">
				<ele>656.000000</ele>
			</trkpt>
			<trkpt lat="46.810116" lon="13.488931">
				<ele>661.000000</ele>
			</trkpt>
			<trkpt lat="46.810362" lon="13.488644">
				<ele>662.000000</ele>
			</trkpt>
			<trkpt lat="46.811394" lon="13.487441">
				<ele>667.000000</ele>
			</trkpt>
			<trkpt lat="46.811437" lon="13.487395">
				<ele>668.000000</ele>
			</trkpt>
			<trkpt lat="46.811622" lon="13.487172">
				<ele>669.000000</ele>
			</trkpt>
			<trkpt lat="46.811702" lon="13.487082">
				<ele>669.000000</ele>
			</trkpt>
			<trkpt lat="46.812040" lon="13.486453">
				<ele>670.000000</ele>
			</trkpt>
			<trkpt lat="46.812434" lon="13.485437">
				<ele>670.000000</ele>
			</trkpt>
			<trkpt lat="46.812568" lon="13.485087">
				<ele>669.000000</ele>
			</trkpt>
			<trkpt lat="46.812649" lon="13.484925">
				<ele>669.000000</ele>
			</trkpt>
			<trkpt lat="46.812766" lon="13.484755">
				<ele>668.000000</ele>
			</trkpt>
			<trkpt lat="46.812839" lon="13.484709">
				<ele>668.000000</ele>
			</trkpt>
			<trkpt lat="46.812950" lon="13.484682">
				<ele>668.000000</ele>
			</trkpt>
			<trkpt lat="46.813055" lon="13.484673">
				<ele>668.000000</ele>
			</trkpt>
			<trkpt lat="46.813288" lon="13.484709">
				<ele>667.000000</ele>
			</trkpt>
			<trkpt lat="46.813540" lon="13.484809">
				<ele>667.000000</ele>
			</trkpt>
			<trkpt lat="46.813946" lon="13.484988">
				<ele>666.000000</ele>
			</trkpt>
			<trkpt lat="46.814062" lon="13.485051">
				<ele>665.000000</ele>
			</trkpt>
			<trkpt lat="46.814130" lon="13.485105">
				<ele>665.000000</ele>
			</trkpt>
			<trkpt lat="46.814579" lon="13.485509">
				<ele>664.000000</ele>
			</trkpt>
			<trkpt lat="46.814604" lon="13.485518">
				<ele>664.000000</ele>
			</trkpt>
			<trkpt lat="46.815015" lon="13.485715">
				<ele>663.000000</ele>
			</trkpt>
			<trkpt lat="46.815428" lon="13.485761">
				<ele>662.000000</ele>
			</trkpt>
			<trkpt lat="46.815784" lon="13.485715">
				<ele>661.000000</ele>
			</trkpt>
			<trkpt lat="46.816079" lon="13.485554">
				<ele>660.000000</ele>
			</trkpt>
			<trkpt lat="46.816104" lon="13.485635">
				<ele>660.000000</ele>
			</trkpt>
			<trkpt lat="46.816282" lon="13.486201">
				<ele>658.000000</ele>
			</trkpt>
			<trkpt lat="46.816399" lon="13.486371">
				<ele>657.000000</ele>
			</trkpt>
			<trkpt lat="46.816497" lon="13.486443">
				<ele>657.000000</ele>
			</trkpt>
			<trkpt lat="46.816577" lon="13.486497">
				<ele>656.000000</ele>
			</trkpt>
			<trkpt lat="46.816676" lon="13.486533">
				<ele>656.000000</ele>
			</trkpt>
			<trkpt lat="46.816761" lon="13.486543">
				<ele>655.000000</ele>
			</trkpt>
			<trkpt lat="46.817105" lon="13.486533">
				<ele>653.000000</ele>
			</trkpt>
			<trkpt lat="46.817370" lon="13.486543">
				<ele>652.000000</ele>
			</trkpt>
			<trkpt lat="46.817677" lon="13.486587">
				<ele>650.000000</ele>
			</trkpt>
			<trkpt lat="46.817837" lon="13.486587">
				<ele>649.000000</ele>
			</trkpt>
			<trkpt lat="46.817991" lon="13.486569">
				<ele>648.000000</ele>
			</trkpt>
			<trkpt lat="46.818249" lon="13.486524">
				<ele>646.000000</ele>
			</trkpt>
			<trkpt lat="46.818716" lon="13.486426">
				<ele>643.000000</ele>
			</trkpt>
			<trkpt lat="46.818962" lon="13.486327">
				<ele>641.000000</ele>
			</trkpt>
			<trkpt lat="46.819104" lon="13.486290">
				<ele>640.000000</ele>
			</trkpt>
			<trkpt lat="46.819189" lon="13.486273">
				<ele>640.000000</ele>
			</trkpt>
			<trkpt lat="46.819306" lon="13.486273">
				<ele>638.000000</ele>
			</trkpt>
			<trkpt lat="46.819436" lon="13.486290">
				<ele>637.000000</ele>
			</trkpt>
			<trkpt lat="46.819515" lon="13.486309">
				<ele>636.000000</ele>
			</trkpt>
			<trkpt lat="46.819792" lon="13.486363">
				<ele>632.000000</ele>
			</trkpt>
			<trkpt lat="46.819866" lon="13.486371">
				<ele>632.000000</ele>
			</trkpt>
			<trkpt lat="46.820142" lon="13.486434">
				<ele>629.000000</ele>
			</trkpt>
			<trkpt lat="46.820296" lon="13.486488">
				<ele>627.000000</ele>
			</trkpt>
			<trkpt lat="46.820437" lon="13.486551">
				<ele>625.000000</ele>
			</trkpt>
			<trkpt lat="46.820690" lon="13.486659">
				<ele>623.000000</ele>
			</trkpt>
			<trkpt lat="46.821384" lon="13.486883">
				<ele>615.000000</ele>
			</trkpt>
			<trkpt lat="46.821654" lon="13.486964">
				<ele>612.000000</ele>
			</trkpt>
			<trkpt lat="46.821741" lon="13.487172">
				<ele>612.000000</ele>
			</trkpt>
			<trkpt lat="46.821852" lon="13.487369">
				<ele>611.000000</ele>
			</trkpt>
			<trkpt lat="46.821919" lon="13.487539">
				<ele>611.000000</ele>
			</trkpt>
			<trkpt lat="46.822005" lon="13.487764">
				<ele>610.000000</ele>
			</trkpt>
			<trkpt lat="46.822054" lon="13.487881">
				<ele>610.000000</ele>
			</trkpt>
			<trkpt lat="46.822238" lon="13.488365">
				<ele>608.000000</ele>
			</trkpt>
			<trkpt lat="46.822275" lon="13.488455">
				<ele>608.000000</ele>
			</trkpt>
			<trkpt lat="46.822312" lon="13.488537">
				<ele>608.000000</ele>
			</trkpt>
			<trkpt lat="46.822355" lon="13.488627">
				<ele>608.000000</ele>
			</trkpt>
			<trkpt lat="46.822454" lon="13.488716">
				<ele>607.000000</ele>
			</trkpt>
			<trkpt lat="46.822613" lon="13.488751">
				<ele>607.000000</ele>
			</trkpt>
			<trkpt lat="46.822958" lon="13.488788">
				<ele>606.000000</ele>
			</trkpt>
			<trkpt lat="46.823222" lon="13.488851">
				<ele>605.000000</ele>
			</trkpt>
			<trkpt lat="46.823431" lon="13.488914">
				<ele>604.000000</ele>
			</trkpt>
			<trkpt lat="46.823572" lon="13.488986">
				<ele>604.000000</ele>
			</trkpt>
			<trkpt lat="46.823689" lon="13.489049">
				<ele>603.000000</ele>
			</trkpt>
			<trkpt lat="46.823898" lon="13.489193">
				<ele>603.000000</ele>
			</trkpt>
			<trkpt lat="46.824095" lon="13.489327">
				<ele>602.000000</ele>
			</trkpt>
			<trkpt lat="46.824316" lon="13.489533">
				<ele>601.000000</ele>
			</trkpt>
			<trkpt lat="46.824494" lon="13.489749">
				<ele>600.000000</ele>
			</trkpt>
			<trkpt lat="46.824611" lon="13.489911">
				<ele>600.000000</ele>
			</trkpt>
			<trkpt lat="46.824795" lon="13.490208">
				<ele>598.000000</ele>
			</trkpt>
			<trkpt lat="46.824876" lon="13.490369">
				<ele>597.000000</ele>
			</trkpt>
			<trkpt lat="46.824980" lon="13.490657">
				<ele>596.000000</ele>
			</trkpt>
			<trkpt lat="46.824980" lon="13.490809">
				<ele>596.000000</ele>
			</trkpt>
			<trkpt lat="46.824937" lon="13.490953">
				<ele>596.000000</ele>
			</trkpt>
			<trkpt lat="46.824900" lon="13.491034">
				<ele>596.000000</ele>
			</trkpt>
			<trkpt lat="46.824433" lon="13.491160">
				<ele>596.000000</ele>
			</trkpt>
			<trkpt lat="46.824427" lon="13.491160">
				<ele>596.000000</ele>
			</trkpt>
			<trkpt lat="46.823984" lon="13.491277">
				<ele>595.000000</ele>
			</trkpt>
			<trkpt lat="46.823296" lon="13.491438">
				<ele>594.000000</ele>
			</trkpt>
			<trkpt lat="46.822540" lon="13.491663">
				<ele>593.000000</ele>
			</trkpt>
			<trkpt lat="46.822380" lon="13.491717">
				<ele>593.000000</ele>
			</trkpt>
			<trkpt lat="46.822245" lon="13.491761">
				<ele>593.000000</ele>
			</trkpt>
			<trkpt lat="46.821913" lon="13.491932">
				<ele>593.000000</ele>
			</trkpt>
			<trkpt lat="46.821575" lon="13.492166">
				<ele>592.000000</ele>
			</trkpt>
			<trkpt lat="46.821396" lon="13.492309">
				<ele>592.000000</ele>
			</trkpt>
			<trkpt lat="46.821261" lon="13.492435">
				<ele>592.000000</ele>
			</trkpt>
			<trkpt lat="46.821157" lon="13.492552">
				<ele>592.000000</ele>
			</trkpt>
			<trkpt lat="46.820991" lon="13.492722">
				<ele>591.000000</ele>
			</trkpt>
			<trkpt lat="46.820425" lon="13.493405">
				<ele>591.000000</ele>
			</trkpt>
			<trkpt lat="46.819300" lon="13.494753">
				<ele>586.000000</ele>
			</trkpt>
			<trkpt lat="46.819276" lon="13.494780">
				<ele>586.000000</ele>
			</trkpt>
			<trkpt lat="46.819018" lon="13.495085">
				<ele>586.000000</ele>
			</trkpt>
			<trkpt lat="46.818772" lon="13.495391">
				<ele>586.000000</ele>
			</trkpt>
			<trkpt lat="46.818636" lon="13.495516">
				<ele>586.000000</ele>
			</trkpt>
			<trkpt lat="46.818514" lon="13.495615">
				<ele>586.000000</ele>
			</trkpt>
			<trkpt lat="46.818403" lon="13.495678">
				<ele>586.000000</ele>
			</trkpt>
			<trkpt lat="46.818292" lon="13.495741">
				<ele>586.000000</ele>
			</trkpt>
			<trkpt lat="46.818120" lon="13.495812">
				<ele>586.000000</ele>
			</trkpt>
			<trkpt lat="46.818040" lon="13.495822">
				<ele>586.000000</ele>
			</trkpt>
			<trkpt lat="46.817911" lon="13.495848">
				<ele>586.000000</ele>
			</trkpt>
			<trkpt lat="46.817677" lon="13.495839">
				<ele>586.000000</ele>
			</trkpt>
			<trkpt lat="46.817586" lon="13.495839">
				<ele>586.000000</ele>
			</trkpt>
			<trkpt lat="46.817524" lon="13.495831">
				<ele>586.000000</ele>
			</trkpt>
			<trkpt lat="46.817530" lon="13.495921">
				<ele>586.000000</ele>
			</trkpt>
			<trkpt lat="46.817468" lon="13.495938">
				<ele>586.000000</ele>
			</trkpt>
			<trkpt lat="46.817419" lon="13.495965">
				<ele>586.000000</ele>
			</trkpt>
			<trkpt lat="46.817382" lon="13.496011">
				<ele>586.000000</ele>
			</trkpt>
			<trkpt lat="46.817364" lon="13.496074">
				<ele>586.000000</ele>
			</trkpt>
			<trkpt lat="46.817241" lon="13.496730">
				<ele>586.000000</ele>
			</trkpt>
			<trkpt lat="46.817235" lon="13.496944">
				<ele>586.000000</ele>
			</trkpt>
			<trkpt lat="46.817253" lon="13.496980">
				<ele>586.000000</ele>
			</trkpt>
			<trkpt lat="46.817272" lon="13.496738">
				<ele>586.000000</ele>
			</trkpt>
			<trkpt lat="46.817278" lon="13.496604">
				<ele>586.000000</ele>
			</trkpt>
			<trkpt lat="46.817179" lon="13.496540">
				<ele>588.000000</ele>
			</trkpt>
			<trkpt lat="46.817155" lon="13.496550">
				<ele>588.000000</ele>
			</trkpt>
			<trkpt lat="46.817136" lon="13.496701">
				<ele>589.000000</ele>
			</trkpt>
			<trkpt lat="46.817142" lon="13.496774">
				<ele>589.000000</ele>
			</trkpt>
			<trkpt lat="46.817142" lon="13.496854">
				<ele>589.000000</ele>
			</trkpt>
			<trkpt lat="46.817136" lon="13.496936">
				<ele>589.000000</ele>
			</trkpt>
			<trkpt lat="46.817136" lon="13.497026">
				<ele>589.000000</ele>
			</trkpt>
			<trkpt lat="46.817112" lon="13.497493">
				<ele>589.000000</ele>
			</trkpt>
			<trkpt lat="46.816983" lon="13.498193">
				<ele>589.000000</ele>
			</trkpt>
			<trkpt lat="46.816817" lon="13.498678">
				<ele>590.000000</ele>
			</trkpt>
			<trkpt lat="46.816596" lon="13.499191">
				<ele>590.000000</ele>
			</trkpt>
			<trkpt lat="46.816319" lon="13.499864">
				<ele>591.000000</ele>
			</trkpt>
			<trkpt lat="46.816177" lon="13.500305">
				<ele>591.000000</ele>
			</trkpt>
			<trkpt lat="46.816042" lon="13.500789">
				<ele>591.000000</ele>
			</trkpt>
			<trkpt lat="46.815876" lon="13.501454">
				<ele>592.000000</ele>
			</trkpt>
			<trkpt lat="46.815624" lon="13.502361">
				<ele>592.000000</ele>
			</trkpt>
			<trkpt lat="46.815384" lon="13.503035">
				<ele>593.000000</ele>
			</trkpt>
			<trkpt lat="46.815310" lon="13.503368">
				<ele>593.000000</ele>
			</trkpt>
			<trkpt lat="46.815237" lon="13.503709">
				<ele>593.000000</ele>
			</trkpt>
			<trkpt lat="46.815212" lon="13.503951">
				<ele>593.000000</ele>
			</trkpt>
			<trkpt lat="46.815225" lon="13.503915">
				<ele>593.000000</ele>
			</trkpt>
			<trkpt lat="46.815267" lon="13.503844">
				<ele>593.000000</ele>
			</trkpt>
			<trkpt lat="46.815267" lon="13.503888">
				<ele>593.000000</ele>
			</trkpt>
			<trkpt lat="46.815255" lon="13.504051">
				<ele>593.000000</ele>
			</trkpt>
			<trkpt lat="46.815249" lon="13.504275">
				<ele>594.000000</ele>
			</trkpt>
			<trkpt lat="46.815255" lon="13.504554">
				<ele>594.000000</ele>
			</trkpt>
			<trkpt lat="46.815273" lon="13.504831">
				<ele>594.000000</ele>
			</trkpt>
			<trkpt lat="46.815335" lon="13.505217">
				<ele>595.000000</ele>
			</trkpt>
			<trkpt lat="46.815415" lon="13.505596">
				<ele>595.000000</ele>
			</trkpt>
			<trkpt lat="46.815673" lon="13.506458">
				<ele>596.000000</ele>
			</trkpt>
			<trkpt lat="46.815809" lon="13.506888">
				<ele>596.000000</ele>
			</trkpt>
			<trkpt lat="46.815975" lon="13.507410">
				<ele>597.000000</ele>
			</trkpt>
			<trkpt lat="46.816055" lon="13.507689">
				<ele>597.000000</ele>
			</trkpt>
			<trkpt lat="46.816073" lon="13.507850">
				<ele>597.000000</ele>
			</trkpt>
			<trkpt lat="46.816147" lon="13.508093">
				<ele>597.000000</ele>
			</trkpt>
			<trkpt lat="46.816159" lon="13.508137">
				<ele>597.000000</ele>
			</trkpt>
			<trkpt lat="46.816165" lon="13.508227">
				<ele>598.000000</ele>
			</trkpt>
			<trkpt lat="46.816153" lon="13.508263">
				<ele>598.000000</ele>
			</trkpt>
			<trkpt lat="46.816153" lon="13.508309">
				<ele>598.000000</ele>
			</trkpt>
			<trkpt lat="46.816159" lon="13.508345">
				<ele>598.000000</ele>
			</trkpt>
			<trkpt lat="46.816171" lon="13.508380">
				<ele>598.000000</ele>
			</trkpt>
			<trkpt lat="46.816196" lon="13.508407">
				<ele>598.000000</ele>
			</trkpt>
			<trkpt lat="46.816220" lon="13.508433">
				<ele>598.000000</ele>
			</trkpt>
			<trkpt lat="46.816263" lon="13.508506">
				<ele>598.000000</ele>
			</trkpt>
			<trkpt lat="46.816300" lon="13.508586">
				<ele>598.000000</ele>
			</trkpt>
			<trkpt lat="46.816411" lon="13.508928">
				<ele>599.000000</ele>
			</trkpt>
			<trkpt lat="46.816497" lon="13.509135">
				<ele>599.000000</ele>
			</trkpt>
			<trkpt lat="46.816559" lon="13.509341">
				<ele>599.000000</ele>
			</trkpt>
			<trkpt lat="46.816608" lon="13.509494">
				<ele>599.000000</ele>
			</trkpt>
			<trkpt lat="46.816663" lon="13.509691">
				<ele>600.000000</ele>
			</trkpt>
			<trkpt lat="46.816700" lon="13.509827">
				<ele>600.000000</ele>
			</trkpt>
			<trkpt lat="46.816749" lon="13.510007">
				<ele>600.000000</ele>
			</trkpt>
			<trkpt lat="46.816780" lon="13.510150">
				<ele>600.000000</ele>
			</trkpt>
			<trkpt lat="46.816817" lon="13.510303">
				<ele>600.000000</ele>
			</trkpt>
			<trkpt lat="46.816878" lon="13.510563">
				<ele>600.000000</ele>
			</trkpt>
			<trkpt lat="46.816940" lon="13.510869">
				<ele>600.000000</ele>
			</trkpt>
			<trkpt lat="46.817008" lon="13.511236">
				<ele>601.000000</ele>
			</trkpt>
			<trkpt lat="46.817056" lon="13.511488">
				<ele>601.000000</ele>
			</trkpt>
			<trkpt lat="46.817087" lon="13.511641">
				<ele>601.000000</ele>
			</trkpt>
			<trkpt lat="46.817149" lon="13.511982">
				<ele>601.000000</ele>
			</trkpt>
			<trkpt lat="46.817210" lon="13.512270">
				<ele>601.000000</ele>
			</trkpt>
			<trkpt lat="46.817303" lon="13.512800">
				<ele>602.000000</ele>
			</trkpt>
			<trkpt lat="46.817352" lon="13.513133">
				<ele>602.000000</ele>
			</trkpt>
			<trkpt lat="46.817388" lon="13.513402">
				<ele>602.000000</ele>
			</trkpt>
			<trkpt lat="46.817413" lon="13.513563">
				<ele>602.000000</ele>
			</trkpt>
			<trkpt lat="46.817431" lon="13.513699">
				<ele>602.000000</ele>
			</trkpt>
			<trkpt lat="46.817444" lon="13.513815">
				<ele>602.000000</ele>
			</trkpt>
			<trkpt lat="46.817438" lon="13.513923">
				<ele>602.000000</ele>
			</trkpt>
			<trkpt lat="46.817444" lon="13.513976">
				<ele>602.000000</ele>
			</trkpt>
			<trkpt lat="46.817456" lon="13.514102">
				<ele>602.000000</ele>
			</trkpt>
			<trkpt lat="46.817462" lon="13.514219">
				<ele>602.000000</ele>
			</trkpt>
			<trkpt lat="46.817468" lon="13.514282">
				<ele>602.000000</ele>
			</trkpt>
			<trkpt lat="46.817450" lon="13.514328">
				<ele>603.000000</ele>
			</trkpt>
			<trkpt lat="46.817450" lon="13.514362">
				<ele>603.000000</ele>
			</trkpt>
			<trkpt lat="46.817456" lon="13.514408">
				<ele>602.000000</ele>
			</trkpt>
			<trkpt lat="46.817468" lon="13.514444">
				<ele>602.000000</ele>
			</trkpt>
			<trkpt lat="46.817487" lon="13.514479">
				<ele>602.000000</ele>
			</trkpt>
			<trkpt lat="46.817524" lon="13.514578">
				<ele>602.000000</ele>
			</trkpt>
			<trkpt lat="46.817549" lon="13.514678">
				<ele>602.000000</ele>
			</trkpt>
			<trkpt lat="46.817561" lon="13.514741">
				<ele>602.000000</ele>
			</trkpt>
			<trkpt lat="46.817586" lon="13.514848">
				<ele>602.000000</ele>
			</trkpt>
			<trkpt lat="46.817622" lon="13.515108">
				<ele>603.000000</ele>
			</trkpt>
			<trkpt lat="46.817757" lon="13.515746">
				<ele>603.000000</ele>
			</trkpt>
			<trkpt lat="46.817850" lon="13.516070">
				<ele>604.000000</ele>
			</trkpt>
			<trkpt lat="46.817936" lon="13.516322">
				<ele>604.000000</ele>
			</trkpt>
			<trkpt lat="46.818102" lon="13.516672">
				<ele>604.000000</ele>
			</trkpt>
			<trkpt lat="46.818176" lon="13.516842">
				<ele>604.000000</ele>
			</trkpt>
			<trkpt lat="46.818341" lon="13.517247">
				<ele>604.000000</ele>
			</trkpt>
			<trkpt lat="46.818347" lon="13.517265">
				<ele>604.000000</ele>
			</trkpt>
			<trkpt lat="46.818403" lon="13.517399">
				<ele>604.000000</ele>
			</trkpt>
			<trkpt lat="46.818440" lon="13.517534">
				<ele>605.000000</ele>
			</trkpt>
			<trkpt lat="46.818514" lon="13.517785">
				<ele>605.000000</ele>
			</trkpt>
			<trkpt lat="46.818538" lon="13.517867">
				<ele>605.000000</ele>
			</trkpt>
			<trkpt lat="46.818563" lon="13.517947">
				<ele>605.000000</ele>
			</trkpt>
			<trkpt lat="46.818599" lon="13.518073">
				<ele>605.000000</ele>
			</trkpt>
			<trkpt lat="46.818624" lon="13.518154">
				<ele>605.000000</ele>
			</trkpt>
			<trkpt lat="46.818686" lon="13.518370">
				<ele>605.000000</ele>
			</trkpt>
			<trkpt lat="46.818747" lon="13.518594">
				<ele>605.000000</ele>
			</trkpt>
			<trkpt lat="46.818784" lon="13.518737">
				<ele>605.000000</ele>
			</trkpt>
			<trkpt lat="46.818894" lon="13.519249">
				<ele>606.000000</ele>
			</trkpt>
			<trkpt lat="46.819030" lon="13.519915">
				<ele>606.000000</ele>
			</trkpt>
			<trkpt lat="46.819110" lon="13.520274">
				<ele>606.000000</ele>
			</trkpt>
			<trkpt lat="46.819171" lon="13.520570">
				<ele>606.000000</ele>
			</trkpt>
			<trkpt lat="46.819196" lon="13.520678">
				<ele>606.000000</ele>
			</trkpt>
			<trkpt lat="46.819226" lon="13.520840">
				<ele>607.000000</ele>
			</trkpt>
			<trkpt lat="46.819245" lon="13.521056">
				<ele>607.000000</ele>
			</trkpt>
			<trkpt lat="46.819245" lon="13.521262">
				<ele>607.000000</ele>
			</trkpt>
			<trkpt lat="46.819214" lon="13.521343">
				<ele>607.000000</ele>
			</trkpt>
			<trkpt lat="46.819189" lon="13.521360">
				<ele>607.000000</ele>
			</trkpt>
			<trkpt lat="46.819165" lon="13.521387">
				<ele>607.000000</ele>
			</trkpt>
			<trkpt lat="46.819153" lon="13.521423">
				<ele>607.000000</ele>
			</trkpt>
			<trkpt lat="46.819153" lon="13.521469">
				<ele>607.000000</ele>
			</trkpt>
			<trkpt lat="46.819165" lon="13.521505">
				<ele>607.000000</ele>
			</trkpt>
			<trkpt lat="46.819183" lon="13.521532">
				<ele>607.000000</ele>
			</trkpt>
			<trkpt lat="46.819196" lon="13.521630">
				<ele>607.000000</ele>
			</trkpt>
			<trkpt lat="46.819183" lon="13.521702">
				<ele>607.000000</ele>
			</trkpt>
			<trkpt lat="46.819165" lon="13.521819">
				<ele>607.000000</ele>
			</trkpt>
			<trkpt lat="46.819122" lon="13.522043">
				<ele>607.000000</ele>
			</trkpt>
			<trkpt lat="46.819085" lon="13.522215">
				<ele>607.000000</ele>
			</trkpt>
			<trkpt lat="46.819061" lon="13.522339">
				<ele>607.000000</ele>
			</trkpt>
			<trkpt lat="46.819055" lon="13.522367">
				<ele>607.000000</ele>
			</trkpt>
			<trkpt lat="46.819036" lon="13.522457">
				<ele>608.000000</ele>
			</trkpt>
			<trkpt lat="46.818993" lon="13.522574">
				<ele>608.000000</ele>
			</trkpt>
			<trkpt lat="46.818894" lon="13.522807">
				<ele>608.000000</ele>
			</trkpt>
			<trkpt lat="46.818809" lon="13.522960">
				<ele>608.000000</ele>
			</trkpt>
			<trkpt lat="46.818766" lon="13.523023">
				<ele>608.000000</ele>
			</trkpt>
			<trkpt lat="46.818599" lon="13.523265">
				<ele>608.000000</ele>
			</trkpt>
			<trkpt lat="46.818353" lon="13.523561">
				<ele>608.000000</ele>
			</trkpt>
			<trkpt lat="46.818286" lon="13.523651">
				<ele>608.000000</ele>
			</trkpt>
			<trkpt lat="46.818206" lon="13.523769">
				<ele>609.000000</ele>
			</trkpt>
			<trkpt lat="46.818102" lon="13.523947">
				<ele>609.000000</ele>
			</trkpt>
			<trkpt lat="46.818015" lon="13.524226">
				<ele>609.000000</ele>
			</trkpt>
			<trkpt lat="46.817997" lon="13.524289">
				<ele>609.000000</ele>
			</trkpt>
			<trkpt lat="46.817948" lon="13.524513">
				<ele>609.000000</ele>
			</trkpt>
			<trkpt lat="46.817942" lon="13.524549">
				<ele>609.000000</ele>
			</trkpt>
			<trkpt lat="46.817899" lon="13.525008">
				<ele>609.000000</ele>
			</trkpt>
			<trkpt lat="46.817819" lon="13.525915">
				<ele>610.000000</ele>
			</trkpt>
			<trkpt lat="46.817800" lon="13.526373">
				<ele>610.000000</ele>
			</trkpt>
			<trkpt lat="46.817800" lon="13.526859">
				<ele>609.000000</ele>
			</trkpt>
			<trkpt lat="46.817825" lon="13.527299">
				<ele>608.000000</ele>
			</trkpt>
			<trkpt lat="46.817819" lon="13.527343">
				<ele>608.000000</ele>
			</trkpt>
			<trkpt lat="46.817813" lon="13.527568">
				<ele>607.000000</ele>
			</trkpt>
			<trkpt lat="46.817794" lon="13.527757">
				<ele>607.000000</ele>
			</trkpt>
			<trkpt lat="46.817720" lon="13.527847">
				<ele>606.000000</ele>
			</trkpt>
			<trkpt lat="46.817696" lon="13.527964">
				<ele>605.000000</ele>
			</trkpt>
			<trkpt lat="46.817573" lon="13.528341">
				<ele>602.000000</ele>
			</trkpt>
			<trkpt lat="46.817481" lon="13.528475">
				<ele>601.000000</ele>
			</trkpt>
			<trkpt lat="46.817407" lon="13.528610">
				<ele>601.000000</ele>
			</trkpt>
			<trkpt lat="46.817327" lon="13.528763">
				<ele>601.000000</ele>
			</trkpt>
			<trkpt lat="46.817290" lon="13.528889">
				<ele>601.000000</ele>
			</trkpt>
			<trkpt lat="46.817020" lon="13.529329">
				<ele>601.000000</ele>
			</trkpt>
			<trkpt lat="46.817008" lon="13.529347">
				<ele>601.000000</ele>
			</trkpt>
			<trkpt lat="46.816965" lon="13.529419">
				<ele>602.000000</ele>
			</trkpt>
			<trkpt lat="46.816946" lon="13.529446">
				<ele>602.000000</ele>
			</trkpt>
			<trkpt lat="46.816792" lon="13.529697">
				<ele>602.000000</ele>
			</trkpt>
			<trkpt lat="46.816706" lon="13.529849">
				<ele>602.000000</ele>
			</trkpt>
			<trkpt lat="46.816676" lon="13.529922">
				<ele>602.000000</ele>
			</trkpt>
			<trkpt lat="46.816411" lon="13.530434">
				<ele>601.000000</ele>
			</trkpt>
			<trkpt lat="46.816134" lon="13.531090">
				<ele>600.000000</ele>
			</trkpt>
			<trkpt lat="46.816042" lon="13.531404">
				<ele>600.000000</ele>
			</trkpt>
			<trkpt lat="46.815833" lon="13.532132">
				<ele>600.000000</ele>
			</trkpt>
			<trkpt lat="46.815692" lon="13.533048">
				<ele>599.000000</ele>
			</trkpt>
			<trkpt lat="46.815680" lon="13.534314">
				<ele>599.000000</ele>
			</trkpt>
			<trkpt lat="46.815710" lon="13.535033">
				<ele>599.000000</ele>
			</trkpt>
			<trkpt lat="46.815723" lon="13.535761">
				<ele>599.000000</ele>
			</trkpt>
			<trkpt lat="46.815680" lon="13.536488">
				<ele>598.000000</ele>
			</trkpt>
			<trkpt lat="46.815458" lon="13.537315">
				<ele>598.000000</ele>
			</trkpt>
			<trkpt lat="46.815176" lon="13.538321">
				<ele>598.000000</ele>
			</trkpt>
			<trkpt lat="46.814917" lon="13.539336">
				<ele>597.000000</ele>
			</trkpt>
			<trkpt lat="46.814702" lon="13.539983">
				<ele>597.000000</ele>
			</trkpt>
			<trkpt lat="46.814475" lon="13.540442">
				<ele>597.000000</ele>
			</trkpt>
			<trkpt lat="46.814087" lon="13.541195">
				<ele>597.000000</ele>
			</trkpt>
			<trkpt lat="46.813670" lon="13.541986">
				<ele>597.000000</ele>
			</trkpt>
			<trkpt lat="46.813061" lon="13.543109">
				<ele>596.000000</ele>
			</trkpt>
			<trkpt lat="46.812642" lon="13.543881">
				<ele>596.000000</ele>
			</trkpt>
			<trkpt lat="46.812316" lon="13.544654">
				<ele>596.000000</ele>
			</trkpt>
			<trkpt lat="46.811862" lon="13.545597">
				<ele>595.000000</ele>
			</trkpt>
			<trkpt lat="46.811370" lon="13.546595">
				<ele>595.000000</ele>
			</trkpt>
			<trkpt lat="46.811118" lon="13.547115">
				<ele>595.000000</ele>
			</trkpt>
			<trkpt lat="46.811074" lon="13.547421">
				<ele>595.000000</ele>
			</trkpt>
			<trkpt lat="46.811056" lon="13.547673">
				<ele>595.000000</ele>
			</trkpt>
			<trkpt lat="46.810915" lon="13.547843">
				<ele>594.000000</ele>
			</trkpt>
			<trkpt lat="46.810890" lon="13.547960">
				<ele>594.000000</ele>
			</trkpt>
			<trkpt lat="46.811050" lon="13.548481">
				<ele>594.000000</ele>
			</trkpt>
			<trkpt lat="46.811099" lon="13.548742">
				<ele>594.000000</ele>
			</trkpt>
			<trkpt lat="46.811124" lon="13.549172">
				<ele>594.000000</ele>
			</trkpt>
			<trkpt lat="46.811093" lon="13.549352">
				<ele>594.000000</ele>
			</trkpt>
			<trkpt lat="46.810977" lon="13.549738">
				<ele>594.000000</ele>
			</trkpt>
			<trkpt lat="46.810718" lon="13.550403">
				<ele>594.000000</ele>
			</trkpt>
			<trkpt lat="46.810306" lon="13.551428">
				<ele>593.000000</ele>
			</trkpt>
			<trkpt lat="46.809962" lon="13.552227">
				<ele>593.000000</ele>
			</trkpt>
			<trkpt lat="46.809636" lon="13.553063">
				<ele>593.000000</ele>
			</trkpt>
			<trkpt lat="46.809052" lon="13.554455">
				<ele>592.000000</ele>
			</trkpt>
			<trkpt lat="46.808911" lon="13.554824">
				<ele>592.000000</ele>
			</trkpt>
			<trkpt lat="46.808966" lon="13.554858">
				<ele>600.000000</ele>
			</trkpt>
			<trkpt lat="46.809033" lon="13.554644">
				<ele>600.000000</ele>
			</trkpt>
			<trkpt lat="46.809089" lon="13.554482">
				<ele>600.000000</ele>
			</trkpt>
			<trkpt lat="46.809857" lon="13.552631">
				<ele>600.000000</ele>
			</trkpt>
			<trkpt lat="46.811062" lon="13.549640">
				<ele>600.000000</ele>
			</trkpt>
			<trkpt lat="46.811148" lon="13.549334">
				<ele>600.000000</ele>
			</trkpt>
			<trkpt lat="46.811192" lon="13.549011">
				<ele>600.000000</ele>
			</trkpt>
			<trkpt lat="46.811210" lon="13.548786">
				<ele>600.000000</ele>
			</trkpt>
			<trkpt lat="46.811210" lon="13.548516">
				<ele>600.000000</ele>
			</trkpt>
			<trkpt lat="46.811198" lon="13.548185">
				<ele>600.000000</ele>
			</trkpt>
			<trkpt lat="46.811198" lon="13.547996">
				<ele>600.000000</ele>
			</trkpt>
			<trkpt lat="46.811198" lon="13.547852">
				<ele>600.000000</ele>
			</trkpt>
			<trkpt lat="46.811210" lon="13.547709">
				<ele>600.000000</ele>
			</trkpt>
			<trkpt lat="46.811136" lon="13.547717">
				<ele>599.000000</ele>
			</trkpt>
			<trkpt lat="46.811093" lon="13.547736">
				<ele>598.000000</ele>
			</trkpt>
			<trkpt lat="46.811056" lon="13.547771">
				<ele>597.000000</ele>
			</trkpt>
			<trkpt lat="46.811062" lon="13.548122">
				<ele>594.000000</ele>
			</trkpt>
		</trkseg>
	</trk>
</gpx>

