<?xml version="1.0" encoding="utf-8"?>
<gpx xmlns="http://www.topografix.com/GPX/1/1" version="1.1" creator="https://mapy.com/">
	<trk>
		<name>Trasa z Roques de García do Roques de García</name>
		<trkseg>
			<trkpt lat="28.223394" lon="-16.630043">
				<ele>2139.000000</ele>
			</trkpt>
			<trkpt lat="28.223196" lon="-16.630609">
				<ele>2137.000000</ele>
			</trkpt>
			<trkpt lat="28.223220" lon="-16.630619">
				<ele>2137.000000</ele>
			</trkpt>
			<trkpt lat="28.223236" lon="-16.630636">
				<ele>2136.000000</ele>
			</trkpt>
			<trkpt lat="28.223244" lon="-16.630664">
				<ele>2136.000000</ele>
			</trkpt>
			<trkpt lat="28.223244" lon="-16.630691">
				<ele>2136.000000</ele>
			</trkpt>
			<trkpt lat="28.223244" lon="-16.630708">
				<ele>2136.000000</ele>
			</trkpt>
			<trkpt lat="28.223228" lon="-16.630735">
				<ele>2136.000000</ele>
			</trkpt>
			<trkpt lat="28.223212" lon="-16.630754">
				<ele>2136.000000</ele>
			</trkpt>
			<trkpt lat="28.223196" lon="-16.630762">
				<ele>2136.000000</ele>
			</trkpt>
			<trkpt lat="28.223220" lon="-16.630789">
				<ele>2135.000000</ele>
			</trkpt>
			<trkpt lat="28.223228" lon="-16.630798">
				<ele>2135.000000</ele>
			</trkpt>
			<trkpt lat="28.223259" lon="-16.630888">
				<ele>2134.000000</ele>
			</trkpt>
			<trkpt lat="28.223267" lon="-16.630906">
				<ele>2134.000000</ele>
			</trkpt>
			<trkpt lat="28.223284" lon="-16.630934">
				<ele>2134.000000</ele>
			</trkpt>
			<trkpt lat="28.223363" lon="-16.630924">
				<ele>2134.000000</ele>
			</trkpt>
			<trkpt lat="28.223465" lon="-16.630961">
				<ele>2135.000000</ele>
			</trkpt>
			<trkpt lat="28.223616" lon="-16.631058">
				<ele>2136.000000</ele>
			</trkpt>
			<trkpt lat="28.223679" lon="-16.631085">
				<ele>2136.000000</ele>
			</trkpt>
			<trkpt lat="28.223806" lon="-16.631121">
				<ele>2137.000000</ele>
			</trkpt>
			<trkpt lat="28.223941" lon="-16.631185">
				<ele>2138.000000</ele>
			</trkpt>
			<trkpt lat="28.223980" lon="-16.631238">
				<ele>2138.000000</ele>
			</trkpt>
			<trkpt lat="28.224043" lon="-16.631284">
				<ele>2139.000000</ele>
			</trkpt>
			<trkpt lat="28.224114" lon="-16.631301">
				<ele>2139.000000</ele>
			</trkpt>
			<trkpt lat="28.224273" lon="-16.631292">
				<ele>2140.000000</ele>
			</trkpt>
			<trkpt lat="28.224455" lon="-16.631284">
				<ele>2140.000000</ele>
			</trkpt>
			<trkpt lat="28.224478" lon="-16.631274">
				<ele>2140.000000</ele>
			</trkpt>
			<trkpt lat="28.224692" lon="-16.631211">
				<ele>2140.000000</ele>
			</trkpt>
			<trkpt lat="28.224788" lon="-16.631274">
				<ele>2140.000000</ele>
			</trkpt>
			<trkpt lat="28.224859" lon="-16.631337">
				<ele>2140.000000</ele>
			</trkpt>
			<trkpt lat="28.224953" lon="-16.631374">
				<ele>2140.000000</ele>
			</trkpt>
			<trkpt lat="28.224993" lon="-16.631382">
				<ele>2140.000000</ele>
			</trkpt>
			<trkpt lat="28.225088" lon="-16.631391">
				<ele>2140.000000</ele>
			</trkpt>
			<trkpt lat="28.225159" lon="-16.631445">
				<ele>2140.000000</ele>
			</trkpt>
			<trkpt lat="28.225231" lon="-16.631517">
				<ele>2140.000000</ele>
			</trkpt>
			<trkpt lat="28.225286" lon="-16.631607">
				<ele>2140.000000</ele>
			</trkpt>
			<trkpt lat="28.225381" lon="-16.631714">
				<ele>2140.000000</ele>
			</trkpt>
			<trkpt lat="28.225437" lon="-16.631850">
				<ele>2140.000000</ele>
			</trkpt>
			<trkpt lat="28.225523" lon="-16.631976">
				<ele>2140.000000</ele>
			</trkpt>
			<trkpt lat="28.225587" lon="-16.632110">
				<ele>2140.000000</ele>
			</trkpt>
			<trkpt lat="28.225626" lon="-16.632173">
				<ele>2140.000000</ele>
			</trkpt>
			<trkpt lat="28.225666" lon="-16.632244">
				<ele>2140.000000</ele>
			</trkpt>
			<trkpt lat="28.225681" lon="-16.632316">
				<ele>2140.000000</ele>
			</trkpt>
			<trkpt lat="28.225698" lon="-16.632353">
				<ele>2140.000000</ele>
			</trkpt>
			<trkpt lat="28.225714" lon="-16.632389">
				<ele>2140.000000</ele>
			</trkpt>
			<trkpt lat="28.225761" lon="-16.632460">
				<ele>2140.000000</ele>
			</trkpt>
			<trkpt lat="28.225800" lon="-16.632487">
				<ele>2140.000000</ele>
			</trkpt>
			<trkpt lat="28.225832" lon="-16.632523">
				<ele>2140.000000</ele>
			</trkpt>
			<trkpt lat="28.225840" lon="-16.632532">
				<ele>2140.000000</ele>
			</trkpt>
			<trkpt lat="28.225887" lon="-16.632550">
				<ele>2140.000000</ele>
			</trkpt>
			<trkpt lat="28.225911" lon="-16.632559">
				<ele>2140.000000</ele>
			</trkpt>
			<trkpt lat="28.226117" lon="-16.632559">
				<ele>2140.000000</ele>
			</trkpt>
			<trkpt lat="28.226157" lon="-16.632559">
				<ele>2140.000000</ele>
			</trkpt>
			<trkpt lat="28.226196" lon="-16.632559">
				<ele>2140.000000</ele>
			</trkpt>
			<trkpt lat="28.226228" lon="-16.632586">
				<ele>2140.000000</ele>
			</trkpt>
			<trkpt lat="28.226251" lon="-16.632613">
				<ele>2140.000000</ele>
			</trkpt>
			<trkpt lat="28.226307" lon="-16.632613">
				<ele>2140.000000</ele>
			</trkpt>
			<trkpt lat="28.226386" lon="-16.632569">
				<ele>2140.000000</ele>
			</trkpt>
			<trkpt lat="28.226442" lon="-16.632542">
				<ele>2140.000000</ele>
			</trkpt>
			<trkpt lat="28.226481" lon="-16.632542">
				<ele>2141.000000</ele>
			</trkpt>
			<trkpt lat="28.226497" lon="-16.632577">
				<ele>2141.000000</ele>
			</trkpt>
			<trkpt lat="28.226521" lon="-16.632603">
				<ele>2141.000000</ele>
			</trkpt>
			<trkpt lat="28.226632" lon="-16.632586">
				<ele>2141.000000</ele>
			</trkpt>
			<trkpt lat="28.226758" lon="-16.632550">
				<ele>2141.000000</ele>
			</trkpt>
			<trkpt lat="28.226845" lon="-16.632622">
				<ele>2142.000000</ele>
			</trkpt>
			<trkpt lat="28.226900" lon="-16.632649">
				<ele>2142.000000</ele>
			</trkpt>
			<trkpt lat="28.226932" lon="-16.632666">
				<ele>2142.000000</ele>
			</trkpt>
			<trkpt lat="28.226972" lon="-16.632739">
				<ele>2142.000000</ele>
			</trkpt>
			<trkpt lat="28.227019" lon="-16.632819">
				<ele>2142.000000</ele>
			</trkpt>
			<trkpt lat="28.227090" lon="-16.632846">
				<ele>2142.000000</ele>
			</trkpt>
			<trkpt lat="28.227202" lon="-16.632865">
				<ele>2143.000000</ele>
			</trkpt>
			<trkpt lat="28.227328" lon="-16.632909">
				<ele>2143.000000</ele>
			</trkpt>
			<trkpt lat="28.227352" lon="-16.632936">
				<ele>2143.000000</ele>
			</trkpt>
			<trkpt lat="28.227360" lon="-16.632999">
				<ele>2143.000000</ele>
			</trkpt>
			<trkpt lat="28.227352" lon="-16.633125">
				<ele>2144.000000</ele>
			</trkpt>
			<trkpt lat="28.227375" lon="-16.633206">
				<ele>2144.000000</ele>
			</trkpt>
			<trkpt lat="28.227487" lon="-16.633431">
				<ele>2144.000000</ele>
			</trkpt>
			<trkpt lat="28.227533" lon="-16.633511">
				<ele>2144.000000</ele>
			</trkpt>
			<trkpt lat="28.227645" lon="-16.633601">
				<ele>2145.000000</ele>
			</trkpt>
			<trkpt lat="28.227676" lon="-16.633664">
				<ele>2145.000000</ele>
			</trkpt>
			<trkpt lat="28.227732" lon="-16.633754">
				<ele>2145.000000</ele>
			</trkpt>
			<trkpt lat="28.227818" lon="-16.633835">
				<ele>2146.000000</ele>
			</trkpt>
			<trkpt lat="28.227866" lon="-16.633888">
				<ele>2146.000000</ele>
			</trkpt>
			<trkpt lat="28.227914" lon="-16.633942">
				<ele>2146.000000</ele>
			</trkpt>
			<trkpt lat="28.227953" lon="-16.634050">
				<ele>2146.000000</ele>
			</trkpt>
			<trkpt lat="28.228016" lon="-16.634167">
				<ele>2146.000000</ele>
			</trkpt>
			<trkpt lat="28.228096" lon="-16.634257">
				<ele>2147.000000</ele>
			</trkpt>
			<trkpt lat="28.228136" lon="-16.634364">
				<ele>2147.000000</ele>
			</trkpt>
			<trkpt lat="28.228175" lon="-16.634490">
				<ele>2147.000000</ele>
			</trkpt>
			<trkpt lat="28.228230" lon="-16.634626">
				<ele>2148.000000</ele>
			</trkpt>
			<trkpt lat="28.228270" lon="-16.634724">
				<ele>2148.000000</ele>
			</trkpt>
			<trkpt lat="28.228317" lon="-16.634787">
				<ele>2148.000000</ele>
			</trkpt>
			<trkpt lat="28.228452" lon="-16.634903">
				<ele>2148.000000</ele>
			</trkpt>
			<trkpt lat="28.228523" lon="-16.634976">
				<ele>2149.000000</ele>
			</trkpt>
			<trkpt lat="28.228602" lon="-16.635092">
				<ele>2149.000000</ele>
			</trkpt>
			<trkpt lat="28.228729" lon="-16.635227">
				<ele>2149.000000</ele>
			</trkpt>
			<trkpt lat="28.228792" lon="-16.635299">
				<ele>2150.000000</ele>
			</trkpt>
			<trkpt lat="28.228848" lon="-16.635362">
				<ele>2150.000000</ele>
			</trkpt>
			<trkpt lat="28.228863" lon="-16.635406">
				<ele>2150.000000</ele>
			</trkpt>
			<trkpt lat="28.228856" lon="-16.635425">
				<ele>2150.000000</ele>
			</trkpt>
			<trkpt lat="28.228848" lon="-16.635469">
				<ele>2150.000000</ele>
			</trkpt>
			<trkpt lat="28.228848" lon="-16.635523">
				<ele>2150.000000</ele>
			</trkpt>
			<trkpt lat="28.228863" lon="-16.635559">
				<ele>2151.000000</ele>
			</trkpt>
			<trkpt lat="28.228871" lon="-16.635649">
				<ele>2151.000000</ele>
			</trkpt>
			<trkpt lat="28.228919" lon="-16.635668">
				<ele>2151.000000</ele>
			</trkpt>
			<trkpt lat="28.228958" lon="-16.635676">
				<ele>2152.000000</ele>
			</trkpt>
			<trkpt lat="28.229022" lon="-16.635758">
				<ele>2152.000000</ele>
			</trkpt>
			<trkpt lat="28.229029" lon="-16.635785">
				<ele>2152.000000</ele>
			</trkpt>
			<trkpt lat="28.229029" lon="-16.635829">
				<ele>2153.000000</ele>
			</trkpt>
			<trkpt lat="28.229109" lon="-16.635964">
				<ele>2153.000000</ele>
			</trkpt>
			<trkpt lat="28.229148" lon="-16.635999">
				<ele>2154.000000</ele>
			</trkpt>
			<trkpt lat="28.229156" lon="-16.636026">
				<ele>2154.000000</ele>
			</trkpt>
			<trkpt lat="28.229212" lon="-16.636098">
				<ele>2154.000000</ele>
			</trkpt>
			<trkpt lat="28.229212" lon="-16.636161">
				<ele>2155.000000</ele>
			</trkpt>
			<trkpt lat="28.229251" lon="-16.636261">
				<ele>2155.000000</ele>
			</trkpt>
			<trkpt lat="28.229267" lon="-16.636278">
				<ele>2155.000000</ele>
			</trkpt>
			<trkpt lat="28.229291" lon="-16.636287">
				<ele>2155.000000</ele>
			</trkpt>
			<trkpt lat="28.229331" lon="-16.636358">
				<ele>2156.000000</ele>
			</trkpt>
			<trkpt lat="28.229378" lon="-16.636377">
				<ele>2156.000000</ele>
			</trkpt>
			<trkpt lat="28.229497" lon="-16.636395">
				<ele>2157.000000</ele>
			</trkpt>
			<trkpt lat="28.229616" lon="-16.636458">
				<ele>2158.000000</ele>
			</trkpt>
			<trkpt lat="28.229671" lon="-16.636485">
				<ele>2158.000000</ele>
			</trkpt>
			<trkpt lat="28.229734" lon="-16.636475">
				<ele>2158.000000</ele>
			</trkpt>
			<trkpt lat="28.229789" lon="-16.636511">
				<ele>2159.000000</ele>
			</trkpt>
			<trkpt lat="28.229821" lon="-16.636538">
				<ele>2159.000000</ele>
			</trkpt>
			<trkpt lat="28.229876" lon="-16.636548">
				<ele>2159.000000</ele>
			</trkpt>
			<trkpt lat="28.229892" lon="-16.636557">
				<ele>2159.000000</ele>
			</trkpt>
			<trkpt lat="28.229964" lon="-16.636584">
				<ele>2160.000000</ele>
			</trkpt>
			<trkpt lat="28.230027" lon="-16.636592">
				<ele>2160.000000</ele>
			</trkpt>
			<trkpt lat="28.230138" lon="-16.636628">
				<ele>2161.000000</ele>
			</trkpt>
			<trkpt lat="28.230225" lon="-16.636611">
				<ele>2161.000000</ele>
			</trkpt>
			<trkpt lat="28.230272" lon="-16.636592">
				<ele>2161.000000</ele>
			</trkpt>
			<trkpt lat="28.230328" lon="-16.636592">
				<ele>2162.000000</ele>
			</trkpt>
			<trkpt lat="28.230399" lon="-16.636557">
				<ele>2162.000000</ele>
			</trkpt>
			<trkpt lat="28.230462" lon="-16.636548">
				<ele>2163.000000</ele>
			</trkpt>
			<trkpt lat="28.230550" lon="-16.636557">
				<ele>2163.000000</ele>
			</trkpt>
			<trkpt lat="28.230589" lon="-16.636565">
				<ele>2163.000000</ele>
			</trkpt>
			<trkpt lat="28.230644" lon="-16.636592">
				<ele>2164.000000</ele>
			</trkpt>
			<trkpt lat="28.230668" lon="-16.636592">
				<ele>2164.000000</ele>
			</trkpt>
			<trkpt lat="28.230700" lon="-16.636565">
				<ele>2164.000000</ele>
			</trkpt>
			<trkpt lat="28.230715" lon="-16.636538">
				<ele>2164.000000</ele>
			</trkpt>
			<trkpt lat="28.230779" lon="-16.636548">
				<ele>2165.000000</ele>
			</trkpt>
			<trkpt lat="28.230850" lon="-16.636592">
				<ele>2165.000000</ele>
			</trkpt>
			<trkpt lat="28.230929" lon="-16.636611">
				<ele>2165.000000</ele>
			</trkpt>
			<trkpt lat="28.231000" lon="-16.636655">
				<ele>2166.000000</ele>
			</trkpt>
			<trkpt lat="28.231064" lon="-16.636710">
				<ele>2166.000000</ele>
			</trkpt>
			<trkpt lat="28.231119" lon="-16.636718">
				<ele>2167.000000</ele>
			</trkpt>
			<trkpt lat="28.231158" lon="-16.636781">
				<ele>2167.000000</ele>
			</trkpt>
			<trkpt lat="28.231214" lon="-16.636853">
				<ele>2168.000000</ele>
			</trkpt>
			<trkpt lat="28.231238" lon="-16.636880">
				<ele>2168.000000</ele>
			</trkpt>
			<trkpt lat="28.231285" lon="-16.636898">
				<ele>2168.000000</ele>
			</trkpt>
			<trkpt lat="28.231333" lon="-16.637068">
				<ele>2169.000000</ele>
			</trkpt>
			<trkpt lat="28.231380" lon="-16.637104">
				<ele>2169.000000</ele>
			</trkpt>
			<trkpt lat="28.231412" lon="-16.637158">
				<ele>2170.000000</ele>
			</trkpt>
			<trkpt lat="28.231452" lon="-16.637194">
				<ele>2170.000000</ele>
			</trkpt>
			<trkpt lat="28.231507" lon="-16.637293">
				<ele>2170.000000</ele>
			</trkpt>
			<trkpt lat="28.231539" lon="-16.637356">
				<ele>2170.000000</ele>
			</trkpt>
			<trkpt lat="28.231555" lon="-16.637410">
				<ele>2170.000000</ele>
			</trkpt>
			<trkpt lat="28.231555" lon="-16.637482">
				<ele>2170.000000</ele>
			</trkpt>
			<trkpt lat="28.231578" lon="-16.637580">
				<ele>2170.000000</ele>
			</trkpt>
			<trkpt lat="28.231594" lon="-16.637679">
				<ele>2170.000000</ele>
			</trkpt>
			<trkpt lat="28.231610" lon="-16.637760">
				<ele>2170.000000</ele>
			</trkpt>
			<trkpt lat="28.231602" lon="-16.637823">
				<ele>2170.000000</ele>
			</trkpt>
			<trkpt lat="28.231634" lon="-16.637930">
				<ele>2170.000000</ele>
			</trkpt>
			<trkpt lat="28.231626" lon="-16.638020">
				<ele>2170.000000</ele>
			</trkpt>
			<trkpt lat="28.231641" lon="-16.638075">
				<ele>2170.000000</ele>
			</trkpt>
			<trkpt lat="28.231705" lon="-16.638093">
				<ele>2171.000000</ele>
			</trkpt>
			<trkpt lat="28.231832" lon="-16.638255">
				<ele>2172.000000</ele>
			</trkpt>
			<trkpt lat="28.231847" lon="-16.638290">
				<ele>2173.000000</ele>
			</trkpt>
			<trkpt lat="28.231895" lon="-16.638318">
				<ele>2173.000000</ele>
			</trkpt>
			<trkpt lat="28.231958" lon="-16.638335">
				<ele>2174.000000</ele>
			</trkpt>
			<trkpt lat="28.231982" lon="-16.638362">
				<ele>2174.000000</ele>
			</trkpt>
			<trkpt lat="28.232021" lon="-16.638389">
				<ele>2174.000000</ele>
			</trkpt>
			<trkpt lat="28.232030" lon="-16.638461">
				<ele>2175.000000</ele>
			</trkpt>
			<trkpt lat="28.232109" lon="-16.638542">
				<ele>2176.000000</ele>
			</trkpt>
			<trkpt lat="28.232156" lon="-16.638578">
				<ele>2176.000000</ele>
			</trkpt>
			<trkpt lat="28.232211" lon="-16.638605">
				<ele>2177.000000</ele>
			</trkpt>
			<trkpt lat="28.232275" lon="-16.638649">
				<ele>2178.000000</ele>
			</trkpt>
			<trkpt lat="28.232330" lon="-16.638739">
				<ele>2179.000000</ele>
			</trkpt>
			<trkpt lat="28.232378" lon="-16.638758">
				<ele>2179.000000</ele>
			</trkpt>
			<trkpt lat="28.232409" lon="-16.638821">
				<ele>2180.000000</ele>
			</trkpt>
			<trkpt lat="28.232465" lon="-16.638865">
				<ele>2180.000000</ele>
			</trkpt>
			<trkpt lat="28.232488" lon="-16.638964">
				<ele>2181.000000</ele>
			</trkpt>
			<trkpt lat="28.232520" lon="-16.639081">
				<ele>2182.000000</ele>
			</trkpt>
			<trkpt lat="28.232583" lon="-16.639242">
				<ele>2183.000000</ele>
			</trkpt>
			<trkpt lat="28.232615" lon="-16.639297">
				<ele>2184.000000</ele>
			</trkpt>
			<trkpt lat="28.232607" lon="-16.639404">
				<ele>2185.000000</ele>
			</trkpt>
			<trkpt lat="28.232615" lon="-16.639458">
				<ele>2185.000000</ele>
			</trkpt>
			<trkpt lat="28.232654" lon="-16.639485">
				<ele>2186.000000</ele>
			</trkpt>
			<trkpt lat="28.232702" lon="-16.639538">
				<ele>2186.000000</ele>
			</trkpt>
			<trkpt lat="28.232781" lon="-16.639566">
				<ele>2187.000000</ele>
			</trkpt>
			<trkpt lat="28.232860" lon="-16.639584">
				<ele>2188.000000</ele>
			</trkpt>
			<trkpt lat="28.232908" lon="-16.639593">
				<ele>2188.000000</ele>
			</trkpt>
			<trkpt lat="28.232931" lon="-16.639611">
				<ele>2188.000000</ele>
			</trkpt>
			<trkpt lat="28.232956" lon="-16.639611">
				<ele>2189.000000</ele>
			</trkpt>
			<trkpt lat="28.232995" lon="-16.639674">
				<ele>2189.000000</ele>
			</trkpt>
			<trkpt lat="28.233027" lon="-16.639727">
				<ele>2190.000000</ele>
			</trkpt>
			<trkpt lat="28.233050" lon="-16.639737">
				<ele>2190.000000</ele>
			</trkpt>
			<trkpt lat="28.233129" lon="-16.639827">
				<ele>2191.000000</ele>
			</trkpt>
			<trkpt lat="28.233137" lon="-16.639853">
				<ele>2191.000000</ele>
			</trkpt>
			<trkpt lat="28.233153" lon="-16.639916">
				<ele>2191.000000</ele>
			</trkpt>
			<trkpt lat="28.233232" lon="-16.639926">
				<ele>2192.000000</ele>
			</trkpt>
			<trkpt lat="28.233248" lon="-16.640006">
				<ele>2193.000000</ele>
			</trkpt>
			<trkpt lat="28.233280" lon="-16.640051">
				<ele>2193.000000</ele>
			</trkpt>
			<trkpt lat="28.233312" lon="-16.640104">
				<ele>2193.000000</ele>
			</trkpt>
			<trkpt lat="28.233367" lon="-16.640167">
				<ele>2194.000000</ele>
			</trkpt>
			<trkpt lat="28.233406" lon="-16.640222">
				<ele>2194.000000</ele>
			</trkpt>
			<trkpt lat="28.233446" lon="-16.640230">
				<ele>2195.000000</ele>
			</trkpt>
			<trkpt lat="28.233493" lon="-16.640366">
				<ele>2196.000000</ele>
			</trkpt>
			<trkpt lat="28.233485" lon="-16.640446">
				<ele>2196.000000</ele>
			</trkpt>
			<trkpt lat="28.233462" lon="-16.640527">
				<ele>2197.000000</ele>
			</trkpt>
			<trkpt lat="28.233478" lon="-16.640572">
				<ele>2197.000000</ele>
			</trkpt>
			<trkpt lat="28.233454" lon="-16.640608">
				<ele>2197.000000</ele>
			</trkpt>
			<trkpt lat="28.233446" lon="-16.640670">
				<ele>2198.000000</ele>
			</trkpt>
			<trkpt lat="28.233438" lon="-16.640788">
				<ele>2198.000000</ele>
			</trkpt>
			<trkpt lat="28.233438" lon="-16.640922">
				<ele>2199.000000</ele>
			</trkpt>
			<trkpt lat="28.233462" lon="-16.640968">
				<ele>2200.000000</ele>
			</trkpt>
			<trkpt lat="28.233501" lon="-16.641003">
				<ele>2200.000000</ele>
			</trkpt>
			<trkpt lat="28.233485" lon="-16.641075">
				<ele>2201.000000</ele>
			</trkpt>
			<trkpt lat="28.233478" lon="-16.641129">
				<ele>2201.000000</ele>
			</trkpt>
			<trkpt lat="28.233493" lon="-16.641182">
				<ele>2202.000000</ele>
			</trkpt>
			<trkpt lat="28.233533" lon="-16.641219">
				<ele>2203.000000</ele>
			</trkpt>
			<trkpt lat="28.233549" lon="-16.641272">
				<ele>2203.000000</ele>
			</trkpt>
			<trkpt lat="28.233612" lon="-16.641335">
				<ele>2205.000000</ele>
			</trkpt>
			<trkpt lat="28.233660" lon="-16.641381">
				<ele>2205.000000</ele>
			</trkpt>
			<trkpt lat="28.233739" lon="-16.641444">
				<ele>2207.000000</ele>
			</trkpt>
			<trkpt lat="28.233763" lon="-16.641506">
				<ele>2208.000000</ele>
			</trkpt>
			<trkpt lat="28.233842" lon="-16.641534">
				<ele>2209.000000</ele>
			</trkpt>
			<trkpt lat="28.233897" lon="-16.641542">
				<ele>2209.000000</ele>
			</trkpt>
			<trkpt lat="28.233937" lon="-16.641596">
				<ele>2210.000000</ele>
			</trkpt>
			<trkpt lat="28.234008" lon="-16.641650">
				<ele>2212.000000</ele>
			</trkpt>
			<trkpt lat="28.234111" lon="-16.641695">
				<ele>2213.000000</ele>
			</trkpt>
			<trkpt lat="28.234159" lon="-16.641748">
				<ele>2214.000000</ele>
			</trkpt>
			<trkpt lat="28.234214" lon="-16.641785">
				<ele>2215.000000</ele>
			</trkpt>
			<trkpt lat="28.234246" lon="-16.641785">
				<ele>2216.000000</ele>
			</trkpt>
			<trkpt lat="28.234404" lon="-16.641794">
				<ele>2218.000000</ele>
			</trkpt>
			<trkpt lat="28.234444" lon="-16.641830">
				<ele>2219.000000</ele>
			</trkpt>
			<trkpt lat="28.234467" lon="-16.641874">
				<ele>2219.000000</ele>
			</trkpt>
			<trkpt lat="28.234515" lon="-16.641892">
				<ele>2220.000000</ele>
			</trkpt>
			<trkpt lat="28.234594" lon="-16.641901">
				<ele>2221.000000</ele>
			</trkpt>
			<trkpt lat="28.234696" lon="-16.641892">
				<ele>2223.000000</ele>
			</trkpt>
			<trkpt lat="28.234760" lon="-16.641928">
				<ele>2225.000000</ele>
			</trkpt>
			<trkpt lat="28.234815" lon="-16.641974">
				<ele>2226.000000</ele>
			</trkpt>
			<trkpt lat="28.234863" lon="-16.641991">
				<ele>2227.000000</ele>
			</trkpt>
			<trkpt lat="28.234879" lon="-16.642018">
				<ele>2227.000000</ele>
			</trkpt>
			<trkpt lat="28.234910" lon="-16.642027">
				<ele>2228.000000</ele>
			</trkpt>
			<trkpt lat="28.234926" lon="-16.642064">
				<ele>2228.000000</ele>
			</trkpt>
			<trkpt lat="28.234958" lon="-16.642081">
				<ele>2229.000000</ele>
			</trkpt>
			<trkpt lat="28.235029" lon="-16.642108">
				<ele>2230.000000</ele>
			</trkpt>
			<trkpt lat="28.235045" lon="-16.642153">
				<ele>2231.000000</ele>
			</trkpt>
			<trkpt lat="28.235100" lon="-16.642161">
				<ele>2232.000000</ele>
			</trkpt>
			<trkpt lat="28.235140" lon="-16.642224">
				<ele>2234.000000</ele>
			</trkpt>
			<trkpt lat="28.235187" lon="-16.642243">
				<ele>2235.000000</ele>
			</trkpt>
			<trkpt lat="28.235227" lon="-16.642243">
				<ele>2235.000000</ele>
			</trkpt>
			<trkpt lat="28.235274" lon="-16.642224">
				<ele>2236.000000</ele>
			</trkpt>
			<trkpt lat="28.235306" lon="-16.642261">
				<ele>2237.000000</ele>
			</trkpt>
			<trkpt lat="28.235385" lon="-16.642288">
				<ele>2239.000000</ele>
			</trkpt>
			<trkpt lat="28.235416" lon="-16.642324">
				<ele>2240.000000</ele>
			</trkpt>
			<trkpt lat="28.235433" lon="-16.642360">
				<ele>2241.000000</ele>
			</trkpt>
			<trkpt lat="28.235480" lon="-16.642360">
				<ele>2242.000000</ele>
			</trkpt>
			<trkpt lat="28.235520" lon="-16.642387">
				<ele>2243.000000</ele>
			</trkpt>
			<trkpt lat="28.235614" lon="-16.642440">
				<ele>2245.000000</ele>
			</trkpt>
			<trkpt lat="28.235662" lon="-16.642431">
				<ele>2246.000000</ele>
			</trkpt>
			<trkpt lat="28.235686" lon="-16.642431">
				<ele>2246.000000</ele>
			</trkpt>
			<trkpt lat="28.235718" lon="-16.642440">
				<ele>2247.000000</ele>
			</trkpt>
			<trkpt lat="28.235765" lon="-16.642450">
				<ele>2248.000000</ele>
			</trkpt>
			<trkpt lat="28.235805" lon="-16.642414">
				<ele>2249.000000</ele>
			</trkpt>
			<trkpt lat="28.235828" lon="-16.642414">
				<ele>2250.000000</ele>
			</trkpt>
			<trkpt lat="28.235868" lon="-16.642396">
				<ele>2251.000000</ele>
			</trkpt>
			<trkpt lat="28.235907" lon="-16.642387">
				<ele>2252.000000</ele>
			</trkpt>
			<trkpt lat="28.235963" lon="-16.642396">
				<ele>2253.000000</ele>
			</trkpt>
			<trkpt lat="28.235978" lon="-16.642387">
				<ele>2253.000000</ele>
			</trkpt>
			<trkpt lat="28.235995" lon="-16.642404">
				<ele>2254.000000</ele>
			</trkpt>
			<trkpt lat="28.236018" lon="-16.642486">
				<ele>2255.000000</ele>
			</trkpt>
			<trkpt lat="28.236058" lon="-16.642521">
				<ele>2257.000000</ele>
			</trkpt>
			<trkpt lat="28.236105" lon="-16.642576">
				<ele>2258.000000</ele>
			</trkpt>
			<trkpt lat="28.236161" lon="-16.642593">
				<ele>2259.000000</ele>
			</trkpt>
			<trkpt lat="28.236184" lon="-16.642620">
				<ele>2260.000000</ele>
			</trkpt>
			<trkpt lat="28.236192" lon="-16.642666">
				<ele>2261.000000</ele>
			</trkpt>
			<trkpt lat="28.236216" lon="-16.642683">
				<ele>2261.000000</ele>
			</trkpt>
			<trkpt lat="28.236208" lon="-16.642737">
				<ele>2262.000000</ele>
			</trkpt>
			<trkpt lat="28.236192" lon="-16.642790">
				<ele>2263.000000</ele>
			</trkpt>
			<trkpt lat="28.236200" lon="-16.642844">
				<ele>2264.000000</ele>
			</trkpt>
			<trkpt lat="28.236184" lon="-16.642880">
				<ele>2264.000000</ele>
			</trkpt>
			<trkpt lat="28.236184" lon="-16.642907">
				<ele>2265.000000</ele>
			</trkpt>
			<trkpt lat="28.236200" lon="-16.642943">
				<ele>2265.000000</ele>
			</trkpt>
			<trkpt lat="28.236192" lon="-16.642962">
				<ele>2266.000000</ele>
			</trkpt>
			<trkpt lat="28.236200" lon="-16.642989">
				<ele>2266.000000</ele>
			</trkpt>
			<trkpt lat="28.236208" lon="-16.643024">
				<ele>2267.000000</ele>
			</trkpt>
			<trkpt lat="28.236240" lon="-16.643016">
				<ele>2267.000000</ele>
			</trkpt>
			<trkpt lat="28.236288" lon="-16.642997">
				<ele>2268.000000</ele>
			</trkpt>
			<trkpt lat="28.236303" lon="-16.643016">
				<ele>2268.000000</ele>
			</trkpt>
			<trkpt lat="28.236334" lon="-16.643060">
				<ele>2269.000000</ele>
			</trkpt>
			<trkpt lat="28.236359" lon="-16.643060">
				<ele>2270.000000</ele>
			</trkpt>
			<trkpt lat="28.236382" lon="-16.643052">
				<ele>2270.000000</ele>
			</trkpt>
			<trkpt lat="28.236406" lon="-16.643079">
				<ele>2271.000000</ele>
			</trkpt>
			<trkpt lat="28.236438" lon="-16.643079">
				<ele>2271.000000</ele>
			</trkpt>
			<trkpt lat="28.236461" lon="-16.643052">
				<ele>2272.000000</ele>
			</trkpt>
			<trkpt lat="28.236477" lon="-16.643024">
				<ele>2273.000000</ele>
			</trkpt>
			<trkpt lat="28.236501" lon="-16.643016">
				<ele>2273.000000</ele>
			</trkpt>
			<trkpt lat="28.236517" lon="-16.643033">
				<ele>2274.000000</ele>
			</trkpt>
			<trkpt lat="28.236556" lon="-16.643024">
				<ele>2275.000000</ele>
			</trkpt>
			<trkpt lat="28.236572" lon="-16.643043">
				<ele>2275.000000</ele>
			</trkpt>
			<trkpt lat="28.236596" lon="-16.643106">
				<ele>2276.000000</ele>
			</trkpt>
			<trkpt lat="28.236636" lon="-16.643132">
				<ele>2277.000000</ele>
			</trkpt>
			<trkpt lat="28.236699" lon="-16.643150">
				<ele>2279.000000</ele>
			</trkpt>
			<trkpt lat="28.236754" lon="-16.643150">
				<ele>2280.000000</ele>
			</trkpt>
			<trkpt lat="28.236778" lon="-16.643159">
				<ele>2280.000000</ele>
			</trkpt>
			<trkpt lat="28.236817" lon="-16.643240">
				<ele>2281.000000</ele>
			</trkpt>
			<trkpt lat="28.236833" lon="-16.643276">
				<ele>2282.000000</ele>
			</trkpt>
			<trkpt lat="28.236817" lon="-16.643339">
				<ele>2282.000000</ele>
			</trkpt>
			<trkpt lat="28.236794" lon="-16.643393">
				<ele>2283.000000</ele>
			</trkpt>
			<trkpt lat="28.236786" lon="-16.643429">
				<ele>2283.000000</ele>
			</trkpt>
			<trkpt lat="28.236778" lon="-16.643509">
				<ele>2284.000000</ele>
			</trkpt>
			<trkpt lat="28.236746" lon="-16.643555">
				<ele>2285.000000</ele>
			</trkpt>
			<trkpt lat="28.236754" lon="-16.643582">
				<ele>2285.000000</ele>
			</trkpt>
			<trkpt lat="28.236746" lon="-16.643609">
				<ele>2285.000000</ele>
			</trkpt>
			<trkpt lat="28.236715" lon="-16.643635">
				<ele>2286.000000</ele>
			</trkpt>
			<trkpt lat="28.236723" lon="-16.643680">
				<ele>2286.000000</ele>
			</trkpt>
			<trkpt lat="28.236707" lon="-16.643752">
				<ele>2287.000000</ele>
			</trkpt>
			<trkpt lat="28.236699" lon="-16.643824">
				<ele>2288.000000</ele>
			</trkpt>
			<trkpt lat="28.236738" lon="-16.643878">
				<ele>2289.000000</ele>
			</trkpt>
			<trkpt lat="28.236786" lon="-16.643932">
				<ele>2289.000000</ele>
			</trkpt>
			<trkpt lat="28.236817" lon="-16.643949">
				<ele>2290.000000</ele>
			</trkpt>
			<trkpt lat="28.236841" lon="-16.643976">
				<ele>2290.000000</ele>
			</trkpt>
			<trkpt lat="28.236841" lon="-16.644004">
				<ele>2291.000000</ele>
			</trkpt>
			<trkpt lat="28.236857" lon="-16.644031">
				<ele>2292.000000</ele>
			</trkpt>
			<trkpt lat="28.236929" lon="-16.644039">
				<ele>2293.000000</ele>
			</trkpt>
			<trkpt lat="28.236944" lon="-16.644075">
				<ele>2294.000000</ele>
			</trkpt>
			<trkpt lat="28.236984" lon="-16.644102">
				<ele>2295.000000</ele>
			</trkpt>
			<trkpt lat="28.237015" lon="-16.644174">
				<ele>2297.000000</ele>
			</trkpt>
			<trkpt lat="28.237063" lon="-16.644219">
				<ele>2298.000000</ele>
			</trkpt>
			<trkpt lat="28.237110" lon="-16.644237">
				<ele>2299.000000</ele>
			</trkpt>
			<trkpt lat="28.237142" lon="-16.644264">
				<ele>2300.000000</ele>
			</trkpt>
			<trkpt lat="28.237189" lon="-16.644291">
				<ele>2301.000000</ele>
			</trkpt>
			<trkpt lat="28.237229" lon="-16.644291">
				<ele>2302.000000</ele>
			</trkpt>
			<trkpt lat="28.237277" lon="-16.644390">
				<ele>2303.000000</ele>
			</trkpt>
			<trkpt lat="28.237316" lon="-16.644408">
				<ele>2304.000000</ele>
			</trkpt>
			<trkpt lat="28.237324" lon="-16.644444">
				<ele>2304.000000</ele>
			</trkpt>
			<trkpt lat="28.237364" lon="-16.644542">
				<ele>2306.000000</ele>
			</trkpt>
			<trkpt lat="28.237411" lon="-16.644570">
				<ele>2307.000000</ele>
			</trkpt>
			<trkpt lat="28.237427" lon="-16.644614">
				<ele>2308.000000</ele>
			</trkpt>
			<trkpt lat="28.237458" lon="-16.644641">
				<ele>2308.000000</ele>
			</trkpt>
			<trkpt lat="28.237498" lon="-16.644624">
				<ele>2309.000000</ele>
			</trkpt>
			<trkpt lat="28.237530" lon="-16.644605">
				<ele>2310.000000</ele>
			</trkpt>
			<trkpt lat="28.237537" lon="-16.644624">
				<ele>2310.000000</ele>
			</trkpt>
			<trkpt lat="28.237570" lon="-16.644624">
				<ele>2311.000000</ele>
			</trkpt>
			<trkpt lat="28.237593" lon="-16.644668">
				<ele>2311.000000</ele>
			</trkpt>
			<trkpt lat="28.237633" lon="-16.644777">
				<ele>2313.000000</ele>
			</trkpt>
			<trkpt lat="28.237656" lon="-16.644794">
				<ele>2314.000000</ele>
			</trkpt>
			<trkpt lat="28.237680" lon="-16.644830">
				<ele>2315.000000</ele>
			</trkpt>
			<trkpt lat="28.237728" lon="-16.644857">
				<ele>2316.000000</ele>
			</trkpt>
			<trkpt lat="28.237743" lon="-16.644884">
				<ele>2316.000000</ele>
			</trkpt>
			<trkpt lat="28.237728" lon="-16.644956">
				<ele>2317.000000</ele>
			</trkpt>
			<trkpt lat="28.237704" lon="-16.644974">
				<ele>2318.000000</ele>
			</trkpt>
			<trkpt lat="28.237696" lon="-16.645018">
				<ele>2319.000000</ele>
			</trkpt>
			<trkpt lat="28.237751" lon="-16.645027">
				<ele>2320.000000</ele>
			</trkpt>
			<trkpt lat="28.237767" lon="-16.645054">
				<ele>2320.000000</ele>
			</trkpt>
			<trkpt lat="28.237830" lon="-16.645046">
				<ele>2322.000000</ele>
			</trkpt>
			<trkpt lat="28.237862" lon="-16.645054">
				<ele>2323.000000</ele>
			</trkpt>
			<trkpt lat="28.237878" lon="-16.645090">
				<ele>2324.000000</ele>
			</trkpt>
			<trkpt lat="28.237926" lon="-16.645136">
				<ele>2325.000000</ele>
			</trkpt>
			<trkpt lat="28.237949" lon="-16.645127">
				<ele>2326.000000</ele>
			</trkpt>
			<trkpt lat="28.237957" lon="-16.645171">
				<ele>2327.000000</ele>
			</trkpt>
			<trkpt lat="28.238005" lon="-16.645198">
				<ele>2328.000000</ele>
			</trkpt>
			<trkpt lat="28.238020" lon="-16.645226">
				<ele>2329.000000</ele>
			</trkpt>
			<trkpt lat="28.238107" lon="-16.645216">
				<ele>2331.000000</ele>
			</trkpt>
			<trkpt lat="28.238132" lon="-16.645234">
				<ele>2332.000000</ele>
			</trkpt>
			<trkpt lat="28.238147" lon="-16.645280">
				<ele>2333.000000</ele>
			</trkpt>
			<trkpt lat="28.238178" lon="-16.645270">
				<ele>2333.000000</ele>
			</trkpt>
			<trkpt lat="28.238211" lon="-16.645288">
				<ele>2334.000000</ele>
			</trkpt>
			<trkpt lat="28.238258" lon="-16.645288">
				<ele>2335.000000</ele>
			</trkpt>
			<trkpt lat="28.238297" lon="-16.645360">
				<ele>2337.000000</ele>
			</trkpt>
			<trkpt lat="28.238329" lon="-16.645369">
				<ele>2338.000000</ele>
			</trkpt>
			<trkpt lat="28.238369" lon="-16.645396">
				<ele>2339.000000</ele>
			</trkpt>
			<trkpt lat="28.238424" lon="-16.645414">
				<ele>2340.000000</ele>
			</trkpt>
			<trkpt lat="28.238432" lon="-16.645440">
				<ele>2341.000000</ele>
			</trkpt>
			<trkpt lat="28.238472" lon="-16.645486">
				<ele>2342.000000</ele>
			</trkpt>
			<trkpt lat="28.238519" lon="-16.645467">
				<ele>2343.000000</ele>
			</trkpt>
			<trkpt lat="28.238559" lon="-16.645467">
				<ele>2343.000000</ele>
			</trkpt>
			<trkpt lat="28.238574" lon="-16.645494">
				<ele>2344.000000</ele>
			</trkpt>
			<trkpt lat="28.238590" lon="-16.645522">
				<ele>2345.000000</ele>
			</trkpt>
			<trkpt lat="28.238606" lon="-16.645503">
				<ele>2345.000000</ele>
			</trkpt>
			<trkpt lat="28.238622" lon="-16.645503">
				<ele>2345.000000</ele>
			</trkpt>
			<trkpt lat="28.238630" lon="-16.645540">
				<ele>2346.000000</ele>
			</trkpt>
			<trkpt lat="28.238653" lon="-16.645557">
				<ele>2346.000000</ele>
			</trkpt>
			<trkpt lat="28.238725" lon="-16.645593">
				<ele>2348.000000</ele>
			</trkpt>
			<trkpt lat="28.238780" lon="-16.645630">
				<ele>2349.000000</ele>
			</trkpt>
			<trkpt lat="28.238852" lon="-16.645603">
				<ele>2350.000000</ele>
			</trkpt>
			<trkpt lat="28.238875" lon="-16.645620">
				<ele>2351.000000</ele>
			</trkpt>
			<trkpt lat="28.238907" lon="-16.645593">
				<ele>2352.000000</ele>
			</trkpt>
			<trkpt lat="28.239025" lon="-16.645719">
				<ele>2354.000000</ele>
			</trkpt>
			<trkpt lat="28.239096" lon="-16.645737">
				<ele>2355.000000</ele>
			</trkpt>
			<trkpt lat="28.239136" lon="-16.645719">
				<ele>2356.000000</ele>
			</trkpt>
			<trkpt lat="28.239168" lon="-16.645737">
				<ele>2356.000000</ele>
			</trkpt>
			<trkpt lat="28.239215" lon="-16.645756">
				<ele>2357.000000</ele>
			</trkpt>
			<trkpt lat="28.239255" lon="-16.645827">
				<ele>2358.000000</ele>
			</trkpt>
			<trkpt lat="28.239294" lon="-16.645819">
				<ele>2359.000000</ele>
			</trkpt>
			<trkpt lat="28.239302" lon="-16.645845">
				<ele>2359.000000</ele>
			</trkpt>
			<trkpt lat="28.239326" lon="-16.645863">
				<ele>2360.000000</ele>
			</trkpt>
			<trkpt lat="28.239373" lon="-16.645827">
				<ele>2361.000000</ele>
			</trkpt>
			<trkpt lat="28.239398" lon="-16.645819">
				<ele>2361.000000</ele>
			</trkpt>
			<trkpt lat="28.239445" lon="-16.645854">
				<ele>2362.000000</ele>
			</trkpt>
			<trkpt lat="28.239500" lon="-16.645845">
				<ele>2363.000000</ele>
			</trkpt>
			<trkpt lat="28.239524" lon="-16.645872">
				<ele>2364.000000</ele>
			</trkpt>
			<trkpt lat="28.239556" lon="-16.645909">
				<ele>2365.000000</ele>
			</trkpt>
			<trkpt lat="28.239579" lon="-16.645953">
				<ele>2365.000000</ele>
			</trkpt>
			<trkpt lat="28.239627" lon="-16.645980">
				<ele>2366.000000</ele>
			</trkpt>
			<trkpt lat="28.239651" lon="-16.645953">
				<ele>2367.000000</ele>
			</trkpt>
			<trkpt lat="28.239658" lon="-16.645962">
				<ele>2367.000000</ele>
			</trkpt>
			<trkpt lat="28.239683" lon="-16.646033">
				<ele>2368.000000</ele>
			</trkpt>
			<trkpt lat="28.239706" lon="-16.646043">
				<ele>2369.000000</ele>
			</trkpt>
			<trkpt lat="28.239770" lon="-16.646052">
				<ele>2370.000000</ele>
			</trkpt>
			<trkpt lat="28.239825" lon="-16.646052">
				<ele>2371.000000</ele>
			</trkpt>
			<trkpt lat="28.239872" lon="-16.646060">
				<ele>2372.000000</ele>
			</trkpt>
			<trkpt lat="28.239904" lon="-16.646106">
				<ele>2373.000000</ele>
			</trkpt>
			<trkpt lat="28.239959" lon="-16.646096">
				<ele>2375.000000</ele>
			</trkpt>
			<trkpt lat="28.239983" lon="-16.646115">
				<ele>2375.000000</ele>
			</trkpt>
			<trkpt lat="28.240023" lon="-16.646115">
				<ele>2376.000000</ele>
			</trkpt>
			<trkpt lat="28.240054" lon="-16.646132">
				<ele>2377.000000</ele>
			</trkpt>
			<trkpt lat="28.240070" lon="-16.646159">
				<ele>2378.000000</ele>
			</trkpt>
			<trkpt lat="28.240102" lon="-16.646150">
				<ele>2378.000000</ele>
			</trkpt>
			<trkpt lat="28.240133" lon="-16.646169">
				<ele>2379.000000</ele>
			</trkpt>
			<trkpt lat="28.240149" lon="-16.646169">
				<ele>2379.000000</ele>
			</trkpt>
			<trkpt lat="28.240157" lon="-16.646186">
				<ele>2380.000000</ele>
			</trkpt>
			<trkpt lat="28.240181" lon="-16.646186">
				<ele>2380.000000</ele>
			</trkpt>
			<trkpt lat="28.240189" lon="-16.646222">
				<ele>2381.000000</ele>
			</trkpt>
			<trkpt lat="28.240220" lon="-16.646222">
				<ele>2381.000000</ele>
			</trkpt>
			<trkpt lat="28.240236" lon="-16.646249">
				<ele>2382.000000</ele>
			</trkpt>
			<trkpt lat="28.240260" lon="-16.646249">
				<ele>2382.000000</ele>
			</trkpt>
			<trkpt lat="28.240253" lon="-16.646285">
				<ele>2383.000000</ele>
			</trkpt>
			<trkpt lat="28.240307" lon="-16.646285">
				<ele>2384.000000</ele>
			</trkpt>
			<trkpt lat="28.240307" lon="-16.646312">
				<ele>2384.000000</ele>
			</trkpt>
			<trkpt lat="28.240332" lon="-16.646303">
				<ele>2385.000000</ele>
			</trkpt>
			<trkpt lat="28.240339" lon="-16.646339">
				<ele>2385.000000</ele>
			</trkpt>
			<trkpt lat="28.240379" lon="-16.646339">
				<ele>2386.000000</ele>
			</trkpt>
			<trkpt lat="28.240403" lon="-16.646330">
				<ele>2387.000000</ele>
			</trkpt>
			<trkpt lat="28.240434" lon="-16.646366">
				<ele>2387.000000</ele>
			</trkpt>
			<trkpt lat="28.240426" lon="-16.646411">
				<ele>2388.000000</ele>
			</trkpt>
			<trkpt lat="28.240442" lon="-16.646419">
				<ele>2388.000000</ele>
			</trkpt>
			<trkpt lat="28.240482" lon="-16.646501">
				<ele>2390.000000</ele>
			</trkpt>
			<trkpt lat="28.240497" lon="-16.646546">
				<ele>2391.000000</ele>
			</trkpt>
			<trkpt lat="28.240521" lon="-16.646536">
				<ele>2391.000000</ele>
			</trkpt>
			<trkpt lat="28.240537" lon="-16.646555">
				<ele>2392.000000</ele>
			</trkpt>
			<trkpt lat="28.240553" lon="-16.646555">
				<ele>2392.000000</ele>
			</trkpt>
			<trkpt lat="28.240576" lon="-16.646599">
				<ele>2393.000000</ele>
			</trkpt>
			<trkpt lat="28.240609" lon="-16.646635">
				<ele>2394.000000</ele>
			</trkpt>
			<trkpt lat="28.240632" lon="-16.646689">
				<ele>2395.000000</ele>
			</trkpt>
			<trkpt lat="28.240664" lon="-16.646689">
				<ele>2395.000000</ele>
			</trkpt>
			<trkpt lat="28.240695" lon="-16.646735">
				<ele>2396.000000</ele>
			</trkpt>
			<trkpt lat="28.240711" lon="-16.646735">
				<ele>2397.000000</ele>
			</trkpt>
			<trkpt lat="28.240743" lon="-16.646806">
				<ele>2398.000000</ele>
			</trkpt>
			<trkpt lat="28.240759" lon="-16.646815">
				<ele>2398.000000</ele>
			</trkpt>
			<trkpt lat="28.240790" lon="-16.646824">
				<ele>2399.000000</ele>
			</trkpt>
			<trkpt lat="28.240790" lon="-16.646834">
				<ele>2399.000000</ele>
			</trkpt>
			<trkpt lat="28.240806" lon="-16.646869">
				<ele>2400.000000</ele>
			</trkpt>
			<trkpt lat="28.240838" lon="-16.646888">
				<ele>2400.000000</ele>
			</trkpt>
			<trkpt lat="28.240838" lon="-16.646932">
				<ele>2401.000000</ele>
			</trkpt>
			<trkpt lat="28.240853" lon="-16.646985">
				<ele>2401.000000</ele>
			</trkpt>
			<trkpt lat="28.240877" lon="-16.647031">
				<ele>2402.000000</ele>
			</trkpt>
			<trkpt lat="28.240901" lon="-16.647058">
				<ele>2402.000000</ele>
			</trkpt>
			<trkpt lat="28.240901" lon="-16.647094">
				<ele>2403.000000</ele>
			</trkpt>
			<trkpt lat="28.240893" lon="-16.647148">
				<ele>2403.000000</ele>
			</trkpt>
			<trkpt lat="28.240886" lon="-16.647201">
				<ele>2404.000000</ele>
			</trkpt>
			<trkpt lat="28.240886" lon="-16.647274">
				<ele>2405.000000</ele>
			</trkpt>
			<trkpt lat="28.240861" lon="-16.647291">
				<ele>2405.000000</ele>
			</trkpt>
			<trkpt lat="28.240853" lon="-16.647310">
				<ele>2405.000000</ele>
			</trkpt>
			<trkpt lat="28.240861" lon="-16.647337">
				<ele>2406.000000</ele>
			</trkpt>
			<trkpt lat="28.240877" lon="-16.647327">
				<ele>2406.000000</ele>
			</trkpt>
			<trkpt lat="28.240886" lon="-16.647337">
				<ele>2406.000000</ele>
			</trkpt>
			<trkpt lat="28.240932" lon="-16.647318">
				<ele>2407.000000</ele>
			</trkpt>
			<trkpt lat="28.240973" lon="-16.647291">
				<ele>2407.000000</ele>
			</trkpt>
			<trkpt lat="28.240980" lon="-16.647310">
				<ele>2407.000000</ele>
			</trkpt>
			<trkpt lat="28.240996" lon="-16.647301">
				<ele>2408.000000</ele>
			</trkpt>
			<trkpt lat="28.241012" lon="-16.647318">
				<ele>2408.000000</ele>
			</trkpt>
			<trkpt lat="28.241028" lon="-16.647327">
				<ele>2408.000000</ele>
			</trkpt>
			<trkpt lat="28.241028" lon="-16.647364">
				<ele>2408.000000</ele>
			</trkpt>
			<trkpt lat="28.241044" lon="-16.647381">
				<ele>2409.000000</ele>
			</trkpt>
			<trkpt lat="28.241083" lon="-16.647381">
				<ele>2409.000000</ele>
			</trkpt>
			<trkpt lat="28.241115" lon="-16.647453">
				<ele>2410.000000</ele>
			</trkpt>
			<trkpt lat="28.241115" lon="-16.647480">
				<ele>2411.000000</ele>
			</trkpt>
			<trkpt lat="28.241123" lon="-16.647516">
				<ele>2412.000000</ele>
			</trkpt>
			<trkpt lat="28.241154" lon="-16.647507">
				<ele>2412.000000</ele>
			</trkpt>
			<trkpt lat="28.241186" lon="-16.647516">
				<ele>2413.000000</ele>
			</trkpt>
			<trkpt lat="28.241225" lon="-16.647516">
				<ele>2414.000000</ele>
			</trkpt>
			<trkpt lat="28.241225" lon="-16.647551">
				<ele>2415.000000</ele>
			</trkpt>
			<trkpt lat="28.241242" lon="-16.647561">
				<ele>2415.000000</ele>
			</trkpt>
			<trkpt lat="28.241281" lon="-16.647534">
				<ele>2416.000000</ele>
			</trkpt>
			<trkpt lat="28.241297" lon="-16.647543">
				<ele>2417.000000</ele>
			</trkpt>
			<trkpt lat="28.241329" lon="-16.647551">
				<ele>2417.000000</ele>
			</trkpt>
			<trkpt lat="28.241376" lon="-16.647551">
				<ele>2418.000000</ele>
			</trkpt>
			<trkpt lat="28.241400" lon="-16.647588">
				<ele>2419.000000</ele>
			</trkpt>
			<trkpt lat="28.241431" lon="-16.647606">
				<ele>2420.000000</ele>
			</trkpt>
			<trkpt lat="28.241471" lon="-16.647614">
				<ele>2421.000000</ele>
			</trkpt>
			<trkpt lat="28.241479" lon="-16.647641">
				<ele>2422.000000</ele>
			</trkpt>
			<trkpt lat="28.241502" lon="-16.647668">
				<ele>2422.000000</ele>
			</trkpt>
			<trkpt lat="28.241534" lon="-16.647668">
				<ele>2423.000000</ele>
			</trkpt>
			<trkpt lat="28.241558" lon="-16.647696">
				<ele>2424.000000</ele>
			</trkpt>
			<trkpt lat="28.241566" lon="-16.647723">
				<ele>2424.000000</ele>
			</trkpt>
			<trkpt lat="28.241590" lon="-16.647731">
				<ele>2425.000000</ele>
			</trkpt>
			<trkpt lat="28.241629" lon="-16.647750">
				<ele>2426.000000</ele>
			</trkpt>
			<trkpt lat="28.241637" lon="-16.647777">
				<ele>2426.000000</ele>
			</trkpt>
			<trkpt lat="28.241653" lon="-16.647813">
				<ele>2427.000000</ele>
			</trkpt>
			<trkpt lat="28.241685" lon="-16.647813">
				<ele>2428.000000</ele>
			</trkpt>
			<trkpt lat="28.241716" lon="-16.647840">
				<ele>2429.000000</ele>
			</trkpt>
			<trkpt lat="28.241716" lon="-16.647884">
				<ele>2430.000000</ele>
			</trkpt>
			<trkpt lat="28.241732" lon="-16.647911">
				<ele>2430.000000</ele>
			</trkpt>
			<trkpt lat="28.241756" lon="-16.647920">
				<ele>2431.000000</ele>
			</trkpt>
			<trkpt lat="28.241787" lon="-16.647947">
				<ele>2431.000000</ele>
			</trkpt>
			<trkpt lat="28.241787" lon="-16.647983">
				<ele>2432.000000</ele>
			</trkpt>
			<trkpt lat="28.241812" lon="-16.647993">
				<ele>2433.000000</ele>
			</trkpt>
			<trkpt lat="28.241827" lon="-16.648027">
				<ele>2433.000000</ele>
			</trkpt>
			<trkpt lat="28.241858" lon="-16.648046">
				<ele>2434.000000</ele>
			</trkpt>
			<trkpt lat="28.241883" lon="-16.648046">
				<ele>2434.000000</ele>
			</trkpt>
			<trkpt lat="28.241906" lon="-16.648056">
				<ele>2435.000000</ele>
			</trkpt>
			<trkpt lat="28.241914" lon="-16.648090">
				<ele>2435.000000</ele>
			</trkpt>
			<trkpt lat="28.241930" lon="-16.648082">
				<ele>2436.000000</ele>
			</trkpt>
			<trkpt lat="28.241954" lon="-16.648073">
				<ele>2436.000000</ele>
			</trkpt>
			<trkpt lat="28.241977" lon="-16.648090">
				<ele>2437.000000</ele>
			</trkpt>
			<trkpt lat="28.241985" lon="-16.648117">
				<ele>2437.000000</ele>
			</trkpt>
			<trkpt lat="28.242009" lon="-16.648109">
				<ele>2438.000000</ele>
			</trkpt>
			<trkpt lat="28.242033" lon="-16.648109">
				<ele>2438.000000</ele>
			</trkpt>
			<trkpt lat="28.242049" lon="-16.648127">
				<ele>2439.000000</ele>
			</trkpt>
			<trkpt lat="28.242096" lon="-16.648144">
				<ele>2440.000000</ele>
			</trkpt>
			<trkpt lat="28.242104" lon="-16.648180">
				<ele>2440.000000</ele>
			</trkpt>
			<trkpt lat="28.242104" lon="-16.648190">
				<ele>2440.000000</ele>
			</trkpt>
			<trkpt lat="28.242120" lon="-16.648217">
				<ele>2440.000000</ele>
			</trkpt>
			<trkpt lat="28.242128" lon="-16.648217">
				<ele>2441.000000</ele>
			</trkpt>
			<trkpt lat="28.242191" lon="-16.648199">
				<ele>2441.000000</ele>
			</trkpt>
			<trkpt lat="28.242223" lon="-16.648226">
				<ele>2442.000000</ele>
			</trkpt>
			<trkpt lat="28.242239" lon="-16.648270">
				<ele>2442.000000</ele>
			</trkpt>
			<trkpt lat="28.242168" lon="-16.648360">
				<ele>2443.000000</ele>
			</trkpt>
			<trkpt lat="28.242135" lon="-16.648396">
				<ele>2444.000000</ele>
			</trkpt>
			<trkpt lat="28.242120" lon="-16.648486">
				<ele>2444.000000</ele>
			</trkpt>
			<trkpt lat="28.242120" lon="-16.648559">
				<ele>2445.000000</ele>
			</trkpt>
			<trkpt lat="28.242143" lon="-16.648612">
				<ele>2446.000000</ele>
			</trkpt>
			<trkpt lat="28.242135" lon="-16.648683">
				<ele>2446.000000</ele>
			</trkpt>
			<trkpt lat="28.242160" lon="-16.648746">
				<ele>2447.000000</ele>
			</trkpt>
			<trkpt lat="28.242278" lon="-16.648828">
				<ele>2448.000000</ele>
			</trkpt>
			<trkpt lat="28.242357" lon="-16.648882">
				<ele>2449.000000</ele>
			</trkpt>
			<trkpt lat="28.242491" lon="-16.649142">
				<ele>2453.000000</ele>
			</trkpt>
			<trkpt lat="28.242500" lon="-16.649205">
				<ele>2454.000000</ele>
			</trkpt>
			<trkpt lat="28.242531" lon="-16.649268">
				<ele>2455.000000</ele>
			</trkpt>
			<trkpt lat="28.242563" lon="-16.649295">
				<ele>2455.000000</ele>
			</trkpt>
			<trkpt lat="28.242547" lon="-16.649348">
				<ele>2456.000000</ele>
			</trkpt>
			<trkpt lat="28.242547" lon="-16.649402">
				<ele>2457.000000</ele>
			</trkpt>
			<trkpt lat="28.242531" lon="-16.649465">
				<ele>2457.000000</ele>
			</trkpt>
			<trkpt lat="28.242539" lon="-16.649538">
				<ele>2458.000000</ele>
			</trkpt>
			<trkpt lat="28.242587" lon="-16.649627">
				<ele>2460.000000</ele>
			</trkpt>
			<trkpt lat="28.242642" lon="-16.649690">
				<ele>2461.000000</ele>
			</trkpt>
			<trkpt lat="28.242674" lon="-16.649698">
				<ele>2462.000000</ele>
			</trkpt>
			<trkpt lat="28.242690" lon="-16.649735">
				<ele>2462.000000</ele>
			</trkpt>
			<trkpt lat="28.242674" lon="-16.649761">
				<ele>2463.000000</ele>
			</trkpt>
			<trkpt lat="28.242674" lon="-16.649807">
				<ele>2464.000000</ele>
			</trkpt>
			<trkpt lat="28.242674" lon="-16.649842">
				<ele>2464.000000</ele>
			</trkpt>
			<trkpt lat="28.242697" lon="-16.649861">
				<ele>2465.000000</ele>
			</trkpt>
			<trkpt lat="28.242721" lon="-16.649905">
				<ele>2466.000000</ele>
			</trkpt>
			<trkpt lat="28.242753" lon="-16.649941">
				<ele>2467.000000</ele>
			</trkpt>
			<trkpt lat="28.242801" lon="-16.649951">
				<ele>2467.000000</ele>
			</trkpt>
			<trkpt lat="28.242832" lon="-16.650004">
				<ele>2469.000000</ele>
			</trkpt>
			<trkpt lat="28.242880" lon="-16.650022">
				<ele>2470.000000</ele>
			</trkpt>
			<trkpt lat="28.242895" lon="-16.650067">
				<ele>2470.000000</ele>
			</trkpt>
			<trkpt lat="28.242943" lon="-16.650094">
				<ele>2472.000000</ele>
			</trkpt>
			<trkpt lat="28.242998" lon="-16.650121">
				<ele>2473.000000</ele>
			</trkpt>
			<trkpt lat="28.243030" lon="-16.650157">
				<ele>2474.000000</ele>
			</trkpt>
			<trkpt lat="28.243053" lon="-16.650148">
				<ele>2474.000000</ele>
			</trkpt>
			<trkpt lat="28.243117" lon="-16.650193">
				<ele>2476.000000</ele>
			</trkpt>
			<trkpt lat="28.243149" lon="-16.650184">
				<ele>2477.000000</ele>
			</trkpt>
			<trkpt lat="28.243196" lon="-16.650220">
				<ele>2478.000000</ele>
			</trkpt>
			<trkpt lat="28.243212" lon="-16.650283">
				<ele>2479.000000</ele>
			</trkpt>
			<trkpt lat="28.243220" lon="-16.650373">
				<ele>2480.000000</ele>
			</trkpt>
			<trkpt lat="28.243244" lon="-16.650408">
				<ele>2481.000000</ele>
			</trkpt>
			<trkpt lat="28.243291" lon="-16.650454">
				<ele>2482.000000</ele>
			</trkpt>
			<trkpt lat="28.243323" lon="-16.650490">
				<ele>2482.000000</ele>
			</trkpt>
			<trkpt lat="28.243346" lon="-16.650543">
				<ele>2483.000000</ele>
			</trkpt>
			<trkpt lat="28.243354" lon="-16.650624">
				<ele>2484.000000</ele>
			</trkpt>
			<trkpt lat="28.243338" lon="-16.650714">
				<ele>2485.000000</ele>
			</trkpt>
			<trkpt lat="28.243354" lon="-16.650804">
				<ele>2486.000000</ele>
			</trkpt>
			<trkpt lat="28.243338" lon="-16.650849">
				<ele>2487.000000</ele>
			</trkpt>
			<trkpt lat="28.243338" lon="-16.650893">
				<ele>2487.000000</ele>
			</trkpt>
			<trkpt lat="28.243323" lon="-16.650947">
				<ele>2488.000000</ele>
			</trkpt>
			<trkpt lat="28.243338" lon="-16.650983">
				<ele>2488.000000</ele>
			</trkpt>
			<trkpt lat="28.243363" lon="-16.651019">
				<ele>2489.000000</ele>
			</trkpt>
			<trkpt lat="28.243363" lon="-16.651046">
				<ele>2489.000000</ele>
			</trkpt>
			<trkpt lat="28.243346" lon="-16.651082">
				<ele>2490.000000</ele>
			</trkpt>
			<trkpt lat="28.243354" lon="-16.651127">
				<ele>2490.000000</ele>
			</trkpt>
			<trkpt lat="28.243354" lon="-16.651154">
				<ele>2491.000000</ele>
			</trkpt>
			<trkpt lat="28.243363" lon="-16.651172">
				<ele>2491.000000</ele>
			</trkpt>
			<trkpt lat="28.243354" lon="-16.651190">
				<ele>2491.000000</ele>
			</trkpt>
			<trkpt lat="28.243315" lon="-16.651199">
				<ele>2491.000000</ele>
			</trkpt>
			<trkpt lat="28.243291" lon="-16.651226">
				<ele>2492.000000</ele>
			</trkpt>
			<trkpt lat="28.243291" lon="-16.651253">
				<ele>2492.000000</ele>
			</trkpt>
			<trkpt lat="28.243307" lon="-16.651262">
				<ele>2492.000000</ele>
			</trkpt>
			<trkpt lat="28.243330" lon="-16.651272">
				<ele>2492.000000</ele>
			</trkpt>
			<trkpt lat="28.243338" lon="-16.651280">
				<ele>2493.000000</ele>
			</trkpt>
			<trkpt lat="28.243346" lon="-16.651289">
				<ele>2493.000000</ele>
			</trkpt>
			<trkpt lat="28.243354" lon="-16.651306">
				<ele>2493.000000</ele>
			</trkpt>
			<trkpt lat="28.243338" lon="-16.651316">
				<ele>2493.000000</ele>
			</trkpt>
			<trkpt lat="28.243299" lon="-16.651343">
				<ele>2494.000000</ele>
			</trkpt>
			<trkpt lat="28.243299" lon="-16.651379">
				<ele>2494.000000</ele>
			</trkpt>
			<trkpt lat="28.243346" lon="-16.651396">
				<ele>2495.000000</ele>
			</trkpt>
			<trkpt lat="28.243363" lon="-16.651415">
				<ele>2495.000000</ele>
			</trkpt>
			<trkpt lat="28.243370" lon="-16.651442">
				<ele>2495.000000</ele>
			</trkpt>
			<trkpt lat="28.243354" lon="-16.651469">
				<ele>2495.000000</ele>
			</trkpt>
			<trkpt lat="28.243363" lon="-16.651513">
				<ele>2496.000000</ele>
			</trkpt>
			<trkpt lat="28.243378" lon="-16.651540">
				<ele>2496.000000</ele>
			</trkpt>
			<trkpt lat="28.243402" lon="-16.651549">
				<ele>2496.000000</ele>
			</trkpt>
			<trkpt lat="28.243418" lon="-16.651585">
				<ele>2497.000000</ele>
			</trkpt>
			<trkpt lat="28.243442" lon="-16.651603">
				<ele>2497.000000</ele>
			</trkpt>
			<trkpt lat="28.243465" lon="-16.651658">
				<ele>2498.000000</ele>
			</trkpt>
			<trkpt lat="28.243481" lon="-16.651658">
				<ele>2498.000000</ele>
			</trkpt>
			<trkpt lat="28.243497" lon="-16.651685">
				<ele>2498.000000</ele>
			</trkpt>
			<trkpt lat="28.243521" lon="-16.651685">
				<ele>2498.000000</ele>
			</trkpt>
			<trkpt lat="28.243528" lon="-16.651711">
				<ele>2499.000000</ele>
			</trkpt>
			<trkpt lat="28.243544" lon="-16.651756">
				<ele>2499.000000</ele>
			</trkpt>
			<trkpt lat="28.243528" lon="-16.651809">
				<ele>2500.000000</ele>
			</trkpt>
			<trkpt lat="28.243536" lon="-16.651855">
				<ele>2500.000000</ele>
			</trkpt>
			<trkpt lat="28.243528" lon="-16.651891">
				<ele>2501.000000</ele>
			</trkpt>
			<trkpt lat="28.243536" lon="-16.651926">
				<ele>2502.000000</ele>
			</trkpt>
			<trkpt lat="28.243536" lon="-16.651954">
				<ele>2502.000000</ele>
			</trkpt>
			<trkpt lat="28.243528" lon="-16.651989">
				<ele>2503.000000</ele>
			</trkpt>
			<trkpt lat="28.243576" lon="-16.652044">
				<ele>2504.000000</ele>
			</trkpt>
			<trkpt lat="28.243568" lon="-16.652079">
				<ele>2505.000000</ele>
			</trkpt>
			<trkpt lat="28.243631" lon="-16.652134">
				<ele>2506.000000</ele>
			</trkpt>
			<trkpt lat="28.243679" lon="-16.652188">
				<ele>2507.000000</ele>
			</trkpt>
			<trkpt lat="28.243719" lon="-16.652295">
				<ele>2509.000000</ele>
			</trkpt>
			<trkpt lat="28.243766" lon="-16.652322">
				<ele>2510.000000</ele>
			</trkpt>
			<trkpt lat="28.243821" lon="-16.652348">
				<ele>2511.000000</ele>
			</trkpt>
			<trkpt lat="28.243964" lon="-16.652402">
				<ele>2513.000000</ele>
			</trkpt>
			<trkpt lat="28.244019" lon="-16.652430">
				<ele>2514.000000</ele>
			</trkpt>
			<trkpt lat="28.244027" lon="-16.652511">
				<ele>2514.000000</ele>
			</trkpt>
			<trkpt lat="28.244241" lon="-16.652843">
				<ele>2519.000000</ele>
			</trkpt>
			<trkpt lat="28.244320" lon="-16.652897">
				<ele>2520.000000</ele>
			</trkpt>
			<trkpt lat="28.244423" lon="-16.653031">
				<ele>2520.000000</ele>
			</trkpt>
			<trkpt lat="28.244494" lon="-16.653220">
				<ele>2520.000000</ele>
			</trkpt>
			<trkpt lat="28.244494" lon="-16.653256">
				<ele>2520.000000</ele>
			</trkpt>
			<trkpt lat="28.244502" lon="-16.653293">
				<ele>2520.000000</ele>
			</trkpt>
			<trkpt lat="28.244494" lon="-16.653319">
				<ele>2520.000000</ele>
			</trkpt>
			<trkpt lat="28.244486" lon="-16.653346">
				<ele>2520.000000</ele>
			</trkpt>
			<trkpt lat="28.244446" lon="-16.653382">
				<ele>2520.000000</ele>
			</trkpt>
			<trkpt lat="28.244439" lon="-16.653409">
				<ele>2520.000000</ele>
			</trkpt>
			<trkpt lat="28.244399" lon="-16.653417">
				<ele>2520.000000</ele>
			</trkpt>
			<trkpt lat="28.244367" lon="-16.653446">
				<ele>2520.000000</ele>
			</trkpt>
			<trkpt lat="28.244352" lon="-16.653499">
				<ele>2520.000000</ele>
			</trkpt>
			<trkpt lat="28.244360" lon="-16.653597">
				<ele>2520.000000</ele>
			</trkpt>
			<trkpt lat="28.244423" lon="-16.653813">
				<ele>2520.000000</ele>
			</trkpt>
			<trkpt lat="28.244446" lon="-16.653867">
				<ele>2520.000000</ele>
			</trkpt>
			<trkpt lat="28.244486" lon="-16.653867">
				<ele>2521.000000</ele>
			</trkpt>
			<trkpt lat="28.244526" lon="-16.653876">
				<ele>2522.000000</ele>
			</trkpt>
			<trkpt lat="28.244541" lon="-16.653903">
				<ele>2522.000000</ele>
			</trkpt>
			<trkpt lat="28.244645" lon="-16.653956">
				<ele>2525.000000</ele>
			</trkpt>
			<trkpt lat="28.244747" lon="-16.653983">
				<ele>2527.000000</ele>
			</trkpt>
			<trkpt lat="28.244882" lon="-16.654002">
				<ele>2531.000000</ele>
			</trkpt>
			<trkpt lat="28.244914" lon="-16.654002">
				<ele>2531.000000</ele>
			</trkpt>
			<trkpt lat="28.244929" lon="-16.654056">
				<ele>2533.000000</ele>
			</trkpt>
			<trkpt lat="28.244961" lon="-16.654100">
				<ele>2534.000000</ele>
			</trkpt>
			<trkpt lat="28.245001" lon="-16.654128">
				<ele>2535.000000</ele>
			</trkpt>
			<trkpt lat="28.245056" lon="-16.654136">
				<ele>2536.000000</ele>
			</trkpt>
			<trkpt lat="28.245087" lon="-16.654199">
				<ele>2538.000000</ele>
			</trkpt>
			<trkpt lat="28.245135" lon="-16.654218">
				<ele>2539.000000</ele>
			</trkpt>
			<trkpt lat="28.245182" lon="-16.654209">
				<ele>2540.000000</ele>
			</trkpt>
			<trkpt lat="28.245199" lon="-16.654235">
				<ele>2541.000000</ele>
			</trkpt>
			<trkpt lat="28.245238" lon="-16.654226">
				<ele>2543.000000</ele>
			</trkpt>
			<trkpt lat="28.245293" lon="-16.654209">
				<ele>2544.000000</ele>
			</trkpt>
			<trkpt lat="28.245333" lon="-16.654190">
				<ele>2546.000000</ele>
			</trkpt>
			<trkpt lat="28.245341" lon="-16.654218">
				<ele>2546.000000</ele>
			</trkpt>
			<trkpt lat="28.245341" lon="-16.654245">
				<ele>2547.000000</ele>
			</trkpt>
			<trkpt lat="28.245412" lon="-16.654253">
				<ele>2549.000000</ele>
			</trkpt>
			<trkpt lat="28.245451" lon="-16.654262">
				<ele>2550.000000</ele>
			</trkpt>
			<trkpt lat="28.245563" lon="-16.654280">
				<ele>2553.000000</ele>
			</trkpt>
			<trkpt lat="28.245626" lon="-16.654235">
				<ele>2554.000000</ele>
			</trkpt>
			<trkpt lat="28.245673" lon="-16.654218">
				<ele>2556.000000</ele>
			</trkpt>
			<trkpt lat="28.245713" lon="-16.654235">
				<ele>2556.000000</ele>
			</trkpt>
			<trkpt lat="28.245760" lon="-16.654325">
				<ele>2559.000000</ele>
			</trkpt>
			<trkpt lat="28.245863" lon="-16.654370">
				<ele>2561.000000</ele>
			</trkpt>
			<trkpt lat="28.245895" lon="-16.654335">
				<ele>2562.000000</ele>
			</trkpt>
			<trkpt lat="28.245926" lon="-16.654316">
				<ele>2563.000000</ele>
			</trkpt>
			<trkpt lat="28.245950" lon="-16.654325">
				<ele>2563.000000</ele>
			</trkpt>
			<trkpt lat="28.245966" lon="-16.654343">
				<ele>2564.000000</ele>
			</trkpt>
			<trkpt lat="28.245966" lon="-16.654361">
				<ele>2564.000000</ele>
			</trkpt>
			<trkpt lat="28.245958" lon="-16.654388">
				<ele>2565.000000</ele>
			</trkpt>
			<trkpt lat="28.245974" lon="-16.654406">
				<ele>2565.000000</ele>
			</trkpt>
			<trkpt lat="28.246005" lon="-16.654425">
				<ele>2566.000000</ele>
			</trkpt>
			<trkpt lat="28.246045" lon="-16.654459">
				<ele>2567.000000</ele>
			</trkpt>
			<trkpt lat="28.246069" lon="-16.654488">
				<ele>2568.000000</ele>
			</trkpt>
			<trkpt lat="28.246092" lon="-16.654496">
				<ele>2569.000000</ele>
			</trkpt>
			<trkpt lat="28.246140" lon="-16.654478">
				<ele>2570.000000</ele>
			</trkpt>
			<trkpt lat="28.246171" lon="-16.654442">
				<ele>2571.000000</ele>
			</trkpt>
			<trkpt lat="28.246211" lon="-16.654325">
				<ele>2573.000000</ele>
			</trkpt>
			<trkpt lat="28.246243" lon="-16.654262">
				<ele>2574.000000</ele>
			</trkpt>
			<trkpt lat="28.246267" lon="-16.654218">
				<ele>2575.000000</ele>
			</trkpt>
			<trkpt lat="28.246290" lon="-16.654209">
				<ele>2576.000000</ele>
			</trkpt>
			<trkpt lat="28.246314" lon="-16.654253">
				<ele>2577.000000</ele>
			</trkpt>
			<trkpt lat="28.246361" lon="-16.654218">
				<ele>2578.000000</ele>
			</trkpt>
			<trkpt lat="28.246393" lon="-16.654253">
				<ele>2579.000000</ele>
			</trkpt>
			<trkpt lat="28.246401" lon="-16.654218">
				<ele>2579.000000</ele>
			</trkpt>
			<trkpt lat="28.246417" lon="-16.654218">
				<ele>2580.000000</ele>
			</trkpt>
			<trkpt lat="28.246473" lon="-16.654253">
				<ele>2581.000000</ele>
			</trkpt>
			<trkpt lat="28.246519" lon="-16.654218">
				<ele>2583.000000</ele>
			</trkpt>
			<trkpt lat="28.246544" lon="-16.654190">
				<ele>2584.000000</ele>
			</trkpt>
			<trkpt lat="28.246567" lon="-16.654199">
				<ele>2585.000000</ele>
			</trkpt>
			<trkpt lat="28.246591" lon="-16.654182">
				<ele>2586.000000</ele>
			</trkpt>
			<trkpt lat="28.246615" lon="-16.654146">
				<ele>2587.000000</ele>
			</trkpt>
			<trkpt lat="28.246678" lon="-16.654119">
				<ele>2589.000000</ele>
			</trkpt>
			<trkpt lat="28.246718" lon="-16.654092">
				<ele>2590.000000</ele>
			</trkpt>
			<trkpt lat="28.246829" lon="-16.654136">
				<ele>2593.000000</ele>
			</trkpt>
			<trkpt lat="28.246900" lon="-16.654083">
				<ele>2595.000000</ele>
			</trkpt>
			<trkpt lat="28.246947" lon="-16.654100">
				<ele>2597.000000</ele>
			</trkpt>
			<trkpt lat="28.246955" lon="-16.654065">
				<ele>2597.000000</ele>
			</trkpt>
			<trkpt lat="28.247002" lon="-16.654073">
				<ele>2599.000000</ele>
			</trkpt>
			<trkpt lat="28.247050" lon="-16.654083">
				<ele>2600.000000</ele>
			</trkpt>
			<trkpt lat="28.247081" lon="-16.654065">
				<ele>2600.000000</ele>
			</trkpt>
			<trkpt lat="28.247106" lon="-16.654056">
				<ele>2601.000000</ele>
			</trkpt>
			<trkpt lat="28.247153" lon="-16.654109">
				<ele>2602.000000</ele>
			</trkpt>
			<trkpt lat="28.247208" lon="-16.654136">
				<ele>2602.000000</ele>
			</trkpt>
			<trkpt lat="28.247216" lon="-16.654163">
				<ele>2603.000000</ele>
			</trkpt>
			<trkpt lat="28.247240" lon="-16.654172">
				<ele>2603.000000</ele>
			</trkpt>
			<trkpt lat="28.247287" lon="-16.654136">
				<ele>2604.000000</ele>
			</trkpt>
			<trkpt lat="28.247327" lon="-16.654119">
				<ele>2605.000000</ele>
			</trkpt>
			<trkpt lat="28.247343" lon="-16.654092">
				<ele>2605.000000</ele>
			</trkpt>
			<trkpt lat="28.247351" lon="-16.654073">
				<ele>2605.000000</ele>
			</trkpt>
			<trkpt lat="28.247366" lon="-16.654065">
				<ele>2605.000000</ele>
			</trkpt>
			<trkpt lat="28.247382" lon="-16.654109">
				<ele>2606.000000</ele>
			</trkpt>
			<trkpt lat="28.247398" lon="-16.654100">
				<ele>2606.000000</ele>
			</trkpt>
			<trkpt lat="28.247406" lon="-16.654128">
				<ele>2607.000000</ele>
			</trkpt>
			<trkpt lat="28.247398" lon="-16.654163">
				<ele>2607.000000</ele>
			</trkpt>
			<trkpt lat="28.247414" lon="-16.654190">
				<ele>2607.000000</ele>
			</trkpt>
			<trkpt lat="28.247437" lon="-16.654199">
				<ele>2608.000000</ele>
			</trkpt>
			<trkpt lat="28.247470" lon="-16.654199">
				<ele>2608.000000</ele>
			</trkpt>
			<trkpt lat="28.247493" lon="-16.654209">
				<ele>2609.000000</ele>
			</trkpt>
			<trkpt lat="28.247517" lon="-16.654182">
				<ele>2609.000000</ele>
			</trkpt>
			<trkpt lat="28.247580" lon="-16.654226">
				<ele>2610.000000</ele>
			</trkpt>
			<trkpt lat="28.247643" lon="-16.654245">
				<ele>2611.000000</ele>
			</trkpt>
			<trkpt lat="28.247675" lon="-16.654209">
				<ele>2612.000000</ele>
			</trkpt>
			<trkpt lat="28.247722" lon="-16.654209">
				<ele>2613.000000</ele>
			</trkpt>
			<trkpt lat="28.247754" lon="-16.654182">
				<ele>2614.000000</ele>
			</trkpt>
			<trkpt lat="28.247849" lon="-16.654245">
				<ele>2616.000000</ele>
			</trkpt>
			<trkpt lat="28.247881" lon="-16.654235">
				<ele>2617.000000</ele>
			</trkpt>
			<trkpt lat="28.247920" lon="-16.654280">
				<ele>2618.000000</ele>
			</trkpt>
			<trkpt lat="28.247920" lon="-16.654361">
				<ele>2619.000000</ele>
			</trkpt>
			<trkpt lat="28.247952" lon="-16.654379">
				<ele>2620.000000</ele>
			</trkpt>
			<trkpt lat="28.247976" lon="-16.654398">
				<ele>2621.000000</ele>
			</trkpt>
			<trkpt lat="28.247999" lon="-16.654398">
				<ele>2621.000000</ele>
			</trkpt>
			<trkpt lat="28.248047" lon="-16.654415">
				<ele>2622.000000</ele>
			</trkpt>
			<trkpt lat="28.248103" lon="-16.654425">
				<ele>2623.000000</ele>
			</trkpt>
			<trkpt lat="28.248126" lon="-16.654398">
				<ele>2624.000000</ele>
			</trkpt>
			<trkpt lat="28.248166" lon="-16.654415">
				<ele>2624.000000</ele>
			</trkpt>
			<trkpt lat="28.248197" lon="-16.654415">
				<ele>2625.000000</ele>
			</trkpt>
			<trkpt lat="28.248221" lon="-16.654370">
				<ele>2626.000000</ele>
			</trkpt>
			<trkpt lat="28.248221" lon="-16.654272">
				<ele>2627.000000</ele>
			</trkpt>
			<trkpt lat="28.248229" lon="-16.654245">
				<ele>2628.000000</ele>
			</trkpt>
			<trkpt lat="28.248245" lon="-16.654209">
				<ele>2629.000000</ele>
			</trkpt>
			<trkpt lat="28.248229" lon="-16.654172">
				<ele>2629.000000</ele>
			</trkpt>
			<trkpt lat="28.248237" lon="-16.654155">
				<ele>2630.000000</ele>
			</trkpt>
			<trkpt lat="28.248269" lon="-16.654155">
				<ele>2630.000000</ele>
			</trkpt>
			<trkpt lat="28.248348" lon="-16.654092">
				<ele>2632.000000</ele>
			</trkpt>
			<trkpt lat="28.248364" lon="-16.654056">
				<ele>2632.000000</ele>
			</trkpt>
			<trkpt lat="28.248395" lon="-16.654038">
				<ele>2633.000000</ele>
			</trkpt>
			<trkpt lat="28.248435" lon="-16.654073">
				<ele>2633.000000</ele>
			</trkpt>
			<trkpt lat="28.248482" lon="-16.654073">
				<ele>2634.000000</ele>
			</trkpt>
			<trkpt lat="28.248514" lon="-16.654065">
				<ele>2634.000000</ele>
			</trkpt>
			<trkpt lat="28.248522" lon="-16.654046">
				<ele>2635.000000</ele>
			</trkpt>
			<trkpt lat="28.248561" lon="-16.654056">
				<ele>2635.000000</ele>
			</trkpt>
			<trkpt lat="28.248601" lon="-16.654038">
				<ele>2636.000000</ele>
			</trkpt>
			<trkpt lat="28.248625" lon="-16.654065">
				<ele>2636.000000</ele>
			</trkpt>
			<trkpt lat="28.248665" lon="-16.654065">
				<ele>2637.000000</ele>
			</trkpt>
			<trkpt lat="28.248688" lon="-16.654092">
				<ele>2637.000000</ele>
			</trkpt>
			<trkpt lat="28.248720" lon="-16.654092">
				<ele>2638.000000</ele>
			</trkpt>
			<trkpt lat="28.248728" lon="-16.654119">
				<ele>2638.000000</ele>
			</trkpt>
			<trkpt lat="28.248759" lon="-16.654136">
				<ele>2639.000000</ele>
			</trkpt>
			<trkpt lat="28.248791" lon="-16.654136">
				<ele>2639.000000</ele>
			</trkpt>
			<trkpt lat="28.248838" lon="-16.654172">
				<ele>2640.000000</ele>
			</trkpt>
			<trkpt lat="28.248878" lon="-16.654163">
				<ele>2641.000000</ele>
			</trkpt>
			<trkpt lat="28.248957" lon="-16.654218">
				<ele>2644.000000</ele>
			</trkpt>
			<trkpt lat="28.249021" lon="-16.654209">
				<ele>2646.000000</ele>
			</trkpt>
			<trkpt lat="28.249100" lon="-16.654226">
				<ele>2648.000000</ele>
			</trkpt>
			<trkpt lat="28.249147" lon="-16.654209">
				<ele>2649.000000</ele>
			</trkpt>
			<trkpt lat="28.249210" lon="-16.654209">
				<ele>2651.000000</ele>
			</trkpt>
			<trkpt lat="28.249273" lon="-16.654235">
				<ele>2652.000000</ele>
			</trkpt>
			<trkpt lat="28.249290" lon="-16.654280">
				<ele>2653.000000</ele>
			</trkpt>
			<trkpt lat="28.249329" lon="-16.654308">
				<ele>2655.000000</ele>
			</trkpt>
			<trkpt lat="28.249361" lon="-16.654298">
				<ele>2655.000000</ele>
			</trkpt>
			<trkpt lat="28.249385" lon="-16.654308">
				<ele>2656.000000</ele>
			</trkpt>
			<trkpt lat="28.249456" lon="-16.654272">
				<ele>2658.000000</ele>
			</trkpt>
			<trkpt lat="28.249535" lon="-16.654245">
				<ele>2660.000000</ele>
			</trkpt>
			<trkpt lat="28.249590" lon="-16.654235">
				<ele>2661.000000</ele>
			</trkpt>
			<trkpt lat="28.249654" lon="-16.654226">
				<ele>2662.000000</ele>
			</trkpt>
			<trkpt lat="28.249701" lon="-16.654172">
				<ele>2663.000000</ele>
			</trkpt>
			<trkpt lat="28.249741" lon="-16.654146">
				<ele>2664.000000</ele>
			</trkpt>
			<trkpt lat="28.249780" lon="-16.654119">
				<ele>2664.000000</ele>
			</trkpt>
			<trkpt lat="28.249860" lon="-16.654136">
				<ele>2666.000000</ele>
			</trkpt>
			<trkpt lat="28.249899" lon="-16.654128">
				<ele>2666.000000</ele>
			</trkpt>
			<trkpt lat="28.249914" lon="-16.654100">
				<ele>2667.000000</ele>
			</trkpt>
			<trkpt lat="28.249939" lon="-16.654083">
				<ele>2667.000000</ele>
			</trkpt>
			<trkpt lat="28.249954" lon="-16.654092">
				<ele>2667.000000</ele>
			</trkpt>
			<trkpt lat="28.249986" lon="-16.654065">
				<ele>2668.000000</ele>
			</trkpt>
			<trkpt lat="28.250025" lon="-16.654038">
				<ele>2669.000000</ele>
			</trkpt>
			<trkpt lat="28.250089" lon="-16.653993">
				<ele>2670.000000</ele>
			</trkpt>
			<trkpt lat="28.250128" lon="-16.653983">
				<ele>2670.000000</ele>
			</trkpt>
			<trkpt lat="28.250160" lon="-16.653966">
				<ele>2671.000000</ele>
			</trkpt>
			<trkpt lat="28.250191" lon="-16.653966">
				<ele>2671.000000</ele>
			</trkpt>
			<trkpt lat="28.250231" lon="-16.653912">
				<ele>2672.000000</ele>
			</trkpt>
			<trkpt lat="28.250263" lon="-16.653885">
				<ele>2672.000000</ele>
			</trkpt>
			<trkpt lat="28.250295" lon="-16.653876">
				<ele>2672.000000</ele>
			</trkpt>
			<trkpt lat="28.250358" lon="-16.653859">
				<ele>2673.000000</ele>
			</trkpt>
			<trkpt lat="28.250405" lon="-16.653876">
				<ele>2673.000000</ele>
			</trkpt>
			<trkpt lat="28.250437" lon="-16.653912">
				<ele>2674.000000</ele>
			</trkpt>
			<trkpt lat="28.250476" lon="-16.653922">
				<ele>2674.000000</ele>
			</trkpt>
			<trkpt lat="28.250532" lon="-16.653912">
				<ele>2675.000000</ele>
			</trkpt>
			<trkpt lat="28.250572" lon="-16.653876">
				<ele>2675.000000</ele>
			</trkpt>
			<trkpt lat="28.250658" lon="-16.653849">
				<ele>2676.000000</ele>
			</trkpt>
			<trkpt lat="28.250730" lon="-16.653813">
				<ele>2677.000000</ele>
			</trkpt>
			<trkpt lat="28.250793" lon="-16.653813">
				<ele>2677.000000</ele>
			</trkpt>
			<trkpt lat="28.250856" lon="-16.653832">
				<ele>2678.000000</ele>
			</trkpt>
			<trkpt lat="28.250888" lon="-16.653804">
				<ele>2678.000000</ele>
			</trkpt>
			<trkpt lat="28.250920" lon="-16.653769">
				<ele>2679.000000</ele>
			</trkpt>
			<trkpt lat="28.250943" lon="-16.653750">
				<ele>2679.000000</ele>
			</trkpt>
			<trkpt lat="28.250967" lon="-16.653769">
				<ele>2679.000000</ele>
			</trkpt>
			<trkpt lat="28.251007" lon="-16.653796">
				<ele>2680.000000</ele>
			</trkpt>
			<trkpt lat="28.251046" lon="-16.653804">
				<ele>2680.000000</ele>
			</trkpt>
			<trkpt lat="28.251086" lon="-16.653804">
				<ele>2681.000000</ele>
			</trkpt>
			<trkpt lat="28.251117" lon="-16.653750">
				<ele>2682.000000</ele>
			</trkpt>
			<trkpt lat="28.251149" lon="-16.653750">
				<ele>2683.000000</ele>
			</trkpt>
			<trkpt lat="28.251165" lon="-16.653796">
				<ele>2684.000000</ele>
			</trkpt>
			<trkpt lat="28.251197" lon="-16.653813">
				<ele>2684.000000</ele>
			</trkpt>
			<trkpt lat="28.251339" lon="-16.653813">
				<ele>2687.000000</ele>
			</trkpt>
			<trkpt lat="28.251363" lon="-16.653840">
				<ele>2688.000000</ele>
			</trkpt>
			<trkpt lat="28.251410" lon="-16.653813">
				<ele>2689.000000</ele>
			</trkpt>
			<trkpt lat="28.251474" lon="-16.653822">
				<ele>2690.000000</ele>
			</trkpt>
			<trkpt lat="28.251505" lon="-16.653804">
				<ele>2691.000000</ele>
			</trkpt>
			<trkpt lat="28.251537" lon="-16.653849">
				<ele>2692.000000</ele>
			</trkpt>
			<trkpt lat="28.251537" lon="-16.653876">
				<ele>2692.000000</ele>
			</trkpt>
			<trkpt lat="28.251608" lon="-16.653912">
				<ele>2694.000000</ele>
			</trkpt>
			<trkpt lat="28.251648" lon="-16.653930">
				<ele>2695.000000</ele>
			</trkpt>
			<trkpt lat="28.251711" lon="-16.653912">
				<ele>2696.000000</ele>
			</trkpt>
			<trkpt lat="28.251759" lon="-16.653885">
				<ele>2698.000000</ele>
			</trkpt>
			<trkpt lat="28.251750" lon="-16.653849">
				<ele>2698.000000</ele>
			</trkpt>
			<trkpt lat="28.251774" lon="-16.653840">
				<ele>2699.000000</ele>
			</trkpt>
			<trkpt lat="28.251830" lon="-16.653849">
				<ele>2700.000000</ele>
			</trkpt>
			<trkpt lat="28.251861" lon="-16.653859">
				<ele>2701.000000</ele>
			</trkpt>
			<trkpt lat="28.251885" lon="-16.653893">
				<ele>2702.000000</ele>
			</trkpt>
			<trkpt lat="28.251940" lon="-16.653930">
				<ele>2703.000000</ele>
			</trkpt>
			<trkpt lat="28.251948" lon="-16.653975">
				<ele>2704.000000</ele>
			</trkpt>
			<trkpt lat="28.251972" lon="-16.653975">
				<ele>2704.000000</ele>
			</trkpt>
			<trkpt lat="28.251996" lon="-16.653956">
				<ele>2705.000000</ele>
			</trkpt>
			<trkpt lat="28.252059" lon="-16.653939">
				<ele>2706.000000</ele>
			</trkpt>
			<trkpt lat="28.252107" lon="-16.653893">
				<ele>2707.000000</ele>
			</trkpt>
			<trkpt lat="28.252154" lon="-16.653922">
				<ele>2709.000000</ele>
			</trkpt>
			<trkpt lat="28.252194" lon="-16.653948">
				<ele>2710.000000</ele>
			</trkpt>
			<trkpt lat="28.252249" lon="-16.653939">
				<ele>2711.000000</ele>
			</trkpt>
			<trkpt lat="28.252281" lon="-16.653903">
				<ele>2711.000000</ele>
			</trkpt>
			<trkpt lat="28.252296" lon="-16.653859">
				<ele>2712.000000</ele>
			</trkpt>
			<trkpt lat="28.252296" lon="-16.653840">
				<ele>2712.000000</ele>
			</trkpt>
			<trkpt lat="28.252304" lon="-16.653822">
				<ele>2713.000000</ele>
			</trkpt>
			<trkpt lat="28.252320" lon="-16.653832">
				<ele>2713.000000</ele>
			</trkpt>
			<trkpt lat="28.252352" lon="-16.653859">
				<ele>2714.000000</ele>
			</trkpt>
			<trkpt lat="28.252367" lon="-16.653849">
				<ele>2714.000000</ele>
			</trkpt>
			<trkpt lat="28.252360" lon="-16.653813">
				<ele>2715.000000</ele>
			</trkpt>
			<trkpt lat="28.252383" lon="-16.653796">
				<ele>2715.000000</ele>
			</trkpt>
			<trkpt lat="28.252407" lon="-16.653777">
				<ele>2716.000000</ele>
			</trkpt>
			<trkpt lat="28.252423" lon="-16.653769">
				<ele>2716.000000</ele>
			</trkpt>
			<trkpt lat="28.252423" lon="-16.653750">
				<ele>2716.000000</ele>
			</trkpt>
			<trkpt lat="28.252431" lon="-16.653733">
				<ele>2717.000000</ele>
			</trkpt>
			<trkpt lat="28.252455" lon="-16.653750">
				<ele>2717.000000</ele>
			</trkpt>
			<trkpt lat="28.252479" lon="-16.653769">
				<ele>2718.000000</ele>
			</trkpt>
			<trkpt lat="28.252502" lon="-16.653769">
				<ele>2718.000000</ele>
			</trkpt>
			<trkpt lat="28.252518" lon="-16.653804">
				<ele>2719.000000</ele>
			</trkpt>
			<trkpt lat="28.252550" lon="-16.653849">
				<ele>2720.000000</ele>
			</trkpt>
			<trkpt lat="28.252581" lon="-16.653849">
				<ele>2720.000000</ele>
			</trkpt>
			<trkpt lat="28.252581" lon="-16.653804">
				<ele>2721.000000</ele>
			</trkpt>
			<trkpt lat="28.252573" lon="-16.653769">
				<ele>2721.000000</ele>
			</trkpt>
			<trkpt lat="28.252605" lon="-16.653733">
				<ele>2722.000000</ele>
			</trkpt>
			<trkpt lat="28.252637" lon="-16.653733">
				<ele>2722.000000</ele>
			</trkpt>
			<trkpt lat="28.252660" lon="-16.653742">
				<ele>2723.000000</ele>
			</trkpt>
			<trkpt lat="28.252677" lon="-16.653759">
				<ele>2723.000000</ele>
			</trkpt>
			<trkpt lat="28.252700" lon="-16.653759">
				<ele>2723.000000</ele>
			</trkpt>
			<trkpt lat="28.252716" lon="-16.653786">
				<ele>2724.000000</ele>
			</trkpt>
			<trkpt lat="28.252731" lon="-16.653733">
				<ele>2725.000000</ele>
			</trkpt>
			<trkpt lat="28.252763" lon="-16.653723">
				<ele>2725.000000</ele>
			</trkpt>
			<trkpt lat="28.252779" lon="-16.653687">
				<ele>2726.000000</ele>
			</trkpt>
			<trkpt lat="28.252803" lon="-16.653687">
				<ele>2726.000000</ele>
			</trkpt>
			<trkpt lat="28.252835" lon="-16.653706">
				<ele>2727.000000</ele>
			</trkpt>
			<trkpt lat="28.252874" lon="-16.653733">
				<ele>2727.000000</ele>
			</trkpt>
			<trkpt lat="28.252866" lon="-16.653759">
				<ele>2728.000000</ele>
			</trkpt>
			<trkpt lat="28.252858" lon="-16.653796">
				<ele>2728.000000</ele>
			</trkpt>
			<trkpt lat="28.252835" lon="-16.653832">
				<ele>2729.000000</ele>
			</trkpt>
			<trkpt lat="28.252842" lon="-16.653849">
				<ele>2729.000000</ele>
			</trkpt>
			<trkpt lat="28.252866" lon="-16.653876">
				<ele>2729.000000</ele>
			</trkpt>
			<trkpt lat="28.252898" lon="-16.653903">
				<ele>2730.000000</ele>
			</trkpt>
			<trkpt lat="28.252937" lon="-16.654020">
				<ele>2732.000000</ele>
			</trkpt>
			<trkpt lat="28.252953" lon="-16.654029">
				<ele>2732.000000</ele>
			</trkpt>
			<trkpt lat="28.252969" lon="-16.654065">
				<ele>2733.000000</ele>
			</trkpt>
			<trkpt lat="28.253001" lon="-16.654083">
				<ele>2733.000000</ele>
			</trkpt>
			<trkpt lat="28.253001" lon="-16.654163">
				<ele>2734.000000</ele>
			</trkpt>
			<trkpt lat="28.253033" lon="-16.654209">
				<ele>2735.000000</ele>
			</trkpt>
			<trkpt lat="28.253001" lon="-16.654316">
				<ele>2737.000000</ele>
			</trkpt>
			<trkpt lat="28.252993" lon="-16.654415">
				<ele>2738.000000</ele>
			</trkpt>
			<trkpt lat="28.253001" lon="-16.654469">
				<ele>2739.000000</ele>
			</trkpt>
			<trkpt lat="28.253048" lon="-16.654541">
				<ele>2741.000000</ele>
			</trkpt>
			<trkpt lat="28.253064" lon="-16.654595">
				<ele>2743.000000</ele>
			</trkpt>
			<trkpt lat="28.253112" lon="-16.654631">
				<ele>2745.000000</ele>
			</trkpt>
			<trkpt lat="28.253151" lon="-16.654685">
				<ele>2748.000000</ele>
			</trkpt>
			<trkpt lat="28.253183" lon="-16.654702">
				<ele>2749.000000</ele>
			</trkpt>
			<trkpt lat="28.253199" lon="-16.654729">
				<ele>2750.000000</ele>
			</trkpt>
			<trkpt lat="28.253246" lon="-16.654748">
				<ele>2752.000000</ele>
			</trkpt>
			<trkpt lat="28.253293" lon="-16.654811">
				<ele>2756.000000</ele>
			</trkpt>
			<trkpt lat="28.253333" lon="-16.654819">
				<ele>2757.000000</ele>
			</trkpt>
			<trkpt lat="28.253357" lon="-16.654801">
				<ele>2759.000000</ele>
			</trkpt>
			<trkpt lat="28.253428" lon="-16.654801">
				<ele>2761.000000</ele>
			</trkpt>
			<trkpt lat="28.253428" lon="-16.654846">
				<ele>2762.000000</ele>
			</trkpt>
			<trkpt lat="28.253460" lon="-16.654846">
				<ele>2763.000000</ele>
			</trkpt>
			<trkpt lat="28.253491" lon="-16.654838">
				<ele>2764.000000</ele>
			</trkpt>
			<trkpt lat="28.253507" lon="-16.654874">
				<ele>2765.000000</ele>
			</trkpt>
			<trkpt lat="28.253523" lon="-16.654874">
				<ele>2766.000000</ele>
			</trkpt>
			<trkpt lat="28.253539" lon="-16.654846">
				<ele>2767.000000</ele>
			</trkpt>
			<trkpt lat="28.253547" lon="-16.654855">
				<ele>2767.000000</ele>
			</trkpt>
			<trkpt lat="28.253586" lon="-16.654864">
				<ele>2768.000000</ele>
			</trkpt>
			<trkpt lat="28.253689" lon="-16.654846">
				<ele>2772.000000</ele>
			</trkpt>
			<trkpt lat="28.253721" lon="-16.654874">
				<ele>2773.000000</ele>
			</trkpt>
			<trkpt lat="28.253745" lon="-16.654901">
				<ele>2774.000000</ele>
			</trkpt>
			<trkpt lat="28.253808" lon="-16.654901">
				<ele>2776.000000</ele>
			</trkpt>
			<trkpt lat="28.253855" lon="-16.654909">
				<ele>2778.000000</ele>
			</trkpt>
			<trkpt lat="28.253903" lon="-16.654909">
				<ele>2779.000000</ele>
			</trkpt>
			<trkpt lat="28.253918" lon="-16.654935">
				<ele>2780.000000</ele>
			</trkpt>
			<trkpt lat="28.253966" lon="-16.654945">
				<ele>2781.000000</ele>
			</trkpt>
			<trkpt lat="28.253982" lon="-16.654999">
				<ele>2783.000000</ele>
			</trkpt>
			<trkpt lat="28.254037" lon="-16.655017">
				<ele>2784.000000</ele>
			</trkpt>
			<trkpt lat="28.254061" lon="-16.655053">
				<ele>2785.000000</ele>
			</trkpt>
			<trkpt lat="28.254053" lon="-16.655088">
				<ele>2786.000000</ele>
			</trkpt>
			<trkpt lat="28.254077" lon="-16.655098">
				<ele>2786.000000</ele>
			</trkpt>
			<trkpt lat="28.254109" lon="-16.655107">
				<ele>2787.000000</ele>
			</trkpt>
			<trkpt lat="28.254109" lon="-16.655151">
				<ele>2788.000000</ele>
			</trkpt>
			<trkpt lat="28.254188" lon="-16.655142">
				<ele>2790.000000</ele>
			</trkpt>
			<trkpt lat="28.254227" lon="-16.655170">
				<ele>2791.000000</ele>
			</trkpt>
			<trkpt lat="28.254267" lon="-16.655188">
				<ele>2791.000000</ele>
			</trkpt>
			<trkpt lat="28.254291" lon="-16.655197">
				<ele>2792.000000</ele>
			</trkpt>
			<trkpt lat="28.254307" lon="-16.655251">
				<ele>2792.000000</ele>
			</trkpt>
			<trkpt lat="28.254322" lon="-16.655277">
				<ele>2793.000000</ele>
			</trkpt>
			<trkpt lat="28.254322" lon="-16.655331">
				<ele>2793.000000</ele>
			</trkpt>
			<trkpt lat="28.254299" lon="-16.655377">
				<ele>2794.000000</ele>
			</trkpt>
			<trkpt lat="28.254322" lon="-16.655404">
				<ele>2794.000000</ele>
			</trkpt>
			<trkpt lat="28.254314" lon="-16.655421">
				<ele>2795.000000</ele>
			</trkpt>
			<trkpt lat="28.254274" lon="-16.655421">
				<ele>2795.000000</ele>
			</trkpt>
			<trkpt lat="28.254251" lon="-16.655448">
				<ele>2796.000000</ele>
			</trkpt>
			<trkpt lat="28.254259" lon="-16.655484">
				<ele>2796.000000</ele>
			</trkpt>
			<trkpt lat="28.254259" lon="-16.655511">
				<ele>2797.000000</ele>
			</trkpt>
			<trkpt lat="28.254282" lon="-16.655538">
				<ele>2797.000000</ele>
			</trkpt>
			<trkpt lat="28.254282" lon="-16.655583">
				<ele>2798.000000</ele>
			</trkpt>
			<trkpt lat="28.254282" lon="-16.655618">
				<ele>2798.000000</ele>
			</trkpt>
			<trkpt lat="28.254299" lon="-16.655700">
				<ele>2799.000000</ele>
			</trkpt>
			<trkpt lat="28.254314" lon="-16.655717">
				<ele>2799.000000</ele>
			</trkpt>
			<trkpt lat="28.254346" lon="-16.655736">
				<ele>2800.000000</ele>
			</trkpt>
			<trkpt lat="28.254370" lon="-16.655771">
				<ele>2800.000000</ele>
			</trkpt>
			<trkpt lat="28.254378" lon="-16.655790">
				<ele>2801.000000</ele>
			</trkpt>
			<trkpt lat="28.254433" lon="-16.655790">
				<ele>2802.000000</ele>
			</trkpt>
			<trkpt lat="28.254425" lon="-16.655807">
				<ele>2802.000000</ele>
			</trkpt>
			<trkpt lat="28.254425" lon="-16.655826">
				<ele>2802.000000</ele>
			</trkpt>
			<trkpt lat="28.254480" lon="-16.655834">
				<ele>2804.000000</ele>
			</trkpt>
			<trkpt lat="28.254520" lon="-16.655906">
				<ele>2805.000000</ele>
			</trkpt>
			<trkpt lat="28.254520" lon="-16.655943">
				<ele>2806.000000</ele>
			</trkpt>
			<trkpt lat="28.254512" lon="-16.655978">
				<ele>2806.000000</ele>
			</trkpt>
			<trkpt lat="28.254512" lon="-16.656023">
				<ele>2807.000000</ele>
			</trkpt>
			<trkpt lat="28.254528" lon="-16.656059">
				<ele>2808.000000</ele>
			</trkpt>
			<trkpt lat="28.254520" lon="-16.656113">
				<ele>2809.000000</ele>
			</trkpt>
			<trkpt lat="28.254551" lon="-16.656122">
				<ele>2809.000000</ele>
			</trkpt>
			<trkpt lat="28.254584" lon="-16.656104">
				<ele>2810.000000</ele>
			</trkpt>
			<trkpt lat="28.254599" lon="-16.656113">
				<ele>2810.000000</ele>
			</trkpt>
			<trkpt lat="28.254599" lon="-16.656130">
				<ele>2810.000000</ele>
			</trkpt>
			<trkpt lat="28.254544" lon="-16.656184">
				<ele>2810.000000</ele>
			</trkpt>
			<trkpt lat="28.254544" lon="-16.656193">
				<ele>2810.000000</ele>
			</trkpt>
			<trkpt lat="28.254544" lon="-16.656203">
				<ele>2810.000000</ele>
			</trkpt>
			<trkpt lat="28.254615" lon="-16.656256">
				<ele>2812.000000</ele>
			</trkpt>
			<trkpt lat="28.254630" lon="-16.656293">
				<ele>2813.000000</ele>
			</trkpt>
			<trkpt lat="28.254639" lon="-16.656310">
				<ele>2813.000000</ele>
			</trkpt>
			<trkpt lat="28.254630" lon="-16.656346">
				<ele>2814.000000</ele>
			</trkpt>
			<trkpt lat="28.254639" lon="-16.656356">
				<ele>2814.000000</ele>
			</trkpt>
			<trkpt lat="28.254655" lon="-16.656364">
				<ele>2814.000000</ele>
			</trkpt>
			<trkpt lat="28.254670" lon="-16.656356">
				<ele>2815.000000</ele>
			</trkpt>
			<trkpt lat="28.254678" lon="-16.656364">
				<ele>2815.000000</ele>
			</trkpt>
			<trkpt lat="28.254670" lon="-16.656392">
				<ele>2816.000000</ele>
			</trkpt>
			<trkpt lat="28.254678" lon="-16.656400">
				<ele>2816.000000</ele>
			</trkpt>
			<trkpt lat="28.254710" lon="-16.656400">
				<ele>2817.000000</ele>
			</trkpt>
			<trkpt lat="28.254742" lon="-16.656409">
				<ele>2818.000000</ele>
			</trkpt>
			<trkpt lat="28.254749" lon="-16.656436">
				<ele>2818.000000</ele>
			</trkpt>
			<trkpt lat="28.254773" lon="-16.656446">
				<ele>2819.000000</ele>
			</trkpt>
			<trkpt lat="28.254813" lon="-16.656446">
				<ele>2820.000000</ele>
			</trkpt>
			<trkpt lat="28.254836" lon="-16.656446">
				<ele>2820.000000</ele>
			</trkpt>
			<trkpt lat="28.254860" lon="-16.656499">
				<ele>2821.000000</ele>
			</trkpt>
			<trkpt lat="28.254876" lon="-16.656535">
				<ele>2822.000000</ele>
			</trkpt>
			<trkpt lat="28.254876" lon="-16.656580">
				<ele>2823.000000</ele>
			</trkpt>
			<trkpt lat="28.254868" lon="-16.656633">
				<ele>2824.000000</ele>
			</trkpt>
			<trkpt lat="28.254892" lon="-16.656643">
				<ele>2824.000000</ele>
			</trkpt>
			<trkpt lat="28.254892" lon="-16.656679">
				<ele>2825.000000</ele>
			</trkpt>
			<trkpt lat="28.254900" lon="-16.656688">
				<ele>2825.000000</ele>
			</trkpt>
			<trkpt lat="28.254924" lon="-16.656696">
				<ele>2826.000000</ele>
			</trkpt>
			<trkpt lat="28.254940" lon="-16.656733">
				<ele>2827.000000</ele>
			</trkpt>
			<trkpt lat="28.254963" lon="-16.656742">
				<ele>2827.000000</ele>
			</trkpt>
			<trkpt lat="28.254979" lon="-16.656759">
				<ele>2828.000000</ele>
			</trkpt>
			<trkpt lat="28.254987" lon="-16.656786">
				<ele>2828.000000</ele>
			</trkpt>
			<trkpt lat="28.254979" lon="-16.656805">
				<ele>2829.000000</ele>
			</trkpt>
			<trkpt lat="28.254987" lon="-16.656840">
				<ele>2829.000000</ele>
			</trkpt>
			<trkpt lat="28.254987" lon="-16.656859">
				<ele>2830.000000</ele>
			</trkpt>
			<trkpt lat="28.254987" lon="-16.656885">
				<ele>2830.000000</ele>
			</trkpt>
			<trkpt lat="28.254979" lon="-16.656912">
				<ele>2831.000000</ele>
			</trkpt>
			<trkpt lat="28.254987" lon="-16.656930">
				<ele>2831.000000</ele>
			</trkpt>
			<trkpt lat="28.255011" lon="-16.656948">
				<ele>2832.000000</ele>
			</trkpt>
			<trkpt lat="28.255026" lon="-16.656966">
				<ele>2833.000000</ele>
			</trkpt>
			<trkpt lat="28.255042" lon="-16.657029">
				<ele>2834.000000</ele>
			</trkpt>
			<trkpt lat="28.255058" lon="-16.657101">
				<ele>2836.000000</ele>
			</trkpt>
			<trkpt lat="28.255066" lon="-16.657138">
				<ele>2837.000000</ele>
			</trkpt>
			<trkpt lat="28.255066" lon="-16.657164">
				<ele>2837.000000</ele>
			</trkpt>
			<trkpt lat="28.255082" lon="-16.657172">
				<ele>2838.000000</ele>
			</trkpt>
			<trkpt lat="28.255082" lon="-16.657209">
				<ele>2839.000000</ele>
			</trkpt>
			<trkpt lat="28.255098" lon="-16.657235">
				<ele>2839.000000</ele>
			</trkpt>
			<trkpt lat="28.255129" lon="-16.657272">
				<ele>2841.000000</ele>
			</trkpt>
			<trkpt lat="28.255137" lon="-16.657344">
				<ele>2842.000000</ele>
			</trkpt>
			<trkpt lat="28.255169" lon="-16.657398">
				<ele>2843.000000</ele>
			</trkpt>
			<trkpt lat="28.255184" lon="-16.657406">
				<ele>2844.000000</ele>
			</trkpt>
			<trkpt lat="28.255200" lon="-16.657496">
				<ele>2846.000000</ele>
			</trkpt>
			<trkpt lat="28.255192" lon="-16.657568">
				<ele>2847.000000</ele>
			</trkpt>
			<trkpt lat="28.255256" lon="-16.657757">
				<ele>2852.000000</ele>
			</trkpt>
			<trkpt lat="28.255288" lon="-16.657775">
				<ele>2853.000000</ele>
			</trkpt>
			<trkpt lat="28.255311" lon="-16.657801">
				<ele>2854.000000</ele>
			</trkpt>
			<trkpt lat="28.255335" lon="-16.657820">
				<ele>2855.000000</ele>
			</trkpt>
			<trkpt lat="28.255351" lon="-16.657828">
				<ele>2855.000000</ele>
			</trkpt>
			<trkpt lat="28.255375" lon="-16.657828">
				<ele>2856.000000</ele>
			</trkpt>
			<trkpt lat="28.255398" lon="-16.657864">
				<ele>2857.000000</ele>
			</trkpt>
			<trkpt lat="28.255438" lon="-16.657882">
				<ele>2858.000000</ele>
			</trkpt>
			<trkpt lat="28.255454" lon="-16.657847">
				<ele>2859.000000</ele>
			</trkpt>
			<trkpt lat="28.255477" lon="-16.657882">
				<ele>2860.000000</ele>
			</trkpt>
			<trkpt lat="28.255501" lon="-16.657910">
				<ele>2861.000000</ele>
			</trkpt>
			<trkpt lat="28.255540" lon="-16.657910">
				<ele>2862.000000</ele>
			</trkpt>
			<trkpt lat="28.255557" lon="-16.657945">
				<ele>2863.000000</ele>
			</trkpt>
			<trkpt lat="28.255580" lon="-16.658000">
				<ele>2864.000000</ele>
			</trkpt>
			<trkpt lat="28.255604" lon="-16.658000">
				<ele>2865.000000</ele>
			</trkpt>
			<trkpt lat="28.255612" lon="-16.657964">
				<ele>2866.000000</ele>
			</trkpt>
			<trkpt lat="28.255620" lon="-16.657972">
				<ele>2866.000000</ele>
			</trkpt>
			<trkpt lat="28.255620" lon="-16.658000">
				<ele>2866.000000</ele>
			</trkpt>
			<trkpt lat="28.255636" lon="-16.658008">
				<ele>2867.000000</ele>
			</trkpt>
			<trkpt lat="28.255659" lon="-16.658017">
				<ele>2868.000000</ele>
			</trkpt>
			<trkpt lat="28.255667" lon="-16.658054">
				<ele>2868.000000</ele>
			</trkpt>
			<trkpt lat="28.255699" lon="-16.658062">
				<ele>2869.000000</ele>
			</trkpt>
			<trkpt lat="28.255738" lon="-16.658090">
				<ele>2870.000000</ele>
			</trkpt>
			<trkpt lat="28.255770" lon="-16.658098">
				<ele>2871.000000</ele>
			</trkpt>
			<trkpt lat="28.255786" lon="-16.658143">
				<ele>2872.000000</ele>
			</trkpt>
			<trkpt lat="28.255810" lon="-16.658151">
				<ele>2872.000000</ele>
			</trkpt>
			<trkpt lat="28.255825" lon="-16.658143">
				<ele>2873.000000</ele>
			</trkpt>
			<trkpt lat="28.255842" lon="-16.658143">
				<ele>2873.000000</ele>
			</trkpt>
			<trkpt lat="28.255842" lon="-16.658170">
				<ele>2874.000000</ele>
			</trkpt>
			<trkpt lat="28.255850" lon="-16.658188">
				<ele>2874.000000</ele>
			</trkpt>
			<trkpt lat="28.255889" lon="-16.658197">
				<ele>2875.000000</ele>
			</trkpt>
			<trkpt lat="28.255905" lon="-16.658214">
				<ele>2875.000000</ele>
			</trkpt>
			<trkpt lat="28.255921" lon="-16.658241">
				<ele>2876.000000</ele>
			</trkpt>
			<trkpt lat="28.255936" lon="-16.658278">
				<ele>2877.000000</ele>
			</trkpt>
			<trkpt lat="28.255952" lon="-16.658269">
				<ele>2877.000000</ele>
			</trkpt>
			<trkpt lat="28.255968" lon="-16.658260">
				<ele>2878.000000</ele>
			</trkpt>
			<trkpt lat="28.255976" lon="-16.658260">
				<ele>2878.000000</ele>
			</trkpt>
			<trkpt lat="28.255984" lon="-16.658269">
				<ele>2878.000000</ele>
			</trkpt>
			<trkpt lat="28.255976" lon="-16.658314">
				<ele>2879.000000</ele>
			</trkpt>
			<trkpt lat="28.255992" lon="-16.658341">
				<ele>2879.000000</ele>
			</trkpt>
			<trkpt lat="28.256047" lon="-16.658358">
				<ele>2880.000000</ele>
			</trkpt>
			<trkpt lat="28.256102" lon="-16.658350">
				<ele>2881.000000</ele>
			</trkpt>
			<trkpt lat="28.256158" lon="-16.658350">
				<ele>2882.000000</ele>
			</trkpt>
			<trkpt lat="28.256166" lon="-16.658341">
				<ele>2882.000000</ele>
			</trkpt>
			<trkpt lat="28.256190" lon="-16.658331">
				<ele>2882.000000</ele>
			</trkpt>
			<trkpt lat="28.256198" lon="-16.658350">
				<ele>2882.000000</ele>
			</trkpt>
			<trkpt lat="28.256198" lon="-16.658367">
				<ele>2882.000000</ele>
			</trkpt>
			<trkpt lat="28.256213" lon="-16.658394">
				<ele>2883.000000</ele>
			</trkpt>
			<trkpt lat="28.256198" lon="-16.658421">
				<ele>2883.000000</ele>
			</trkpt>
			<trkpt lat="28.256237" lon="-16.658448">
				<ele>2883.000000</ele>
			</trkpt>
			<trkpt lat="28.256285" lon="-16.658457">
				<ele>2884.000000</ele>
			</trkpt>
			<trkpt lat="28.256316" lon="-16.658467">
				<ele>2884.000000</ele>
			</trkpt>
			<trkpt lat="28.256308" lon="-16.658493">
				<ele>2884.000000</ele>
			</trkpt>
			<trkpt lat="28.256300" lon="-16.658538">
				<ele>2885.000000</ele>
			</trkpt>
			<trkpt lat="28.256285" lon="-16.658583">
				<ele>2885.000000</ele>
			</trkpt>
			<trkpt lat="28.256245" lon="-16.658619">
				<ele>2886.000000</ele>
			</trkpt>
			<trkpt lat="28.256253" lon="-16.658691">
				<ele>2887.000000</ele>
			</trkpt>
			<trkpt lat="28.256269" lon="-16.658727">
				<ele>2887.000000</ele>
			</trkpt>
			<trkpt lat="28.256277" lon="-16.658817">
				<ele>2888.000000</ele>
			</trkpt>
			<trkpt lat="28.256292" lon="-16.658843">
				<ele>2888.000000</ele>
			</trkpt>
			<trkpt lat="28.256300" lon="-16.658880">
				<ele>2888.000000</ele>
			</trkpt>
			<trkpt lat="28.256332" lon="-16.658924">
				<ele>2889.000000</ele>
			</trkpt>
			<trkpt lat="28.256332" lon="-16.658960">
				<ele>2889.000000</ele>
			</trkpt>
			<trkpt lat="28.256348" lon="-16.658996">
				<ele>2890.000000</ele>
			</trkpt>
			<trkpt lat="28.256348" lon="-16.659033">
				<ele>2890.000000</ele>
			</trkpt>
			<trkpt lat="28.256372" lon="-16.659077">
				<ele>2891.000000</ele>
			</trkpt>
			<trkpt lat="28.256372" lon="-16.659159">
				<ele>2892.000000</ele>
			</trkpt>
			<trkpt lat="28.256379" lon="-16.659212">
				<ele>2892.000000</ele>
			</trkpt>
			<trkpt lat="28.256395" lon="-16.659283">
				<ele>2893.000000</ele>
			</trkpt>
			<trkpt lat="28.256395" lon="-16.659312">
				<ele>2893.000000</ele>
			</trkpt>
			<trkpt lat="28.256403" lon="-16.659329">
				<ele>2894.000000</ele>
			</trkpt>
			<trkpt lat="28.256403" lon="-16.659356">
				<ele>2894.000000</ele>
			</trkpt>
			<trkpt lat="28.256411" lon="-16.659400">
				<ele>2894.000000</ele>
			</trkpt>
			<trkpt lat="28.256419" lon="-16.659409">
				<ele>2895.000000</ele>
			</trkpt>
			<trkpt lat="28.256427" lon="-16.659419">
				<ele>2895.000000</ele>
			</trkpt>
			<trkpt lat="28.256419" lon="-16.659436">
				<ele>2895.000000</ele>
			</trkpt>
			<trkpt lat="28.256427" lon="-16.659463">
				<ele>2895.000000</ele>
			</trkpt>
			<trkpt lat="28.256411" lon="-16.659526">
				<ele>2896.000000</ele>
			</trkpt>
			<trkpt lat="28.256419" lon="-16.659545">
				<ele>2896.000000</ele>
			</trkpt>
			<trkpt lat="28.256419" lon="-16.659580">
				<ele>2897.000000</ele>
			</trkpt>
			<trkpt lat="28.256419" lon="-16.659589">
				<ele>2897.000000</ele>
			</trkpt>
			<trkpt lat="28.256427" lon="-16.659608">
				<ele>2897.000000</ele>
			</trkpt>
			<trkpt lat="28.256451" lon="-16.659635">
				<ele>2898.000000</ele>
			</trkpt>
			<trkpt lat="28.256483" lon="-16.659670">
				<ele>2898.000000</ele>
			</trkpt>
			<trkpt lat="28.256506" lon="-16.659670">
				<ele>2899.000000</ele>
			</trkpt>
			<trkpt lat="28.256522" lon="-16.659643">
				<ele>2899.000000</ele>
			</trkpt>
			<trkpt lat="28.256562" lon="-16.659652">
				<ele>2900.000000</ele>
			</trkpt>
			<trkpt lat="28.256570" lon="-16.659662">
				<ele>2900.000000</ele>
			</trkpt>
			<trkpt lat="28.256601" lon="-16.659670">
				<ele>2900.000000</ele>
			</trkpt>
			<trkpt lat="28.256617" lon="-16.659662">
				<ele>2901.000000</ele>
			</trkpt>
			<trkpt lat="28.256633" lon="-16.659635">
				<ele>2901.000000</ele>
			</trkpt>
			<trkpt lat="28.256664" lon="-16.659616">
				<ele>2902.000000</ele>
			</trkpt>
			<trkpt lat="28.256680" lon="-16.659635">
				<ele>2903.000000</ele>
			</trkpt>
			<trkpt lat="28.256704" lon="-16.659679">
				<ele>2904.000000</ele>
			</trkpt>
			<trkpt lat="28.256759" lon="-16.659698">
				<ele>2905.000000</ele>
			</trkpt>
			<trkpt lat="28.256775" lon="-16.659679">
				<ele>2905.000000</ele>
			</trkpt>
			<trkpt lat="28.256807" lon="-16.659679">
				<ele>2906.000000</ele>
			</trkpt>
			<trkpt lat="28.256823" lon="-16.659643">
				<ele>2907.000000</ele>
			</trkpt>
			<trkpt lat="28.256831" lon="-16.659625">
				<ele>2907.000000</ele>
			</trkpt>
			<trkpt lat="28.256862" lon="-16.659635">
				<ele>2908.000000</ele>
			</trkpt>
			<trkpt lat="28.256886" lon="-16.659652">
				<ele>2909.000000</ele>
			</trkpt>
			<trkpt lat="28.256918" lon="-16.659616">
				<ele>2910.000000</ele>
			</trkpt>
			<trkpt lat="28.256949" lon="-16.659625">
				<ele>2911.000000</ele>
			</trkpt>
			<trkpt lat="28.256973" lon="-16.659616">
				<ele>2911.000000</ele>
			</trkpt>
			<trkpt lat="28.256997" lon="-16.659580">
				<ele>2912.000000</ele>
			</trkpt>
			<trkpt lat="28.257020" lon="-16.659535">
				<ele>2913.000000</ele>
			</trkpt>
			<trkpt lat="28.257036" lon="-16.659535">
				<ele>2914.000000</ele>
			</trkpt>
			<trkpt lat="28.257060" lon="-16.659545">
				<ele>2914.000000</ele>
			</trkpt>
			<trkpt lat="28.257076" lon="-16.659545">
				<ele>2914.000000</ele>
			</trkpt>
			<trkpt lat="28.257084" lon="-16.659518">
				<ele>2915.000000</ele>
			</trkpt>
			<trkpt lat="28.257099" lon="-16.659518">
				<ele>2915.000000</ele>
			</trkpt>
			<trkpt lat="28.257131" lon="-16.659518">
				<ele>2916.000000</ele>
			</trkpt>
			<trkpt lat="28.257155" lon="-16.659535">
				<ele>2917.000000</ele>
			</trkpt>
			<trkpt lat="28.257195" lon="-16.659535">
				<ele>2918.000000</ele>
			</trkpt>
			<trkpt lat="28.257242" lon="-16.659535">
				<ele>2919.000000</ele>
			</trkpt>
			<trkpt lat="28.257258" lon="-16.659526">
				<ele>2919.000000</ele>
			</trkpt>
			<trkpt lat="28.257289" lon="-16.659509">
				<ele>2920.000000</ele>
			</trkpt>
			<trkpt lat="28.257321" lon="-16.659472">
				<ele>2921.000000</ele>
			</trkpt>
			<trkpt lat="28.257345" lon="-16.659472">
				<ele>2921.000000</ele>
			</trkpt>
			<trkpt lat="28.257401" lon="-16.659455">
				<ele>2922.000000</ele>
			</trkpt>
			<trkpt lat="28.257416" lon="-16.659482">
				<ele>2923.000000</ele>
			</trkpt>
			<trkpt lat="28.257440" lon="-16.659490">
				<ele>2923.000000</ele>
			</trkpt>
			<trkpt lat="28.257472" lon="-16.659499">
				<ele>2924.000000</ele>
			</trkpt>
			<trkpt lat="28.257495" lon="-16.659499">
				<ele>2924.000000</ele>
			</trkpt>
			<trkpt lat="28.257527" lon="-16.659455">
				<ele>2925.000000</ele>
			</trkpt>
			<trkpt lat="28.257551" lon="-16.659446">
				<ele>2925.000000</ele>
			</trkpt>
			<trkpt lat="28.257566" lon="-16.659428">
				<ele>2926.000000</ele>
			</trkpt>
			<trkpt lat="28.257606" lon="-16.659409">
				<ele>2926.000000</ele>
			</trkpt>
			<trkpt lat="28.257638" lon="-16.659419">
				<ele>2927.000000</ele>
			</trkpt>
			<trkpt lat="28.257645" lon="-16.659436">
				<ele>2927.000000</ele>
			</trkpt>
			<trkpt lat="28.257622" lon="-16.659455">
				<ele>2928.000000</ele>
			</trkpt>
			<trkpt lat="28.257614" lon="-16.659490">
				<ele>2928.000000</ele>
			</trkpt>
			<trkpt lat="28.257614" lon="-16.659526">
				<ele>2929.000000</ele>
			</trkpt>
			<trkpt lat="28.257614" lon="-16.659562">
				<ele>2929.000000</ele>
			</trkpt>
			<trkpt lat="28.257661" lon="-16.659562">
				<ele>2930.000000</ele>
			</trkpt>
			<trkpt lat="28.257717" lon="-16.659572">
				<ele>2931.000000</ele>
			</trkpt>
			<trkpt lat="28.257749" lon="-16.659589">
				<ele>2931.000000</ele>
			</trkpt>
			<trkpt lat="28.257788" lon="-16.659616">
				<ele>2932.000000</ele>
			</trkpt>
			<trkpt lat="28.257804" lon="-16.659635">
				<ele>2932.000000</ele>
			</trkpt>
			<trkpt lat="28.257828" lon="-16.659625">
				<ele>2933.000000</ele>
			</trkpt>
			<trkpt lat="28.257875" lon="-16.659608">
				<ele>2933.000000</ele>
			</trkpt>
			<trkpt lat="28.257891" lon="-16.659580">
				<ele>2934.000000</ele>
			</trkpt>
			<trkpt lat="28.257899" lon="-16.659553">
				<ele>2934.000000</ele>
			</trkpt>
			<trkpt lat="28.257915" lon="-16.659535">
				<ele>2935.000000</ele>
			</trkpt>
			<trkpt lat="28.257922" lon="-16.659535">
				<ele>2935.000000</ele>
			</trkpt>
			<trkpt lat="28.257954" lon="-16.659553">
				<ele>2935.000000</ele>
			</trkpt>
			<trkpt lat="28.257970" lon="-16.659572">
				<ele>2936.000000</ele>
			</trkpt>
			<trkpt lat="28.258017" lon="-16.659572">
				<ele>2936.000000</ele>
			</trkpt>
			<trkpt lat="28.258034" lon="-16.659572">
				<ele>2937.000000</ele>
			</trkpt>
			<trkpt lat="28.258041" lon="-16.659608">
				<ele>2937.000000</ele>
			</trkpt>
			<trkpt lat="28.258049" lon="-16.659643">
				<ele>2938.000000</ele>
			</trkpt>
			<trkpt lat="28.258057" lon="-16.659679">
				<ele>2938.000000</ele>
			</trkpt>
			<trkpt lat="28.258073" lon="-16.659688">
				<ele>2938.000000</ele>
			</trkpt>
			<trkpt lat="28.258080" lon="-16.659679">
				<ele>2939.000000</ele>
			</trkpt>
			<trkpt lat="28.258097" lon="-16.659679">
				<ele>2939.000000</ele>
			</trkpt>
			<trkpt lat="28.258113" lon="-16.659698">
				<ele>2939.000000</ele>
			</trkpt>
			<trkpt lat="28.258128" lon="-16.659715">
				<ele>2940.000000</ele>
			</trkpt>
			<trkpt lat="28.258136" lon="-16.659751">
				<ele>2940.000000</ele>
			</trkpt>
			<trkpt lat="28.258144" lon="-16.659769">
				<ele>2940.000000</ele>
			</trkpt>
			<trkpt lat="28.258152" lon="-16.659814">
				<ele>2941.000000</ele>
			</trkpt>
			<trkpt lat="28.258160" lon="-16.659841">
				<ele>2942.000000</ele>
			</trkpt>
			<trkpt lat="28.258176" lon="-16.659859">
				<ele>2942.000000</ele>
			</trkpt>
			<trkpt lat="28.258207" lon="-16.659859">
				<ele>2943.000000</ele>
			</trkpt>
			<trkpt lat="28.258239" lon="-16.659849">
				<ele>2944.000000</ele>
			</trkpt>
			<trkpt lat="28.258271" lon="-16.659832">
				<ele>2944.000000</ele>
			</trkpt>
			<trkpt lat="28.258294" lon="-16.659832">
				<ele>2945.000000</ele>
			</trkpt>
			<trkpt lat="28.258326" lon="-16.659868">
				<ele>2946.000000</ele>
			</trkpt>
			<trkpt lat="28.258357" lon="-16.659922">
				<ele>2947.000000</ele>
			</trkpt>
			<trkpt lat="28.258390" lon="-16.659975">
				<ele>2948.000000</ele>
			</trkpt>
			<trkpt lat="28.258413" lon="-16.660029">
				<ele>2949.000000</ele>
			</trkpt>
			<trkpt lat="28.258429" lon="-16.660056">
				<ele>2950.000000</ele>
			</trkpt>
			<trkpt lat="28.258461" lon="-16.660075">
				<ele>2951.000000</ele>
			</trkpt>
			<trkpt lat="28.258492" lon="-16.660075">
				<ele>2952.000000</ele>
			</trkpt>
			<trkpt lat="28.258508" lon="-16.660084">
				<ele>2952.000000</ele>
			</trkpt>
			<trkpt lat="28.258555" lon="-16.660111">
				<ele>2954.000000</ele>
			</trkpt>
			<trkpt lat="28.258603" lon="-16.660111">
				<ele>2955.000000</ele>
			</trkpt>
			<trkpt lat="28.258642" lon="-16.660128">
				<ele>2956.000000</ele>
			</trkpt>
			<trkpt lat="28.258674" lon="-16.660155">
				<ele>2957.000000</ele>
			</trkpt>
			<trkpt lat="28.258698" lon="-16.660201">
				<ele>2958.000000</ele>
			</trkpt>
			<trkpt lat="28.258761" lon="-16.660236">
				<ele>2960.000000</ele>
			</trkpt>
			<trkpt lat="28.258801" lon="-16.660281">
				<ele>2961.000000</ele>
			</trkpt>
			<trkpt lat="28.258840" lon="-16.660291">
				<ele>2962.000000</ele>
			</trkpt>
			<trkpt lat="28.258856" lon="-16.660308">
				<ele>2962.000000</ele>
			</trkpt>
			<trkpt lat="28.258864" lon="-16.660354">
				<ele>2963.000000</ele>
			</trkpt>
			<trkpt lat="28.258856" lon="-16.660380">
				<ele>2964.000000</ele>
			</trkpt>
			<trkpt lat="28.258872" lon="-16.660407">
				<ele>2964.000000</ele>
			</trkpt>
			<trkpt lat="28.258896" lon="-16.660425">
				<ele>2965.000000</ele>
			</trkpt>
			<trkpt lat="28.258911" lon="-16.660451">
				<ele>2965.000000</ele>
			</trkpt>
			<trkpt lat="28.258927" lon="-16.660470">
				<ele>2966.000000</ele>
			</trkpt>
			<trkpt lat="28.258951" lon="-16.660470">
				<ele>2966.000000</ele>
			</trkpt>
			<trkpt lat="28.258983" lon="-16.660461">
				<ele>2967.000000</ele>
			</trkpt>
			<trkpt lat="28.259007" lon="-16.660470">
				<ele>2967.000000</ele>
			</trkpt>
			<trkpt lat="28.259038" lon="-16.660497">
				<ele>2968.000000</ele>
			</trkpt>
			<trkpt lat="28.259046" lon="-16.660514">
				<ele>2968.000000</ele>
			</trkpt>
			<trkpt lat="28.259054" lon="-16.660568">
				<ele>2969.000000</ele>
			</trkpt>
			<trkpt lat="28.259070" lon="-16.660595">
				<ele>2970.000000</ele>
			</trkpt>
			<trkpt lat="28.259094" lon="-16.660614">
				<ele>2970.000000</ele>
			</trkpt>
			<trkpt lat="28.259157" lon="-16.660641">
				<ele>2972.000000</ele>
			</trkpt>
			<trkpt lat="28.259173" lon="-16.660658">
				<ele>2972.000000</ele>
			</trkpt>
			<trkpt lat="28.259236" lon="-16.660694">
				<ele>2974.000000</ele>
			</trkpt>
			<trkpt lat="28.259300" lon="-16.660712">
				<ele>2976.000000</ele>
			</trkpt>
			<trkpt lat="28.259315" lon="-16.660740">
				<ele>2976.000000</ele>
			</trkpt>
			<trkpt lat="28.259331" lon="-16.660784">
				<ele>2977.000000</ele>
			</trkpt>
			<trkpt lat="28.259346" lon="-16.660838">
				<ele>2978.000000</ele>
			</trkpt>
			<trkpt lat="28.259394" lon="-16.660865">
				<ele>2980.000000</ele>
			</trkpt>
			<trkpt lat="28.259458" lon="-16.660901">
				<ele>2982.000000</ele>
			</trkpt>
			<trkpt lat="28.259497" lon="-16.660937">
				<ele>2983.000000</ele>
			</trkpt>
			<trkpt lat="28.259521" lon="-16.661008">
				<ele>2985.000000</ele>
			</trkpt>
			<trkpt lat="28.259560" lon="-16.661036">
				<ele>2986.000000</ele>
			</trkpt>
			<trkpt lat="28.259608" lon="-16.661090">
				<ele>2987.000000</ele>
			</trkpt>
			<trkpt lat="28.259640" lon="-16.661126">
				<ele>2989.000000</ele>
			</trkpt>
			<trkpt lat="28.259656" lon="-16.661180">
				<ele>2990.000000</ele>
			</trkpt>
			<trkpt lat="28.259719" lon="-16.661206">
				<ele>2992.000000</ele>
			</trkpt>
			<trkpt lat="28.259735" lon="-16.661224">
				<ele>2992.000000</ele>
			</trkpt>
			<trkpt lat="28.259750" lon="-16.661233">
				<ele>2993.000000</ele>
			</trkpt>
			<trkpt lat="28.259806" lon="-16.661243">
				<ele>2994.000000</ele>
			</trkpt>
			<trkpt lat="28.259837" lon="-16.661251">
				<ele>2995.000000</ele>
			</trkpt>
			<trkpt lat="28.259837" lon="-16.661278">
				<ele>2996.000000</ele>
			</trkpt>
			<trkpt lat="28.259861" lon="-16.661306">
				<ele>2997.000000</ele>
			</trkpt>
			<trkpt lat="28.259877" lon="-16.661306">
				<ele>2998.000000</ele>
			</trkpt>
			<trkpt lat="28.259925" lon="-16.661341">
				<ele>2999.000000</ele>
			</trkpt>
			<trkpt lat="28.259940" lon="-16.661367">
				<ele>3000.000000</ele>
			</trkpt>
			<trkpt lat="28.259964" lon="-16.661359">
				<ele>3001.000000</ele>
			</trkpt>
			<trkpt lat="28.259996" lon="-16.661341">
				<ele>3001.000000</ele>
			</trkpt>
			<trkpt lat="28.260012" lon="-16.661359">
				<ele>3002.000000</ele>
			</trkpt>
			<trkpt lat="28.260035" lon="-16.661350">
				<ele>3002.000000</ele>
			</trkpt>
			<trkpt lat="28.260067" lon="-16.661350">
				<ele>3003.000000</ele>
			</trkpt>
			<trkpt lat="28.260075" lon="-16.661377">
				<ele>3004.000000</ele>
			</trkpt>
			<trkpt lat="28.260091" lon="-16.661386">
				<ele>3004.000000</ele>
			</trkpt>
			<trkpt lat="28.260106" lon="-16.661377">
				<ele>3004.000000</ele>
			</trkpt>
			<trkpt lat="28.260130" lon="-16.661350">
				<ele>3005.000000</ele>
			</trkpt>
			<trkpt lat="28.260154" lon="-16.661350">
				<ele>3006.000000</ele>
			</trkpt>
			<trkpt lat="28.260193" lon="-16.661350">
				<ele>3006.000000</ele>
			</trkpt>
			<trkpt lat="28.260201" lon="-16.661367">
				<ele>3007.000000</ele>
			</trkpt>
			<trkpt lat="28.260225" lon="-16.661396">
				<ele>3008.000000</ele>
			</trkpt>
			<trkpt lat="28.260264" lon="-16.661413">
				<ele>3008.000000</ele>
			</trkpt>
			<trkpt lat="28.260304" lon="-16.661422">
				<ele>3009.000000</ele>
			</trkpt>
			<trkpt lat="28.260320" lon="-16.661440">
				<ele>3010.000000</ele>
			</trkpt>
			<trkpt lat="28.260391" lon="-16.661422">
				<ele>3012.000000</ele>
			</trkpt>
			<trkpt lat="28.260439" lon="-16.661413">
				<ele>3013.000000</ele>
			</trkpt>
			<trkpt lat="28.260668" lon="-16.661530">
				<ele>3020.000000</ele>
			</trkpt>
			<trkpt lat="28.260739" lon="-16.661566">
				<ele>3022.000000</ele>
			</trkpt>
			<trkpt lat="28.260771" lon="-16.661574">
				<ele>3023.000000</ele>
			</trkpt>
			<trkpt lat="28.260795" lon="-16.661566">
				<ele>3023.000000</ele>
			</trkpt>
			<trkpt lat="28.260826" lon="-16.661557">
				<ele>3024.000000</ele>
			</trkpt>
			<trkpt lat="28.260834" lon="-16.661566">
				<ele>3024.000000</ele>
			</trkpt>
			<trkpt lat="28.260850" lon="-16.661583">
				<ele>3025.000000</ele>
			</trkpt>
			<trkpt lat="28.260866" lon="-16.661566">
				<ele>3025.000000</ele>
			</trkpt>
			<trkpt lat="28.260882" lon="-16.661566">
				<ele>3026.000000</ele>
			</trkpt>
			<trkpt lat="28.260889" lon="-16.661547">
				<ele>3026.000000</ele>
			</trkpt>
			<trkpt lat="28.260889" lon="-16.661530">
				<ele>3026.000000</ele>
			</trkpt>
			<trkpt lat="28.260897" lon="-16.661530">
				<ele>3027.000000</ele>
			</trkpt>
			<trkpt lat="28.260914" lon="-16.661530">
				<ele>3027.000000</ele>
			</trkpt>
			<trkpt lat="28.260977" lon="-16.661574">
				<ele>3029.000000</ele>
			</trkpt>
			<trkpt lat="28.260993" lon="-16.661629">
				<ele>3030.000000</ele>
			</trkpt>
			<trkpt lat="28.261008" lon="-16.661646">
				<ele>3030.000000</ele>
			</trkpt>
			<trkpt lat="28.261024" lon="-16.661646">
				<ele>3031.000000</ele>
			</trkpt>
			<trkpt lat="28.261032" lon="-16.661637">
				<ele>3031.000000</ele>
			</trkpt>
			<trkpt lat="28.261048" lon="-16.661620">
				<ele>3031.000000</ele>
			</trkpt>
			<trkpt lat="28.261064" lon="-16.661610">
				<ele>3032.000000</ele>
			</trkpt>
			<trkpt lat="28.261072" lon="-16.661629">
				<ele>3032.000000</ele>
			</trkpt>
			<trkpt lat="28.261087" lon="-16.661629">
				<ele>3032.000000</ele>
			</trkpt>
			<trkpt lat="28.261103" lon="-16.661620">
				<ele>3033.000000</ele>
			</trkpt>
			<trkpt lat="28.261119" lon="-16.661629">
				<ele>3033.000000</ele>
			</trkpt>
			<trkpt lat="28.261135" lon="-16.661646">
				<ele>3033.000000</ele>
			</trkpt>
			<trkpt lat="28.261119" lon="-16.661664">
				<ele>3034.000000</ele>
			</trkpt>
			<trkpt lat="28.261127" lon="-16.661683">
				<ele>3034.000000</ele>
			</trkpt>
			<trkpt lat="28.261135" lon="-16.661709">
				<ele>3035.000000</ele>
			</trkpt>
			<trkpt lat="28.261143" lon="-16.661719">
				<ele>3035.000000</ele>
			</trkpt>
			<trkpt lat="28.261159" lon="-16.661692">
				<ele>3035.000000</ele>
			</trkpt>
			<trkpt lat="28.261206" lon="-16.661629">
				<ele>3037.000000</ele>
			</trkpt>
			<trkpt lat="28.261230" lon="-16.661637">
				<ele>3037.000000</ele>
			</trkpt>
			<trkpt lat="28.261254" lon="-16.661646">
				<ele>3038.000000</ele>
			</trkpt>
			<trkpt lat="28.261270" lon="-16.661637">
				<ele>3038.000000</ele>
			</trkpt>
			<trkpt lat="28.261278" lon="-16.661646">
				<ele>3038.000000</ele>
			</trkpt>
			<trkpt lat="28.261285" lon="-16.661692">
				<ele>3039.000000</ele>
			</trkpt>
			<trkpt lat="28.261285" lon="-16.661746">
				<ele>3040.000000</ele>
			</trkpt>
			<trkpt lat="28.261349" lon="-16.661736">
				<ele>3041.000000</ele>
			</trkpt>
			<trkpt lat="28.261404" lon="-16.661772">
				<ele>3043.000000</ele>
			</trkpt>
			<trkpt lat="28.261562" lon="-16.661799">
				<ele>3048.000000</ele>
			</trkpt>
			<trkpt lat="28.261618" lon="-16.661799">
				<ele>3049.000000</ele>
			</trkpt>
			<trkpt lat="28.261633" lon="-16.661809">
				<ele>3050.000000</ele>
			</trkpt>
			<trkpt lat="28.261712" lon="-16.661790">
				<ele>3050.000000</ele>
			</trkpt>
			<trkpt lat="28.262092" lon="-16.661520">
				<ele>3053.000000</ele>
			</trkpt>
			<trkpt lat="28.262172" lon="-16.661449">
				<ele>3054.000000</ele>
			</trkpt>
			<trkpt lat="28.262259" lon="-16.661440">
				<ele>3056.000000</ele>
			</trkpt>
			<trkpt lat="28.262322" lon="-16.661422">
				<ele>3057.000000</ele>
			</trkpt>
			<trkpt lat="28.262646" lon="-16.661036">
				<ele>3062.000000</ele>
			</trkpt>
			<trkpt lat="28.262780" lon="-16.660954">
				<ele>3064.000000</ele>
			</trkpt>
			<trkpt lat="28.262939" lon="-16.660883">
				<ele>3066.000000</ele>
			</trkpt>
			<trkpt lat="28.262994" lon="-16.660820">
				<ele>3067.000000</ele>
			</trkpt>
			<trkpt lat="28.263018" lon="-16.660730">
				<ele>3068.000000</ele>
			</trkpt>
			<trkpt lat="28.263026" lon="-16.660587">
				<ele>3069.000000</ele>
			</trkpt>
			<trkpt lat="28.263050" lon="-16.660478">
				<ele>3070.000000</ele>
			</trkpt>
			<trkpt lat="28.263113" lon="-16.660344">
				<ele>3072.000000</ele>
			</trkpt>
			<trkpt lat="28.263184" lon="-16.660254">
				<ele>3073.000000</ele>
			</trkpt>
			<trkpt lat="28.263413" lon="-16.660146">
				<ele>3076.000000</ele>
			</trkpt>
			<trkpt lat="28.263627" lon="-16.660002">
				<ele>3078.000000</ele>
			</trkpt>
			<trkpt lat="28.263786" lon="-16.659922">
				<ele>3081.000000</ele>
			</trkpt>
			<trkpt lat="28.263967" lon="-16.659769">
				<ele>3086.000000</ele>
			</trkpt>
			<trkpt lat="28.264015" lon="-16.659698">
				<ele>3087.000000</ele>
			</trkpt>
			<trkpt lat="28.264126" lon="-16.659140">
				<ele>3098.000000</ele>
			</trkpt>
			<trkpt lat="28.264189" lon="-16.658960">
				<ele>3101.000000</ele>
			</trkpt>
			<trkpt lat="28.264569" lon="-16.658170">
				<ele>3110.000000</ele>
			</trkpt>
			<trkpt lat="28.264640" lon="-16.658017">
				<ele>3113.000000</ele>
			</trkpt>
			<trkpt lat="28.264648" lon="-16.657901">
				<ele>3114.000000</ele>
			</trkpt>
			<trkpt lat="28.264672" lon="-16.657838">
				<ele>3115.000000</ele>
			</trkpt>
			<trkpt lat="28.264704" lon="-16.657792">
				<ele>3116.000000</ele>
			</trkpt>
			<trkpt lat="28.264727" lon="-16.657730">
				<ele>3117.000000</ele>
			</trkpt>
			<trkpt lat="28.264767" lon="-16.657704">
				<ele>3118.000000</ele>
			</trkpt>
			<trkpt lat="28.264869" lon="-16.657586">
				<ele>3120.000000</ele>
			</trkpt>
			<trkpt lat="28.264996" lon="-16.657496">
				<ele>3124.000000</ele>
			</trkpt>
			<trkpt lat="28.265012" lon="-16.657469">
				<ele>3124.000000</ele>
			</trkpt>
			<trkpt lat="28.265052" lon="-16.657415">
				<ele>3126.000000</ele>
			</trkpt>
			<trkpt lat="28.265075" lon="-16.657262">
				<ele>3129.000000</ele>
			</trkpt>
			<trkpt lat="28.265067" lon="-16.657209">
				<ele>3130.000000</ele>
			</trkpt>
			<trkpt lat="28.265083" lon="-16.657172">
				<ele>3131.000000</ele>
			</trkpt>
			<trkpt lat="28.265115" lon="-16.657164">
				<ele>3132.000000</ele>
			</trkpt>
			<trkpt lat="28.265131" lon="-16.657155">
				<ele>3132.000000</ele>
			</trkpt>
			<trkpt lat="28.265146" lon="-16.657128">
				<ele>3133.000000</ele>
			</trkpt>
			<trkpt lat="28.265146" lon="-16.657083">
				<ele>3134.000000</ele>
			</trkpt>
			<trkpt lat="28.265162" lon="-16.657048">
				<ele>3135.000000</ele>
			</trkpt>
			<trkpt lat="28.265202" lon="-16.657038">
				<ele>3136.000000</ele>
			</trkpt>
			<trkpt lat="28.265233" lon="-16.656966">
				<ele>3137.000000</ele>
			</trkpt>
			<trkpt lat="28.265281" lon="-16.656895">
				<ele>3139.000000</ele>
			</trkpt>
			<trkpt lat="28.265289" lon="-16.656849">
				<ele>3140.000000</ele>
			</trkpt>
			<trkpt lat="28.265297" lon="-16.656840">
				<ele>3140.000000</ele>
			</trkpt>
			<trkpt lat="28.265320" lon="-16.656832">
				<ele>3141.000000</ele>
			</trkpt>
			<trkpt lat="28.265344" lon="-16.656805">
				<ele>3141.000000</ele>
			</trkpt>
			<trkpt lat="28.265392" lon="-16.656778">
				<ele>3142.000000</ele>
			</trkpt>
			<trkpt lat="28.265400" lon="-16.656723">
				<ele>3143.000000</ele>
			</trkpt>
			<trkpt lat="28.265368" lon="-16.656670">
				<ele>3144.000000</ele>
			</trkpt>
			<trkpt lat="28.265289" lon="-16.656643">
				<ele>3145.000000</ele>
			</trkpt>
			<trkpt lat="28.265225" lon="-16.656580">
				<ele>3146.000000</ele>
			</trkpt>
			<trkpt lat="28.265218" lon="-16.656517">
				<ele>3147.000000</ele>
			</trkpt>
			<trkpt lat="28.265218" lon="-16.656463">
				<ele>3148.000000</ele>
			</trkpt>
			<trkpt lat="28.265210" lon="-16.656419">
				<ele>3148.000000</ele>
			</trkpt>
			<trkpt lat="28.265225" lon="-16.656383">
				<ele>3149.000000</ele>
			</trkpt>
			<trkpt lat="28.265257" lon="-16.656364">
				<ele>3149.000000</ele>
			</trkpt>
			<trkpt lat="28.265273" lon="-16.656329">
				<ele>3150.000000</ele>
			</trkpt>
			<trkpt lat="28.265502" lon="-16.655763">
				<ele>3165.000000</ele>
			</trkpt>
			<trkpt lat="28.265724" lon="-16.655277">
				<ele>3178.000000</ele>
			</trkpt>
			<trkpt lat="28.265764" lon="-16.654999">
				<ele>3184.000000</ele>
			</trkpt>
			<trkpt lat="28.265811" lon="-16.654756">
				<ele>3189.000000</ele>
			</trkpt>
			<trkpt lat="28.265851" lon="-16.654666">
				<ele>3191.000000</ele>
			</trkpt>
			<trkpt lat="28.265970" lon="-16.654469">
				<ele>3196.000000</ele>
			</trkpt>
			<trkpt lat="28.266088" lon="-16.654182">
				<ele>3204.000000</ele>
			</trkpt>
			<trkpt lat="28.266199" lon="-16.653993">
				<ele>3211.000000</ele>
			</trkpt>
			<trkpt lat="28.266246" lon="-16.653876">
				<ele>3215.000000</ele>
			</trkpt>
			<trkpt lat="28.266246" lon="-16.653616">
				<ele>3223.000000</ele>
			</trkpt>
			<trkpt lat="28.266293" lon="-16.653086">
				<ele>3240.000000</ele>
			</trkpt>
			<trkpt lat="28.266293" lon="-16.652941">
				<ele>3245.000000</ele>
			</trkpt>
			<trkpt lat="28.266207" lon="-16.652582">
				<ele>3256.000000</ele>
			</trkpt>
			<trkpt lat="28.266214" lon="-16.652484">
				<ele>3259.000000</ele>
			</trkpt>
			<trkpt lat="28.266254" lon="-16.652268">
				<ele>3267.000000</ele>
			</trkpt>
			<trkpt lat="28.266278" lon="-16.651756">
				<ele>3278.000000</ele>
			</trkpt>
			<trkpt lat="28.266333" lon="-16.651505">
				<ele>3283.000000</ele>
			</trkpt>
			<trkpt lat="28.266563" lon="-16.651002">
				<ele>3296.000000</ele>
			</trkpt>
			<trkpt lat="28.266626" lon="-16.650930">
				<ele>3298.000000</ele>
			</trkpt>
			<trkpt lat="28.266847" lon="-16.650786">
				<ele>3306.000000</ele>
			</trkpt>
			<trkpt lat="28.266911" lon="-16.650723">
				<ele>3309.000000</ele>
			</trkpt>
			<trkpt lat="28.267006" lon="-16.650597">
				<ele>3314.000000</ele>
			</trkpt>
			<trkpt lat="28.267124" lon="-16.650337">
				<ele>3324.000000</ele>
			</trkpt>
			<trkpt lat="28.267282" lon="-16.650050">
				<ele>3336.000000</ele>
			</trkpt>
			<trkpt lat="28.267663" lon="-16.649564">
				<ele>3355.000000</ele>
			</trkpt>
			<trkpt lat="28.267655" lon="-16.649475">
				<ele>3357.000000</ele>
			</trkpt>
			<trkpt lat="28.267702" lon="-16.649402">
				<ele>3359.000000</ele>
			</trkpt>
			<trkpt lat="28.267663" lon="-16.649312">
				<ele>3361.000000</ele>
			</trkpt>
			<trkpt lat="28.267749" lon="-16.649232">
				<ele>3364.000000</ele>
			</trkpt>
			<trkpt lat="28.267670" lon="-16.649133">
				<ele>3366.000000</ele>
			</trkpt>
			<trkpt lat="28.267749" lon="-16.649008">
				<ele>3369.000000</ele>
			</trkpt>
			<trkpt lat="28.267900" lon="-16.648792">
				<ele>3375.000000</ele>
			</trkpt>
			<trkpt lat="28.267852" lon="-16.648639">
				<ele>3379.000000</ele>
			</trkpt>
			<trkpt lat="28.267924" lon="-16.648540">
				<ele>3382.000000</ele>
			</trkpt>
			<trkpt lat="28.267940" lon="-16.648369">
				<ele>3387.000000</ele>
			</trkpt>
			<trkpt lat="28.268042" lon="-16.648109">
				<ele>3396.000000</ele>
			</trkpt>
			<trkpt lat="28.268232" lon="-16.647427">
				<ele>3415.000000</ele>
			</trkpt>
			<trkpt lat="28.268557" lon="-16.646689">
				<ele>3437.000000</ele>
			</trkpt>
			<trkpt lat="28.268612" lon="-16.646519">
				<ele>3441.000000</ele>
			</trkpt>
			<trkpt lat="28.268659" lon="-16.646259">
				<ele>3444.000000</ele>
			</trkpt>
			<trkpt lat="28.268723" lon="-16.646115">
				<ele>3446.000000</ele>
			</trkpt>
			<trkpt lat="28.268817" lon="-16.645980">
				<ele>3449.000000</ele>
			</trkpt>
			<trkpt lat="28.269039" lon="-16.645710">
				<ele>3457.000000</ele>
			</trkpt>
			<trkpt lat="28.269625" lon="-16.645144">
				<ele>3482.000000</ele>
			</trkpt>
			<trkpt lat="28.269640" lon="-16.645108">
				<ele>3483.000000</ele>
			</trkpt>
			<trkpt lat="28.269719" lon="-16.645054">
				<ele>3486.000000</ele>
			</trkpt>
			<trkpt lat="28.269751" lon="-16.645046">
				<ele>3487.000000</ele>
			</trkpt>
			<trkpt lat="28.269838" lon="-16.644991">
				<ele>3490.000000</ele>
			</trkpt>
			<trkpt lat="28.269854" lon="-16.644974">
				<ele>3490.000000</ele>
			</trkpt>
			<trkpt lat="28.269854" lon="-16.644947">
				<ele>3491.000000</ele>
			</trkpt>
			<trkpt lat="28.269854" lon="-16.644938">
				<ele>3491.000000</ele>
			</trkpt>
			<trkpt lat="28.269743" lon="-16.644632">
				<ele>3494.000000</ele>
			</trkpt>
			<trkpt lat="28.269735" lon="-16.644471">
				<ele>3496.000000</ele>
			</trkpt>
			<trkpt lat="28.269593" lon="-16.644129">
				<ele>3500.000000</ele>
			</trkpt>
			<trkpt lat="28.269506" lon="-16.643959">
				<ele>3500.000000</ele>
			</trkpt>
			<trkpt lat="28.269466" lon="-16.643914">
				<ele>3500.000000</ele>
			</trkpt>
			<trkpt lat="28.269427" lon="-16.643896">
				<ele>3500.000000</ele>
			</trkpt>
			<trkpt lat="28.269419" lon="-16.643869">
				<ele>3500.000000</ele>
			</trkpt>
			<trkpt lat="28.269427" lon="-16.643815">
				<ele>3500.000000</ele>
			</trkpt>
			<trkpt lat="28.269435" lon="-16.643609">
				<ele>3502.000000</ele>
			</trkpt>
			<trkpt lat="28.269411" lon="-16.643500">
				<ele>3503.000000</ele>
			</trkpt>
			<trkpt lat="28.269300" lon="-16.643285">
				<ele>3506.000000</ele>
			</trkpt>
			<trkpt lat="28.269316" lon="-16.643276">
				<ele>3507.000000</ele>
			</trkpt>
			<trkpt lat="28.269340" lon="-16.643303">
				<ele>3507.000000</ele>
			</trkpt>
			<trkpt lat="28.269435" lon="-16.643366">
				<ele>3509.000000</ele>
			</trkpt>
			<trkpt lat="28.269442" lon="-16.643356">
				<ele>3509.000000</ele>
			</trkpt>
			<trkpt lat="28.269435" lon="-16.643320">
				<ele>3509.000000</ele>
			</trkpt>
			<trkpt lat="28.269427" lon="-16.643303">
				<ele>3509.000000</ele>
			</trkpt>
			<trkpt lat="28.269427" lon="-16.643293">
				<ele>3510.000000</ele>
			</trkpt>
			<trkpt lat="28.269475" lon="-16.643267">
				<ele>3510.000000</ele>
			</trkpt>
			<trkpt lat="28.269490" lon="-16.643232">
				<ele>3511.000000</ele>
			</trkpt>
			<trkpt lat="28.269514" lon="-16.643150">
				<ele>3512.000000</ele>
			</trkpt>
			<trkpt lat="28.269514" lon="-16.642890">
				<ele>3516.000000</ele>
			</trkpt>
			<trkpt lat="28.269521" lon="-16.642737">
				<ele>3518.000000</ele>
			</trkpt>
			<trkpt lat="28.269466" lon="-16.642216">
				<ele>3520.000000</ele>
			</trkpt>
			<trkpt lat="28.269466" lon="-16.641947">
				<ele>3520.000000</ele>
			</trkpt>
			<trkpt lat="28.269475" lon="-16.641892">
				<ele>3520.000000</ele>
			</trkpt>
			<trkpt lat="28.269442" lon="-16.641695">
				<ele>3520.000000</ele>
			</trkpt>
			<trkpt lat="28.269379" lon="-16.641596">
				<ele>3520.000000</ele>
			</trkpt>
			<trkpt lat="28.269284" lon="-16.641479">
				<ele>3520.000000</ele>
			</trkpt>
			<trkpt lat="28.269261" lon="-16.641416">
				<ele>3520.000000</ele>
			</trkpt>
			<trkpt lat="28.269245" lon="-16.641389">
				<ele>3520.000000</ele>
			</trkpt>
			<trkpt lat="28.269284" lon="-16.641335">
				<ele>3520.000000</ele>
			</trkpt>
			<trkpt lat="28.269300" lon="-16.641282">
				<ele>3520.000000</ele>
			</trkpt>
			<trkpt lat="28.269569" lon="-16.641102">
				<ele>3531.000000</ele>
			</trkpt>
			<trkpt lat="28.269625" lon="-16.640985">
				<ele>3533.000000</ele>
			</trkpt>
			<trkpt lat="28.269656" lon="-16.640886">
				<ele>3534.000000</ele>
			</trkpt>
			<trkpt lat="28.269696" lon="-16.640796">
				<ele>3536.000000</ele>
			</trkpt>
			<trkpt lat="28.269727" lon="-16.640932">
				<ele>3538.000000</ele>
			</trkpt>
			<trkpt lat="28.269759" lon="-16.640815">
				<ele>3540.000000</ele>
			</trkpt>
			<trkpt lat="28.269870" lon="-16.640743">
				<ele>3540.000000</ele>
			</trkpt>
			<trkpt lat="28.269941" lon="-16.640670">
				<ele>3540.000000</ele>
			</trkpt>
			<trkpt lat="28.269996" lon="-16.640527">
				<ele>3540.000000</ele>
			</trkpt>
			<trkpt lat="28.269973" lon="-16.640473">
				<ele>3540.000000</ele>
			</trkpt>
			<trkpt lat="28.269925" lon="-16.640437">
				<ele>3540.000000</ele>
			</trkpt>
			<trkpt lat="28.270091" lon="-16.640284">
				<ele>3540.000000</ele>
			</trkpt>
			<trkpt lat="28.270115" lon="-16.640194">
				<ele>3540.000000</ele>
			</trkpt>
			<trkpt lat="28.270091" lon="-16.639934">
				<ele>3540.000000</ele>
			</trkpt>
			<trkpt lat="28.269949" lon="-16.639503">
				<ele>3540.000000</ele>
			</trkpt>
			<trkpt lat="28.269949" lon="-16.639324">
				<ele>3537.000000</ele>
			</trkpt>
			<trkpt lat="28.269902" lon="-16.639207">
				<ele>3534.000000</ele>
			</trkpt>
			<trkpt lat="28.269909" lon="-16.639161">
				<ele>3533.000000</ele>
			</trkpt>
			<trkpt lat="28.269902" lon="-16.639108">
				<ele>3531.000000</ele>
			</trkpt>
			<trkpt lat="28.269854" lon="-16.639045">
				<ele>3530.000000</ele>
			</trkpt>
			<trkpt lat="28.269846" lon="-16.639018">
				<ele>3530.000000</ele>
			</trkpt>
			<trkpt lat="28.269846" lon="-16.638982">
				<ele>3530.000000</ele>
			</trkpt>
			<trkpt lat="28.269846" lon="-16.638945">
				<ele>3530.000000</ele>
			</trkpt>
			<trkpt lat="28.269902" lon="-16.638884">
				<ele>3530.000000</ele>
			</trkpt>
			<trkpt lat="28.269965" lon="-16.638829">
				<ele>3530.000000</ele>
			</trkpt>
			<trkpt lat="28.270012" lon="-16.638802">
				<ele>3530.000000</ele>
			</trkpt>
			<trkpt lat="28.270091" lon="-16.638758">
				<ele>3530.000000</ele>
			</trkpt>
			<trkpt lat="28.270146" lon="-16.638712">
				<ele>3530.000000</ele>
			</trkpt>
			<trkpt lat="28.270179" lon="-16.638676">
				<ele>3530.000000</ele>
			</trkpt>
			<trkpt lat="28.270226" lon="-16.638668">
				<ele>3530.000000</ele>
			</trkpt>
			<trkpt lat="28.270273" lon="-16.638668">
				<ele>3530.000000</ele>
			</trkpt>
			<trkpt lat="28.270384" lon="-16.638676">
				<ele>3540.000000</ele>
			</trkpt>
			<trkpt lat="28.270384" lon="-16.638722">
				<ele>3540.000000</ele>
			</trkpt>
			<trkpt lat="28.270416" lon="-16.638775">
				<ele>3540.000000</ele>
			</trkpt>
			<trkpt lat="28.270527" lon="-16.638892">
				<ele>3541.000000</ele>
			</trkpt>
			<trkpt lat="28.270550" lon="-16.638945">
				<ele>3542.000000</ele>
			</trkpt>
			<trkpt lat="28.270550" lon="-16.639090">
				<ele>3544.000000</ele>
			</trkpt>
			<trkpt lat="28.270527" lon="-16.639144">
				<ele>3545.000000</ele>
			</trkpt>
			<trkpt lat="28.270519" lon="-16.639198">
				<ele>3546.000000</ele>
			</trkpt>
			<trkpt lat="28.270550" lon="-16.639450">
				<ele>3550.000000</ele>
			</trkpt>
			<trkpt lat="28.270527" lon="-16.639557">
				<ele>3551.000000</ele>
			</trkpt>
			<trkpt lat="28.270550" lon="-16.639601">
				<ele>3552.000000</ele>
			</trkpt>
			<trkpt lat="28.270598" lon="-16.639674">
				<ele>3553.000000</ele>
			</trkpt>
			<trkpt lat="28.270637" lon="-16.639836">
				<ele>3555.000000</ele>
			</trkpt>
			<trkpt lat="28.270693" lon="-16.639997">
				<ele>3557.000000</ele>
			</trkpt>
			<trkpt lat="28.270764" lon="-16.640177">
				<ele>3559.000000</ele>
			</trkpt>
			<trkpt lat="28.270891" lon="-16.640402">
				<ele>3563.000000</ele>
			</trkpt>
			<trkpt lat="28.270898" lon="-16.640429">
				<ele>3563.000000</ele>
			</trkpt>
			<trkpt lat="28.270875" lon="-16.640464">
				<ele>3564.000000</ele>
			</trkpt>
			<trkpt lat="28.270883" lon="-16.640482">
				<ele>3564.000000</ele>
			</trkpt>
			<trkpt lat="28.270914" lon="-16.640492">
				<ele>3565.000000</ele>
			</trkpt>
			<trkpt lat="28.270938" lon="-16.640482">
				<ele>3565.000000</ele>
			</trkpt>
			<trkpt lat="28.270938" lon="-16.640509">
				<ele>3565.000000</ele>
			</trkpt>
			<trkpt lat="28.270898" lon="-16.640553">
				<ele>3566.000000</ele>
			</trkpt>
			<trkpt lat="28.270835" lon="-16.640643">
				<ele>3568.000000</ele>
			</trkpt>
			<trkpt lat="28.270795" lon="-16.640670">
				<ele>3569.000000</ele>
			</trkpt>
			<trkpt lat="28.270795" lon="-16.640698">
				<ele>3569.000000</ele>
			</trkpt>
			<trkpt lat="28.270906" lon="-16.640859">
				<ele>3576.000000</ele>
			</trkpt>
			<trkpt lat="28.270993" lon="-16.640976">
				<ele>3582.000000</ele>
			</trkpt>
			<trkpt lat="28.271009" lon="-16.641022">
				<ele>3584.000000</ele>
			</trkpt>
			<trkpt lat="28.271009" lon="-16.641129">
				<ele>3587.000000</ele>
			</trkpt>
			<trkpt lat="28.271017" lon="-16.641138">
				<ele>3588.000000</ele>
			</trkpt>
			<trkpt lat="28.271033" lon="-16.641119">
				<ele>3589.000000</ele>
			</trkpt>
			<trkpt lat="28.271056" lon="-16.641146">
				<ele>3590.000000</ele>
			</trkpt>
			<trkpt lat="28.271072" lon="-16.641146">
				<ele>3590.000000</ele>
			</trkpt>
			<trkpt lat="28.271080" lon="-16.641165">
				<ele>3591.000000</ele>
			</trkpt>
			<trkpt lat="28.271072" lon="-16.641219">
				<ele>3592.000000</ele>
			</trkpt>
			<trkpt lat="28.271089" lon="-16.641228">
				<ele>3592.000000</ele>
			</trkpt>
			<trkpt lat="28.271104" lon="-16.641201">
				<ele>3593.000000</ele>
			</trkpt>
			<trkpt lat="28.271112" lon="-16.641201">
				<ele>3593.000000</ele>
			</trkpt>
			<trkpt lat="28.271127" lon="-16.641282">
				<ele>3595.000000</ele>
			</trkpt>
			<trkpt lat="28.271144" lon="-16.641291">
				<ele>3596.000000</ele>
			</trkpt>
			<trkpt lat="28.271167" lon="-16.641272">
				<ele>3596.000000</ele>
			</trkpt>
			<trkpt lat="28.271183" lon="-16.641201">
				<ele>3598.000000</ele>
			</trkpt>
			<trkpt lat="28.271207" lon="-16.641209">
				<ele>3599.000000</ele>
			</trkpt>
			<trkpt lat="28.271199" lon="-16.641255">
				<ele>3600.000000</ele>
			</trkpt>
			<trkpt lat="28.271223" lon="-16.641326">
				<ele>3602.000000</ele>
			</trkpt>
			<trkpt lat="28.271207" lon="-16.641354">
				<ele>3602.000000</ele>
			</trkpt>
			<trkpt lat="28.271215" lon="-16.641372">
				<ele>3603.000000</ele>
			</trkpt>
			<trkpt lat="28.271246" lon="-16.641345">
				<ele>3604.000000</ele>
			</trkpt>
			<trkpt lat="28.271254" lon="-16.641362">
				<ele>3605.000000</ele>
			</trkpt>
			<trkpt lat="28.271246" lon="-16.641389">
				<ele>3606.000000</ele>
			</trkpt>
			<trkpt lat="28.271262" lon="-16.641435">
				<ele>3607.000000</ele>
			</trkpt>
			<trkpt lat="28.271278" lon="-16.641444">
				<ele>3607.000000</ele>
			</trkpt>
			<trkpt lat="28.271294" lon="-16.641398">
				<ele>3609.000000</ele>
			</trkpt>
			<trkpt lat="28.271302" lon="-16.641398">
				<ele>3609.000000</ele>
			</trkpt>
			<trkpt lat="28.271310" lon="-16.641479">
				<ele>3612.000000</ele>
			</trkpt>
			<trkpt lat="28.271357" lon="-16.641587">
				<ele>3616.000000</ele>
			</trkpt>
			<trkpt lat="28.271373" lon="-16.641596">
				<ele>3617.000000</ele>
			</trkpt>
			<trkpt lat="28.271420" lon="-16.641569">
				<ele>3619.000000</ele>
			</trkpt>
			<trkpt lat="28.271444" lon="-16.641596">
				<ele>3620.000000</ele>
			</trkpt>
			<trkpt lat="28.271437" lon="-16.641650">
				<ele>3622.000000</ele>
			</trkpt>
			<trkpt lat="28.271452" lon="-16.641677">
				<ele>3623.000000</ele>
			</trkpt>
			<trkpt lat="28.271468" lon="-16.641677">
				<ele>3624.000000</ele>
			</trkpt>
			<trkpt lat="28.271500" lon="-16.641641">
				<ele>3626.000000</ele>
			</trkpt>
			<trkpt lat="28.271523" lon="-16.641704">
				<ele>3629.000000</ele>
			</trkpt>
			<trkpt lat="28.271539" lon="-16.641722">
				<ele>3630.000000</ele>
			</trkpt>
			<trkpt lat="28.271563" lon="-16.641712">
				<ele>3631.000000</ele>
			</trkpt>
			<trkpt lat="28.271587" lon="-16.641659">
				<ele>3633.000000</ele>
			</trkpt>
			<trkpt lat="28.271618" lon="-16.641668">
				<ele>3634.000000</ele>
			</trkpt>
			<trkpt lat="28.271658" lon="-16.641722">
				<ele>3636.000000</ele>
			</trkpt>
			<trkpt lat="28.271658" lon="-16.641758">
				<ele>3637.000000</ele>
			</trkpt>
			<trkpt lat="28.271713" lon="-16.641865">
				<ele>3641.000000</ele>
			</trkpt>
			<trkpt lat="28.271729" lon="-16.641884">
				<ele>3642.000000</ele>
			</trkpt>
			<trkpt lat="28.271753" lon="-16.641830">
				<ele>3644.000000</ele>
			</trkpt>
			<trkpt lat="28.271768" lon="-16.641821">
				<ele>3645.000000</ele>
			</trkpt>
			<trkpt lat="28.271816" lon="-16.641920">
				<ele>3649.000000</ele>
			</trkpt>
			<trkpt lat="28.271816" lon="-16.641955">
				<ele>3650.000000</ele>
			</trkpt>
			<trkpt lat="28.271840" lon="-16.641974">
				<ele>3651.000000</ele>
			</trkpt>
			<trkpt lat="28.271864" lon="-16.641955">
				<ele>3652.000000</ele>
			</trkpt>
			<trkpt lat="28.271887" lon="-16.641955">
				<ele>3653.000000</ele>
			</trkpt>
			<trkpt lat="28.271879" lon="-16.642037">
				<ele>3655.000000</ele>
			</trkpt>
			<trkpt lat="28.271895" lon="-16.642054">
				<ele>3656.000000</ele>
			</trkpt>
			<trkpt lat="28.271927" lon="-16.642037">
				<ele>3657.000000</ele>
			</trkpt>
			<trkpt lat="28.271951" lon="-16.642045">
				<ele>3658.000000</ele>
			</trkpt>
			<trkpt lat="28.271990" lon="-16.642018">
				<ele>3659.000000</ele>
			</trkpt>
			<trkpt lat="28.272061" lon="-16.642018">
				<ele>3662.000000</ele>
			</trkpt>
			<trkpt lat="28.272093" lon="-16.642045">
				<ele>3664.000000</ele>
			</trkpt>
			<trkpt lat="28.272133" lon="-16.642054">
				<ele>3665.000000</ele>
			</trkpt>
			<trkpt lat="28.272164" lon="-16.642037">
				<ele>3666.000000</ele>
			</trkpt>
			<trkpt lat="28.272188" lon="-16.642037">
				<ele>3667.000000</ele>
			</trkpt>
			<trkpt lat="28.272283" lon="-16.642027">
				<ele>3670.000000</ele>
			</trkpt>
			<trkpt lat="28.272291" lon="-16.641991">
				<ele>3670.000000</ele>
			</trkpt>
			<trkpt lat="28.272378" lon="-16.641982">
				<ele>3672.000000</ele>
			</trkpt>
			<trkpt lat="28.272560" lon="-16.642045">
				<ele>3679.000000</ele>
			</trkpt>
			<trkpt lat="28.272568" lon="-16.642117">
				<ele>3681.000000</ele>
			</trkpt>
			<trkpt lat="28.272718" lon="-16.642224">
				<ele>3682.000000</ele>
			</trkpt>
			<trkpt lat="28.272718" lon="-16.642224">
				<ele>3682.000000</ele>
			</trkpt>
			<trkpt lat="28.272568" lon="-16.642117">
				<ele>3681.000000</ele>
			</trkpt>
			<trkpt lat="28.272560" lon="-16.642045">
				<ele>3679.000000</ele>
			</trkpt>
			<trkpt lat="28.272378" lon="-16.641982">
				<ele>3672.000000</ele>
			</trkpt>
			<trkpt lat="28.272291" lon="-16.641991">
				<ele>3670.000000</ele>
			</trkpt>
			<trkpt lat="28.272283" lon="-16.642027">
				<ele>3670.000000</ele>
			</trkpt>
			<trkpt lat="28.272188" lon="-16.642037">
				<ele>3667.000000</ele>
			</trkpt>
			<trkpt lat="28.272164" lon="-16.642037">
				<ele>3666.000000</ele>
			</trkpt>
			<trkpt lat="28.272133" lon="-16.642054">
				<ele>3665.000000</ele>
			</trkpt>
			<trkpt lat="28.272093" lon="-16.642045">
				<ele>3664.000000</ele>
			</trkpt>
			<trkpt lat="28.272061" lon="-16.642018">
				<ele>3662.000000</ele>
			</trkpt>
			<trkpt lat="28.271990" lon="-16.642018">
				<ele>3659.000000</ele>
			</trkpt>
			<trkpt lat="28.271951" lon="-16.642045">
				<ele>3658.000000</ele>
			</trkpt>
			<trkpt lat="28.271927" lon="-16.642037">
				<ele>3657.000000</ele>
			</trkpt>
			<trkpt lat="28.271895" lon="-16.642054">
				<ele>3656.000000</ele>
			</trkpt>
			<trkpt lat="28.271879" lon="-16.642037">
				<ele>3655.000000</ele>
			</trkpt>
			<trkpt lat="28.271887" lon="-16.641955">
				<ele>3653.000000</ele>
			</trkpt>
			<trkpt lat="28.271864" lon="-16.641955">
				<ele>3652.000000</ele>
			</trkpt>
			<trkpt lat="28.271840" lon="-16.641974">
				<ele>3651.000000</ele>
			</trkpt>
			<trkpt lat="28.271816" lon="-16.641955">
				<ele>3650.000000</ele>
			</trkpt>
			<trkpt lat="28.271816" lon="-16.641920">
				<ele>3649.000000</ele>
			</trkpt>
			<trkpt lat="28.271768" lon="-16.641821">
				<ele>3645.000000</ele>
			</trkpt>
			<trkpt lat="28.271753" lon="-16.641830">
				<ele>3644.000000</ele>
			</trkpt>
			<trkpt lat="28.271729" lon="-16.641884">
				<ele>3642.000000</ele>
			</trkpt>
			<trkpt lat="28.271713" lon="-16.641865">
				<ele>3641.000000</ele>
			</trkpt>
			<trkpt lat="28.271658" lon="-16.641758">
				<ele>3637.000000</ele>
			</trkpt>
			<trkpt lat="28.271658" lon="-16.641722">
				<ele>3636.000000</ele>
			</trkpt>
			<trkpt lat="28.271618" lon="-16.641668">
				<ele>3634.000000</ele>
			</trkpt>
			<trkpt lat="28.271587" lon="-16.641659">
				<ele>3633.000000</ele>
			</trkpt>
			<trkpt lat="28.271563" lon="-16.641712">
				<ele>3631.000000</ele>
			</trkpt>
			<trkpt lat="28.271539" lon="-16.641722">
				<ele>3630.000000</ele>
			</trkpt>
			<trkpt lat="28.271523" lon="-16.641704">
				<ele>3629.000000</ele>
			</trkpt>
			<trkpt lat="28.271500" lon="-16.641641">
				<ele>3626.000000</ele>
			</trkpt>
			<trkpt lat="28.271468" lon="-16.641677">
				<ele>3624.000000</ele>
			</trkpt>
			<trkpt lat="28.271452" lon="-16.641677">
				<ele>3623.000000</ele>
			</trkpt>
			<trkpt lat="28.271437" lon="-16.641650">
				<ele>3622.000000</ele>
			</trkpt>
			<trkpt lat="28.271444" lon="-16.641596">
				<ele>3620.000000</ele>
			</trkpt>
			<trkpt lat="28.271420" lon="-16.641569">
				<ele>3619.000000</ele>
			</trkpt>
			<trkpt lat="28.271373" lon="-16.641596">
				<ele>3617.000000</ele>
			</trkpt>
			<trkpt lat="28.271357" lon="-16.641587">
				<ele>3616.000000</ele>
			</trkpt>
			<trkpt lat="28.271310" lon="-16.641479">
				<ele>3612.000000</ele>
			</trkpt>
			<trkpt lat="28.271302" lon="-16.641398">
				<ele>3609.000000</ele>
			</trkpt>
			<trkpt lat="28.271294" lon="-16.641398">
				<ele>3609.000000</ele>
			</trkpt>
			<trkpt lat="28.271278" lon="-16.641444">
				<ele>3607.000000</ele>
			</trkpt>
			<trkpt lat="28.271262" lon="-16.641435">
				<ele>3607.000000</ele>
			</trkpt>
			<trkpt lat="28.271246" lon="-16.641389">
				<ele>3606.000000</ele>
			</trkpt>
			<trkpt lat="28.271254" lon="-16.641362">
				<ele>3605.000000</ele>
			</trkpt>
			<trkpt lat="28.271246" lon="-16.641345">
				<ele>3604.000000</ele>
			</trkpt>
			<trkpt lat="28.271215" lon="-16.641372">
				<ele>3603.000000</ele>
			</trkpt>
			<trkpt lat="28.271207" lon="-16.641354">
				<ele>3602.000000</ele>
			</trkpt>
			<trkpt lat="28.271223" lon="-16.641326">
				<ele>3602.000000</ele>
			</trkpt>
			<trkpt lat="28.271199" lon="-16.641255">
				<ele>3600.000000</ele>
			</trkpt>
			<trkpt lat="28.271207" lon="-16.641209">
				<ele>3599.000000</ele>
			</trkpt>
			<trkpt lat="28.271183" lon="-16.641201">
				<ele>3598.000000</ele>
			</trkpt>
			<trkpt lat="28.271167" lon="-16.641272">
				<ele>3596.000000</ele>
			</trkpt>
			<trkpt lat="28.271144" lon="-16.641291">
				<ele>3596.000000</ele>
			</trkpt>
			<trkpt lat="28.271127" lon="-16.641282">
				<ele>3595.000000</ele>
			</trkpt>
			<trkpt lat="28.271112" lon="-16.641201">
				<ele>3593.000000</ele>
			</trkpt>
			<trkpt lat="28.271104" lon="-16.641201">
				<ele>3593.000000</ele>
			</trkpt>
			<trkpt lat="28.271089" lon="-16.641228">
				<ele>3592.000000</ele>
			</trkpt>
			<trkpt lat="28.271072" lon="-16.641219">
				<ele>3592.000000</ele>
			</trkpt>
			<trkpt lat="28.271080" lon="-16.641165">
				<ele>3591.000000</ele>
			</trkpt>
			<trkpt lat="28.271072" lon="-16.641146">
				<ele>3590.000000</ele>
			</trkpt>
			<trkpt lat="28.271056" lon="-16.641146">
				<ele>3590.000000</ele>
			</trkpt>
			<trkpt lat="28.271033" lon="-16.641119">
				<ele>3589.000000</ele>
			</trkpt>
			<trkpt lat="28.271017" lon="-16.641138">
				<ele>3588.000000</ele>
			</trkpt>
			<trkpt lat="28.271009" lon="-16.641129">
				<ele>3587.000000</ele>
			</trkpt>
			<trkpt lat="28.271009" lon="-16.641022">
				<ele>3584.000000</ele>
			</trkpt>
			<trkpt lat="28.270993" lon="-16.640976">
				<ele>3582.000000</ele>
			</trkpt>
			<trkpt lat="28.270906" lon="-16.640859">
				<ele>3576.000000</ele>
			</trkpt>
			<trkpt lat="28.270795" lon="-16.640698">
				<ele>3569.000000</ele>
			</trkpt>
			<trkpt lat="28.270795" lon="-16.640670">
				<ele>3569.000000</ele>
			</trkpt>
			<trkpt lat="28.270835" lon="-16.640643">
				<ele>3568.000000</ele>
			</trkpt>
			<trkpt lat="28.270898" lon="-16.640553">
				<ele>3566.000000</ele>
			</trkpt>
			<trkpt lat="28.270938" lon="-16.640509">
				<ele>3565.000000</ele>
			</trkpt>
			<trkpt lat="28.270938" lon="-16.640482">
				<ele>3565.000000</ele>
			</trkpt>
			<trkpt lat="28.270914" lon="-16.640492">
				<ele>3565.000000</ele>
			</trkpt>
			<trkpt lat="28.270883" lon="-16.640482">
				<ele>3564.000000</ele>
			</trkpt>
			<trkpt lat="28.270875" lon="-16.640464">
				<ele>3564.000000</ele>
			</trkpt>
			<trkpt lat="28.270898" lon="-16.640429">
				<ele>3563.000000</ele>
			</trkpt>
			<trkpt lat="28.270891" lon="-16.640402">
				<ele>3563.000000</ele>
			</trkpt>
			<trkpt lat="28.270764" lon="-16.640177">
				<ele>3559.000000</ele>
			</trkpt>
			<trkpt lat="28.270693" lon="-16.639997">
				<ele>3557.000000</ele>
			</trkpt>
			<trkpt lat="28.270637" lon="-16.639836">
				<ele>3555.000000</ele>
			</trkpt>
			<trkpt lat="28.270598" lon="-16.639674">
				<ele>3553.000000</ele>
			</trkpt>
			<trkpt lat="28.270550" lon="-16.639601">
				<ele>3552.000000</ele>
			</trkpt>
			<trkpt lat="28.270527" lon="-16.639557">
				<ele>3551.000000</ele>
			</trkpt>
			<trkpt lat="28.270550" lon="-16.639450">
				<ele>3550.000000</ele>
			</trkpt>
			<trkpt lat="28.270519" lon="-16.639198">
				<ele>3546.000000</ele>
			</trkpt>
			<trkpt lat="28.270527" lon="-16.639144">
				<ele>3545.000000</ele>
			</trkpt>
			<trkpt lat="28.270550" lon="-16.639090">
				<ele>3544.000000</ele>
			</trkpt>
			<trkpt lat="28.270550" lon="-16.638945">
				<ele>3542.000000</ele>
			</trkpt>
			<trkpt lat="28.270527" lon="-16.638892">
				<ele>3541.000000</ele>
			</trkpt>
			<trkpt lat="28.270416" lon="-16.638775">
				<ele>3540.000000</ele>
			</trkpt>
			<trkpt lat="28.270384" lon="-16.638722">
				<ele>3540.000000</ele>
			</trkpt>
			<trkpt lat="28.270384" lon="-16.638676">
				<ele>3540.000000</ele>
			</trkpt>
			<trkpt lat="28.270273" lon="-16.638668">
				<ele>3530.000000</ele>
			</trkpt>
			<trkpt lat="28.270226" lon="-16.638668">
				<ele>3530.000000</ele>
			</trkpt>
			<trkpt lat="28.270179" lon="-16.638676">
				<ele>3530.000000</ele>
			</trkpt>
			<trkpt lat="28.270146" lon="-16.638712">
				<ele>3530.000000</ele>
			</trkpt>
			<trkpt lat="28.270091" lon="-16.638758">
				<ele>3530.000000</ele>
			</trkpt>
			<trkpt lat="28.270012" lon="-16.638802">
				<ele>3530.000000</ele>
			</trkpt>
			<trkpt lat="28.269965" lon="-16.638829">
				<ele>3530.000000</ele>
			</trkpt>
			<trkpt lat="28.269902" lon="-16.638884">
				<ele>3530.000000</ele>
			</trkpt>
			<trkpt lat="28.269846" lon="-16.638945">
				<ele>3530.000000</ele>
			</trkpt>
			<trkpt lat="28.269846" lon="-16.638982">
				<ele>3530.000000</ele>
			</trkpt>
			<trkpt lat="28.269846" lon="-16.639018">
				<ele>3530.000000</ele>
			</trkpt>
			<trkpt lat="28.269854" lon="-16.639045">
				<ele>3530.000000</ele>
			</trkpt>
			<trkpt lat="28.269902" lon="-16.639108">
				<ele>3531.000000</ele>
			</trkpt>
			<trkpt lat="28.269909" lon="-16.639161">
				<ele>3533.000000</ele>
			</trkpt>
			<trkpt lat="28.269902" lon="-16.639207">
				<ele>3534.000000</ele>
			</trkpt>
			<trkpt lat="28.269949" lon="-16.639324">
				<ele>3537.000000</ele>
			</trkpt>
			<trkpt lat="28.269949" lon="-16.639503">
				<ele>3540.000000</ele>
			</trkpt>
			<trkpt lat="28.270091" lon="-16.639934">
				<ele>3540.000000</ele>
			</trkpt>
			<trkpt lat="28.270115" lon="-16.640194">
				<ele>3540.000000</ele>
			</trkpt>
			<trkpt lat="28.270091" lon="-16.640284">
				<ele>3540.000000</ele>
			</trkpt>
			<trkpt lat="28.269925" lon="-16.640437">
				<ele>3540.000000</ele>
			</trkpt>
			<trkpt lat="28.269973" lon="-16.640473">
				<ele>3540.000000</ele>
			</trkpt>
			<trkpt lat="28.269996" lon="-16.640527">
				<ele>3540.000000</ele>
			</trkpt>
			<trkpt lat="28.269941" lon="-16.640670">
				<ele>3540.000000</ele>
			</trkpt>
			<trkpt lat="28.269870" lon="-16.640743">
				<ele>3540.000000</ele>
			</trkpt>
			<trkpt lat="28.269759" lon="-16.640815">
				<ele>3540.000000</ele>
			</trkpt>
			<trkpt lat="28.269727" lon="-16.640932">
				<ele>3538.000000</ele>
			</trkpt>
			<trkpt lat="28.269696" lon="-16.640796">
				<ele>3536.000000</ele>
			</trkpt>
			<trkpt lat="28.269656" lon="-16.640886">
				<ele>3534.000000</ele>
			</trkpt>
			<trkpt lat="28.269625" lon="-16.640985">
				<ele>3533.000000</ele>
			</trkpt>
			<trkpt lat="28.269569" lon="-16.641102">
				<ele>3531.000000</ele>
			</trkpt>
			<trkpt lat="28.269300" lon="-16.641282">
				<ele>3520.000000</ele>
			</trkpt>
			<trkpt lat="28.269284" lon="-16.641335">
				<ele>3520.000000</ele>
			</trkpt>
			<trkpt lat="28.269245" lon="-16.641389">
				<ele>3520.000000</ele>
			</trkpt>
			<trkpt lat="28.269261" lon="-16.641416">
				<ele>3520.000000</ele>
			</trkpt>
			<trkpt lat="28.269284" lon="-16.641479">
				<ele>3520.000000</ele>
			</trkpt>
			<trkpt lat="28.269379" lon="-16.641596">
				<ele>3520.000000</ele>
			</trkpt>
			<trkpt lat="28.269442" lon="-16.641695">
				<ele>3520.000000</ele>
			</trkpt>
			<trkpt lat="28.269475" lon="-16.641892">
				<ele>3520.000000</ele>
			</trkpt>
			<trkpt lat="28.269466" lon="-16.641947">
				<ele>3520.000000</ele>
			</trkpt>
			<trkpt lat="28.269466" lon="-16.642216">
				<ele>3520.000000</ele>
			</trkpt>
			<trkpt lat="28.269521" lon="-16.642737">
				<ele>3518.000000</ele>
			</trkpt>
			<trkpt lat="28.269514" lon="-16.642890">
				<ele>3516.000000</ele>
			</trkpt>
			<trkpt lat="28.269514" lon="-16.643150">
				<ele>3512.000000</ele>
			</trkpt>
			<trkpt lat="28.269490" lon="-16.643232">
				<ele>3511.000000</ele>
			</trkpt>
			<trkpt lat="28.269475" lon="-16.643267">
				<ele>3510.000000</ele>
			</trkpt>
			<trkpt lat="28.269427" lon="-16.643293">
				<ele>3510.000000</ele>
			</trkpt>
			<trkpt lat="28.269427" lon="-16.643303">
				<ele>3509.000000</ele>
			</trkpt>
			<trkpt lat="28.269435" lon="-16.643320">
				<ele>3509.000000</ele>
			</trkpt>
			<trkpt lat="28.269442" lon="-16.643356">
				<ele>3509.000000</ele>
			</trkpt>
			<trkpt lat="28.269435" lon="-16.643366">
				<ele>3509.000000</ele>
			</trkpt>
			<trkpt lat="28.269340" lon="-16.643303">
				<ele>3507.000000</ele>
			</trkpt>
			<trkpt lat="28.269316" lon="-16.643276">
				<ele>3507.000000</ele>
			</trkpt>
			<trkpt lat="28.269300" lon="-16.643285">
				<ele>3506.000000</ele>
			</trkpt>
			<trkpt lat="28.269411" lon="-16.643500">
				<ele>3503.000000</ele>
			</trkpt>
			<trkpt lat="28.269435" lon="-16.643609">
				<ele>3502.000000</ele>
			</trkpt>
			<trkpt lat="28.269427" lon="-16.643815">
				<ele>3500.000000</ele>
			</trkpt>
			<trkpt lat="28.269419" lon="-16.643869">
				<ele>3500.000000</ele>
			</trkpt>
			<trkpt lat="28.269427" lon="-16.643896">
				<ele>3500.000000</ele>
			</trkpt>
			<trkpt lat="28.269466" lon="-16.643914">
				<ele>3500.000000</ele>
			</trkpt>
			<trkpt lat="28.269506" lon="-16.643959">
				<ele>3500.000000</ele>
			</trkpt>
			<trkpt lat="28.269593" lon="-16.644129">
				<ele>3500.000000</ele>
			</trkpt>
			<trkpt lat="28.269735" lon="-16.644471">
				<ele>3496.000000</ele>
			</trkpt>
			<trkpt lat="28.269743" lon="-16.644632">
				<ele>3494.000000</ele>
			</trkpt>
			<trkpt lat="28.269854" lon="-16.644938">
				<ele>3491.000000</ele>
			</trkpt>
			<trkpt lat="28.269854" lon="-16.644947">
				<ele>3491.000000</ele>
			</trkpt>
			<trkpt lat="28.269854" lon="-16.644974">
				<ele>3490.000000</ele>
			</trkpt>
			<trkpt lat="28.269838" lon="-16.644991">
				<ele>3490.000000</ele>
			</trkpt>
			<trkpt lat="28.269751" lon="-16.645046">
				<ele>3487.000000</ele>
			</trkpt>
			<trkpt lat="28.269719" lon="-16.645054">
				<ele>3486.000000</ele>
			</trkpt>
			<trkpt lat="28.269640" lon="-16.645108">
				<ele>3483.000000</ele>
			</trkpt>
			<trkpt lat="28.269625" lon="-16.645144">
				<ele>3482.000000</ele>
			</trkpt>
			<trkpt lat="28.269039" lon="-16.645710">
				<ele>3457.000000</ele>
			</trkpt>
			<trkpt lat="28.268817" lon="-16.645980">
				<ele>3449.000000</ele>
			</trkpt>
			<trkpt lat="28.268723" lon="-16.646115">
				<ele>3446.000000</ele>
			</trkpt>
			<trkpt lat="28.268659" lon="-16.646259">
				<ele>3444.000000</ele>
			</trkpt>
			<trkpt lat="28.268612" lon="-16.646519">
				<ele>3441.000000</ele>
			</trkpt>
			<trkpt lat="28.268557" lon="-16.646689">
				<ele>3437.000000</ele>
			</trkpt>
			<trkpt lat="28.268232" lon="-16.647427">
				<ele>3415.000000</ele>
			</trkpt>
			<trkpt lat="28.268042" lon="-16.648109">
				<ele>3396.000000</ele>
			</trkpt>
			<trkpt lat="28.267940" lon="-16.648369">
				<ele>3387.000000</ele>
			</trkpt>
			<trkpt lat="28.267924" lon="-16.648540">
				<ele>3382.000000</ele>
			</trkpt>
			<trkpt lat="28.267852" lon="-16.648639">
				<ele>3379.000000</ele>
			</trkpt>
			<trkpt lat="28.267900" lon="-16.648792">
				<ele>3375.000000</ele>
			</trkpt>
			<trkpt lat="28.267749" lon="-16.649008">
				<ele>3369.000000</ele>
			</trkpt>
			<trkpt lat="28.267670" lon="-16.649133">
				<ele>3366.000000</ele>
			</trkpt>
			<trkpt lat="28.267749" lon="-16.649232">
				<ele>3364.000000</ele>
			</trkpt>
			<trkpt lat="28.267663" lon="-16.649312">
				<ele>3361.000000</ele>
			</trkpt>
			<trkpt lat="28.267702" lon="-16.649402">
				<ele>3359.000000</ele>
			</trkpt>
			<trkpt lat="28.267655" lon="-16.649475">
				<ele>3357.000000</ele>
			</trkpt>
			<trkpt lat="28.267663" lon="-16.649564">
				<ele>3355.000000</ele>
			</trkpt>
			<trkpt lat="28.267282" lon="-16.650050">
				<ele>3336.000000</ele>
			</trkpt>
			<trkpt lat="28.267124" lon="-16.650337">
				<ele>3324.000000</ele>
			</trkpt>
			<trkpt lat="28.267006" lon="-16.650597">
				<ele>3314.000000</ele>
			</trkpt>
			<trkpt lat="28.266911" lon="-16.650723">
				<ele>3309.000000</ele>
			</trkpt>
			<trkpt lat="28.266847" lon="-16.650786">
				<ele>3306.000000</ele>
			</trkpt>
			<trkpt lat="28.266626" lon="-16.650930">
				<ele>3298.000000</ele>
			</trkpt>
			<trkpt lat="28.266563" lon="-16.651002">
				<ele>3296.000000</ele>
			</trkpt>
			<trkpt lat="28.266333" lon="-16.651505">
				<ele>3283.000000</ele>
			</trkpt>
			<trkpt lat="28.266278" lon="-16.651756">
				<ele>3278.000000</ele>
			</trkpt>
			<trkpt lat="28.266254" lon="-16.652268">
				<ele>3267.000000</ele>
			</trkpt>
			<trkpt lat="28.266214" lon="-16.652484">
				<ele>3259.000000</ele>
			</trkpt>
			<trkpt lat="28.266207" lon="-16.652582">
				<ele>3256.000000</ele>
			</trkpt>
			<trkpt lat="28.266293" lon="-16.652941">
				<ele>3245.000000</ele>
			</trkpt>
			<trkpt lat="28.266293" lon="-16.653086">
				<ele>3240.000000</ele>
			</trkpt>
			<trkpt lat="28.266246" lon="-16.653616">
				<ele>3223.000000</ele>
			</trkpt>
			<trkpt lat="28.266246" lon="-16.653876">
				<ele>3215.000000</ele>
			</trkpt>
			<trkpt lat="28.266199" lon="-16.653993">
				<ele>3211.000000</ele>
			</trkpt>
			<trkpt lat="28.266088" lon="-16.654182">
				<ele>3204.000000</ele>
			</trkpt>
			<trkpt lat="28.265970" lon="-16.654469">
				<ele>3196.000000</ele>
			</trkpt>
			<trkpt lat="28.265851" lon="-16.654666">
				<ele>3191.000000</ele>
			</trkpt>
			<trkpt lat="28.265811" lon="-16.654756">
				<ele>3189.000000</ele>
			</trkpt>
			<trkpt lat="28.265764" lon="-16.654999">
				<ele>3184.000000</ele>
			</trkpt>
			<trkpt lat="28.265724" lon="-16.655277">
				<ele>3178.000000</ele>
			</trkpt>
			<trkpt lat="28.265502" lon="-16.655763">
				<ele>3165.000000</ele>
			</trkpt>
			<trkpt lat="28.265273" lon="-16.656329">
				<ele>3150.000000</ele>
			</trkpt>
			<trkpt lat="28.265257" lon="-16.656364">
				<ele>3149.000000</ele>
			</trkpt>
			<trkpt lat="28.265225" lon="-16.656383">
				<ele>3149.000000</ele>
			</trkpt>
			<trkpt lat="28.265210" lon="-16.656419">
				<ele>3148.000000</ele>
			</trkpt>
			<trkpt lat="28.265218" lon="-16.656463">
				<ele>3148.000000</ele>
			</trkpt>
			<trkpt lat="28.265218" lon="-16.656517">
				<ele>3147.000000</ele>
			</trkpt>
			<trkpt lat="28.265225" lon="-16.656580">
				<ele>3146.000000</ele>
			</trkpt>
			<trkpt lat="28.265289" lon="-16.656643">
				<ele>3145.000000</ele>
			</trkpt>
			<trkpt lat="28.265368" lon="-16.656670">
				<ele>3144.000000</ele>
			</trkpt>
			<trkpt lat="28.265400" lon="-16.656723">
				<ele>3143.000000</ele>
			</trkpt>
			<trkpt lat="28.265392" lon="-16.656778">
				<ele>3142.000000</ele>
			</trkpt>
			<trkpt lat="28.265344" lon="-16.656805">
				<ele>3141.000000</ele>
			</trkpt>
			<trkpt lat="28.265320" lon="-16.656832">
				<ele>3141.000000</ele>
			</trkpt>
			<trkpt lat="28.265297" lon="-16.656840">
				<ele>3140.000000</ele>
			</trkpt>
			<trkpt lat="28.265289" lon="-16.656849">
				<ele>3140.000000</ele>
			</trkpt>
			<trkpt lat="28.265281" lon="-16.656895">
				<ele>3139.000000</ele>
			</trkpt>
			<trkpt lat="28.265233" lon="-16.656966">
				<ele>3137.000000</ele>
			</trkpt>
			<trkpt lat="28.265202" lon="-16.657038">
				<ele>3136.000000</ele>
			</trkpt>
			<trkpt lat="28.265162" lon="-16.657048">
				<ele>3135.000000</ele>
			</trkpt>
			<trkpt lat="28.265146" lon="-16.657083">
				<ele>3134.000000</ele>
			</trkpt>
			<trkpt lat="28.265146" lon="-16.657128">
				<ele>3133.000000</ele>
			</trkpt>
			<trkpt lat="28.265131" lon="-16.657155">
				<ele>3132.000000</ele>
			</trkpt>
			<trkpt lat="28.265115" lon="-16.657164">
				<ele>3132.000000</ele>
			</trkpt>
			<trkpt lat="28.265083" lon="-16.657172">
				<ele>3131.000000</ele>
			</trkpt>
			<trkpt lat="28.265067" lon="-16.657209">
				<ele>3130.000000</ele>
			</trkpt>
			<trkpt lat="28.265075" lon="-16.657262">
				<ele>3129.000000</ele>
			</trkpt>
			<trkpt lat="28.265052" lon="-16.657415">
				<ele>3126.000000</ele>
			</trkpt>
			<trkpt lat="28.265012" lon="-16.657469">
				<ele>3124.000000</ele>
			</trkpt>
			<trkpt lat="28.264996" lon="-16.657496">
				<ele>3124.000000</ele>
			</trkpt>
			<trkpt lat="28.264869" lon="-16.657586">
				<ele>3120.000000</ele>
			</trkpt>
			<trkpt lat="28.264767" lon="-16.657704">
				<ele>3118.000000</ele>
			</trkpt>
			<trkpt lat="28.264727" lon="-16.657730">
				<ele>3117.000000</ele>
			</trkpt>
			<trkpt lat="28.264704" lon="-16.657792">
				<ele>3116.000000</ele>
			</trkpt>
			<trkpt lat="28.264672" lon="-16.657838">
				<ele>3115.000000</ele>
			</trkpt>
			<trkpt lat="28.264648" lon="-16.657901">
				<ele>3114.000000</ele>
			</trkpt>
			<trkpt lat="28.264640" lon="-16.658017">
				<ele>3113.000000</ele>
			</trkpt>
			<trkpt lat="28.264569" lon="-16.658170">
				<ele>3110.000000</ele>
			</trkpt>
			<trkpt lat="28.264189" lon="-16.658960">
				<ele>3101.000000</ele>
			</trkpt>
			<trkpt lat="28.264126" lon="-16.659140">
				<ele>3098.000000</ele>
			</trkpt>
			<trkpt lat="28.264015" lon="-16.659698">
				<ele>3087.000000</ele>
			</trkpt>
			<trkpt lat="28.263967" lon="-16.659769">
				<ele>3086.000000</ele>
			</trkpt>
			<trkpt lat="28.263786" lon="-16.659922">
				<ele>3081.000000</ele>
			</trkpt>
			<trkpt lat="28.263627" lon="-16.660002">
				<ele>3078.000000</ele>
			</trkpt>
			<trkpt lat="28.263413" lon="-16.660146">
				<ele>3076.000000</ele>
			</trkpt>
			<trkpt lat="28.263184" lon="-16.660254">
				<ele>3073.000000</ele>
			</trkpt>
			<trkpt lat="28.263113" lon="-16.660344">
				<ele>3072.000000</ele>
			</trkpt>
			<trkpt lat="28.263050" lon="-16.660478">
				<ele>3070.000000</ele>
			</trkpt>
			<trkpt lat="28.263026" lon="-16.660587">
				<ele>3069.000000</ele>
			</trkpt>
			<trkpt lat="28.263018" lon="-16.660730">
				<ele>3068.000000</ele>
			</trkpt>
			<trkpt lat="28.262994" lon="-16.660820">
				<ele>3067.000000</ele>
			</trkpt>
			<trkpt lat="28.262939" lon="-16.660883">
				<ele>3066.000000</ele>
			</trkpt>
			<trkpt lat="28.262780" lon="-16.660954">
				<ele>3064.000000</ele>
			</trkpt>
			<trkpt lat="28.262646" lon="-16.661036">
				<ele>3062.000000</ele>
			</trkpt>
			<trkpt lat="28.262322" lon="-16.661422">
				<ele>3057.000000</ele>
			</trkpt>
			<trkpt lat="28.262259" lon="-16.661440">
				<ele>3056.000000</ele>
			</trkpt>
			<trkpt lat="28.262172" lon="-16.661449">
				<ele>3054.000000</ele>
			</trkpt>
			<trkpt lat="28.262092" lon="-16.661520">
				<ele>3053.000000</ele>
			</trkpt>
			<trkpt lat="28.261712" lon="-16.661790">
				<ele>3050.000000</ele>
			</trkpt>
			<trkpt lat="28.261633" lon="-16.661809">
				<ele>3050.000000</ele>
			</trkpt>
			<trkpt lat="28.261618" lon="-16.661933">
				<ele>3050.000000</ele>
			</trkpt>
			<trkpt lat="28.261681" lon="-16.661996">
				<ele>3050.000000</ele>
			</trkpt>
			<trkpt lat="28.261728" lon="-16.662113">
				<ele>3050.000000</ele>
			</trkpt>
			<trkpt lat="28.261752" lon="-16.662140">
				<ele>3050.000000</ele>
			</trkpt>
			<trkpt lat="28.261799" lon="-16.662168">
				<ele>3050.000000</ele>
			</trkpt>
			<trkpt lat="28.261815" lon="-16.662212">
				<ele>3050.000000</ele>
			</trkpt>
			<trkpt lat="28.261807" lon="-16.662266">
				<ele>3050.000000</ele>
			</trkpt>
			<trkpt lat="28.261824" lon="-16.662302">
				<ele>3050.000000</ele>
			</trkpt>
			<trkpt lat="28.261831" lon="-16.662338">
				<ele>3050.000000</ele>
			</trkpt>
			<trkpt lat="28.261887" lon="-16.662348">
				<ele>3051.000000</ele>
			</trkpt>
			<trkpt lat="28.261926" lon="-16.662401">
				<ele>3051.000000</ele>
			</trkpt>
			<trkpt lat="28.261926" lon="-16.662482">
				<ele>3051.000000</ele>
			</trkpt>
			<trkpt lat="28.261903" lon="-16.662625">
				<ele>3051.000000</ele>
			</trkpt>
			<trkpt lat="28.261895" lon="-16.662652">
				<ele>3051.000000</ele>
			</trkpt>
			<trkpt lat="28.261807" lon="-16.662814">
				<ele>3052.000000</ele>
			</trkpt>
			<trkpt lat="28.261720" lon="-16.662868">
				<ele>3052.000000</ele>
			</trkpt>
			<trkpt lat="28.261681" lon="-16.662878">
				<ele>3052.000000</ele>
			</trkpt>
			<trkpt lat="28.261649" lon="-16.662914">
				<ele>3055.000000</ele>
			</trkpt>
			<trkpt lat="28.261657" lon="-16.662975">
				<ele>3059.000000</ele>
			</trkpt>
			<trkpt lat="28.261681" lon="-16.663012">
				<ele>3061.000000</ele>
			</trkpt>
			<trkpt lat="28.261689" lon="-16.663048">
				<ele>3062.000000</ele>
			</trkpt>
			<trkpt lat="28.261705" lon="-16.663075">
				<ele>3063.000000</ele>
			</trkpt>
			<trkpt lat="28.261705" lon="-16.663128">
				<ele>3065.000000</ele>
			</trkpt>
			<trkpt lat="28.261705" lon="-16.663164">
				<ele>3066.000000</ele>
			</trkpt>
			<trkpt lat="28.261728" lon="-16.663201">
				<ele>3068.000000</ele>
			</trkpt>
			<trkpt lat="28.261744" lon="-16.663237">
				<ele>3069.000000</ele>
			</trkpt>
			<trkpt lat="28.261799" lon="-16.663291">
				<ele>3071.000000</ele>
			</trkpt>
			<trkpt lat="28.261824" lon="-16.663327">
				<ele>3073.000000</ele>
			</trkpt>
			<trkpt lat="28.261855" lon="-16.663371">
				<ele>3075.000000</ele>
			</trkpt>
			<trkpt lat="28.261903" lon="-16.663407">
				<ele>3077.000000</ele>
			</trkpt>
			<trkpt lat="28.261934" lon="-16.663425">
				<ele>3078.000000</ele>
			</trkpt>
			<trkpt lat="28.262021" lon="-16.663461">
				<ele>3081.000000</ele>
			</trkpt>
			<trkpt lat="28.262061" lon="-16.663480">
				<ele>3082.000000</ele>
			</trkpt>
			<trkpt lat="28.262100" lon="-16.663515">
				<ele>3083.000000</ele>
			</trkpt>
			<trkpt lat="28.262124" lon="-16.663560">
				<ele>3084.000000</ele>
			</trkpt>
			<trkpt lat="28.262124" lon="-16.663587">
				<ele>3085.000000</ele>
			</trkpt>
			<trkpt lat="28.262108" lon="-16.663623">
				<ele>3085.000000</ele>
			</trkpt>
			<trkpt lat="28.262116" lon="-16.663650">
				<ele>3086.000000</ele>
			</trkpt>
			<trkpt lat="28.262147" lon="-16.663677">
				<ele>3087.000000</ele>
			</trkpt>
			<trkpt lat="28.262163" lon="-16.663704">
				<ele>3087.000000</ele>
			</trkpt>
			<trkpt lat="28.262259" lon="-16.663704">
				<ele>3088.000000</ele>
			</trkpt>
			<trkpt lat="28.262401" lon="-16.663623">
				<ele>3090.000000</ele>
			</trkpt>
			<trkpt lat="28.262694" lon="-16.663730">
				<ele>3093.000000</ele>
			</trkpt>
			<trkpt lat="28.262828" lon="-16.663677">
				<ele>3095.000000</ele>
			</trkpt>
			<trkpt lat="28.263090" lon="-16.663803">
				<ele>3098.000000</ele>
			</trkpt>
			<trkpt lat="28.263169" lon="-16.663883">
				<ele>3099.000000</ele>
			</trkpt>
			<trkpt lat="28.263224" lon="-16.663946">
				<ele>3099.000000</ele>
			</trkpt>
			<trkpt lat="28.263287" lon="-16.663973">
				<ele>3100.000000</ele>
			</trkpt>
			<trkpt lat="28.263390" lon="-16.664072">
				<ele>3100.000000</ele>
			</trkpt>
			<trkpt lat="28.263501" lon="-16.664153">
				<ele>3100.000000</ele>
			</trkpt>
			<trkpt lat="28.263611" lon="-16.664306">
				<ele>3100.000000</ele>
			</trkpt>
			<trkpt lat="28.263754" lon="-16.664459">
				<ele>3100.000000</ele>
			</trkpt>
			<trkpt lat="28.263825" lon="-16.664557">
				<ele>3100.000000</ele>
			</trkpt>
			<trkpt lat="28.263904" lon="-16.664656">
				<ele>3100.000000</ele>
			</trkpt>
			<trkpt lat="28.263904" lon="-16.664656">
				<ele>3100.000000</ele>
			</trkpt>
			<trkpt lat="28.263825" lon="-16.664557">
				<ele>3100.000000</ele>
			</trkpt>
			<trkpt lat="28.263754" lon="-16.664459">
				<ele>3100.000000</ele>
			</trkpt>
			<trkpt lat="28.263611" lon="-16.664306">
				<ele>3100.000000</ele>
			</trkpt>
			<trkpt lat="28.263501" lon="-16.664153">
				<ele>3100.000000</ele>
			</trkpt>
			<trkpt lat="28.263390" lon="-16.664072">
				<ele>3100.000000</ele>
			</trkpt>
			<trkpt lat="28.263287" lon="-16.663973">
				<ele>3100.000000</ele>
			</trkpt>
			<trkpt lat="28.263224" lon="-16.663946">
				<ele>3099.000000</ele>
			</trkpt>
			<trkpt lat="28.263169" lon="-16.663883">
				<ele>3099.000000</ele>
			</trkpt>
			<trkpt lat="28.263090" lon="-16.663803">
				<ele>3098.000000</ele>
			</trkpt>
			<trkpt lat="28.262828" lon="-16.663677">
				<ele>3095.000000</ele>
			</trkpt>
			<trkpt lat="28.262694" lon="-16.663730">
				<ele>3093.000000</ele>
			</trkpt>
			<trkpt lat="28.262401" lon="-16.663623">
				<ele>3090.000000</ele>
			</trkpt>
			<trkpt lat="28.262259" lon="-16.663704">
				<ele>3088.000000</ele>
			</trkpt>
			<trkpt lat="28.262163" lon="-16.663704">
				<ele>3087.000000</ele>
			</trkpt>
			<trkpt lat="28.262147" lon="-16.663677">
				<ele>3087.000000</ele>
			</trkpt>
			<trkpt lat="28.262116" lon="-16.663650">
				<ele>3086.000000</ele>
			</trkpt>
			<trkpt lat="28.262108" lon="-16.663623">
				<ele>3085.000000</ele>
			</trkpt>
			<trkpt lat="28.262124" lon="-16.663587">
				<ele>3085.000000</ele>
			</trkpt>
			<trkpt lat="28.262124" lon="-16.663560">
				<ele>3084.000000</ele>
			</trkpt>
			<trkpt lat="28.262100" lon="-16.663515">
				<ele>3083.000000</ele>
			</trkpt>
			<trkpt lat="28.262061" lon="-16.663480">
				<ele>3082.000000</ele>
			</trkpt>
			<trkpt lat="28.262021" lon="-16.663461">
				<ele>3081.000000</ele>
			</trkpt>
			<trkpt lat="28.261934" lon="-16.663425">
				<ele>3078.000000</ele>
			</trkpt>
			<trkpt lat="28.261903" lon="-16.663407">
				<ele>3077.000000</ele>
			</trkpt>
			<trkpt lat="28.261855" lon="-16.663371">
				<ele>3075.000000</ele>
			</trkpt>
			<trkpt lat="28.261824" lon="-16.663327">
				<ele>3073.000000</ele>
			</trkpt>
			<trkpt lat="28.261799" lon="-16.663291">
				<ele>3071.000000</ele>
			</trkpt>
			<trkpt lat="28.261744" lon="-16.663237">
				<ele>3069.000000</ele>
			</trkpt>
			<trkpt lat="28.261728" lon="-16.663201">
				<ele>3068.000000</ele>
			</trkpt>
			<trkpt lat="28.261705" lon="-16.663164">
				<ele>3066.000000</ele>
			</trkpt>
			<trkpt lat="28.261705" lon="-16.663128">
				<ele>3065.000000</ele>
			</trkpt>
			<trkpt lat="28.261705" lon="-16.663075">
				<ele>3063.000000</ele>
			</trkpt>
			<trkpt lat="28.261689" lon="-16.663048">
				<ele>3062.000000</ele>
			</trkpt>
			<trkpt lat="28.261681" lon="-16.663012">
				<ele>3061.000000</ele>
			</trkpt>
			<trkpt lat="28.261657" lon="-16.662975">
				<ele>3059.000000</ele>
			</trkpt>
			<trkpt lat="28.261649" lon="-16.662914">
				<ele>3055.000000</ele>
			</trkpt>
			<trkpt lat="28.261681" lon="-16.662878">
				<ele>3052.000000</ele>
			</trkpt>
			<trkpt lat="28.261720" lon="-16.662868">
				<ele>3052.000000</ele>
			</trkpt>
			<trkpt lat="28.261807" lon="-16.662814">
				<ele>3052.000000</ele>
			</trkpt>
			<trkpt lat="28.261895" lon="-16.662652">
				<ele>3051.000000</ele>
			</trkpt>
			<trkpt lat="28.261903" lon="-16.662625">
				<ele>3051.000000</ele>
			</trkpt>
			<trkpt lat="28.261926" lon="-16.662482">
				<ele>3051.000000</ele>
			</trkpt>
			<trkpt lat="28.261926" lon="-16.662401">
				<ele>3051.000000</ele>
			</trkpt>
			<trkpt lat="28.261887" lon="-16.662348">
				<ele>3051.000000</ele>
			</trkpt>
			<trkpt lat="28.261831" lon="-16.662338">
				<ele>3050.000000</ele>
			</trkpt>
			<trkpt lat="28.261824" lon="-16.662302">
				<ele>3050.000000</ele>
			</trkpt>
			<trkpt lat="28.261807" lon="-16.662266">
				<ele>3050.000000</ele>
			</trkpt>
			<trkpt lat="28.261815" lon="-16.662212">
				<ele>3050.000000</ele>
			</trkpt>
			<trkpt lat="28.261799" lon="-16.662168">
				<ele>3050.000000</ele>
			</trkpt>
			<trkpt lat="28.261752" lon="-16.662140">
				<ele>3050.000000</ele>
			</trkpt>
			<trkpt lat="28.261728" lon="-16.662113">
				<ele>3050.000000</ele>
			</trkpt>
			<trkpt lat="28.261681" lon="-16.661996">
				<ele>3050.000000</ele>
			</trkpt>
			<trkpt lat="28.261618" lon="-16.661933">
				<ele>3050.000000</ele>
			</trkpt>
			<trkpt lat="28.261633" lon="-16.661809">
				<ele>3050.000000</ele>
			</trkpt>
			<trkpt lat="28.261618" lon="-16.661799">
				<ele>3049.000000</ele>
			</trkpt>
			<trkpt lat="28.261562" lon="-16.661799">
				<ele>3048.000000</ele>
			</trkpt>
			<trkpt lat="28.261404" lon="-16.661772">
				<ele>3043.000000</ele>
			</trkpt>
			<trkpt lat="28.261349" lon="-16.661736">
				<ele>3041.000000</ele>
			</trkpt>
			<trkpt lat="28.261285" lon="-16.661746">
				<ele>3040.000000</ele>
			</trkpt>
			<trkpt lat="28.261285" lon="-16.661692">
				<ele>3039.000000</ele>
			</trkpt>
			<trkpt lat="28.261278" lon="-16.661646">
				<ele>3038.000000</ele>
			</trkpt>
			<trkpt lat="28.261270" lon="-16.661637">
				<ele>3038.000000</ele>
			</trkpt>
			<trkpt lat="28.261254" lon="-16.661646">
				<ele>3038.000000</ele>
			</trkpt>
			<trkpt lat="28.261230" lon="-16.661637">
				<ele>3037.000000</ele>
			</trkpt>
			<trkpt lat="28.261206" lon="-16.661629">
				<ele>3037.000000</ele>
			</trkpt>
			<trkpt lat="28.261159" lon="-16.661692">
				<ele>3035.000000</ele>
			</trkpt>
			<trkpt lat="28.261143" lon="-16.661719">
				<ele>3035.000000</ele>
			</trkpt>
			<trkpt lat="28.261135" lon="-16.661709">
				<ele>3035.000000</ele>
			</trkpt>
			<trkpt lat="28.261127" lon="-16.661683">
				<ele>3034.000000</ele>
			</trkpt>
			<trkpt lat="28.261119" lon="-16.661664">
				<ele>3034.000000</ele>
			</trkpt>
			<trkpt lat="28.261135" lon="-16.661646">
				<ele>3033.000000</ele>
			</trkpt>
			<trkpt lat="28.261119" lon="-16.661629">
				<ele>3033.000000</ele>
			</trkpt>
			<trkpt lat="28.261103" lon="-16.661620">
				<ele>3033.000000</ele>
			</trkpt>
			<trkpt lat="28.261087" lon="-16.661629">
				<ele>3032.000000</ele>
			</trkpt>
			<trkpt lat="28.261072" lon="-16.661629">
				<ele>3032.000000</ele>
			</trkpt>
			<trkpt lat="28.261064" lon="-16.661610">
				<ele>3032.000000</ele>
			</trkpt>
			<trkpt lat="28.261048" lon="-16.661620">
				<ele>3031.000000</ele>
			</trkpt>
			<trkpt lat="28.261032" lon="-16.661637">
				<ele>3031.000000</ele>
			</trkpt>
			<trkpt lat="28.261024" lon="-16.661646">
				<ele>3031.000000</ele>
			</trkpt>
			<trkpt lat="28.261008" lon="-16.661646">
				<ele>3030.000000</ele>
			</trkpt>
			<trkpt lat="28.260993" lon="-16.661629">
				<ele>3030.000000</ele>
			</trkpt>
			<trkpt lat="28.260977" lon="-16.661574">
				<ele>3029.000000</ele>
			</trkpt>
			<trkpt lat="28.260914" lon="-16.661530">
				<ele>3027.000000</ele>
			</trkpt>
			<trkpt lat="28.260897" lon="-16.661530">
				<ele>3027.000000</ele>
			</trkpt>
			<trkpt lat="28.260889" lon="-16.661530">
				<ele>3026.000000</ele>
			</trkpt>
			<trkpt lat="28.260889" lon="-16.661547">
				<ele>3026.000000</ele>
			</trkpt>
			<trkpt lat="28.260882" lon="-16.661566">
				<ele>3026.000000</ele>
			</trkpt>
			<trkpt lat="28.260866" lon="-16.661566">
				<ele>3025.000000</ele>
			</trkpt>
			<trkpt lat="28.260850" lon="-16.661583">
				<ele>3025.000000</ele>
			</trkpt>
			<trkpt lat="28.260834" lon="-16.661566">
				<ele>3024.000000</ele>
			</trkpt>
			<trkpt lat="28.260826" lon="-16.661557">
				<ele>3024.000000</ele>
			</trkpt>
			<trkpt lat="28.260795" lon="-16.661566">
				<ele>3023.000000</ele>
			</trkpt>
			<trkpt lat="28.260771" lon="-16.661574">
				<ele>3023.000000</ele>
			</trkpt>
			<trkpt lat="28.260739" lon="-16.661566">
				<ele>3022.000000</ele>
			</trkpt>
			<trkpt lat="28.260668" lon="-16.661530">
				<ele>3020.000000</ele>
			</trkpt>
			<trkpt lat="28.260439" lon="-16.661413">
				<ele>3013.000000</ele>
			</trkpt>
			<trkpt lat="28.260391" lon="-16.661422">
				<ele>3012.000000</ele>
			</trkpt>
			<trkpt lat="28.260320" lon="-16.661440">
				<ele>3010.000000</ele>
			</trkpt>
			<trkpt lat="28.260304" lon="-16.661422">
				<ele>3009.000000</ele>
			</trkpt>
			<trkpt lat="28.260264" lon="-16.661413">
				<ele>3008.000000</ele>
			</trkpt>
			<trkpt lat="28.260225" lon="-16.661396">
				<ele>3008.000000</ele>
			</trkpt>
			<trkpt lat="28.260201" lon="-16.661367">
				<ele>3007.000000</ele>
			</trkpt>
			<trkpt lat="28.260193" lon="-16.661350">
				<ele>3006.000000</ele>
			</trkpt>
			<trkpt lat="28.260154" lon="-16.661350">
				<ele>3006.000000</ele>
			</trkpt>
			<trkpt lat="28.260130" lon="-16.661350">
				<ele>3005.000000</ele>
			</trkpt>
			<trkpt lat="28.260106" lon="-16.661377">
				<ele>3004.000000</ele>
			</trkpt>
			<trkpt lat="28.260091" lon="-16.661386">
				<ele>3004.000000</ele>
			</trkpt>
			<trkpt lat="28.260075" lon="-16.661377">
				<ele>3004.000000</ele>
			</trkpt>
			<trkpt lat="28.260067" lon="-16.661350">
				<ele>3003.000000</ele>
			</trkpt>
			<trkpt lat="28.260035" lon="-16.661350">
				<ele>3002.000000</ele>
			</trkpt>
			<trkpt lat="28.260012" lon="-16.661359">
				<ele>3002.000000</ele>
			</trkpt>
			<trkpt lat="28.259996" lon="-16.661341">
				<ele>3001.000000</ele>
			</trkpt>
			<trkpt lat="28.259964" lon="-16.661359">
				<ele>3001.000000</ele>
			</trkpt>
			<trkpt lat="28.259940" lon="-16.661367">
				<ele>3000.000000</ele>
			</trkpt>
			<trkpt lat="28.259925" lon="-16.661341">
				<ele>2999.000000</ele>
			</trkpt>
			<trkpt lat="28.259877" lon="-16.661306">
				<ele>2998.000000</ele>
			</trkpt>
			<trkpt lat="28.259861" lon="-16.661306">
				<ele>2997.000000</ele>
			</trkpt>
			<trkpt lat="28.259837" lon="-16.661278">
				<ele>2996.000000</ele>
			</trkpt>
			<trkpt lat="28.259837" lon="-16.661251">
				<ele>2995.000000</ele>
			</trkpt>
			<trkpt lat="28.259806" lon="-16.661243">
				<ele>2994.000000</ele>
			</trkpt>
			<trkpt lat="28.259750" lon="-16.661233">
				<ele>2993.000000</ele>
			</trkpt>
			<trkpt lat="28.259735" lon="-16.661224">
				<ele>2992.000000</ele>
			</trkpt>
			<trkpt lat="28.259719" lon="-16.661206">
				<ele>2992.000000</ele>
			</trkpt>
			<trkpt lat="28.259656" lon="-16.661180">
				<ele>2990.000000</ele>
			</trkpt>
			<trkpt lat="28.259640" lon="-16.661126">
				<ele>2989.000000</ele>
			</trkpt>
			<trkpt lat="28.259608" lon="-16.661090">
				<ele>2987.000000</ele>
			</trkpt>
			<trkpt lat="28.259560" lon="-16.661036">
				<ele>2986.000000</ele>
			</trkpt>
			<trkpt lat="28.259521" lon="-16.661008">
				<ele>2985.000000</ele>
			</trkpt>
			<trkpt lat="28.259497" lon="-16.660937">
				<ele>2983.000000</ele>
			</trkpt>
			<trkpt lat="28.259458" lon="-16.660901">
				<ele>2982.000000</ele>
			</trkpt>
			<trkpt lat="28.259394" lon="-16.660865">
				<ele>2980.000000</ele>
			</trkpt>
			<trkpt lat="28.259346" lon="-16.660838">
				<ele>2978.000000</ele>
			</trkpt>
			<trkpt lat="28.259331" lon="-16.660784">
				<ele>2977.000000</ele>
			</trkpt>
			<trkpt lat="28.259315" lon="-16.660740">
				<ele>2976.000000</ele>
			</trkpt>
			<trkpt lat="28.259300" lon="-16.660712">
				<ele>2976.000000</ele>
			</trkpt>
			<trkpt lat="28.259236" lon="-16.660694">
				<ele>2974.000000</ele>
			</trkpt>
			<trkpt lat="28.259173" lon="-16.660658">
				<ele>2972.000000</ele>
			</trkpt>
			<trkpt lat="28.259157" lon="-16.660641">
				<ele>2972.000000</ele>
			</trkpt>
			<trkpt lat="28.259094" lon="-16.660614">
				<ele>2970.000000</ele>
			</trkpt>
			<trkpt lat="28.259070" lon="-16.660595">
				<ele>2970.000000</ele>
			</trkpt>
			<trkpt lat="28.259054" lon="-16.660568">
				<ele>2969.000000</ele>
			</trkpt>
			<trkpt lat="28.259046" lon="-16.660514">
				<ele>2968.000000</ele>
			</trkpt>
			<trkpt lat="28.259038" lon="-16.660497">
				<ele>2968.000000</ele>
			</trkpt>
			<trkpt lat="28.259007" lon="-16.660470">
				<ele>2967.000000</ele>
			</trkpt>
			<trkpt lat="28.258983" lon="-16.660461">
				<ele>2967.000000</ele>
			</trkpt>
			<trkpt lat="28.258951" lon="-16.660470">
				<ele>2966.000000</ele>
			</trkpt>
			<trkpt lat="28.258927" lon="-16.660470">
				<ele>2966.000000</ele>
			</trkpt>
			<trkpt lat="28.258911" lon="-16.660451">
				<ele>2965.000000</ele>
			</trkpt>
			<trkpt lat="28.258896" lon="-16.660425">
				<ele>2965.000000</ele>
			</trkpt>
			<trkpt lat="28.258872" lon="-16.660407">
				<ele>2964.000000</ele>
			</trkpt>
			<trkpt lat="28.258856" lon="-16.660380">
				<ele>2964.000000</ele>
			</trkpt>
			<trkpt lat="28.258864" lon="-16.660354">
				<ele>2963.000000</ele>
			</trkpt>
			<trkpt lat="28.258856" lon="-16.660308">
				<ele>2962.000000</ele>
			</trkpt>
			<trkpt lat="28.258840" lon="-16.660291">
				<ele>2962.000000</ele>
			</trkpt>
			<trkpt lat="28.258801" lon="-16.660281">
				<ele>2961.000000</ele>
			</trkpt>
			<trkpt lat="28.258761" lon="-16.660236">
				<ele>2960.000000</ele>
			</trkpt>
			<trkpt lat="28.258698" lon="-16.660201">
				<ele>2958.000000</ele>
			</trkpt>
			<trkpt lat="28.258674" lon="-16.660155">
				<ele>2957.000000</ele>
			</trkpt>
			<trkpt lat="28.258642" lon="-16.660128">
				<ele>2956.000000</ele>
			</trkpt>
			<trkpt lat="28.258603" lon="-16.660111">
				<ele>2955.000000</ele>
			</trkpt>
			<trkpt lat="28.258555" lon="-16.660111">
				<ele>2954.000000</ele>
			</trkpt>
			<trkpt lat="28.258508" lon="-16.660084">
				<ele>2952.000000</ele>
			</trkpt>
			<trkpt lat="28.258492" lon="-16.660075">
				<ele>2952.000000</ele>
			</trkpt>
			<trkpt lat="28.258461" lon="-16.660075">
				<ele>2951.000000</ele>
			</trkpt>
			<trkpt lat="28.258429" lon="-16.660056">
				<ele>2950.000000</ele>
			</trkpt>
			<trkpt lat="28.258413" lon="-16.660029">
				<ele>2949.000000</ele>
			</trkpt>
			<trkpt lat="28.258390" lon="-16.659975">
				<ele>2948.000000</ele>
			</trkpt>
			<trkpt lat="28.258357" lon="-16.659922">
				<ele>2947.000000</ele>
			</trkpt>
			<trkpt lat="28.258326" lon="-16.659868">
				<ele>2946.000000</ele>
			</trkpt>
			<trkpt lat="28.258294" lon="-16.659832">
				<ele>2945.000000</ele>
			</trkpt>
			<trkpt lat="28.258271" lon="-16.659832">
				<ele>2944.000000</ele>
			</trkpt>
			<trkpt lat="28.258239" lon="-16.659849">
				<ele>2944.000000</ele>
			</trkpt>
			<trkpt lat="28.258207" lon="-16.659859">
				<ele>2943.000000</ele>
			</trkpt>
			<trkpt lat="28.258176" lon="-16.659859">
				<ele>2942.000000</ele>
			</trkpt>
			<trkpt lat="28.258160" lon="-16.659841">
				<ele>2942.000000</ele>
			</trkpt>
			<trkpt lat="28.258152" lon="-16.659814">
				<ele>2941.000000</ele>
			</trkpt>
			<trkpt lat="28.258144" lon="-16.659769">
				<ele>2940.000000</ele>
			</trkpt>
			<trkpt lat="28.258136" lon="-16.659751">
				<ele>2940.000000</ele>
			</trkpt>
			<trkpt lat="28.258128" lon="-16.659715">
				<ele>2940.000000</ele>
			</trkpt>
			<trkpt lat="28.258113" lon="-16.659698">
				<ele>2939.000000</ele>
			</trkpt>
			<trkpt lat="28.258097" lon="-16.659679">
				<ele>2939.000000</ele>
			</trkpt>
			<trkpt lat="28.258080" lon="-16.659679">
				<ele>2939.000000</ele>
			</trkpt>
			<trkpt lat="28.258073" lon="-16.659688">
				<ele>2938.000000</ele>
			</trkpt>
			<trkpt lat="28.258057" lon="-16.659679">
				<ele>2938.000000</ele>
			</trkpt>
			<trkpt lat="28.258049" lon="-16.659643">
				<ele>2938.000000</ele>
			</trkpt>
			<trkpt lat="28.258041" lon="-16.659608">
				<ele>2937.000000</ele>
			</trkpt>
			<trkpt lat="28.258034" lon="-16.659572">
				<ele>2937.000000</ele>
			</trkpt>
			<trkpt lat="28.258017" lon="-16.659572">
				<ele>2936.000000</ele>
			</trkpt>
			<trkpt lat="28.257970" lon="-16.659572">
				<ele>2936.000000</ele>
			</trkpt>
			<trkpt lat="28.257954" lon="-16.659553">
				<ele>2935.000000</ele>
			</trkpt>
			<trkpt lat="28.257922" lon="-16.659535">
				<ele>2935.000000</ele>
			</trkpt>
			<trkpt lat="28.257915" lon="-16.659535">
				<ele>2935.000000</ele>
			</trkpt>
			<trkpt lat="28.257899" lon="-16.659553">
				<ele>2934.000000</ele>
			</trkpt>
			<trkpt lat="28.257891" lon="-16.659580">
				<ele>2934.000000</ele>
			</trkpt>
			<trkpt lat="28.257875" lon="-16.659608">
				<ele>2933.000000</ele>
			</trkpt>
			<trkpt lat="28.257828" lon="-16.659625">
				<ele>2933.000000</ele>
			</trkpt>
			<trkpt lat="28.257804" lon="-16.659635">
				<ele>2932.000000</ele>
			</trkpt>
			<trkpt lat="28.257788" lon="-16.659616">
				<ele>2932.000000</ele>
			</trkpt>
			<trkpt lat="28.257749" lon="-16.659589">
				<ele>2931.000000</ele>
			</trkpt>
			<trkpt lat="28.257717" lon="-16.659572">
				<ele>2931.000000</ele>
			</trkpt>
			<trkpt lat="28.257661" lon="-16.659562">
				<ele>2930.000000</ele>
			</trkpt>
			<trkpt lat="28.257614" lon="-16.659562">
				<ele>2929.000000</ele>
			</trkpt>
			<trkpt lat="28.257614" lon="-16.659526">
				<ele>2929.000000</ele>
			</trkpt>
			<trkpt lat="28.257614" lon="-16.659490">
				<ele>2928.000000</ele>
			</trkpt>
			<trkpt lat="28.257622" lon="-16.659455">
				<ele>2928.000000</ele>
			</trkpt>
			<trkpt lat="28.257645" lon="-16.659436">
				<ele>2927.000000</ele>
			</trkpt>
			<trkpt lat="28.257638" lon="-16.659419">
				<ele>2927.000000</ele>
			</trkpt>
			<trkpt lat="28.257606" lon="-16.659409">
				<ele>2926.000000</ele>
			</trkpt>
			<trkpt lat="28.257566" lon="-16.659428">
				<ele>2926.000000</ele>
			</trkpt>
			<trkpt lat="28.257551" lon="-16.659446">
				<ele>2925.000000</ele>
			</trkpt>
			<trkpt lat="28.257527" lon="-16.659455">
				<ele>2925.000000</ele>
			</trkpt>
			<trkpt lat="28.257495" lon="-16.659499">
				<ele>2924.000000</ele>
			</trkpt>
			<trkpt lat="28.257472" lon="-16.659499">
				<ele>2924.000000</ele>
			</trkpt>
			<trkpt lat="28.257440" lon="-16.659490">
				<ele>2923.000000</ele>
			</trkpt>
			<trkpt lat="28.257416" lon="-16.659482">
				<ele>2923.000000</ele>
			</trkpt>
			<trkpt lat="28.257401" lon="-16.659455">
				<ele>2922.000000</ele>
			</trkpt>
			<trkpt lat="28.257345" lon="-16.659472">
				<ele>2921.000000</ele>
			</trkpt>
			<trkpt lat="28.257321" lon="-16.659472">
				<ele>2921.000000</ele>
			</trkpt>
			<trkpt lat="28.257289" lon="-16.659509">
				<ele>2920.000000</ele>
			</trkpt>
			<trkpt lat="28.257258" lon="-16.659526">
				<ele>2919.000000</ele>
			</trkpt>
			<trkpt lat="28.257242" lon="-16.659535">
				<ele>2919.000000</ele>
			</trkpt>
			<trkpt lat="28.257195" lon="-16.659535">
				<ele>2918.000000</ele>
			</trkpt>
			<trkpt lat="28.257155" lon="-16.659535">
				<ele>2917.000000</ele>
			</trkpt>
			<trkpt lat="28.257131" lon="-16.659518">
				<ele>2916.000000</ele>
			</trkpt>
			<trkpt lat="28.257099" lon="-16.659518">
				<ele>2915.000000</ele>
			</trkpt>
			<trkpt lat="28.257084" lon="-16.659518">
				<ele>2915.000000</ele>
			</trkpt>
			<trkpt lat="28.257076" lon="-16.659545">
				<ele>2914.000000</ele>
			</trkpt>
			<trkpt lat="28.257060" lon="-16.659545">
				<ele>2914.000000</ele>
			</trkpt>
			<trkpt lat="28.257036" lon="-16.659535">
				<ele>2914.000000</ele>
			</trkpt>
			<trkpt lat="28.257020" lon="-16.659535">
				<ele>2913.000000</ele>
			</trkpt>
			<trkpt lat="28.256997" lon="-16.659580">
				<ele>2912.000000</ele>
			</trkpt>
			<trkpt lat="28.256973" lon="-16.659616">
				<ele>2911.000000</ele>
			</trkpt>
			<trkpt lat="28.256949" lon="-16.659625">
				<ele>2911.000000</ele>
			</trkpt>
			<trkpt lat="28.256918" lon="-16.659616">
				<ele>2910.000000</ele>
			</trkpt>
			<trkpt lat="28.256886" lon="-16.659652">
				<ele>2909.000000</ele>
			</trkpt>
			<trkpt lat="28.256862" lon="-16.659635">
				<ele>2908.000000</ele>
			</trkpt>
			<trkpt lat="28.256831" lon="-16.659625">
				<ele>2907.000000</ele>
			</trkpt>
			<trkpt lat="28.256823" lon="-16.659643">
				<ele>2907.000000</ele>
			</trkpt>
			<trkpt lat="28.256807" lon="-16.659679">
				<ele>2906.000000</ele>
			</trkpt>
			<trkpt lat="28.256775" lon="-16.659679">
				<ele>2905.000000</ele>
			</trkpt>
			<trkpt lat="28.256759" lon="-16.659698">
				<ele>2905.000000</ele>
			</trkpt>
			<trkpt lat="28.256704" lon="-16.659679">
				<ele>2904.000000</ele>
			</trkpt>
			<trkpt lat="28.256680" lon="-16.659635">
				<ele>2903.000000</ele>
			</trkpt>
			<trkpt lat="28.256664" lon="-16.659616">
				<ele>2902.000000</ele>
			</trkpt>
			<trkpt lat="28.256633" lon="-16.659635">
				<ele>2901.000000</ele>
			</trkpt>
			<trkpt lat="28.256617" lon="-16.659662">
				<ele>2901.000000</ele>
			</trkpt>
			<trkpt lat="28.256601" lon="-16.659670">
				<ele>2900.000000</ele>
			</trkpt>
			<trkpt lat="28.256570" lon="-16.659662">
				<ele>2900.000000</ele>
			</trkpt>
			<trkpt lat="28.256562" lon="-16.659652">
				<ele>2900.000000</ele>
			</trkpt>
			<trkpt lat="28.256522" lon="-16.659643">
				<ele>2899.000000</ele>
			</trkpt>
			<trkpt lat="28.256506" lon="-16.659670">
				<ele>2899.000000</ele>
			</trkpt>
			<trkpt lat="28.256483" lon="-16.659670">
				<ele>2898.000000</ele>
			</trkpt>
			<trkpt lat="28.256451" lon="-16.659635">
				<ele>2898.000000</ele>
			</trkpt>
			<trkpt lat="28.256427" lon="-16.659608">
				<ele>2897.000000</ele>
			</trkpt>
			<trkpt lat="28.256419" lon="-16.659589">
				<ele>2897.000000</ele>
			</trkpt>
			<trkpt lat="28.256419" lon="-16.659580">
				<ele>2897.000000</ele>
			</trkpt>
			<trkpt lat="28.256419" lon="-16.659545">
				<ele>2896.000000</ele>
			</trkpt>
			<trkpt lat="28.256411" lon="-16.659526">
				<ele>2896.000000</ele>
			</trkpt>
			<trkpt lat="28.256427" lon="-16.659463">
				<ele>2895.000000</ele>
			</trkpt>
			<trkpt lat="28.256419" lon="-16.659436">
				<ele>2895.000000</ele>
			</trkpt>
			<trkpt lat="28.256427" lon="-16.659419">
				<ele>2895.000000</ele>
			</trkpt>
			<trkpt lat="28.256419" lon="-16.659409">
				<ele>2895.000000</ele>
			</trkpt>
			<trkpt lat="28.256411" lon="-16.659400">
				<ele>2894.000000</ele>
			</trkpt>
			<trkpt lat="28.256403" lon="-16.659356">
				<ele>2894.000000</ele>
			</trkpt>
			<trkpt lat="28.256403" lon="-16.659329">
				<ele>2894.000000</ele>
			</trkpt>
			<trkpt lat="28.256395" lon="-16.659312">
				<ele>2893.000000</ele>
			</trkpt>
			<trkpt lat="28.256395" lon="-16.659283">
				<ele>2893.000000</ele>
			</trkpt>
			<trkpt lat="28.256379" lon="-16.659212">
				<ele>2892.000000</ele>
			</trkpt>
			<trkpt lat="28.256372" lon="-16.659159">
				<ele>2892.000000</ele>
			</trkpt>
			<trkpt lat="28.256372" lon="-16.659077">
				<ele>2891.000000</ele>
			</trkpt>
			<trkpt lat="28.256348" lon="-16.659033">
				<ele>2890.000000</ele>
			</trkpt>
			<trkpt lat="28.256348" lon="-16.658996">
				<ele>2890.000000</ele>
			</trkpt>
			<trkpt lat="28.256332" lon="-16.658960">
				<ele>2889.000000</ele>
			</trkpt>
			<trkpt lat="28.256332" lon="-16.658924">
				<ele>2889.000000</ele>
			</trkpt>
			<trkpt lat="28.256300" lon="-16.658880">
				<ele>2888.000000</ele>
			</trkpt>
			<trkpt lat="28.256292" lon="-16.658843">
				<ele>2888.000000</ele>
			</trkpt>
			<trkpt lat="28.256277" lon="-16.658817">
				<ele>2888.000000</ele>
			</trkpt>
			<trkpt lat="28.256269" lon="-16.658727">
				<ele>2887.000000</ele>
			</trkpt>
			<trkpt lat="28.256253" lon="-16.658691">
				<ele>2887.000000</ele>
			</trkpt>
			<trkpt lat="28.256245" lon="-16.658619">
				<ele>2886.000000</ele>
			</trkpt>
			<trkpt lat="28.256285" lon="-16.658583">
				<ele>2885.000000</ele>
			</trkpt>
			<trkpt lat="28.256300" lon="-16.658538">
				<ele>2885.000000</ele>
			</trkpt>
			<trkpt lat="28.256308" lon="-16.658493">
				<ele>2884.000000</ele>
			</trkpt>
			<trkpt lat="28.256316" lon="-16.658467">
				<ele>2884.000000</ele>
			</trkpt>
			<trkpt lat="28.256285" lon="-16.658457">
				<ele>2884.000000</ele>
			</trkpt>
			<trkpt lat="28.256237" lon="-16.658448">
				<ele>2883.000000</ele>
			</trkpt>
			<trkpt lat="28.256198" lon="-16.658421">
				<ele>2883.000000</ele>
			</trkpt>
			<trkpt lat="28.256213" lon="-16.658394">
				<ele>2883.000000</ele>
			</trkpt>
			<trkpt lat="28.256198" lon="-16.658367">
				<ele>2882.000000</ele>
			</trkpt>
			<trkpt lat="28.256198" lon="-16.658350">
				<ele>2882.000000</ele>
			</trkpt>
			<trkpt lat="28.256190" lon="-16.658331">
				<ele>2882.000000</ele>
			</trkpt>
			<trkpt lat="28.256166" lon="-16.658341">
				<ele>2882.000000</ele>
			</trkpt>
			<trkpt lat="28.256158" lon="-16.658350">
				<ele>2882.000000</ele>
			</trkpt>
			<trkpt lat="28.256102" lon="-16.658350">
				<ele>2881.000000</ele>
			</trkpt>
			<trkpt lat="28.256047" lon="-16.658358">
				<ele>2880.000000</ele>
			</trkpt>
			<trkpt lat="28.255992" lon="-16.658341">
				<ele>2879.000000</ele>
			</trkpt>
			<trkpt lat="28.255976" lon="-16.658314">
				<ele>2879.000000</ele>
			</trkpt>
			<trkpt lat="28.255984" lon="-16.658269">
				<ele>2878.000000</ele>
			</trkpt>
			<trkpt lat="28.255976" lon="-16.658260">
				<ele>2878.000000</ele>
			</trkpt>
			<trkpt lat="28.255968" lon="-16.658260">
				<ele>2878.000000</ele>
			</trkpt>
			<trkpt lat="28.255952" lon="-16.658269">
				<ele>2877.000000</ele>
			</trkpt>
			<trkpt lat="28.255936" lon="-16.658278">
				<ele>2877.000000</ele>
			</trkpt>
			<trkpt lat="28.255921" lon="-16.658241">
				<ele>2876.000000</ele>
			</trkpt>
			<trkpt lat="28.255905" lon="-16.658214">
				<ele>2875.000000</ele>
			</trkpt>
			<trkpt lat="28.255889" lon="-16.658197">
				<ele>2875.000000</ele>
			</trkpt>
			<trkpt lat="28.255850" lon="-16.658188">
				<ele>2874.000000</ele>
			</trkpt>
			<trkpt lat="28.255842" lon="-16.658170">
				<ele>2874.000000</ele>
			</trkpt>
			<trkpt lat="28.255842" lon="-16.658143">
				<ele>2873.000000</ele>
			</trkpt>
			<trkpt lat="28.255825" lon="-16.658143">
				<ele>2873.000000</ele>
			</trkpt>
			<trkpt lat="28.255810" lon="-16.658151">
				<ele>2872.000000</ele>
			</trkpt>
			<trkpt lat="28.255786" lon="-16.658143">
				<ele>2872.000000</ele>
			</trkpt>
			<trkpt lat="28.255770" lon="-16.658098">
				<ele>2871.000000</ele>
			</trkpt>
			<trkpt lat="28.255738" lon="-16.658090">
				<ele>2870.000000</ele>
			</trkpt>
			<trkpt lat="28.255699" lon="-16.658062">
				<ele>2869.000000</ele>
			</trkpt>
			<trkpt lat="28.255667" lon="-16.658054">
				<ele>2868.000000</ele>
			</trkpt>
			<trkpt lat="28.255659" lon="-16.658017">
				<ele>2868.000000</ele>
			</trkpt>
			<trkpt lat="28.255636" lon="-16.658008">
				<ele>2867.000000</ele>
			</trkpt>
			<trkpt lat="28.255620" lon="-16.658000">
				<ele>2866.000000</ele>
			</trkpt>
			<trkpt lat="28.255620" lon="-16.657972">
				<ele>2866.000000</ele>
			</trkpt>
			<trkpt lat="28.255612" lon="-16.657964">
				<ele>2866.000000</ele>
			</trkpt>
			<trkpt lat="28.255604" lon="-16.658000">
				<ele>2865.000000</ele>
			</trkpt>
			<trkpt lat="28.255580" lon="-16.658000">
				<ele>2864.000000</ele>
			</trkpt>
			<trkpt lat="28.255557" lon="-16.657945">
				<ele>2863.000000</ele>
			</trkpt>
			<trkpt lat="28.255540" lon="-16.657910">
				<ele>2862.000000</ele>
			</trkpt>
			<trkpt lat="28.255501" lon="-16.657910">
				<ele>2861.000000</ele>
			</trkpt>
			<trkpt lat="28.255477" lon="-16.657882">
				<ele>2860.000000</ele>
			</trkpt>
			<trkpt lat="28.255454" lon="-16.657847">
				<ele>2859.000000</ele>
			</trkpt>
			<trkpt lat="28.255438" lon="-16.657882">
				<ele>2858.000000</ele>
			</trkpt>
			<trkpt lat="28.255398" lon="-16.657864">
				<ele>2857.000000</ele>
			</trkpt>
			<trkpt lat="28.255375" lon="-16.657828">
				<ele>2856.000000</ele>
			</trkpt>
			<trkpt lat="28.255351" lon="-16.657828">
				<ele>2855.000000</ele>
			</trkpt>
			<trkpt lat="28.255335" lon="-16.657820">
				<ele>2855.000000</ele>
			</trkpt>
			<trkpt lat="28.255311" lon="-16.657801">
				<ele>2854.000000</ele>
			</trkpt>
			<trkpt lat="28.255288" lon="-16.657775">
				<ele>2853.000000</ele>
			</trkpt>
			<trkpt lat="28.255256" lon="-16.657757">
				<ele>2852.000000</ele>
			</trkpt>
			<trkpt lat="28.255192" lon="-16.657568">
				<ele>2847.000000</ele>
			</trkpt>
			<trkpt lat="28.255200" lon="-16.657496">
				<ele>2846.000000</ele>
			</trkpt>
			<trkpt lat="28.255184" lon="-16.657406">
				<ele>2844.000000</ele>
			</trkpt>
			<trkpt lat="28.255169" lon="-16.657398">
				<ele>2843.000000</ele>
			</trkpt>
			<trkpt lat="28.255137" lon="-16.657344">
				<ele>2842.000000</ele>
			</trkpt>
			<trkpt lat="28.255129" lon="-16.657272">
				<ele>2841.000000</ele>
			</trkpt>
			<trkpt lat="28.255098" lon="-16.657235">
				<ele>2839.000000</ele>
			</trkpt>
			<trkpt lat="28.255082" lon="-16.657209">
				<ele>2839.000000</ele>
			</trkpt>
			<trkpt lat="28.255082" lon="-16.657172">
				<ele>2838.000000</ele>
			</trkpt>
			<trkpt lat="28.255066" lon="-16.657164">
				<ele>2837.000000</ele>
			</trkpt>
			<trkpt lat="28.255066" lon="-16.657138">
				<ele>2837.000000</ele>
			</trkpt>
			<trkpt lat="28.255058" lon="-16.657101">
				<ele>2836.000000</ele>
			</trkpt>
			<trkpt lat="28.255042" lon="-16.657029">
				<ele>2834.000000</ele>
			</trkpt>
			<trkpt lat="28.255026" lon="-16.656966">
				<ele>2833.000000</ele>
			</trkpt>
			<trkpt lat="28.255011" lon="-16.656948">
				<ele>2832.000000</ele>
			</trkpt>
			<trkpt lat="28.254987" lon="-16.656930">
				<ele>2831.000000</ele>
			</trkpt>
			<trkpt lat="28.254979" lon="-16.656912">
				<ele>2831.000000</ele>
			</trkpt>
			<trkpt lat="28.254987" lon="-16.656885">
				<ele>2830.000000</ele>
			</trkpt>
			<trkpt lat="28.254987" lon="-16.656859">
				<ele>2830.000000</ele>
			</trkpt>
			<trkpt lat="28.254987" lon="-16.656840">
				<ele>2829.000000</ele>
			</trkpt>
			<trkpt lat="28.254979" lon="-16.656805">
				<ele>2829.000000</ele>
			</trkpt>
			<trkpt lat="28.254987" lon="-16.656786">
				<ele>2828.000000</ele>
			</trkpt>
			<trkpt lat="28.254979" lon="-16.656759">
				<ele>2828.000000</ele>
			</trkpt>
			<trkpt lat="28.254963" lon="-16.656742">
				<ele>2827.000000</ele>
			</trkpt>
			<trkpt lat="28.254940" lon="-16.656733">
				<ele>2827.000000</ele>
			</trkpt>
			<trkpt lat="28.254924" lon="-16.656696">
				<ele>2826.000000</ele>
			</trkpt>
			<trkpt lat="28.254900" lon="-16.656688">
				<ele>2825.000000</ele>
			</trkpt>
			<trkpt lat="28.254892" lon="-16.656679">
				<ele>2825.000000</ele>
			</trkpt>
			<trkpt lat="28.254892" lon="-16.656643">
				<ele>2824.000000</ele>
			</trkpt>
			<trkpt lat="28.254868" lon="-16.656633">
				<ele>2824.000000</ele>
			</trkpt>
			<trkpt lat="28.254876" lon="-16.656580">
				<ele>2823.000000</ele>
			</trkpt>
			<trkpt lat="28.254876" lon="-16.656535">
				<ele>2822.000000</ele>
			</trkpt>
			<trkpt lat="28.254860" lon="-16.656499">
				<ele>2821.000000</ele>
			</trkpt>
			<trkpt lat="28.254836" lon="-16.656446">
				<ele>2820.000000</ele>
			</trkpt>
			<trkpt lat="28.254813" lon="-16.656446">
				<ele>2820.000000</ele>
			</trkpt>
			<trkpt lat="28.254773" lon="-16.656446">
				<ele>2819.000000</ele>
			</trkpt>
			<trkpt lat="28.254749" lon="-16.656436">
				<ele>2818.000000</ele>
			</trkpt>
			<trkpt lat="28.254742" lon="-16.656409">
				<ele>2818.000000</ele>
			</trkpt>
			<trkpt lat="28.254710" lon="-16.656400">
				<ele>2817.000000</ele>
			</trkpt>
			<trkpt lat="28.254678" lon="-16.656400">
				<ele>2816.000000</ele>
			</trkpt>
			<trkpt lat="28.254670" lon="-16.656392">
				<ele>2816.000000</ele>
			</trkpt>
			<trkpt lat="28.254678" lon="-16.656364">
				<ele>2815.000000</ele>
			</trkpt>
			<trkpt lat="28.254670" lon="-16.656356">
				<ele>2815.000000</ele>
			</trkpt>
			<trkpt lat="28.254655" lon="-16.656364">
				<ele>2814.000000</ele>
			</trkpt>
			<trkpt lat="28.254639" lon="-16.656356">
				<ele>2814.000000</ele>
			</trkpt>
			<trkpt lat="28.254630" lon="-16.656346">
				<ele>2814.000000</ele>
			</trkpt>
			<trkpt lat="28.254639" lon="-16.656310">
				<ele>2813.000000</ele>
			</trkpt>
			<trkpt lat="28.254630" lon="-16.656293">
				<ele>2813.000000</ele>
			</trkpt>
			<trkpt lat="28.254615" lon="-16.656256">
				<ele>2812.000000</ele>
			</trkpt>
			<trkpt lat="28.254544" lon="-16.656203">
				<ele>2810.000000</ele>
			</trkpt>
			<trkpt lat="28.254544" lon="-16.656193">
				<ele>2810.000000</ele>
			</trkpt>
			<trkpt lat="28.254544" lon="-16.656184">
				<ele>2810.000000</ele>
			</trkpt>
			<trkpt lat="28.254599" lon="-16.656130">
				<ele>2810.000000</ele>
			</trkpt>
			<trkpt lat="28.254599" lon="-16.656113">
				<ele>2810.000000</ele>
			</trkpt>
			<trkpt lat="28.254584" lon="-16.656104">
				<ele>2810.000000</ele>
			</trkpt>
			<trkpt lat="28.254551" lon="-16.656122">
				<ele>2809.000000</ele>
			</trkpt>
			<trkpt lat="28.254520" lon="-16.656113">
				<ele>2809.000000</ele>
			</trkpt>
			<trkpt lat="28.254528" lon="-16.656059">
				<ele>2808.000000</ele>
			</trkpt>
			<trkpt lat="28.254512" lon="-16.656023">
				<ele>2807.000000</ele>
			</trkpt>
			<trkpt lat="28.254512" lon="-16.655978">
				<ele>2806.000000</ele>
			</trkpt>
			<trkpt lat="28.254520" lon="-16.655943">
				<ele>2806.000000</ele>
			</trkpt>
			<trkpt lat="28.254520" lon="-16.655906">
				<ele>2805.000000</ele>
			</trkpt>
			<trkpt lat="28.254480" lon="-16.655834">
				<ele>2804.000000</ele>
			</trkpt>
			<trkpt lat="28.254425" lon="-16.655826">
				<ele>2802.000000</ele>
			</trkpt>
			<trkpt lat="28.254425" lon="-16.655807">
				<ele>2802.000000</ele>
			</trkpt>
			<trkpt lat="28.254433" lon="-16.655790">
				<ele>2802.000000</ele>
			</trkpt>
			<trkpt lat="28.254378" lon="-16.655790">
				<ele>2801.000000</ele>
			</trkpt>
			<trkpt lat="28.254370" lon="-16.655771">
				<ele>2800.000000</ele>
			</trkpt>
			<trkpt lat="28.254346" lon="-16.655736">
				<ele>2800.000000</ele>
			</trkpt>
			<trkpt lat="28.254314" lon="-16.655717">
				<ele>2799.000000</ele>
			</trkpt>
			<trkpt lat="28.254299" lon="-16.655700">
				<ele>2799.000000</ele>
			</trkpt>
			<trkpt lat="28.254282" lon="-16.655618">
				<ele>2798.000000</ele>
			</trkpt>
			<trkpt lat="28.254282" lon="-16.655583">
				<ele>2798.000000</ele>
			</trkpt>
			<trkpt lat="28.254282" lon="-16.655538">
				<ele>2797.000000</ele>
			</trkpt>
			<trkpt lat="28.254259" lon="-16.655511">
				<ele>2797.000000</ele>
			</trkpt>
			<trkpt lat="28.254259" lon="-16.655484">
				<ele>2796.000000</ele>
			</trkpt>
			<trkpt lat="28.254251" lon="-16.655448">
				<ele>2796.000000</ele>
			</trkpt>
			<trkpt lat="28.254274" lon="-16.655421">
				<ele>2795.000000</ele>
			</trkpt>
			<trkpt lat="28.254314" lon="-16.655421">
				<ele>2795.000000</ele>
			</trkpt>
			<trkpt lat="28.254322" lon="-16.655404">
				<ele>2794.000000</ele>
			</trkpt>
			<trkpt lat="28.254299" lon="-16.655377">
				<ele>2794.000000</ele>
			</trkpt>
			<trkpt lat="28.254322" lon="-16.655331">
				<ele>2793.000000</ele>
			</trkpt>
			<trkpt lat="28.254322" lon="-16.655277">
				<ele>2793.000000</ele>
			</trkpt>
			<trkpt lat="28.254307" lon="-16.655251">
				<ele>2792.000000</ele>
			</trkpt>
			<trkpt lat="28.254291" lon="-16.655197">
				<ele>2792.000000</ele>
			</trkpt>
			<trkpt lat="28.254267" lon="-16.655188">
				<ele>2791.000000</ele>
			</trkpt>
			<trkpt lat="28.254227" lon="-16.655170">
				<ele>2791.000000</ele>
			</trkpt>
			<trkpt lat="28.254188" lon="-16.655142">
				<ele>2790.000000</ele>
			</trkpt>
			<trkpt lat="28.254109" lon="-16.655151">
				<ele>2788.000000</ele>
			</trkpt>
			<trkpt lat="28.254109" lon="-16.655107">
				<ele>2787.000000</ele>
			</trkpt>
			<trkpt lat="28.254077" lon="-16.655098">
				<ele>2786.000000</ele>
			</trkpt>
			<trkpt lat="28.254053" lon="-16.655088">
				<ele>2786.000000</ele>
			</trkpt>
			<trkpt lat="28.254061" lon="-16.655053">
				<ele>2785.000000</ele>
			</trkpt>
			<trkpt lat="28.254037" lon="-16.655017">
				<ele>2784.000000</ele>
			</trkpt>
			<trkpt lat="28.253982" lon="-16.654999">
				<ele>2783.000000</ele>
			</trkpt>
			<trkpt lat="28.253966" lon="-16.654945">
				<ele>2781.000000</ele>
			</trkpt>
			<trkpt lat="28.253918" lon="-16.654935">
				<ele>2780.000000</ele>
			</trkpt>
			<trkpt lat="28.253903" lon="-16.654909">
				<ele>2779.000000</ele>
			</trkpt>
			<trkpt lat="28.253855" lon="-16.654909">
				<ele>2778.000000</ele>
			</trkpt>
			<trkpt lat="28.253808" lon="-16.654901">
				<ele>2776.000000</ele>
			</trkpt>
			<trkpt lat="28.253745" lon="-16.654901">
				<ele>2774.000000</ele>
			</trkpt>
			<trkpt lat="28.253721" lon="-16.654874">
				<ele>2773.000000</ele>
			</trkpt>
			<trkpt lat="28.253689" lon="-16.654846">
				<ele>2772.000000</ele>
			</trkpt>
			<trkpt lat="28.253586" lon="-16.654864">
				<ele>2768.000000</ele>
			</trkpt>
			<trkpt lat="28.253547" lon="-16.654855">
				<ele>2767.000000</ele>
			</trkpt>
			<trkpt lat="28.253539" lon="-16.654846">
				<ele>2767.000000</ele>
			</trkpt>
			<trkpt lat="28.253523" lon="-16.654874">
				<ele>2766.000000</ele>
			</trkpt>
			<trkpt lat="28.253507" lon="-16.654874">
				<ele>2765.000000</ele>
			</trkpt>
			<trkpt lat="28.253491" lon="-16.654838">
				<ele>2764.000000</ele>
			</trkpt>
			<trkpt lat="28.253460" lon="-16.654846">
				<ele>2763.000000</ele>
			</trkpt>
			<trkpt lat="28.253428" lon="-16.654846">
				<ele>2762.000000</ele>
			</trkpt>
			<trkpt lat="28.253428" lon="-16.654801">
				<ele>2761.000000</ele>
			</trkpt>
			<trkpt lat="28.253357" lon="-16.654801">
				<ele>2759.000000</ele>
			</trkpt>
			<trkpt lat="28.253333" lon="-16.654819">
				<ele>2757.000000</ele>
			</trkpt>
			<trkpt lat="28.253293" lon="-16.654811">
				<ele>2756.000000</ele>
			</trkpt>
			<trkpt lat="28.253246" lon="-16.654748">
				<ele>2752.000000</ele>
			</trkpt>
			<trkpt lat="28.253199" lon="-16.654729">
				<ele>2750.000000</ele>
			</trkpt>
			<trkpt lat="28.253183" lon="-16.654702">
				<ele>2749.000000</ele>
			</trkpt>
			<trkpt lat="28.253151" lon="-16.654685">
				<ele>2748.000000</ele>
			</trkpt>
			<trkpt lat="28.253112" lon="-16.654631">
				<ele>2745.000000</ele>
			</trkpt>
			<trkpt lat="28.253064" lon="-16.654595">
				<ele>2743.000000</ele>
			</trkpt>
			<trkpt lat="28.253048" lon="-16.654541">
				<ele>2741.000000</ele>
			</trkpt>
			<trkpt lat="28.253001" lon="-16.654469">
				<ele>2739.000000</ele>
			</trkpt>
			<trkpt lat="28.252993" lon="-16.654415">
				<ele>2738.000000</ele>
			</trkpt>
			<trkpt lat="28.253001" lon="-16.654316">
				<ele>2737.000000</ele>
			</trkpt>
			<trkpt lat="28.253033" lon="-16.654209">
				<ele>2735.000000</ele>
			</trkpt>
			<trkpt lat="28.253001" lon="-16.654163">
				<ele>2734.000000</ele>
			</trkpt>
			<trkpt lat="28.253001" lon="-16.654083">
				<ele>2733.000000</ele>
			</trkpt>
			<trkpt lat="28.252969" lon="-16.654065">
				<ele>2733.000000</ele>
			</trkpt>
			<trkpt lat="28.252953" lon="-16.654029">
				<ele>2732.000000</ele>
			</trkpt>
			<trkpt lat="28.252937" lon="-16.654020">
				<ele>2732.000000</ele>
			</trkpt>
			<trkpt lat="28.252898" lon="-16.653903">
				<ele>2730.000000</ele>
			</trkpt>
			<trkpt lat="28.252866" lon="-16.653876">
				<ele>2729.000000</ele>
			</trkpt>
			<trkpt lat="28.252842" lon="-16.653849">
				<ele>2729.000000</ele>
			</trkpt>
			<trkpt lat="28.252835" lon="-16.653832">
				<ele>2729.000000</ele>
			</trkpt>
			<trkpt lat="28.252858" lon="-16.653796">
				<ele>2728.000000</ele>
			</trkpt>
			<trkpt lat="28.252866" lon="-16.653759">
				<ele>2728.000000</ele>
			</trkpt>
			<trkpt lat="28.252874" lon="-16.653733">
				<ele>2727.000000</ele>
			</trkpt>
			<trkpt lat="28.252835" lon="-16.653706">
				<ele>2727.000000</ele>
			</trkpt>
			<trkpt lat="28.252803" lon="-16.653687">
				<ele>2726.000000</ele>
			</trkpt>
			<trkpt lat="28.252779" lon="-16.653687">
				<ele>2726.000000</ele>
			</trkpt>
			<trkpt lat="28.252763" lon="-16.653723">
				<ele>2725.000000</ele>
			</trkpt>
			<trkpt lat="28.252731" lon="-16.653733">
				<ele>2725.000000</ele>
			</trkpt>
			<trkpt lat="28.252716" lon="-16.653786">
				<ele>2724.000000</ele>
			</trkpt>
			<trkpt lat="28.252700" lon="-16.653759">
				<ele>2723.000000</ele>
			</trkpt>
			<trkpt lat="28.252677" lon="-16.653759">
				<ele>2723.000000</ele>
			</trkpt>
			<trkpt lat="28.252660" lon="-16.653742">
				<ele>2723.000000</ele>
			</trkpt>
			<trkpt lat="28.252637" lon="-16.653733">
				<ele>2722.000000</ele>
			</trkpt>
			<trkpt lat="28.252605" lon="-16.653733">
				<ele>2722.000000</ele>
			</trkpt>
			<trkpt lat="28.252573" lon="-16.653769">
				<ele>2721.000000</ele>
			</trkpt>
			<trkpt lat="28.252581" lon="-16.653804">
				<ele>2721.000000</ele>
			</trkpt>
			<trkpt lat="28.252581" lon="-16.653849">
				<ele>2720.000000</ele>
			</trkpt>
			<trkpt lat="28.252550" lon="-16.653849">
				<ele>2720.000000</ele>
			</trkpt>
			<trkpt lat="28.252518" lon="-16.653804">
				<ele>2719.000000</ele>
			</trkpt>
			<trkpt lat="28.252502" lon="-16.653769">
				<ele>2718.000000</ele>
			</trkpt>
			<trkpt lat="28.252479" lon="-16.653769">
				<ele>2718.000000</ele>
			</trkpt>
			<trkpt lat="28.252455" lon="-16.653750">
				<ele>2717.000000</ele>
			</trkpt>
			<trkpt lat="28.252431" lon="-16.653733">
				<ele>2717.000000</ele>
			</trkpt>
			<trkpt lat="28.252423" lon="-16.653750">
				<ele>2716.000000</ele>
			</trkpt>
			<trkpt lat="28.252423" lon="-16.653769">
				<ele>2716.000000</ele>
			</trkpt>
			<trkpt lat="28.252407" lon="-16.653777">
				<ele>2716.000000</ele>
			</trkpt>
			<trkpt lat="28.252383" lon="-16.653796">
				<ele>2715.000000</ele>
			</trkpt>
			<trkpt lat="28.252360" lon="-16.653813">
				<ele>2715.000000</ele>
			</trkpt>
			<trkpt lat="28.252367" lon="-16.653849">
				<ele>2714.000000</ele>
			</trkpt>
			<trkpt lat="28.252352" lon="-16.653859">
				<ele>2714.000000</ele>
			</trkpt>
			<trkpt lat="28.252320" lon="-16.653832">
				<ele>2713.000000</ele>
			</trkpt>
			<trkpt lat="28.252304" lon="-16.653822">
				<ele>2713.000000</ele>
			</trkpt>
			<trkpt lat="28.252296" lon="-16.653840">
				<ele>2712.000000</ele>
			</trkpt>
			<trkpt lat="28.252296" lon="-16.653859">
				<ele>2712.000000</ele>
			</trkpt>
			<trkpt lat="28.252281" lon="-16.653903">
				<ele>2711.000000</ele>
			</trkpt>
			<trkpt lat="28.252249" lon="-16.653939">
				<ele>2711.000000</ele>
			</trkpt>
			<trkpt lat="28.252194" lon="-16.653948">
				<ele>2710.000000</ele>
			</trkpt>
			<trkpt lat="28.252154" lon="-16.653922">
				<ele>2709.000000</ele>
			</trkpt>
			<trkpt lat="28.252107" lon="-16.653893">
				<ele>2707.000000</ele>
			</trkpt>
			<trkpt lat="28.252059" lon="-16.653939">
				<ele>2706.000000</ele>
			</trkpt>
			<trkpt lat="28.251996" lon="-16.653956">
				<ele>2705.000000</ele>
			</trkpt>
			<trkpt lat="28.251972" lon="-16.653975">
				<ele>2704.000000</ele>
			</trkpt>
			<trkpt lat="28.251948" lon="-16.653975">
				<ele>2704.000000</ele>
			</trkpt>
			<trkpt lat="28.251940" lon="-16.653930">
				<ele>2703.000000</ele>
			</trkpt>
			<trkpt lat="28.251885" lon="-16.653893">
				<ele>2702.000000</ele>
			</trkpt>
			<trkpt lat="28.251861" lon="-16.653859">
				<ele>2701.000000</ele>
			</trkpt>
			<trkpt lat="28.251830" lon="-16.653849">
				<ele>2700.000000</ele>
			</trkpt>
			<trkpt lat="28.251774" lon="-16.653840">
				<ele>2699.000000</ele>
			</trkpt>
			<trkpt lat="28.251750" lon="-16.653849">
				<ele>2698.000000</ele>
			</trkpt>
			<trkpt lat="28.251759" lon="-16.653885">
				<ele>2698.000000</ele>
			</trkpt>
			<trkpt lat="28.251711" lon="-16.653912">
				<ele>2696.000000</ele>
			</trkpt>
			<trkpt lat="28.251648" lon="-16.653930">
				<ele>2695.000000</ele>
			</trkpt>
			<trkpt lat="28.251608" lon="-16.653912">
				<ele>2694.000000</ele>
			</trkpt>
			<trkpt lat="28.251537" lon="-16.653876">
				<ele>2692.000000</ele>
			</trkpt>
			<trkpt lat="28.251537" lon="-16.653849">
				<ele>2692.000000</ele>
			</trkpt>
			<trkpt lat="28.251505" lon="-16.653804">
				<ele>2691.000000</ele>
			</trkpt>
			<trkpt lat="28.251474" lon="-16.653822">
				<ele>2690.000000</ele>
			</trkpt>
			<trkpt lat="28.251410" lon="-16.653813">
				<ele>2689.000000</ele>
			</trkpt>
			<trkpt lat="28.251363" lon="-16.653840">
				<ele>2688.000000</ele>
			</trkpt>
			<trkpt lat="28.251339" lon="-16.653813">
				<ele>2687.000000</ele>
			</trkpt>
			<trkpt lat="28.251197" lon="-16.653813">
				<ele>2684.000000</ele>
			</trkpt>
			<trkpt lat="28.251165" lon="-16.653796">
				<ele>2684.000000</ele>
			</trkpt>
			<trkpt lat="28.251149" lon="-16.653750">
				<ele>2683.000000</ele>
			</trkpt>
			<trkpt lat="28.251117" lon="-16.653750">
				<ele>2682.000000</ele>
			</trkpt>
			<trkpt lat="28.251086" lon="-16.653804">
				<ele>2681.000000</ele>
			</trkpt>
			<trkpt lat="28.251046" lon="-16.653804">
				<ele>2680.000000</ele>
			</trkpt>
			<trkpt lat="28.251007" lon="-16.653796">
				<ele>2680.000000</ele>
			</trkpt>
			<trkpt lat="28.250967" lon="-16.653769">
				<ele>2679.000000</ele>
			</trkpt>
			<trkpt lat="28.250943" lon="-16.653750">
				<ele>2679.000000</ele>
			</trkpt>
			<trkpt lat="28.250920" lon="-16.653769">
				<ele>2679.000000</ele>
			</trkpt>
			<trkpt lat="28.250888" lon="-16.653804">
				<ele>2678.000000</ele>
			</trkpt>
			<trkpt lat="28.250856" lon="-16.653832">
				<ele>2678.000000</ele>
			</trkpt>
			<trkpt lat="28.250793" lon="-16.653813">
				<ele>2677.000000</ele>
			</trkpt>
			<trkpt lat="28.250730" lon="-16.653813">
				<ele>2677.000000</ele>
			</trkpt>
			<trkpt lat="28.250658" lon="-16.653849">
				<ele>2676.000000</ele>
			</trkpt>
			<trkpt lat="28.250572" lon="-16.653876">
				<ele>2675.000000</ele>
			</trkpt>
			<trkpt lat="28.250532" lon="-16.653912">
				<ele>2675.000000</ele>
			</trkpt>
			<trkpt lat="28.250476" lon="-16.653922">
				<ele>2674.000000</ele>
			</trkpt>
			<trkpt lat="28.250437" lon="-16.653912">
				<ele>2674.000000</ele>
			</trkpt>
			<trkpt lat="28.250405" lon="-16.653876">
				<ele>2673.000000</ele>
			</trkpt>
			<trkpt lat="28.250358" lon="-16.653859">
				<ele>2673.000000</ele>
			</trkpt>
			<trkpt lat="28.250295" lon="-16.653876">
				<ele>2672.000000</ele>
			</trkpt>
			<trkpt lat="28.250263" lon="-16.653885">
				<ele>2672.000000</ele>
			</trkpt>
			<trkpt lat="28.250231" lon="-16.653912">
				<ele>2672.000000</ele>
			</trkpt>
			<trkpt lat="28.250191" lon="-16.653966">
				<ele>2671.000000</ele>
			</trkpt>
			<trkpt lat="28.250160" lon="-16.653966">
				<ele>2671.000000</ele>
			</trkpt>
			<trkpt lat="28.250128" lon="-16.653983">
				<ele>2670.000000</ele>
			</trkpt>
			<trkpt lat="28.250089" lon="-16.653993">
				<ele>2670.000000</ele>
			</trkpt>
			<trkpt lat="28.250025" lon="-16.654038">
				<ele>2669.000000</ele>
			</trkpt>
			<trkpt lat="28.249986" lon="-16.654065">
				<ele>2668.000000</ele>
			</trkpt>
			<trkpt lat="28.249954" lon="-16.654092">
				<ele>2667.000000</ele>
			</trkpt>
			<trkpt lat="28.249939" lon="-16.654083">
				<ele>2667.000000</ele>
			</trkpt>
			<trkpt lat="28.249914" lon="-16.654100">
				<ele>2667.000000</ele>
			</trkpt>
			<trkpt lat="28.249899" lon="-16.654128">
				<ele>2666.000000</ele>
			</trkpt>
			<trkpt lat="28.249860" lon="-16.654136">
				<ele>2666.000000</ele>
			</trkpt>
			<trkpt lat="28.249780" lon="-16.654119">
				<ele>2664.000000</ele>
			</trkpt>
			<trkpt lat="28.249741" lon="-16.654146">
				<ele>2664.000000</ele>
			</trkpt>
			<trkpt lat="28.249701" lon="-16.654172">
				<ele>2663.000000</ele>
			</trkpt>
			<trkpt lat="28.249654" lon="-16.654226">
				<ele>2662.000000</ele>
			</trkpt>
			<trkpt lat="28.249590" lon="-16.654235">
				<ele>2661.000000</ele>
			</trkpt>
			<trkpt lat="28.249535" lon="-16.654245">
				<ele>2660.000000</ele>
			</trkpt>
			<trkpt lat="28.249456" lon="-16.654272">
				<ele>2658.000000</ele>
			</trkpt>
			<trkpt lat="28.249385" lon="-16.654308">
				<ele>2656.000000</ele>
			</trkpt>
			<trkpt lat="28.249361" lon="-16.654298">
				<ele>2655.000000</ele>
			</trkpt>
			<trkpt lat="28.249329" lon="-16.654308">
				<ele>2655.000000</ele>
			</trkpt>
			<trkpt lat="28.249290" lon="-16.654280">
				<ele>2653.000000</ele>
			</trkpt>
			<trkpt lat="28.249273" lon="-16.654235">
				<ele>2652.000000</ele>
			</trkpt>
			<trkpt lat="28.249210" lon="-16.654209">
				<ele>2651.000000</ele>
			</trkpt>
			<trkpt lat="28.249147" lon="-16.654209">
				<ele>2649.000000</ele>
			</trkpt>
			<trkpt lat="28.249100" lon="-16.654226">
				<ele>2648.000000</ele>
			</trkpt>
			<trkpt lat="28.249021" lon="-16.654209">
				<ele>2646.000000</ele>
			</trkpt>
			<trkpt lat="28.248957" lon="-16.654218">
				<ele>2644.000000</ele>
			</trkpt>
			<trkpt lat="28.248878" lon="-16.654163">
				<ele>2641.000000</ele>
			</trkpt>
			<trkpt lat="28.248838" lon="-16.654172">
				<ele>2640.000000</ele>
			</trkpt>
			<trkpt lat="28.248791" lon="-16.654136">
				<ele>2639.000000</ele>
			</trkpt>
			<trkpt lat="28.248759" lon="-16.654136">
				<ele>2639.000000</ele>
			</trkpt>
			<trkpt lat="28.248728" lon="-16.654119">
				<ele>2638.000000</ele>
			</trkpt>
			<trkpt lat="28.248720" lon="-16.654092">
				<ele>2638.000000</ele>
			</trkpt>
			<trkpt lat="28.248688" lon="-16.654092">
				<ele>2637.000000</ele>
			</trkpt>
			<trkpt lat="28.248665" lon="-16.654065">
				<ele>2637.000000</ele>
			</trkpt>
			<trkpt lat="28.248625" lon="-16.654065">
				<ele>2636.000000</ele>
			</trkpt>
			<trkpt lat="28.248601" lon="-16.654038">
				<ele>2636.000000</ele>
			</trkpt>
			<trkpt lat="28.248561" lon="-16.654056">
				<ele>2635.000000</ele>
			</trkpt>
			<trkpt lat="28.248522" lon="-16.654046">
				<ele>2635.000000</ele>
			</trkpt>
			<trkpt lat="28.248514" lon="-16.654065">
				<ele>2634.000000</ele>
			</trkpt>
			<trkpt lat="28.248482" lon="-16.654073">
				<ele>2634.000000</ele>
			</trkpt>
			<trkpt lat="28.248435" lon="-16.654073">
				<ele>2633.000000</ele>
			</trkpt>
			<trkpt lat="28.248395" lon="-16.654038">
				<ele>2633.000000</ele>
			</trkpt>
			<trkpt lat="28.248364" lon="-16.654056">
				<ele>2632.000000</ele>
			</trkpt>
			<trkpt lat="28.248348" lon="-16.654092">
				<ele>2632.000000</ele>
			</trkpt>
			<trkpt lat="28.248269" lon="-16.654155">
				<ele>2630.000000</ele>
			</trkpt>
			<trkpt lat="28.248237" lon="-16.654155">
				<ele>2630.000000</ele>
			</trkpt>
			<trkpt lat="28.248229" lon="-16.654172">
				<ele>2629.000000</ele>
			</trkpt>
			<trkpt lat="28.248245" lon="-16.654209">
				<ele>2629.000000</ele>
			</trkpt>
			<trkpt lat="28.248229" lon="-16.654245">
				<ele>2628.000000</ele>
			</trkpt>
			<trkpt lat="28.248221" lon="-16.654272">
				<ele>2627.000000</ele>
			</trkpt>
			<trkpt lat="28.248221" lon="-16.654370">
				<ele>2626.000000</ele>
			</trkpt>
			<trkpt lat="28.248197" lon="-16.654415">
				<ele>2625.000000</ele>
			</trkpt>
			<trkpt lat="28.248166" lon="-16.654415">
				<ele>2624.000000</ele>
			</trkpt>
			<trkpt lat="28.248126" lon="-16.654398">
				<ele>2624.000000</ele>
			</trkpt>
			<trkpt lat="28.248103" lon="-16.654425">
				<ele>2623.000000</ele>
			</trkpt>
			<trkpt lat="28.248047" lon="-16.654415">
				<ele>2622.000000</ele>
			</trkpt>
			<trkpt lat="28.247999" lon="-16.654398">
				<ele>2621.000000</ele>
			</trkpt>
			<trkpt lat="28.247976" lon="-16.654398">
				<ele>2621.000000</ele>
			</trkpt>
			<trkpt lat="28.247952" lon="-16.654379">
				<ele>2620.000000</ele>
			</trkpt>
			<trkpt lat="28.247920" lon="-16.654361">
				<ele>2619.000000</ele>
			</trkpt>
			<trkpt lat="28.247920" lon="-16.654280">
				<ele>2618.000000</ele>
			</trkpt>
			<trkpt lat="28.247881" lon="-16.654235">
				<ele>2617.000000</ele>
			</trkpt>
			<trkpt lat="28.247849" lon="-16.654245">
				<ele>2616.000000</ele>
			</trkpt>
			<trkpt lat="28.247754" lon="-16.654182">
				<ele>2614.000000</ele>
			</trkpt>
			<trkpt lat="28.247722" lon="-16.654209">
				<ele>2613.000000</ele>
			</trkpt>
			<trkpt lat="28.247675" lon="-16.654209">
				<ele>2612.000000</ele>
			</trkpt>
			<trkpt lat="28.247643" lon="-16.654245">
				<ele>2611.000000</ele>
			</trkpt>
			<trkpt lat="28.247580" lon="-16.654226">
				<ele>2610.000000</ele>
			</trkpt>
			<trkpt lat="28.247517" lon="-16.654182">
				<ele>2609.000000</ele>
			</trkpt>
			<trkpt lat="28.247493" lon="-16.654209">
				<ele>2609.000000</ele>
			</trkpt>
			<trkpt lat="28.247470" lon="-16.654199">
				<ele>2608.000000</ele>
			</trkpt>
			<trkpt lat="28.247437" lon="-16.654199">
				<ele>2608.000000</ele>
			</trkpt>
			<trkpt lat="28.247414" lon="-16.654190">
				<ele>2607.000000</ele>
			</trkpt>
			<trkpt lat="28.247398" lon="-16.654163">
				<ele>2607.000000</ele>
			</trkpt>
			<trkpt lat="28.247406" lon="-16.654128">
				<ele>2607.000000</ele>
			</trkpt>
			<trkpt lat="28.247398" lon="-16.654100">
				<ele>2606.000000</ele>
			</trkpt>
			<trkpt lat="28.247382" lon="-16.654109">
				<ele>2606.000000</ele>
			</trkpt>
			<trkpt lat="28.247366" lon="-16.654065">
				<ele>2605.000000</ele>
			</trkpt>
			<trkpt lat="28.247351" lon="-16.654073">
				<ele>2605.000000</ele>
			</trkpt>
			<trkpt lat="28.247343" lon="-16.654092">
				<ele>2605.000000</ele>
			</trkpt>
			<trkpt lat="28.247327" lon="-16.654119">
				<ele>2605.000000</ele>
			</trkpt>
			<trkpt lat="28.247287" lon="-16.654136">
				<ele>2604.000000</ele>
			</trkpt>
			<trkpt lat="28.247240" lon="-16.654172">
				<ele>2603.000000</ele>
			</trkpt>
			<trkpt lat="28.247216" lon="-16.654163">
				<ele>2603.000000</ele>
			</trkpt>
			<trkpt lat="28.247208" lon="-16.654136">
				<ele>2602.000000</ele>
			</trkpt>
			<trkpt lat="28.247153" lon="-16.654109">
				<ele>2602.000000</ele>
			</trkpt>
			<trkpt lat="28.247106" lon="-16.654056">
				<ele>2601.000000</ele>
			</trkpt>
			<trkpt lat="28.247081" lon="-16.654065">
				<ele>2600.000000</ele>
			</trkpt>
			<trkpt lat="28.247050" lon="-16.654083">
				<ele>2600.000000</ele>
			</trkpt>
			<trkpt lat="28.247002" lon="-16.654073">
				<ele>2599.000000</ele>
			</trkpt>
			<trkpt lat="28.246955" lon="-16.654065">
				<ele>2597.000000</ele>
			</trkpt>
			<trkpt lat="28.246947" lon="-16.654100">
				<ele>2597.000000</ele>
			</trkpt>
			<trkpt lat="28.246900" lon="-16.654083">
				<ele>2595.000000</ele>
			</trkpt>
			<trkpt lat="28.246829" lon="-16.654136">
				<ele>2593.000000</ele>
			</trkpt>
			<trkpt lat="28.246718" lon="-16.654092">
				<ele>2590.000000</ele>
			</trkpt>
			<trkpt lat="28.246678" lon="-16.654119">
				<ele>2589.000000</ele>
			</trkpt>
			<trkpt lat="28.246615" lon="-16.654146">
				<ele>2587.000000</ele>
			</trkpt>
			<trkpt lat="28.246591" lon="-16.654182">
				<ele>2586.000000</ele>
			</trkpt>
			<trkpt lat="28.246567" lon="-16.654199">
				<ele>2585.000000</ele>
			</trkpt>
			<trkpt lat="28.246544" lon="-16.654190">
				<ele>2584.000000</ele>
			</trkpt>
			<trkpt lat="28.246519" lon="-16.654218">
				<ele>2583.000000</ele>
			</trkpt>
			<trkpt lat="28.246473" lon="-16.654253">
				<ele>2581.000000</ele>
			</trkpt>
			<trkpt lat="28.246417" lon="-16.654218">
				<ele>2580.000000</ele>
			</trkpt>
			<trkpt lat="28.246401" lon="-16.654218">
				<ele>2579.000000</ele>
			</trkpt>
			<trkpt lat="28.246393" lon="-16.654253">
				<ele>2579.000000</ele>
			</trkpt>
			<trkpt lat="28.246361" lon="-16.654218">
				<ele>2578.000000</ele>
			</trkpt>
			<trkpt lat="28.246314" lon="-16.654253">
				<ele>2577.000000</ele>
			</trkpt>
			<trkpt lat="28.246290" lon="-16.654209">
				<ele>2576.000000</ele>
			</trkpt>
			<trkpt lat="28.246267" lon="-16.654218">
				<ele>2575.000000</ele>
			</trkpt>
			<trkpt lat="28.246243" lon="-16.654262">
				<ele>2574.000000</ele>
			</trkpt>
			<trkpt lat="28.246211" lon="-16.654325">
				<ele>2573.000000</ele>
			</trkpt>
			<trkpt lat="28.246171" lon="-16.654442">
				<ele>2571.000000</ele>
			</trkpt>
			<trkpt lat="28.246140" lon="-16.654478">
				<ele>2570.000000</ele>
			</trkpt>
			<trkpt lat="28.246092" lon="-16.654496">
				<ele>2569.000000</ele>
			</trkpt>
			<trkpt lat="28.246069" lon="-16.654488">
				<ele>2568.000000</ele>
			</trkpt>
			<trkpt lat="28.246045" lon="-16.654459">
				<ele>2567.000000</ele>
			</trkpt>
			<trkpt lat="28.246005" lon="-16.654425">
				<ele>2566.000000</ele>
			</trkpt>
			<trkpt lat="28.245974" lon="-16.654406">
				<ele>2565.000000</ele>
			</trkpt>
			<trkpt lat="28.245958" lon="-16.654388">
				<ele>2565.000000</ele>
			</trkpt>
			<trkpt lat="28.245966" lon="-16.654361">
				<ele>2564.000000</ele>
			</trkpt>
			<trkpt lat="28.245966" lon="-16.654343">
				<ele>2564.000000</ele>
			</trkpt>
			<trkpt lat="28.245950" lon="-16.654325">
				<ele>2563.000000</ele>
			</trkpt>
			<trkpt lat="28.245926" lon="-16.654316">
				<ele>2563.000000</ele>
			</trkpt>
			<trkpt lat="28.245895" lon="-16.654335">
				<ele>2562.000000</ele>
			</trkpt>
			<trkpt lat="28.245863" lon="-16.654370">
				<ele>2561.000000</ele>
			</trkpt>
			<trkpt lat="28.245760" lon="-16.654325">
				<ele>2559.000000</ele>
			</trkpt>
			<trkpt lat="28.245713" lon="-16.654235">
				<ele>2556.000000</ele>
			</trkpt>
			<trkpt lat="28.245673" lon="-16.654218">
				<ele>2556.000000</ele>
			</trkpt>
			<trkpt lat="28.245626" lon="-16.654235">
				<ele>2554.000000</ele>
			</trkpt>
			<trkpt lat="28.245563" lon="-16.654280">
				<ele>2553.000000</ele>
			</trkpt>
			<trkpt lat="28.245451" lon="-16.654262">
				<ele>2550.000000</ele>
			</trkpt>
			<trkpt lat="28.245412" lon="-16.654253">
				<ele>2549.000000</ele>
			</trkpt>
			<trkpt lat="28.245341" lon="-16.654245">
				<ele>2547.000000</ele>
			</trkpt>
			<trkpt lat="28.245341" lon="-16.654218">
				<ele>2546.000000</ele>
			</trkpt>
			<trkpt lat="28.245333" lon="-16.654190">
				<ele>2546.000000</ele>
			</trkpt>
			<trkpt lat="28.245293" lon="-16.654209">
				<ele>2544.000000</ele>
			</trkpt>
			<trkpt lat="28.245238" lon="-16.654226">
				<ele>2543.000000</ele>
			</trkpt>
			<trkpt lat="28.245199" lon="-16.654235">
				<ele>2541.000000</ele>
			</trkpt>
			<trkpt lat="28.245182" lon="-16.654209">
				<ele>2540.000000</ele>
			</trkpt>
			<trkpt lat="28.245135" lon="-16.654218">
				<ele>2539.000000</ele>
			</trkpt>
			<trkpt lat="28.245087" lon="-16.654199">
				<ele>2538.000000</ele>
			</trkpt>
			<trkpt lat="28.245056" lon="-16.654136">
				<ele>2536.000000</ele>
			</trkpt>
			<trkpt lat="28.245001" lon="-16.654128">
				<ele>2535.000000</ele>
			</trkpt>
			<trkpt lat="28.244961" lon="-16.654100">
				<ele>2534.000000</ele>
			</trkpt>
			<trkpt lat="28.244929" lon="-16.654056">
				<ele>2533.000000</ele>
			</trkpt>
			<trkpt lat="28.244914" lon="-16.654002">
				<ele>2531.000000</ele>
			</trkpt>
			<trkpt lat="28.244882" lon="-16.654002">
				<ele>2531.000000</ele>
			</trkpt>
			<trkpt lat="28.244747" lon="-16.653983">
				<ele>2527.000000</ele>
			</trkpt>
			<trkpt lat="28.244645" lon="-16.653956">
				<ele>2525.000000</ele>
			</trkpt>
			<trkpt lat="28.244541" lon="-16.653903">
				<ele>2522.000000</ele>
			</trkpt>
			<trkpt lat="28.244526" lon="-16.653876">
				<ele>2522.000000</ele>
			</trkpt>
			<trkpt lat="28.244486" lon="-16.653867">
				<ele>2521.000000</ele>
			</trkpt>
			<trkpt lat="28.244446" lon="-16.653867">
				<ele>2520.000000</ele>
			</trkpt>
			<trkpt lat="28.244423" lon="-16.653813">
				<ele>2520.000000</ele>
			</trkpt>
			<trkpt lat="28.244360" lon="-16.653597">
				<ele>2520.000000</ele>
			</trkpt>
			<trkpt lat="28.244352" lon="-16.653499">
				<ele>2520.000000</ele>
			</trkpt>
			<trkpt lat="28.244367" lon="-16.653446">
				<ele>2520.000000</ele>
			</trkpt>
			<trkpt lat="28.244399" lon="-16.653417">
				<ele>2520.000000</ele>
			</trkpt>
			<trkpt lat="28.244439" lon="-16.653409">
				<ele>2520.000000</ele>
			</trkpt>
			<trkpt lat="28.244446" lon="-16.653382">
				<ele>2520.000000</ele>
			</trkpt>
			<trkpt lat="28.244486" lon="-16.653346">
				<ele>2520.000000</ele>
			</trkpt>
			<trkpt lat="28.244494" lon="-16.653319">
				<ele>2520.000000</ele>
			</trkpt>
			<trkpt lat="28.244502" lon="-16.653293">
				<ele>2520.000000</ele>
			</trkpt>
			<trkpt lat="28.244494" lon="-16.653256">
				<ele>2520.000000</ele>
			</trkpt>
			<trkpt lat="28.244494" lon="-16.653220">
				<ele>2520.000000</ele>
			</trkpt>
			<trkpt lat="28.244423" lon="-16.653031">
				<ele>2520.000000</ele>
			</trkpt>
			<trkpt lat="28.244320" lon="-16.652897">
				<ele>2520.000000</ele>
			</trkpt>
			<trkpt lat="28.244241" lon="-16.652843">
				<ele>2519.000000</ele>
			</trkpt>
			<trkpt lat="28.244027" lon="-16.652511">
				<ele>2514.000000</ele>
			</trkpt>
			<trkpt lat="28.244019" lon="-16.652430">
				<ele>2514.000000</ele>
			</trkpt>
			<trkpt lat="28.243964" lon="-16.652402">
				<ele>2513.000000</ele>
			</trkpt>
			<trkpt lat="28.243821" lon="-16.652348">
				<ele>2511.000000</ele>
			</trkpt>
			<trkpt lat="28.243766" lon="-16.652322">
				<ele>2510.000000</ele>
			</trkpt>
			<trkpt lat="28.243719" lon="-16.652295">
				<ele>2509.000000</ele>
			</trkpt>
			<trkpt lat="28.243679" lon="-16.652188">
				<ele>2507.000000</ele>
			</trkpt>
			<trkpt lat="28.243631" lon="-16.652134">
				<ele>2506.000000</ele>
			</trkpt>
			<trkpt lat="28.243568" lon="-16.652079">
				<ele>2505.000000</ele>
			</trkpt>
			<trkpt lat="28.243576" lon="-16.652044">
				<ele>2504.000000</ele>
			</trkpt>
			<trkpt lat="28.243528" lon="-16.651989">
				<ele>2503.000000</ele>
			</trkpt>
			<trkpt lat="28.243536" lon="-16.651954">
				<ele>2502.000000</ele>
			</trkpt>
			<trkpt lat="28.243536" lon="-16.651926">
				<ele>2502.000000</ele>
			</trkpt>
			<trkpt lat="28.243528" lon="-16.651891">
				<ele>2501.000000</ele>
			</trkpt>
			<trkpt lat="28.243536" lon="-16.651855">
				<ele>2500.000000</ele>
			</trkpt>
			<trkpt lat="28.243528" lon="-16.651809">
				<ele>2500.000000</ele>
			</trkpt>
			<trkpt lat="28.243544" lon="-16.651756">
				<ele>2499.000000</ele>
			</trkpt>
			<trkpt lat="28.243528" lon="-16.651711">
				<ele>2499.000000</ele>
			</trkpt>
			<trkpt lat="28.243521" lon="-16.651685">
				<ele>2498.000000</ele>
			</trkpt>
			<trkpt lat="28.243497" lon="-16.651685">
				<ele>2498.000000</ele>
			</trkpt>
			<trkpt lat="28.243481" lon="-16.651658">
				<ele>2498.000000</ele>
			</trkpt>
			<trkpt lat="28.243465" lon="-16.651658">
				<ele>2498.000000</ele>
			</trkpt>
			<trkpt lat="28.243442" lon="-16.651603">
				<ele>2497.000000</ele>
			</trkpt>
			<trkpt lat="28.243418" lon="-16.651585">
				<ele>2497.000000</ele>
			</trkpt>
			<trkpt lat="28.243402" lon="-16.651549">
				<ele>2496.000000</ele>
			</trkpt>
			<trkpt lat="28.243378" lon="-16.651540">
				<ele>2496.000000</ele>
			</trkpt>
			<trkpt lat="28.243363" lon="-16.651513">
				<ele>2496.000000</ele>
			</trkpt>
			<trkpt lat="28.243354" lon="-16.651469">
				<ele>2495.000000</ele>
			</trkpt>
			<trkpt lat="28.243370" lon="-16.651442">
				<ele>2495.000000</ele>
			</trkpt>
			<trkpt lat="28.243363" lon="-16.651415">
				<ele>2495.000000</ele>
			</trkpt>
			<trkpt lat="28.243346" lon="-16.651396">
				<ele>2495.000000</ele>
			</trkpt>
			<trkpt lat="28.243299" lon="-16.651379">
				<ele>2494.000000</ele>
			</trkpt>
			<trkpt lat="28.243299" lon="-16.651343">
				<ele>2494.000000</ele>
			</trkpt>
			<trkpt lat="28.243338" lon="-16.651316">
				<ele>2493.000000</ele>
			</trkpt>
			<trkpt lat="28.243354" lon="-16.651306">
				<ele>2493.000000</ele>
			</trkpt>
			<trkpt lat="28.243346" lon="-16.651289">
				<ele>2493.000000</ele>
			</trkpt>
			<trkpt lat="28.243338" lon="-16.651280">
				<ele>2493.000000</ele>
			</trkpt>
			<trkpt lat="28.243330" lon="-16.651272">
				<ele>2492.000000</ele>
			</trkpt>
			<trkpt lat="28.243307" lon="-16.651262">
				<ele>2492.000000</ele>
			</trkpt>
			<trkpt lat="28.243291" lon="-16.651253">
				<ele>2492.000000</ele>
			</trkpt>
			<trkpt lat="28.243291" lon="-16.651226">
				<ele>2492.000000</ele>
			</trkpt>
			<trkpt lat="28.243315" lon="-16.651199">
				<ele>2491.000000</ele>
			</trkpt>
			<trkpt lat="28.243354" lon="-16.651190">
				<ele>2491.000000</ele>
			</trkpt>
			<trkpt lat="28.243363" lon="-16.651172">
				<ele>2491.000000</ele>
			</trkpt>
			<trkpt lat="28.243354" lon="-16.651154">
				<ele>2491.000000</ele>
			</trkpt>
			<trkpt lat="28.243354" lon="-16.651127">
				<ele>2490.000000</ele>
			</trkpt>
			<trkpt lat="28.243346" lon="-16.651082">
				<ele>2490.000000</ele>
			</trkpt>
			<trkpt lat="28.243363" lon="-16.651046">
				<ele>2489.000000</ele>
			</trkpt>
			<trkpt lat="28.243363" lon="-16.651019">
				<ele>2489.000000</ele>
			</trkpt>
			<trkpt lat="28.243338" lon="-16.650983">
				<ele>2488.000000</ele>
			</trkpt>
			<trkpt lat="28.243323" lon="-16.650947">
				<ele>2488.000000</ele>
			</trkpt>
			<trkpt lat="28.243338" lon="-16.650893">
				<ele>2487.000000</ele>
			</trkpt>
			<trkpt lat="28.243338" lon="-16.650849">
				<ele>2487.000000</ele>
			</trkpt>
			<trkpt lat="28.243354" lon="-16.650804">
				<ele>2486.000000</ele>
			</trkpt>
			<trkpt lat="28.243338" lon="-16.650714">
				<ele>2485.000000</ele>
			</trkpt>
			<trkpt lat="28.243354" lon="-16.650624">
				<ele>2484.000000</ele>
			</trkpt>
			<trkpt lat="28.243346" lon="-16.650543">
				<ele>2483.000000</ele>
			</trkpt>
			<trkpt lat="28.243323" lon="-16.650490">
				<ele>2482.000000</ele>
			</trkpt>
			<trkpt lat="28.243291" lon="-16.650454">
				<ele>2482.000000</ele>
			</trkpt>
			<trkpt lat="28.243244" lon="-16.650408">
				<ele>2481.000000</ele>
			</trkpt>
			<trkpt lat="28.243220" lon="-16.650373">
				<ele>2480.000000</ele>
			</trkpt>
			<trkpt lat="28.243212" lon="-16.650283">
				<ele>2479.000000</ele>
			</trkpt>
			<trkpt lat="28.243196" lon="-16.650220">
				<ele>2478.000000</ele>
			</trkpt>
			<trkpt lat="28.243149" lon="-16.650184">
				<ele>2477.000000</ele>
			</trkpt>
			<trkpt lat="28.243117" lon="-16.650193">
				<ele>2476.000000</ele>
			</trkpt>
			<trkpt lat="28.243053" lon="-16.650148">
				<ele>2474.000000</ele>
			</trkpt>
			<trkpt lat="28.243030" lon="-16.650157">
				<ele>2474.000000</ele>
			</trkpt>
			<trkpt lat="28.242998" lon="-16.650121">
				<ele>2473.000000</ele>
			</trkpt>
			<trkpt lat="28.242943" lon="-16.650094">
				<ele>2472.000000</ele>
			</trkpt>
			<trkpt lat="28.242895" lon="-16.650067">
				<ele>2470.000000</ele>
			</trkpt>
			<trkpt lat="28.242880" lon="-16.650022">
				<ele>2470.000000</ele>
			</trkpt>
			<trkpt lat="28.242832" lon="-16.650004">
				<ele>2469.000000</ele>
			</trkpt>
			<trkpt lat="28.242801" lon="-16.649951">
				<ele>2467.000000</ele>
			</trkpt>
			<trkpt lat="28.242753" lon="-16.649941">
				<ele>2467.000000</ele>
			</trkpt>
			<trkpt lat="28.242721" lon="-16.649905">
				<ele>2466.000000</ele>
			</trkpt>
			<trkpt lat="28.242697" lon="-16.649861">
				<ele>2465.000000</ele>
			</trkpt>
			<trkpt lat="28.242674" lon="-16.649842">
				<ele>2464.000000</ele>
			</trkpt>
			<trkpt lat="28.242674" lon="-16.649807">
				<ele>2464.000000</ele>
			</trkpt>
			<trkpt lat="28.242674" lon="-16.649761">
				<ele>2463.000000</ele>
			</trkpt>
			<trkpt lat="28.242690" lon="-16.649735">
				<ele>2462.000000</ele>
			</trkpt>
			<trkpt lat="28.242674" lon="-16.649698">
				<ele>2462.000000</ele>
			</trkpt>
			<trkpt lat="28.242642" lon="-16.649690">
				<ele>2461.000000</ele>
			</trkpt>
			<trkpt lat="28.242587" lon="-16.649627">
				<ele>2460.000000</ele>
			</trkpt>
			<trkpt lat="28.242539" lon="-16.649538">
				<ele>2458.000000</ele>
			</trkpt>
			<trkpt lat="28.242531" lon="-16.649465">
				<ele>2457.000000</ele>
			</trkpt>
			<trkpt lat="28.242547" lon="-16.649402">
				<ele>2457.000000</ele>
			</trkpt>
			<trkpt lat="28.242547" lon="-16.649348">
				<ele>2456.000000</ele>
			</trkpt>
			<trkpt lat="28.242563" lon="-16.649295">
				<ele>2455.000000</ele>
			</trkpt>
			<trkpt lat="28.242531" lon="-16.649268">
				<ele>2455.000000</ele>
			</trkpt>
			<trkpt lat="28.242500" lon="-16.649205">
				<ele>2454.000000</ele>
			</trkpt>
			<trkpt lat="28.242491" lon="-16.649142">
				<ele>2453.000000</ele>
			</trkpt>
			<trkpt lat="28.242357" lon="-16.648882">
				<ele>2449.000000</ele>
			</trkpt>
			<trkpt lat="28.242278" lon="-16.648828">
				<ele>2448.000000</ele>
			</trkpt>
			<trkpt lat="28.242160" lon="-16.648746">
				<ele>2447.000000</ele>
			</trkpt>
			<trkpt lat="28.242135" lon="-16.648683">
				<ele>2446.000000</ele>
			</trkpt>
			<trkpt lat="28.242143" lon="-16.648612">
				<ele>2446.000000</ele>
			</trkpt>
			<trkpt lat="28.242120" lon="-16.648559">
				<ele>2445.000000</ele>
			</trkpt>
			<trkpt lat="28.242120" lon="-16.648486">
				<ele>2444.000000</ele>
			</trkpt>
			<trkpt lat="28.242135" lon="-16.648396">
				<ele>2444.000000</ele>
			</trkpt>
			<trkpt lat="28.242168" lon="-16.648360">
				<ele>2443.000000</ele>
			</trkpt>
			<trkpt lat="28.242239" lon="-16.648270">
				<ele>2442.000000</ele>
			</trkpt>
			<trkpt lat="28.242223" lon="-16.648226">
				<ele>2442.000000</ele>
			</trkpt>
			<trkpt lat="28.242191" lon="-16.648199">
				<ele>2441.000000</ele>
			</trkpt>
			<trkpt lat="28.242128" lon="-16.648217">
				<ele>2441.000000</ele>
			</trkpt>
			<trkpt lat="28.242120" lon="-16.648217">
				<ele>2440.000000</ele>
			</trkpt>
			<trkpt lat="28.242104" lon="-16.648190">
				<ele>2440.000000</ele>
			</trkpt>
			<trkpt lat="28.242104" lon="-16.648180">
				<ele>2440.000000</ele>
			</trkpt>
			<trkpt lat="28.242096" lon="-16.648144">
				<ele>2440.000000</ele>
			</trkpt>
			<trkpt lat="28.242049" lon="-16.648127">
				<ele>2439.000000</ele>
			</trkpt>
			<trkpt lat="28.242033" lon="-16.648109">
				<ele>2438.000000</ele>
			</trkpt>
			<trkpt lat="28.242009" lon="-16.648109">
				<ele>2438.000000</ele>
			</trkpt>
			<trkpt lat="28.241985" lon="-16.648117">
				<ele>2437.000000</ele>
			</trkpt>
			<trkpt lat="28.241977" lon="-16.648090">
				<ele>2437.000000</ele>
			</trkpt>
			<trkpt lat="28.241954" lon="-16.648073">
				<ele>2436.000000</ele>
			</trkpt>
			<trkpt lat="28.241930" lon="-16.648082">
				<ele>2436.000000</ele>
			</trkpt>
			<trkpt lat="28.241914" lon="-16.648090">
				<ele>2435.000000</ele>
			</trkpt>
			<trkpt lat="28.241906" lon="-16.648056">
				<ele>2435.000000</ele>
			</trkpt>
			<trkpt lat="28.241883" lon="-16.648046">
				<ele>2434.000000</ele>
			</trkpt>
			<trkpt lat="28.241858" lon="-16.648046">
				<ele>2434.000000</ele>
			</trkpt>
			<trkpt lat="28.241827" lon="-16.648027">
				<ele>2433.000000</ele>
			</trkpt>
			<trkpt lat="28.241812" lon="-16.647993">
				<ele>2433.000000</ele>
			</trkpt>
			<trkpt lat="28.241787" lon="-16.647983">
				<ele>2432.000000</ele>
			</trkpt>
			<trkpt lat="28.241787" lon="-16.647947">
				<ele>2431.000000</ele>
			</trkpt>
			<trkpt lat="28.241756" lon="-16.647920">
				<ele>2431.000000</ele>
			</trkpt>
			<trkpt lat="28.241732" lon="-16.647911">
				<ele>2430.000000</ele>
			</trkpt>
			<trkpt lat="28.241716" lon="-16.647884">
				<ele>2430.000000</ele>
			</trkpt>
			<trkpt lat="28.241716" lon="-16.647840">
				<ele>2429.000000</ele>
			</trkpt>
			<trkpt lat="28.241685" lon="-16.647813">
				<ele>2428.000000</ele>
			</trkpt>
			<trkpt lat="28.241653" lon="-16.647813">
				<ele>2427.000000</ele>
			</trkpt>
			<trkpt lat="28.241637" lon="-16.647777">
				<ele>2426.000000</ele>
			</trkpt>
			<trkpt lat="28.241629" lon="-16.647750">
				<ele>2426.000000</ele>
			</trkpt>
			<trkpt lat="28.241590" lon="-16.647731">
				<ele>2425.000000</ele>
			</trkpt>
			<trkpt lat="28.241566" lon="-16.647723">
				<ele>2424.000000</ele>
			</trkpt>
			<trkpt lat="28.241558" lon="-16.647696">
				<ele>2424.000000</ele>
			</trkpt>
			<trkpt lat="28.241534" lon="-16.647668">
				<ele>2423.000000</ele>
			</trkpt>
			<trkpt lat="28.241502" lon="-16.647668">
				<ele>2422.000000</ele>
			</trkpt>
			<trkpt lat="28.241479" lon="-16.647641">
				<ele>2422.000000</ele>
			</trkpt>
			<trkpt lat="28.241471" lon="-16.647614">
				<ele>2421.000000</ele>
			</trkpt>
			<trkpt lat="28.241431" lon="-16.647606">
				<ele>2420.000000</ele>
			</trkpt>
			<trkpt lat="28.241400" lon="-16.647588">
				<ele>2419.000000</ele>
			</trkpt>
			<trkpt lat="28.241376" lon="-16.647551">
				<ele>2418.000000</ele>
			</trkpt>
			<trkpt lat="28.241329" lon="-16.647551">
				<ele>2417.000000</ele>
			</trkpt>
			<trkpt lat="28.241297" lon="-16.647543">
				<ele>2417.000000</ele>
			</trkpt>
			<trkpt lat="28.241281" lon="-16.647534">
				<ele>2416.000000</ele>
			</trkpt>
			<trkpt lat="28.241242" lon="-16.647561">
				<ele>2415.000000</ele>
			</trkpt>
			<trkpt lat="28.241225" lon="-16.647551">
				<ele>2415.000000</ele>
			</trkpt>
			<trkpt lat="28.241225" lon="-16.647516">
				<ele>2414.000000</ele>
			</trkpt>
			<trkpt lat="28.241186" lon="-16.647516">
				<ele>2413.000000</ele>
			</trkpt>
			<trkpt lat="28.241154" lon="-16.647507">
				<ele>2412.000000</ele>
			</trkpt>
			<trkpt lat="28.241123" lon="-16.647516">
				<ele>2412.000000</ele>
			</trkpt>
			<trkpt lat="28.241115" lon="-16.647480">
				<ele>2411.000000</ele>
			</trkpt>
			<trkpt lat="28.241115" lon="-16.647453">
				<ele>2410.000000</ele>
			</trkpt>
			<trkpt lat="28.241083" lon="-16.647381">
				<ele>2409.000000</ele>
			</trkpt>
			<trkpt lat="28.241044" lon="-16.647381">
				<ele>2409.000000</ele>
			</trkpt>
			<trkpt lat="28.241028" lon="-16.647364">
				<ele>2408.000000</ele>
			</trkpt>
			<trkpt lat="28.241028" lon="-16.647327">
				<ele>2408.000000</ele>
			</trkpt>
			<trkpt lat="28.241012" lon="-16.647318">
				<ele>2408.000000</ele>
			</trkpt>
			<trkpt lat="28.240996" lon="-16.647301">
				<ele>2408.000000</ele>
			</trkpt>
			<trkpt lat="28.240980" lon="-16.647310">
				<ele>2407.000000</ele>
			</trkpt>
			<trkpt lat="28.240973" lon="-16.647291">
				<ele>2407.000000</ele>
			</trkpt>
			<trkpt lat="28.240932" lon="-16.647318">
				<ele>2407.000000</ele>
			</trkpt>
			<trkpt lat="28.240886" lon="-16.647337">
				<ele>2406.000000</ele>
			</trkpt>
			<trkpt lat="28.240877" lon="-16.647327">
				<ele>2406.000000</ele>
			</trkpt>
			<trkpt lat="28.240861" lon="-16.647337">
				<ele>2406.000000</ele>
			</trkpt>
			<trkpt lat="28.240853" lon="-16.647310">
				<ele>2405.000000</ele>
			</trkpt>
			<trkpt lat="28.240861" lon="-16.647291">
				<ele>2405.000000</ele>
			</trkpt>
			<trkpt lat="28.240886" lon="-16.647274">
				<ele>2405.000000</ele>
			</trkpt>
			<trkpt lat="28.240886" lon="-16.647201">
				<ele>2404.000000</ele>
			</trkpt>
			<trkpt lat="28.240893" lon="-16.647148">
				<ele>2403.000000</ele>
			</trkpt>
			<trkpt lat="28.240901" lon="-16.647094">
				<ele>2403.000000</ele>
			</trkpt>
			<trkpt lat="28.240901" lon="-16.647058">
				<ele>2402.000000</ele>
			</trkpt>
			<trkpt lat="28.240877" lon="-16.647031">
				<ele>2402.000000</ele>
			</trkpt>
			<trkpt lat="28.240853" lon="-16.646985">
				<ele>2401.000000</ele>
			</trkpt>
			<trkpt lat="28.240838" lon="-16.646932">
				<ele>2401.000000</ele>
			</trkpt>
			<trkpt lat="28.240838" lon="-16.646888">
				<ele>2400.000000</ele>
			</trkpt>
			<trkpt lat="28.240806" lon="-16.646869">
				<ele>2400.000000</ele>
			</trkpt>
			<trkpt lat="28.240790" lon="-16.646834">
				<ele>2399.000000</ele>
			</trkpt>
			<trkpt lat="28.240790" lon="-16.646824">
				<ele>2399.000000</ele>
			</trkpt>
			<trkpt lat="28.240759" lon="-16.646815">
				<ele>2398.000000</ele>
			</trkpt>
			<trkpt lat="28.240743" lon="-16.646806">
				<ele>2398.000000</ele>
			</trkpt>
			<trkpt lat="28.240711" lon="-16.646735">
				<ele>2397.000000</ele>
			</trkpt>
			<trkpt lat="28.240695" lon="-16.646735">
				<ele>2396.000000</ele>
			</trkpt>
			<trkpt lat="28.240664" lon="-16.646689">
				<ele>2395.000000</ele>
			</trkpt>
			<trkpt lat="28.240632" lon="-16.646689">
				<ele>2395.000000</ele>
			</trkpt>
			<trkpt lat="28.240609" lon="-16.646635">
				<ele>2394.000000</ele>
			</trkpt>
			<trkpt lat="28.240576" lon="-16.646599">
				<ele>2393.000000</ele>
			</trkpt>
			<trkpt lat="28.240553" lon="-16.646555">
				<ele>2392.000000</ele>
			</trkpt>
			<trkpt lat="28.240537" lon="-16.646555">
				<ele>2392.000000</ele>
			</trkpt>
			<trkpt lat="28.240521" lon="-16.646536">
				<ele>2391.000000</ele>
			</trkpt>
			<trkpt lat="28.240497" lon="-16.646546">
				<ele>2391.000000</ele>
			</trkpt>
			<trkpt lat="28.240482" lon="-16.646501">
				<ele>2390.000000</ele>
			</trkpt>
			<trkpt lat="28.240442" lon="-16.646419">
				<ele>2388.000000</ele>
			</trkpt>
			<trkpt lat="28.240426" lon="-16.646411">
				<ele>2388.000000</ele>
			</trkpt>
			<trkpt lat="28.240434" lon="-16.646366">
				<ele>2387.000000</ele>
			</trkpt>
			<trkpt lat="28.240403" lon="-16.646330">
				<ele>2387.000000</ele>
			</trkpt>
			<trkpt lat="28.240379" lon="-16.646339">
				<ele>2386.000000</ele>
			</trkpt>
			<trkpt lat="28.240339" lon="-16.646339">
				<ele>2385.000000</ele>
			</trkpt>
			<trkpt lat="28.240332" lon="-16.646303">
				<ele>2385.000000</ele>
			</trkpt>
			<trkpt lat="28.240307" lon="-16.646312">
				<ele>2384.000000</ele>
			</trkpt>
			<trkpt lat="28.240307" lon="-16.646285">
				<ele>2384.000000</ele>
			</trkpt>
			<trkpt lat="28.240253" lon="-16.646285">
				<ele>2383.000000</ele>
			</trkpt>
			<trkpt lat="28.240260" lon="-16.646249">
				<ele>2382.000000</ele>
			</trkpt>
			<trkpt lat="28.240236" lon="-16.646249">
				<ele>2382.000000</ele>
			</trkpt>
			<trkpt lat="28.240220" lon="-16.646222">
				<ele>2381.000000</ele>
			</trkpt>
			<trkpt lat="28.240189" lon="-16.646222">
				<ele>2381.000000</ele>
			</trkpt>
			<trkpt lat="28.240181" lon="-16.646186">
				<ele>2380.000000</ele>
			</trkpt>
			<trkpt lat="28.240157" lon="-16.646186">
				<ele>2380.000000</ele>
			</trkpt>
			<trkpt lat="28.240149" lon="-16.646169">
				<ele>2379.000000</ele>
			</trkpt>
			<trkpt lat="28.240133" lon="-16.646169">
				<ele>2379.000000</ele>
			</trkpt>
			<trkpt lat="28.240102" lon="-16.646150">
				<ele>2378.000000</ele>
			</trkpt>
			<trkpt lat="28.240070" lon="-16.646159">
				<ele>2378.000000</ele>
			</trkpt>
			<trkpt lat="28.240054" lon="-16.646132">
				<ele>2377.000000</ele>
			</trkpt>
			<trkpt lat="28.240023" lon="-16.646115">
				<ele>2376.000000</ele>
			</trkpt>
			<trkpt lat="28.239983" lon="-16.646115">
				<ele>2375.000000</ele>
			</trkpt>
			<trkpt lat="28.239959" lon="-16.646096">
				<ele>2375.000000</ele>
			</trkpt>
			<trkpt lat="28.239904" lon="-16.646106">
				<ele>2373.000000</ele>
			</trkpt>
			<trkpt lat="28.239872" lon="-16.646060">
				<ele>2372.000000</ele>
			</trkpt>
			<trkpt lat="28.239825" lon="-16.646052">
				<ele>2371.000000</ele>
			</trkpt>
			<trkpt lat="28.239770" lon="-16.646052">
				<ele>2370.000000</ele>
			</trkpt>
			<trkpt lat="28.239706" lon="-16.646043">
				<ele>2369.000000</ele>
			</trkpt>
			<trkpt lat="28.239683" lon="-16.646033">
				<ele>2368.000000</ele>
			</trkpt>
			<trkpt lat="28.239658" lon="-16.645962">
				<ele>2367.000000</ele>
			</trkpt>
			<trkpt lat="28.239651" lon="-16.645953">
				<ele>2367.000000</ele>
			</trkpt>
			<trkpt lat="28.239627" lon="-16.645980">
				<ele>2366.000000</ele>
			</trkpt>
			<trkpt lat="28.239579" lon="-16.645953">
				<ele>2365.000000</ele>
			</trkpt>
			<trkpt lat="28.239556" lon="-16.645909">
				<ele>2365.000000</ele>
			</trkpt>
			<trkpt lat="28.239524" lon="-16.645872">
				<ele>2364.000000</ele>
			</trkpt>
			<trkpt lat="28.239500" lon="-16.645845">
				<ele>2363.000000</ele>
			</trkpt>
			<trkpt lat="28.239445" lon="-16.645854">
				<ele>2362.000000</ele>
			</trkpt>
			<trkpt lat="28.239398" lon="-16.645819">
				<ele>2361.000000</ele>
			</trkpt>
			<trkpt lat="28.239373" lon="-16.645827">
				<ele>2361.000000</ele>
			</trkpt>
			<trkpt lat="28.239326" lon="-16.645863">
				<ele>2360.000000</ele>
			</trkpt>
			<trkpt lat="28.239302" lon="-16.645845">
				<ele>2359.000000</ele>
			</trkpt>
			<trkpt lat="28.239294" lon="-16.645819">
				<ele>2359.000000</ele>
			</trkpt>
			<trkpt lat="28.239255" lon="-16.645827">
				<ele>2358.000000</ele>
			</trkpt>
			<trkpt lat="28.239215" lon="-16.645756">
				<ele>2357.000000</ele>
			</trkpt>
			<trkpt lat="28.239168" lon="-16.645737">
				<ele>2356.000000</ele>
			</trkpt>
			<trkpt lat="28.239136" lon="-16.645719">
				<ele>2356.000000</ele>
			</trkpt>
			<trkpt lat="28.239096" lon="-16.645737">
				<ele>2355.000000</ele>
			</trkpt>
			<trkpt lat="28.239025" lon="-16.645719">
				<ele>2354.000000</ele>
			</trkpt>
			<trkpt lat="28.238907" lon="-16.645593">
				<ele>2352.000000</ele>
			</trkpt>
			<trkpt lat="28.238875" lon="-16.645620">
				<ele>2351.000000</ele>
			</trkpt>
			<trkpt lat="28.238852" lon="-16.645603">
				<ele>2350.000000</ele>
			</trkpt>
			<trkpt lat="28.238780" lon="-16.645630">
				<ele>2349.000000</ele>
			</trkpt>
			<trkpt lat="28.238725" lon="-16.645593">
				<ele>2348.000000</ele>
			</trkpt>
			<trkpt lat="28.238653" lon="-16.645557">
				<ele>2346.000000</ele>
			</trkpt>
			<trkpt lat="28.238630" lon="-16.645540">
				<ele>2346.000000</ele>
			</trkpt>
			<trkpt lat="28.238622" lon="-16.645503">
				<ele>2345.000000</ele>
			</trkpt>
			<trkpt lat="28.238606" lon="-16.645503">
				<ele>2345.000000</ele>
			</trkpt>
			<trkpt lat="28.238590" lon="-16.645522">
				<ele>2345.000000</ele>
			</trkpt>
			<trkpt lat="28.238574" lon="-16.645494">
				<ele>2344.000000</ele>
			</trkpt>
			<trkpt lat="28.238559" lon="-16.645467">
				<ele>2343.000000</ele>
			</trkpt>
			<trkpt lat="28.238519" lon="-16.645467">
				<ele>2343.000000</ele>
			</trkpt>
			<trkpt lat="28.238472" lon="-16.645486">
				<ele>2342.000000</ele>
			</trkpt>
			<trkpt lat="28.238432" lon="-16.645440">
				<ele>2341.000000</ele>
			</trkpt>
			<trkpt lat="28.238424" lon="-16.645414">
				<ele>2340.000000</ele>
			</trkpt>
			<trkpt lat="28.238369" lon="-16.645396">
				<ele>2339.000000</ele>
			</trkpt>
			<trkpt lat="28.238329" lon="-16.645369">
				<ele>2338.000000</ele>
			</trkpt>
			<trkpt lat="28.238297" lon="-16.645360">
				<ele>2337.000000</ele>
			</trkpt>
			<trkpt lat="28.238258" lon="-16.645288">
				<ele>2335.000000</ele>
			</trkpt>
			<trkpt lat="28.238211" lon="-16.645288">
				<ele>2334.000000</ele>
			</trkpt>
			<trkpt lat="28.238178" lon="-16.645270">
				<ele>2333.000000</ele>
			</trkpt>
			<trkpt lat="28.238147" lon="-16.645280">
				<ele>2333.000000</ele>
			</trkpt>
			<trkpt lat="28.238132" lon="-16.645234">
				<ele>2332.000000</ele>
			</trkpt>
			<trkpt lat="28.238107" lon="-16.645216">
				<ele>2331.000000</ele>
			</trkpt>
			<trkpt lat="28.238020" lon="-16.645226">
				<ele>2329.000000</ele>
			</trkpt>
			<trkpt lat="28.238005" lon="-16.645198">
				<ele>2328.000000</ele>
			</trkpt>
			<trkpt lat="28.237957" lon="-16.645171">
				<ele>2327.000000</ele>
			</trkpt>
			<trkpt lat="28.237949" lon="-16.645127">
				<ele>2326.000000</ele>
			</trkpt>
			<trkpt lat="28.237926" lon="-16.645136">
				<ele>2325.000000</ele>
			</trkpt>
			<trkpt lat="28.237878" lon="-16.645090">
				<ele>2324.000000</ele>
			</trkpt>
			<trkpt lat="28.237862" lon="-16.645054">
				<ele>2323.000000</ele>
			</trkpt>
			<trkpt lat="28.237830" lon="-16.645046">
				<ele>2322.000000</ele>
			</trkpt>
			<trkpt lat="28.237767" lon="-16.645054">
				<ele>2320.000000</ele>
			</trkpt>
			<trkpt lat="28.237751" lon="-16.645027">
				<ele>2320.000000</ele>
			</trkpt>
			<trkpt lat="28.237696" lon="-16.645018">
				<ele>2319.000000</ele>
			</trkpt>
			<trkpt lat="28.237704" lon="-16.644974">
				<ele>2318.000000</ele>
			</trkpt>
			<trkpt lat="28.237728" lon="-16.644956">
				<ele>2317.000000</ele>
			</trkpt>
			<trkpt lat="28.237743" lon="-16.644884">
				<ele>2316.000000</ele>
			</trkpt>
			<trkpt lat="28.237728" lon="-16.644857">
				<ele>2316.000000</ele>
			</trkpt>
			<trkpt lat="28.237680" lon="-16.644830">
				<ele>2315.000000</ele>
			</trkpt>
			<trkpt lat="28.237656" lon="-16.644794">
				<ele>2314.000000</ele>
			</trkpt>
			<trkpt lat="28.237633" lon="-16.644777">
				<ele>2313.000000</ele>
			</trkpt>
			<trkpt lat="28.237593" lon="-16.644668">
				<ele>2311.000000</ele>
			</trkpt>
			<trkpt lat="28.237570" lon="-16.644624">
				<ele>2311.000000</ele>
			</trkpt>
			<trkpt lat="28.237537" lon="-16.644624">
				<ele>2310.000000</ele>
			</trkpt>
			<trkpt lat="28.237530" lon="-16.644605">
				<ele>2310.000000</ele>
			</trkpt>
			<trkpt lat="28.237498" lon="-16.644624">
				<ele>2309.000000</ele>
			</trkpt>
			<trkpt lat="28.237458" lon="-16.644641">
				<ele>2308.000000</ele>
			</trkpt>
			<trkpt lat="28.237427" lon="-16.644614">
				<ele>2308.000000</ele>
			</trkpt>
			<trkpt lat="28.237411" lon="-16.644570">
				<ele>2307.000000</ele>
			</trkpt>
			<trkpt lat="28.237364" lon="-16.644542">
				<ele>2306.000000</ele>
			</trkpt>
			<trkpt lat="28.237324" lon="-16.644444">
				<ele>2304.000000</ele>
			</trkpt>
			<trkpt lat="28.237316" lon="-16.644408">
				<ele>2304.000000</ele>
			</trkpt>
			<trkpt lat="28.237277" lon="-16.644390">
				<ele>2303.000000</ele>
			</trkpt>
			<trkpt lat="28.237229" lon="-16.644291">
				<ele>2302.000000</ele>
			</trkpt>
			<trkpt lat="28.237189" lon="-16.644291">
				<ele>2301.000000</ele>
			</trkpt>
			<trkpt lat="28.237142" lon="-16.644264">
				<ele>2300.000000</ele>
			</trkpt>
			<trkpt lat="28.237110" lon="-16.644237">
				<ele>2299.000000</ele>
			</trkpt>
			<trkpt lat="28.237063" lon="-16.644219">
				<ele>2298.000000</ele>
			</trkpt>
			<trkpt lat="28.237015" lon="-16.644174">
				<ele>2297.000000</ele>
			</trkpt>
			<trkpt lat="28.236984" lon="-16.644102">
				<ele>2295.000000</ele>
			</trkpt>
			<trkpt lat="28.236944" lon="-16.644075">
				<ele>2294.000000</ele>
			</trkpt>
			<trkpt lat="28.236929" lon="-16.644039">
				<ele>2293.000000</ele>
			</trkpt>
			<trkpt lat="28.236857" lon="-16.644031">
				<ele>2292.000000</ele>
			</trkpt>
			<trkpt lat="28.236841" lon="-16.644004">
				<ele>2291.000000</ele>
			</trkpt>
			<trkpt lat="28.236841" lon="-16.643976">
				<ele>2290.000000</ele>
			</trkpt>
			<trkpt lat="28.236817" lon="-16.643949">
				<ele>2290.000000</ele>
			</trkpt>
			<trkpt lat="28.236786" lon="-16.643932">
				<ele>2289.000000</ele>
			</trkpt>
			<trkpt lat="28.236738" lon="-16.643878">
				<ele>2289.000000</ele>
			</trkpt>
			<trkpt lat="28.236699" lon="-16.643824">
				<ele>2288.000000</ele>
			</trkpt>
			<trkpt lat="28.236707" lon="-16.643752">
				<ele>2287.000000</ele>
			</trkpt>
			<trkpt lat="28.236723" lon="-16.643680">
				<ele>2286.000000</ele>
			</trkpt>
			<trkpt lat="28.236715" lon="-16.643635">
				<ele>2286.000000</ele>
			</trkpt>
			<trkpt lat="28.236746" lon="-16.643609">
				<ele>2285.000000</ele>
			</trkpt>
			<trkpt lat="28.236754" lon="-16.643582">
				<ele>2285.000000</ele>
			</trkpt>
			<trkpt lat="28.236746" lon="-16.643555">
				<ele>2285.000000</ele>
			</trkpt>
			<trkpt lat="28.236778" lon="-16.643509">
				<ele>2284.000000</ele>
			</trkpt>
			<trkpt lat="28.236786" lon="-16.643429">
				<ele>2283.000000</ele>
			</trkpt>
			<trkpt lat="28.236794" lon="-16.643393">
				<ele>2283.000000</ele>
			</trkpt>
			<trkpt lat="28.236817" lon="-16.643339">
				<ele>2282.000000</ele>
			</trkpt>
			<trkpt lat="28.236833" lon="-16.643276">
				<ele>2282.000000</ele>
			</trkpt>
			<trkpt lat="28.236817" lon="-16.643240">
				<ele>2281.000000</ele>
			</trkpt>
			<trkpt lat="28.236778" lon="-16.643159">
				<ele>2280.000000</ele>
			</trkpt>
			<trkpt lat="28.236754" lon="-16.643150">
				<ele>2280.000000</ele>
			</trkpt>
			<trkpt lat="28.236699" lon="-16.643150">
				<ele>2279.000000</ele>
			</trkpt>
			<trkpt lat="28.236636" lon="-16.643132">
				<ele>2277.000000</ele>
			</trkpt>
			<trkpt lat="28.236596" lon="-16.643106">
				<ele>2276.000000</ele>
			</trkpt>
			<trkpt lat="28.236572" lon="-16.643043">
				<ele>2275.000000</ele>
			</trkpt>
			<trkpt lat="28.236556" lon="-16.643024">
				<ele>2275.000000</ele>
			</trkpt>
			<trkpt lat="28.236517" lon="-16.643033">
				<ele>2274.000000</ele>
			</trkpt>
			<trkpt lat="28.236501" lon="-16.643016">
				<ele>2273.000000</ele>
			</trkpt>
			<trkpt lat="28.236477" lon="-16.643024">
				<ele>2273.000000</ele>
			</trkpt>
			<trkpt lat="28.236461" lon="-16.643052">
				<ele>2272.000000</ele>
			</trkpt>
			<trkpt lat="28.236438" lon="-16.643079">
				<ele>2271.000000</ele>
			</trkpt>
			<trkpt lat="28.236406" lon="-16.643079">
				<ele>2271.000000</ele>
			</trkpt>
			<trkpt lat="28.236382" lon="-16.643052">
				<ele>2270.000000</ele>
			</trkpt>
			<trkpt lat="28.236359" lon="-16.643060">
				<ele>2270.000000</ele>
			</trkpt>
			<trkpt lat="28.236334" lon="-16.643060">
				<ele>2269.000000</ele>
			</trkpt>
			<trkpt lat="28.236303" lon="-16.643016">
				<ele>2268.000000</ele>
			</trkpt>
			<trkpt lat="28.236288" lon="-16.642997">
				<ele>2268.000000</ele>
			</trkpt>
			<trkpt lat="28.236240" lon="-16.643016">
				<ele>2267.000000</ele>
			</trkpt>
			<trkpt lat="28.236208" lon="-16.643024">
				<ele>2267.000000</ele>
			</trkpt>
			<trkpt lat="28.236200" lon="-16.642989">
				<ele>2266.000000</ele>
			</trkpt>
			<trkpt lat="28.236192" lon="-16.642962">
				<ele>2266.000000</ele>
			</trkpt>
			<trkpt lat="28.236200" lon="-16.642943">
				<ele>2265.000000</ele>
			</trkpt>
			<trkpt lat="28.236184" lon="-16.642907">
				<ele>2265.000000</ele>
			</trkpt>
			<trkpt lat="28.236184" lon="-16.642880">
				<ele>2264.000000</ele>
			</trkpt>
			<trkpt lat="28.236200" lon="-16.642844">
				<ele>2264.000000</ele>
			</trkpt>
			<trkpt lat="28.236192" lon="-16.642790">
				<ele>2263.000000</ele>
			</trkpt>
			<trkpt lat="28.236208" lon="-16.642737">
				<ele>2262.000000</ele>
			</trkpt>
			<trkpt lat="28.236216" lon="-16.642683">
				<ele>2261.000000</ele>
			</trkpt>
			<trkpt lat="28.236192" lon="-16.642666">
				<ele>2261.000000</ele>
			</trkpt>
			<trkpt lat="28.236184" lon="-16.642620">
				<ele>2260.000000</ele>
			</trkpt>
			<trkpt lat="28.236161" lon="-16.642593">
				<ele>2259.000000</ele>
			</trkpt>
			<trkpt lat="28.236105" lon="-16.642576">
				<ele>2258.000000</ele>
			</trkpt>
			<trkpt lat="28.236058" lon="-16.642521">
				<ele>2257.000000</ele>
			</trkpt>
			<trkpt lat="28.236018" lon="-16.642486">
				<ele>2255.000000</ele>
			</trkpt>
			<trkpt lat="28.235995" lon="-16.642404">
				<ele>2254.000000</ele>
			</trkpt>
			<trkpt lat="28.235978" lon="-16.642387">
				<ele>2253.000000</ele>
			</trkpt>
			<trkpt lat="28.235963" lon="-16.642396">
				<ele>2253.000000</ele>
			</trkpt>
			<trkpt lat="28.235907" lon="-16.642387">
				<ele>2252.000000</ele>
			</trkpt>
			<trkpt lat="28.235868" lon="-16.642396">
				<ele>2251.000000</ele>
			</trkpt>
			<trkpt lat="28.235828" lon="-16.642414">
				<ele>2250.000000</ele>
			</trkpt>
			<trkpt lat="28.235805" lon="-16.642414">
				<ele>2249.000000</ele>
			</trkpt>
			<trkpt lat="28.235765" lon="-16.642450">
				<ele>2248.000000</ele>
			</trkpt>
			<trkpt lat="28.235718" lon="-16.642440">
				<ele>2247.000000</ele>
			</trkpt>
			<trkpt lat="28.235686" lon="-16.642431">
				<ele>2246.000000</ele>
			</trkpt>
			<trkpt lat="28.235662" lon="-16.642431">
				<ele>2246.000000</ele>
			</trkpt>
			<trkpt lat="28.235614" lon="-16.642440">
				<ele>2245.000000</ele>
			</trkpt>
			<trkpt lat="28.235520" lon="-16.642387">
				<ele>2243.000000</ele>
			</trkpt>
			<trkpt lat="28.235480" lon="-16.642360">
				<ele>2242.000000</ele>
			</trkpt>
			<trkpt lat="28.235433" lon="-16.642360">
				<ele>2241.000000</ele>
			</trkpt>
			<trkpt lat="28.235416" lon="-16.642324">
				<ele>2240.000000</ele>
			</trkpt>
			<trkpt lat="28.235385" lon="-16.642288">
				<ele>2239.000000</ele>
			</trkpt>
			<trkpt lat="28.235306" lon="-16.642261">
				<ele>2237.000000</ele>
			</trkpt>
			<trkpt lat="28.235274" lon="-16.642224">
				<ele>2236.000000</ele>
			</trkpt>
			<trkpt lat="28.235227" lon="-16.642243">
				<ele>2235.000000</ele>
			</trkpt>
			<trkpt lat="28.235187" lon="-16.642243">
				<ele>2235.000000</ele>
			</trkpt>
			<trkpt lat="28.235140" lon="-16.642224">
				<ele>2234.000000</ele>
			</trkpt>
			<trkpt lat="28.235100" lon="-16.642161">
				<ele>2232.000000</ele>
			</trkpt>
			<trkpt lat="28.235045" lon="-16.642153">
				<ele>2231.000000</ele>
			</trkpt>
			<trkpt lat="28.235029" lon="-16.642108">
				<ele>2230.000000</ele>
			</trkpt>
			<trkpt lat="28.234958" lon="-16.642081">
				<ele>2229.000000</ele>
			</trkpt>
			<trkpt lat="28.234926" lon="-16.642064">
				<ele>2228.000000</ele>
			</trkpt>
			<trkpt lat="28.234910" lon="-16.642027">
				<ele>2228.000000</ele>
			</trkpt>
			<trkpt lat="28.234879" lon="-16.642018">
				<ele>2227.000000</ele>
			</trkpt>
			<trkpt lat="28.234863" lon="-16.641991">
				<ele>2227.000000</ele>
			</trkpt>
			<trkpt lat="28.234815" lon="-16.641974">
				<ele>2226.000000</ele>
			</trkpt>
			<trkpt lat="28.234760" lon="-16.641928">
				<ele>2225.000000</ele>
			</trkpt>
			<trkpt lat="28.234696" lon="-16.641892">
				<ele>2223.000000</ele>
			</trkpt>
			<trkpt lat="28.234594" lon="-16.641901">
				<ele>2221.000000</ele>
			</trkpt>
			<trkpt lat="28.234515" lon="-16.641892">
				<ele>2220.000000</ele>
			</trkpt>
			<trkpt lat="28.234467" lon="-16.641874">
				<ele>2219.000000</ele>
			</trkpt>
			<trkpt lat="28.234444" lon="-16.641830">
				<ele>2219.000000</ele>
			</trkpt>
			<trkpt lat="28.234404" lon="-16.641794">
				<ele>2218.000000</ele>
			</trkpt>
			<trkpt lat="28.234246" lon="-16.641785">
				<ele>2216.000000</ele>
			</trkpt>
			<trkpt lat="28.234214" lon="-16.641785">
				<ele>2215.000000</ele>
			</trkpt>
			<trkpt lat="28.234159" lon="-16.641748">
				<ele>2214.000000</ele>
			</trkpt>
			<trkpt lat="28.234111" lon="-16.641695">
				<ele>2213.000000</ele>
			</trkpt>
			<trkpt lat="28.234008" lon="-16.641650">
				<ele>2212.000000</ele>
			</trkpt>
			<trkpt lat="28.233937" lon="-16.641596">
				<ele>2210.000000</ele>
			</trkpt>
			<trkpt lat="28.233897" lon="-16.641542">
				<ele>2209.000000</ele>
			</trkpt>
			<trkpt lat="28.233842" lon="-16.641534">
				<ele>2209.000000</ele>
			</trkpt>
			<trkpt lat="28.233763" lon="-16.641506">
				<ele>2208.000000</ele>
			</trkpt>
			<trkpt lat="28.233739" lon="-16.641444">
				<ele>2207.000000</ele>
			</trkpt>
			<trkpt lat="28.233660" lon="-16.641381">
				<ele>2205.000000</ele>
			</trkpt>
			<trkpt lat="28.233612" lon="-16.641335">
				<ele>2205.000000</ele>
			</trkpt>
			<trkpt lat="28.233549" lon="-16.641272">
				<ele>2203.000000</ele>
			</trkpt>
			<trkpt lat="28.233533" lon="-16.641219">
				<ele>2203.000000</ele>
			</trkpt>
			<trkpt lat="28.233493" lon="-16.641182">
				<ele>2202.000000</ele>
			</trkpt>
			<trkpt lat="28.233478" lon="-16.641129">
				<ele>2201.000000</ele>
			</trkpt>
			<trkpt lat="28.233485" lon="-16.641075">
				<ele>2201.000000</ele>
			</trkpt>
			<trkpt lat="28.233501" lon="-16.641003">
				<ele>2200.000000</ele>
			</trkpt>
			<trkpt lat="28.233462" lon="-16.640968">
				<ele>2200.000000</ele>
			</trkpt>
			<trkpt lat="28.233438" lon="-16.640922">
				<ele>2199.000000</ele>
			</trkpt>
			<trkpt lat="28.233438" lon="-16.640788">
				<ele>2198.000000</ele>
			</trkpt>
			<trkpt lat="28.233446" lon="-16.640670">
				<ele>2198.000000</ele>
			</trkpt>
			<trkpt lat="28.233454" lon="-16.640608">
				<ele>2197.000000</ele>
			</trkpt>
			<trkpt lat="28.233478" lon="-16.640572">
				<ele>2197.000000</ele>
			</trkpt>
			<trkpt lat="28.233462" lon="-16.640527">
				<ele>2197.000000</ele>
			</trkpt>
			<trkpt lat="28.233485" lon="-16.640446">
				<ele>2196.000000</ele>
			</trkpt>
			<trkpt lat="28.233493" lon="-16.640366">
				<ele>2196.000000</ele>
			</trkpt>
			<trkpt lat="28.233446" lon="-16.640230">
				<ele>2195.000000</ele>
			</trkpt>
			<trkpt lat="28.233406" lon="-16.640222">
				<ele>2194.000000</ele>
			</trkpt>
			<trkpt lat="28.233367" lon="-16.640167">
				<ele>2194.000000</ele>
			</trkpt>
			<trkpt lat="28.233312" lon="-16.640104">
				<ele>2193.000000</ele>
			</trkpt>
			<trkpt lat="28.233280" lon="-16.640051">
				<ele>2193.000000</ele>
			</trkpt>
			<trkpt lat="28.233248" lon="-16.640006">
				<ele>2193.000000</ele>
			</trkpt>
			<trkpt lat="28.233232" lon="-16.639926">
				<ele>2192.000000</ele>
			</trkpt>
			<trkpt lat="28.233153" lon="-16.639916">
				<ele>2191.000000</ele>
			</trkpt>
			<trkpt lat="28.233137" lon="-16.639853">
				<ele>2191.000000</ele>
			</trkpt>
			<trkpt lat="28.233129" lon="-16.639827">
				<ele>2191.000000</ele>
			</trkpt>
			<trkpt lat="28.233050" lon="-16.639737">
				<ele>2190.000000</ele>
			</trkpt>
			<trkpt lat="28.233027" lon="-16.639727">
				<ele>2190.000000</ele>
			</trkpt>
			<trkpt lat="28.232995" lon="-16.639674">
				<ele>2189.000000</ele>
			</trkpt>
			<trkpt lat="28.232956" lon="-16.639611">
				<ele>2189.000000</ele>
			</trkpt>
			<trkpt lat="28.232931" lon="-16.639611">
				<ele>2188.000000</ele>
			</trkpt>
			<trkpt lat="28.232908" lon="-16.639593">
				<ele>2188.000000</ele>
			</trkpt>
			<trkpt lat="28.232860" lon="-16.639584">
				<ele>2188.000000</ele>
			</trkpt>
			<trkpt lat="28.232781" lon="-16.639566">
				<ele>2187.000000</ele>
			</trkpt>
			<trkpt lat="28.232702" lon="-16.639538">
				<ele>2186.000000</ele>
			</trkpt>
			<trkpt lat="28.232654" lon="-16.639485">
				<ele>2186.000000</ele>
			</trkpt>
			<trkpt lat="28.232615" lon="-16.639458">
				<ele>2185.000000</ele>
			</trkpt>
			<trkpt lat="28.232607" lon="-16.639404">
				<ele>2185.000000</ele>
			</trkpt>
			<trkpt lat="28.232615" lon="-16.639297">
				<ele>2184.000000</ele>
			</trkpt>
			<trkpt lat="28.232583" lon="-16.639242">
				<ele>2183.000000</ele>
			</trkpt>
			<trkpt lat="28.232520" lon="-16.639081">
				<ele>2182.000000</ele>
			</trkpt>
			<trkpt lat="28.232488" lon="-16.638964">
				<ele>2181.000000</ele>
			</trkpt>
			<trkpt lat="28.232465" lon="-16.638865">
				<ele>2180.000000</ele>
			</trkpt>
			<trkpt lat="28.232409" lon="-16.638821">
				<ele>2180.000000</ele>
			</trkpt>
			<trkpt lat="28.232378" lon="-16.638758">
				<ele>2179.000000</ele>
			</trkpt>
			<trkpt lat="28.232330" lon="-16.638739">
				<ele>2179.000000</ele>
			</trkpt>
			<trkpt lat="28.232275" lon="-16.638649">
				<ele>2178.000000</ele>
			</trkpt>
			<trkpt lat="28.232211" lon="-16.638605">
				<ele>2177.000000</ele>
			</trkpt>
			<trkpt lat="28.232156" lon="-16.638578">
				<ele>2176.000000</ele>
			</trkpt>
			<trkpt lat="28.232109" lon="-16.638542">
				<ele>2176.000000</ele>
			</trkpt>
			<trkpt lat="28.232030" lon="-16.638461">
				<ele>2175.000000</ele>
			</trkpt>
			<trkpt lat="28.232021" lon="-16.638389">
				<ele>2174.000000</ele>
			</trkpt>
			<trkpt lat="28.231982" lon="-16.638362">
				<ele>2174.000000</ele>
			</trkpt>
			<trkpt lat="28.231958" lon="-16.638335">
				<ele>2174.000000</ele>
			</trkpt>
			<trkpt lat="28.231895" lon="-16.638318">
				<ele>2173.000000</ele>
			</trkpt>
			<trkpt lat="28.231847" lon="-16.638290">
				<ele>2173.000000</ele>
			</trkpt>
			<trkpt lat="28.231832" lon="-16.638255">
				<ele>2172.000000</ele>
			</trkpt>
			<trkpt lat="28.231705" lon="-16.638093">
				<ele>2171.000000</ele>
			</trkpt>
			<trkpt lat="28.231641" lon="-16.638075">
				<ele>2170.000000</ele>
			</trkpt>
			<trkpt lat="28.231626" lon="-16.638165">
				<ele>2170.000000</ele>
			</trkpt>
			<trkpt lat="28.231626" lon="-16.638272">
				<ele>2170.000000</ele>
			</trkpt>
			<trkpt lat="28.231657" lon="-16.638389">
				<ele>2170.000000</ele>
			</trkpt>
			<trkpt lat="28.231705" lon="-16.638559">
				<ele>2170.000000</ele>
			</trkpt>
			<trkpt lat="28.231720" lon="-16.638695">
				<ele>2170.000000</ele>
			</trkpt>
			<trkpt lat="28.231745" lon="-16.638739">
				<ele>2170.000000</ele>
			</trkpt>
			<trkpt lat="28.231753" lon="-16.638802">
				<ele>2170.000000</ele>
			</trkpt>
			<trkpt lat="28.231800" lon="-16.638829">
				<ele>2170.000000</ele>
			</trkpt>
			<trkpt lat="28.231808" lon="-16.638901">
				<ele>2170.000000</ele>
			</trkpt>
			<trkpt lat="28.231800" lon="-16.638945">
				<ele>2170.000000</ele>
			</trkpt>
			<trkpt lat="28.231792" lon="-16.638974">
				<ele>2170.000000</ele>
			</trkpt>
			<trkpt lat="28.231808" lon="-16.638991">
				<ele>2170.000000</ele>
			</trkpt>
			<trkpt lat="28.231847" lon="-16.639035">
				<ele>2170.000000</ele>
			</trkpt>
			<trkpt lat="28.231863" lon="-16.639072">
				<ele>2170.000000</ele>
			</trkpt>
			<trkpt lat="28.231918" lon="-16.639108">
				<ele>2170.000000</ele>
			</trkpt>
			<trkpt lat="28.231911" lon="-16.639161">
				<ele>2170.000000</ele>
			</trkpt>
			<trkpt lat="28.231918" lon="-16.639188">
				<ele>2170.000000</ele>
			</trkpt>
			<trkpt lat="28.231958" lon="-16.639215">
				<ele>2170.000000</ele>
			</trkpt>
			<trkpt lat="28.231966" lon="-16.639261">
				<ele>2170.000000</ele>
			</trkpt>
			<trkpt lat="28.231990" lon="-16.639341">
				<ele>2170.000000</ele>
			</trkpt>
			<trkpt lat="28.232045" lon="-16.639477">
				<ele>2170.000000</ele>
			</trkpt>
			<trkpt lat="28.232053" lon="-16.639503">
				<ele>2170.000000</ele>
			</trkpt>
			<trkpt lat="28.232045" lon="-16.639538">
				<ele>2170.000000</ele>
			</trkpt>
			<trkpt lat="28.232061" lon="-16.639611">
				<ele>2170.000000</ele>
			</trkpt>
			<trkpt lat="28.232061" lon="-16.639683">
				<ele>2170.000000</ele>
			</trkpt>
			<trkpt lat="28.232061" lon="-16.639727">
				<ele>2170.000000</ele>
			</trkpt>
			<trkpt lat="28.232045" lon="-16.639781">
				<ele>2170.000000</ele>
			</trkpt>
			<trkpt lat="28.232030" lon="-16.639853">
				<ele>2170.000000</ele>
			</trkpt>
			<trkpt lat="28.231997" lon="-16.639898">
				<ele>2170.000000</ele>
			</trkpt>
			<trkpt lat="28.231918" lon="-16.639953">
				<ele>2170.000000</ele>
			</trkpt>
			<trkpt lat="28.231839" lon="-16.639997">
				<ele>2170.000000</ele>
			</trkpt>
			<trkpt lat="28.231824" lon="-16.640016">
				<ele>2170.000000</ele>
			</trkpt>
			<trkpt lat="28.231839" lon="-16.640096">
				<ele>2170.000000</ele>
			</trkpt>
			<trkpt lat="28.231903" lon="-16.640186">
				<ele>2170.000000</ele>
			</trkpt>
			<trkpt lat="28.231918" lon="-16.640222">
				<ele>2170.000000</ele>
			</trkpt>
			<trkpt lat="28.231950" lon="-16.640410">
				<ele>2170.000000</ele>
			</trkpt>
			<trkpt lat="28.231966" lon="-16.640536">
				<ele>2170.000000</ele>
			</trkpt>
			<trkpt lat="28.231942" lon="-16.640572">
				<ele>2170.000000</ele>
			</trkpt>
			<trkpt lat="28.231934" lon="-16.640590">
				<ele>2170.000000</ele>
			</trkpt>
			<trkpt lat="28.231895" lon="-16.640608">
				<ele>2170.000000</ele>
			</trkpt>
			<trkpt lat="28.231895" lon="-16.640653">
				<ele>2170.000000</ele>
			</trkpt>
			<trkpt lat="28.231847" lon="-16.640680">
				<ele>2170.000000</ele>
			</trkpt>
			<trkpt lat="28.231824" lon="-16.640725">
				<ele>2170.000000</ele>
			</trkpt>
			<trkpt lat="28.231816" lon="-16.640779">
				<ele>2170.000000</ele>
			</trkpt>
			<trkpt lat="28.231784" lon="-16.640806">
				<ele>2170.000000</ele>
			</trkpt>
			<trkpt lat="28.231768" lon="-16.640850">
				<ele>2170.000000</ele>
			</trkpt>
			<trkpt lat="28.231720" lon="-16.640905">
				<ele>2170.000000</ele>
			</trkpt>
			<trkpt lat="28.231681" lon="-16.640913">
				<ele>2170.000000</ele>
			</trkpt>
			<trkpt lat="28.231657" lon="-16.640886">
				<ele>2170.000000</ele>
			</trkpt>
			<trkpt lat="28.231578" lon="-16.640878">
				<ele>2168.000000</ele>
			</trkpt>
			<trkpt lat="28.231562" lon="-16.640859">
				<ele>2168.000000</ele>
			</trkpt>
			<trkpt lat="28.231555" lon="-16.640823">
				<ele>2167.000000</ele>
			</trkpt>
			<trkpt lat="28.231586" lon="-16.640806">
				<ele>2166.000000</ele>
			</trkpt>
			<trkpt lat="28.231594" lon="-16.640752">
				<ele>2166.000000</ele>
			</trkpt>
			<trkpt lat="28.231539" lon="-16.640743">
				<ele>2164.000000</ele>
			</trkpt>
			<trkpt lat="28.231507" lon="-16.640725">
				<ele>2164.000000</ele>
			</trkpt>
			<trkpt lat="28.231499" lon="-16.640706">
				<ele>2163.000000</ele>
			</trkpt>
			<trkpt lat="28.231468" lon="-16.640698">
				<ele>2163.000000</ele>
			</trkpt>
			<trkpt lat="28.231443" lon="-16.640662">
				<ele>2162.000000</ele>
			</trkpt>
			<trkpt lat="28.231396" lon="-16.640626">
				<ele>2161.000000</ele>
			</trkpt>
			<trkpt lat="28.231349" lon="-16.640599">
				<ele>2159.000000</ele>
			</trkpt>
			<trkpt lat="28.231341" lon="-16.640572">
				<ele>2159.000000</ele>
			</trkpt>
			<trkpt lat="28.231356" lon="-16.640545">
				<ele>2158.000000</ele>
			</trkpt>
			<trkpt lat="28.231396" lon="-16.640519">
				<ele>2157.000000</ele>
			</trkpt>
			<trkpt lat="28.231396" lon="-16.640500">
				<ele>2157.000000</ele>
			</trkpt>
			<trkpt lat="28.231333" lon="-16.640473">
				<ele>2155.000000</ele>
			</trkpt>
			<trkpt lat="28.231309" lon="-16.640446">
				<ele>2154.000000</ele>
			</trkpt>
			<trkpt lat="28.231293" lon="-16.640410">
				<ele>2153.000000</ele>
			</trkpt>
			<trkpt lat="28.231206" lon="-16.640374">
				<ele>2151.000000</ele>
			</trkpt>
			<trkpt lat="28.231167" lon="-16.640339">
				<ele>2150.000000</ele>
			</trkpt>
			<trkpt lat="28.231112" lon="-16.640312">
				<ele>2149.000000</ele>
			</trkpt>
			<trkpt lat="28.231032" lon="-16.640276">
				<ele>2148.000000</ele>
			</trkpt>
			<trkpt lat="28.230985" lon="-16.640257">
				<ele>2147.000000</ele>
			</trkpt>
			<trkpt lat="28.230898" lon="-16.640230">
				<ele>2146.000000</ele>
			</trkpt>
			<trkpt lat="28.230842" lon="-16.640222">
				<ele>2145.000000</ele>
			</trkpt>
			<trkpt lat="28.230763" lon="-16.640167">
				<ele>2143.000000</ele>
			</trkpt>
			<trkpt lat="28.230739" lon="-16.640132">
				<ele>2143.000000</ele>
			</trkpt>
			<trkpt lat="28.230739" lon="-16.640096">
				<ele>2142.000000</ele>
			</trkpt>
			<trkpt lat="28.230723" lon="-16.640077">
				<ele>2142.000000</ele>
			</trkpt>
			<trkpt lat="28.230692" lon="-16.640087">
				<ele>2142.000000</ele>
			</trkpt>
			<trkpt lat="28.230629" lon="-16.640060">
				<ele>2141.000000</ele>
			</trkpt>
			<trkpt lat="28.230605" lon="-16.640060">
				<ele>2140.000000</ele>
			</trkpt>
			<trkpt lat="28.230581" lon="-16.640024">
				<ele>2140.000000</ele>
			</trkpt>
			<trkpt lat="28.230534" lon="-16.640016">
				<ele>2139.000000</ele>
			</trkpt>
			<trkpt lat="28.230517" lon="-16.639988">
				<ele>2139.000000</ele>
			</trkpt>
			<trkpt lat="28.230494" lon="-16.639943">
				<ele>2138.000000</ele>
			</trkpt>
			<trkpt lat="28.230462" lon="-16.639934">
				<ele>2137.000000</ele>
			</trkpt>
			<trkpt lat="28.230438" lon="-16.639898">
				<ele>2137.000000</ele>
			</trkpt>
			<trkpt lat="28.230430" lon="-16.639871">
				<ele>2137.000000</ele>
			</trkpt>
			<trkpt lat="28.230407" lon="-16.639853">
				<ele>2136.000000</ele>
			</trkpt>
			<trkpt lat="28.230359" lon="-16.639863">
				<ele>2135.000000</ele>
			</trkpt>
			<trkpt lat="28.230312" lon="-16.639853">
				<ele>2135.000000</ele>
			</trkpt>
			<trkpt lat="28.230280" lon="-16.639827">
				<ele>2134.000000</ele>
			</trkpt>
			<trkpt lat="28.230249" lon="-16.639808">
				<ele>2134.000000</ele>
			</trkpt>
			<trkpt lat="28.230201" lon="-16.639817">
				<ele>2133.000000</ele>
			</trkpt>
			<trkpt lat="28.230177" lon="-16.639817">
				<ele>2133.000000</ele>
			</trkpt>
			<trkpt lat="28.230153" lon="-16.639800">
				<ele>2132.000000</ele>
			</trkpt>
			<trkpt lat="28.230138" lon="-16.639764">
				<ele>2132.000000</ele>
			</trkpt>
			<trkpt lat="28.230114" lon="-16.639754">
				<ele>2131.000000</ele>
			</trkpt>
			<trkpt lat="28.230043" lon="-16.639790">
				<ele>2130.000000</ele>
			</trkpt>
			<trkpt lat="28.229995" lon="-16.639781">
				<ele>2130.000000</ele>
			</trkpt>
			<trkpt lat="28.229924" lon="-16.639781">
				<ele>2130.000000</ele>
			</trkpt>
			<trkpt lat="28.229797" lon="-16.639781">
				<ele>2129.000000</ele>
			</trkpt>
			<trkpt lat="28.229710" lon="-16.639773">
				<ele>2129.000000</ele>
			</trkpt>
			<trkpt lat="28.229679" lon="-16.639754">
				<ele>2128.000000</ele>
			</trkpt>
			<trkpt lat="28.229639" lon="-16.639764">
				<ele>2128.000000</ele>
			</trkpt>
			<trkpt lat="28.229599" lon="-16.639754">
				<ele>2128.000000</ele>
			</trkpt>
			<trkpt lat="28.229560" lon="-16.639691">
				<ele>2128.000000</ele>
			</trkpt>
			<trkpt lat="28.229520" lon="-16.639601">
				<ele>2127.000000</ele>
			</trkpt>
			<trkpt lat="28.229505" lon="-16.639584">
				<ele>2127.000000</ele>
			</trkpt>
			<trkpt lat="28.229481" lon="-16.639574">
				<ele>2127.000000</ele>
			</trkpt>
			<trkpt lat="28.229433" lon="-16.639557">
				<ele>2127.000000</ele>
			</trkpt>
			<trkpt lat="28.229386" lon="-16.639566">
				<ele>2127.000000</ele>
			</trkpt>
			<trkpt lat="28.229362" lon="-16.639548">
				<ele>2126.000000</ele>
			</trkpt>
			<trkpt lat="28.229354" lon="-16.639494">
				<ele>2126.000000</ele>
			</trkpt>
			<trkpt lat="28.229362" lon="-16.639450">
				<ele>2126.000000</ele>
			</trkpt>
			<trkpt lat="28.229362" lon="-16.639368">
				<ele>2126.000000</ele>
			</trkpt>
			<trkpt lat="28.229386" lon="-16.639324">
				<ele>2125.000000</ele>
			</trkpt>
			<trkpt lat="28.229402" lon="-16.639287">
				<ele>2125.000000</ele>
			</trkpt>
			<trkpt lat="28.229425" lon="-16.639261">
				<ele>2125.000000</ele>
			</trkpt>
			<trkpt lat="28.229465" lon="-16.639152">
				<ele>2125.000000</ele>
			</trkpt>
			<trkpt lat="28.229497" lon="-16.639081">
				<ele>2124.000000</ele>
			</trkpt>
			<trkpt lat="28.229536" lon="-16.638991">
				<ele>2124.000000</ele>
			</trkpt>
			<trkpt lat="28.229536" lon="-16.638982">
				<ele>2124.000000</ele>
			</trkpt>
			<trkpt lat="28.229497" lon="-16.638945">
				<ele>2124.000000</ele>
			</trkpt>
			<trkpt lat="28.229512" lon="-16.638901">
				<ele>2123.000000</ele>
			</trkpt>
			<trkpt lat="28.229536" lon="-16.638848">
				<ele>2123.000000</ele>
			</trkpt>
			<trkpt lat="28.229512" lon="-16.638794">
				<ele>2123.000000</ele>
			</trkpt>
			<trkpt lat="28.229497" lon="-16.638731">
				<ele>2123.000000</ele>
			</trkpt>
			<trkpt lat="28.229489" lon="-16.638685">
				<ele>2122.000000</ele>
			</trkpt>
			<trkpt lat="28.229473" lon="-16.638695">
				<ele>2122.000000</ele>
			</trkpt>
			<trkpt lat="28.229457" lon="-16.638731">
				<ele>2122.000000</ele>
			</trkpt>
			<trkpt lat="28.229433" lon="-16.638695">
				<ele>2122.000000</ele>
			</trkpt>
			<trkpt lat="28.229402" lon="-16.638722">
				<ele>2122.000000</ele>
			</trkpt>
			<trkpt lat="28.229386" lon="-16.638722">
				<ele>2122.000000</ele>
			</trkpt>
			<trkpt lat="28.229378" lon="-16.638695">
				<ele>2122.000000</ele>
			</trkpt>
			<trkpt lat="28.229378" lon="-16.638658">
				<ele>2121.000000</ele>
			</trkpt>
			<trkpt lat="28.229354" lon="-16.638595">
				<ele>2121.000000</ele>
			</trkpt>
			<trkpt lat="28.229283" lon="-16.638569">
				<ele>2121.000000</ele>
			</trkpt>
			<trkpt lat="28.229227" lon="-16.638532">
				<ele>2120.000000</ele>
			</trkpt>
			<trkpt lat="28.229212" lon="-16.638515">
				<ele>2120.000000</ele>
			</trkpt>
			<trkpt lat="28.229156" lon="-16.638496">
				<ele>2120.000000</ele>
			</trkpt>
			<trkpt lat="28.229101" lon="-16.638435">
				<ele>2120.000000</ele>
			</trkpt>
			<trkpt lat="28.229062" lon="-16.638435">
				<ele>2119.000000</ele>
			</trkpt>
			<trkpt lat="28.229022" lon="-16.638435">
				<ele>2118.000000</ele>
			</trkpt>
			<trkpt lat="28.228966" lon="-16.638488">
				<ele>2116.000000</ele>
			</trkpt>
			<trkpt lat="28.228911" lon="-16.638488">
				<ele>2115.000000</ele>
			</trkpt>
			<trkpt lat="28.228840" lon="-16.638496">
				<ele>2113.000000</ele>
			</trkpt>
			<trkpt lat="28.228729" lon="-16.638605">
				<ele>2109.000000</ele>
			</trkpt>
			<trkpt lat="28.228665" lon="-16.638649">
				<ele>2108.000000</ele>
			</trkpt>
			<trkpt lat="28.228602" lon="-16.638658">
				<ele>2107.000000</ele>
			</trkpt>
			<trkpt lat="28.228547" lon="-16.638685">
				<ele>2106.000000</ele>
			</trkpt>
			<trkpt lat="28.228499" lon="-16.638695">
				<ele>2105.000000</ele>
			</trkpt>
			<trkpt lat="28.228452" lon="-16.638704">
				<ele>2104.000000</ele>
			</trkpt>
			<trkpt lat="28.228405" lon="-16.638676">
				<ele>2103.000000</ele>
			</trkpt>
			<trkpt lat="28.228380" lon="-16.638641">
				<ele>2103.000000</ele>
			</trkpt>
			<trkpt lat="28.228317" lon="-16.638614">
				<ele>2102.000000</ele>
			</trkpt>
			<trkpt lat="28.228278" lon="-16.638595">
				<ele>2101.000000</ele>
			</trkpt>
			<trkpt lat="28.228262" lon="-16.638559">
				<ele>2100.000000</ele>
			</trkpt>
			<trkpt lat="28.228230" lon="-16.638551">
				<ele>2100.000000</ele>
			</trkpt>
			<trkpt lat="28.228159" lon="-16.638524">
				<ele>2098.000000</ele>
			</trkpt>
			<trkpt lat="28.228128" lon="-16.638479">
				<ele>2097.000000</ele>
			</trkpt>
			<trkpt lat="28.228072" lon="-16.638469">
				<ele>2096.000000</ele>
			</trkpt>
			<trkpt lat="28.228032" lon="-16.638461">
				<ele>2095.000000</ele>
			</trkpt>
			<trkpt lat="28.228009" lon="-16.638488">
				<ele>2095.000000</ele>
			</trkpt>
			<trkpt lat="28.227953" lon="-16.638479">
				<ele>2094.000000</ele>
			</trkpt>
			<trkpt lat="28.227906" lon="-16.638488">
				<ele>2093.000000</ele>
			</trkpt>
			<trkpt lat="28.227874" lon="-16.638443">
				<ele>2092.000000</ele>
			</trkpt>
			<trkpt lat="28.227843" lon="-16.638416">
				<ele>2091.000000</ele>
			</trkpt>
			<trkpt lat="28.227787" lon="-16.638452">
				<ele>2090.000000</ele>
			</trkpt>
			<trkpt lat="28.227739" lon="-16.638469">
				<ele>2089.000000</ele>
			</trkpt>
			<trkpt lat="28.227676" lon="-16.638452">
				<ele>2088.000000</ele>
			</trkpt>
			<trkpt lat="28.227621" lon="-16.638425">
				<ele>2087.000000</ele>
			</trkpt>
			<trkpt lat="28.227613" lon="-16.638398">
				<ele>2086.000000</ele>
			</trkpt>
			<trkpt lat="28.227566" lon="-16.638389">
				<ele>2086.000000</ele>
			</trkpt>
			<trkpt lat="28.227550" lon="-16.638371">
				<ele>2085.000000</ele>
			</trkpt>
			<trkpt lat="28.227533" lon="-16.638326">
				<ele>2085.000000</ele>
			</trkpt>
			<trkpt lat="28.227518" lon="-16.638282">
				<ele>2084.000000</ele>
			</trkpt>
			<trkpt lat="28.227494" lon="-16.638245">
				<ele>2083.000000</ele>
			</trkpt>
			<trkpt lat="28.227478" lon="-16.638219">
				<ele>2083.000000</ele>
			</trkpt>
			<trkpt lat="28.227462" lon="-16.638173">
				<ele>2082.000000</ele>
			</trkpt>
			<trkpt lat="28.227431" lon="-16.638093">
				<ele>2081.000000</ele>
			</trkpt>
			<trkpt lat="28.227391" lon="-16.638075">
				<ele>2080.000000</ele>
			</trkpt>
			<trkpt lat="28.227360" lon="-16.638066">
				<ele>2080.000000</ele>
			</trkpt>
			<trkpt lat="28.227352" lon="-16.638020">
				<ele>2079.000000</ele>
			</trkpt>
			<trkpt lat="28.227352" lon="-16.637993">
				<ele>2079.000000</ele>
			</trkpt>
			<trkpt lat="28.227336" lon="-16.637976">
				<ele>2079.000000</ele>
			</trkpt>
			<trkpt lat="28.227328" lon="-16.637903">
				<ele>2078.000000</ele>
			</trkpt>
			<trkpt lat="28.227289" lon="-16.637877">
				<ele>2077.000000</ele>
			</trkpt>
			<trkpt lat="28.227281" lon="-16.637850">
				<ele>2077.000000</ele>
			</trkpt>
			<trkpt lat="28.227289" lon="-16.637832">
				<ele>2077.000000</ele>
			</trkpt>
			<trkpt lat="28.227249" lon="-16.637796">
				<ele>2076.000000</ele>
			</trkpt>
			<trkpt lat="28.227225" lon="-16.637769">
				<ele>2076.000000</ele>
			</trkpt>
			<trkpt lat="28.227217" lon="-16.637724">
				<ele>2075.000000</ele>
			</trkpt>
			<trkpt lat="28.227225" lon="-16.637679">
				<ele>2075.000000</ele>
			</trkpt>
			<trkpt lat="28.227194" lon="-16.637679">
				<ele>2074.000000</ele>
			</trkpt>
			<trkpt lat="28.227185" lon="-16.637662">
				<ele>2074.000000</ele>
			</trkpt>
			<trkpt lat="28.227210" lon="-16.637626">
				<ele>2074.000000</ele>
			</trkpt>
			<trkpt lat="28.227202" lon="-16.637599">
				<ele>2073.000000</ele>
			</trkpt>
			<trkpt lat="28.227185" lon="-16.637572">
				<ele>2073.000000</ele>
			</trkpt>
			<trkpt lat="28.227130" lon="-16.637572">
				<ele>2072.000000</ele>
			</trkpt>
			<trkpt lat="28.227059" lon="-16.637536">
				<ele>2071.000000</ele>
			</trkpt>
			<trkpt lat="28.227004" lon="-16.637580">
				<ele>2070.000000</ele>
			</trkpt>
			<trkpt lat="28.226925" lon="-16.637544">
				<ele>2068.000000</ele>
			</trkpt>
			<trkpt lat="28.226845" lon="-16.637544">
				<ele>2066.000000</ele>
			</trkpt>
			<trkpt lat="28.226790" lon="-16.637544">
				<ele>2064.000000</ele>
			</trkpt>
			<trkpt lat="28.226734" lon="-16.637544">
				<ele>2063.000000</ele>
			</trkpt>
			<trkpt lat="28.226711" lon="-16.637527">
				<ele>2062.000000</ele>
			</trkpt>
			<trkpt lat="28.226687" lon="-16.637482">
				<ele>2061.000000</ele>
			</trkpt>
			<trkpt lat="28.226655" lon="-16.637473">
				<ele>2060.000000</ele>
			</trkpt>
			<trkpt lat="28.226607" lon="-16.637473">
				<ele>2059.000000</ele>
			</trkpt>
			<trkpt lat="28.226576" lon="-16.637464">
				<ele>2058.000000</ele>
			</trkpt>
			<trkpt lat="28.226544" lon="-16.637427">
				<ele>2057.000000</ele>
			</trkpt>
			<trkpt lat="28.226497" lon="-16.637419">
				<ele>2056.000000</ele>
			</trkpt>
			<trkpt lat="28.226473" lon="-16.637401">
				<ele>2055.000000</ele>
			</trkpt>
			<trkpt lat="28.226449" lon="-16.637374">
				<ele>2054.000000</ele>
			</trkpt>
			<trkpt lat="28.226434" lon="-16.637383">
				<ele>2054.000000</ele>
			</trkpt>
			<trkpt lat="28.226394" lon="-16.637392">
				<ele>2053.000000</ele>
			</trkpt>
			<trkpt lat="28.226370" lon="-16.637356">
				<ele>2052.000000</ele>
			</trkpt>
			<trkpt lat="28.226355" lon="-16.637329">
				<ele>2051.000000</ele>
			</trkpt>
			<trkpt lat="28.226355" lon="-16.637303">
				<ele>2050.000000</ele>
			</trkpt>
			<trkpt lat="28.226339" lon="-16.637293">
				<ele>2050.000000</ele>
			</trkpt>
			<trkpt lat="28.226347" lon="-16.637257">
				<ele>2050.000000</ele>
			</trkpt>
			<trkpt lat="28.226339" lon="-16.637230">
				<ele>2050.000000</ele>
			</trkpt>
			<trkpt lat="28.226347" lon="-16.637213">
				<ele>2050.000000</ele>
			</trkpt>
			<trkpt lat="28.226315" lon="-16.637177">
				<ele>2049.000000</ele>
			</trkpt>
			<trkpt lat="28.226276" lon="-16.637150">
				<ele>2048.000000</ele>
			</trkpt>
			<trkpt lat="28.226251" lon="-16.637114">
				<ele>2047.000000</ele>
			</trkpt>
			<trkpt lat="28.226236" lon="-16.637104">
				<ele>2047.000000</ele>
			</trkpt>
			<trkpt lat="28.226236" lon="-16.637104">
				<ele>2047.000000</ele>
			</trkpt>
			<trkpt lat="28.226236" lon="-16.637104">
				<ele>2047.000000</ele>
			</trkpt>
			<trkpt lat="28.226220" lon="-16.637077">
				<ele>2046.000000</ele>
			</trkpt>
			<trkpt lat="28.226196" lon="-16.637060">
				<ele>2046.000000</ele>
			</trkpt>
			<trkpt lat="28.226180" lon="-16.637024">
				<ele>2045.000000</ele>
			</trkpt>
			<trkpt lat="28.226149" lon="-16.636987">
				<ele>2044.000000</ele>
			</trkpt>
			<trkpt lat="28.226117" lon="-16.636961">
				<ele>2043.000000</ele>
			</trkpt>
			<trkpt lat="28.226078" lon="-16.636934">
				<ele>2042.000000</ele>
			</trkpt>
			<trkpt lat="28.226030" lon="-16.636934">
				<ele>2041.000000</ele>
			</trkpt>
			<trkpt lat="28.225991" lon="-16.636934">
				<ele>2041.000000</ele>
			</trkpt>
			<trkpt lat="28.225966" lon="-16.636924">
				<ele>2040.000000</ele>
			</trkpt>
			<trkpt lat="28.225951" lon="-16.636898">
				<ele>2040.000000</ele>
			</trkpt>
			<trkpt lat="28.225895" lon="-16.636853">
				<ele>2039.000000</ele>
			</trkpt>
			<trkpt lat="28.225856" lon="-16.636790">
				<ele>2038.000000</ele>
			</trkpt>
			<trkpt lat="28.225785" lon="-16.636745">
				<ele>2037.000000</ele>
			</trkpt>
			<trkpt lat="28.225737" lon="-16.636664">
				<ele>2036.000000</ele>
			</trkpt>
			<trkpt lat="28.225681" lon="-16.636637">
				<ele>2035.000000</ele>
			</trkpt>
			<trkpt lat="28.225650" lon="-16.636628">
				<ele>2035.000000</ele>
			</trkpt>
			<trkpt lat="28.225634" lon="-16.636611">
				<ele>2034.000000</ele>
			</trkpt>
			<trkpt lat="28.225634" lon="-16.636530">
				<ele>2033.000000</ele>
			</trkpt>
			<trkpt lat="28.225618" lon="-16.636511">
				<ele>2033.000000</ele>
			</trkpt>
			<trkpt lat="28.225587" lon="-16.636502">
				<ele>2033.000000</ele>
			</trkpt>
			<trkpt lat="28.225563" lon="-16.636511">
				<ele>2032.000000</ele>
			</trkpt>
			<trkpt lat="28.225539" lon="-16.636502">
				<ele>2032.000000</ele>
			</trkpt>
			<trkpt lat="28.225492" lon="-16.636485">
				<ele>2031.000000</ele>
			</trkpt>
			<trkpt lat="28.225444" lon="-16.636475">
				<ele>2031.000000</ele>
			</trkpt>
			<trkpt lat="28.225349" lon="-16.636404">
				<ele>2030.000000</ele>
			</trkpt>
			<trkpt lat="28.225325" lon="-16.636377">
				<ele>2030.000000</ele>
			</trkpt>
			<trkpt lat="28.225278" lon="-16.636350">
				<ele>2030.000000</ele>
			</trkpt>
			<trkpt lat="28.225270" lon="-16.636314">
				<ele>2030.000000</ele>
			</trkpt>
			<trkpt lat="28.225254" lon="-16.636251">
				<ele>2030.000000</ele>
			</trkpt>
			<trkpt lat="28.225215" lon="-16.636171">
				<ele>2030.000000</ele>
			</trkpt>
			<trkpt lat="28.225167" lon="-16.636108">
				<ele>2030.000000</ele>
			</trkpt>
			<trkpt lat="28.225159" lon="-16.636062">
				<ele>2030.000000</ele>
			</trkpt>
			<trkpt lat="28.225080" lon="-16.636008">
				<ele>2030.000000</ele>
			</trkpt>
			<trkpt lat="28.225033" lon="-16.635936">
				<ele>2030.000000</ele>
			</trkpt>
			<trkpt lat="28.224961" lon="-16.635882">
				<ele>2030.000000</ele>
			</trkpt>
			<trkpt lat="28.224874" lon="-16.635901">
				<ele>2030.000000</ele>
			</trkpt>
			<trkpt lat="28.224724" lon="-16.635658">
				<ele>2030.000000</ele>
			</trkpt>
			<trkpt lat="28.224724" lon="-16.635569">
				<ele>2030.000000</ele>
			</trkpt>
			<trkpt lat="28.224692" lon="-16.635523">
				<ele>2030.000000</ele>
			</trkpt>
			<trkpt lat="28.224676" lon="-16.635496">
				<ele>2030.000000</ele>
			</trkpt>
			<trkpt lat="28.224676" lon="-16.635425">
				<ele>2030.000000</ele>
			</trkpt>
			<trkpt lat="28.224605" lon="-16.635326">
				<ele>2030.000000</ele>
			</trkpt>
			<trkpt lat="28.224590" lon="-16.635253">
				<ele>2030.000000</ele>
			</trkpt>
			<trkpt lat="28.224566" lon="-16.635219">
				<ele>2030.000000</ele>
			</trkpt>
			<trkpt lat="28.224550" lon="-16.635092">
				<ele>2030.000000</ele>
			</trkpt>
			<trkpt lat="28.224526" lon="-16.635047">
				<ele>2030.000000</ele>
			</trkpt>
			<trkpt lat="28.224439" lon="-16.634993">
				<ele>2030.000000</ele>
			</trkpt>
			<trkpt lat="28.224399" lon="-16.634957">
				<ele>2030.000000</ele>
			</trkpt>
			<trkpt lat="28.224384" lon="-16.634922">
				<ele>2030.000000</ele>
			</trkpt>
			<trkpt lat="28.224376" lon="-16.634903">
				<ele>2030.000000</ele>
			</trkpt>
			<trkpt lat="28.224352" lon="-16.634877">
				<ele>2030.000000</ele>
			</trkpt>
			<trkpt lat="28.224312" lon="-16.634823">
				<ele>2030.000000</ele>
			</trkpt>
			<trkpt lat="28.224281" lon="-16.634787">
				<ele>2030.000000</ele>
			</trkpt>
			<trkpt lat="28.224249" lon="-16.634751">
				<ele>2030.000000</ele>
			</trkpt>
			<trkpt lat="28.224210" lon="-16.634733">
				<ele>2030.000000</ele>
			</trkpt>
			<trkpt lat="28.224162" lon="-16.634714">
				<ele>2030.000000</ele>
			</trkpt>
			<trkpt lat="28.224099" lon="-16.634626">
				<ele>2030.000000</ele>
			</trkpt>
			<trkpt lat="28.224091" lon="-16.634544">
				<ele>2031.000000</ele>
			</trkpt>
			<trkpt lat="28.224067" lon="-16.634454">
				<ele>2032.000000</ele>
			</trkpt>
			<trkpt lat="28.224027" lon="-16.634364">
				<ele>2033.000000</ele>
			</trkpt>
			<trkpt lat="28.223988" lon="-16.634320">
				<ele>2034.000000</ele>
			</trkpt>
			<trkpt lat="28.223941" lon="-16.634293">
				<ele>2035.000000</ele>
			</trkpt>
			<trkpt lat="28.223893" lon="-16.634257">
				<ele>2036.000000</ele>
			</trkpt>
			<trkpt lat="28.223853" lon="-16.634238">
				<ele>2036.000000</ele>
			</trkpt>
			<trkpt lat="28.223845" lon="-16.634211">
				<ele>2037.000000</ele>
			</trkpt>
			<trkpt lat="28.223814" lon="-16.634150">
				<ele>2038.000000</ele>
			</trkpt>
			<trkpt lat="28.223758" lon="-16.634131">
				<ele>2038.000000</ele>
			</trkpt>
			<trkpt lat="28.223679" lon="-16.634131">
				<ele>2040.000000</ele>
			</trkpt>
			<trkpt lat="28.223632" lon="-16.634087">
				<ele>2041.000000</ele>
			</trkpt>
			<trkpt lat="28.223568" lon="-16.634024">
				<ele>2044.000000</ele>
			</trkpt>
			<trkpt lat="28.223552" lon="-16.633970">
				<ele>2045.000000</ele>
			</trkpt>
			<trkpt lat="28.223505" lon="-16.633915">
				<ele>2047.000000</ele>
			</trkpt>
			<trkpt lat="28.223505" lon="-16.633844">
				<ele>2049.000000</ele>
			</trkpt>
			<trkpt lat="28.223489" lon="-16.633817">
				<ele>2049.000000</ele>
			</trkpt>
			<trkpt lat="28.223434" lon="-16.633790">
				<ele>2051.000000</ele>
			</trkpt>
			<trkpt lat="28.223410" lon="-16.633762">
				<ele>2052.000000</ele>
			</trkpt>
			<trkpt lat="28.223426" lon="-16.633718">
				<ele>2053.000000</ele>
			</trkpt>
			<trkpt lat="28.223379" lon="-16.633664">
				<ele>2055.000000</ele>
			</trkpt>
			<trkpt lat="28.223371" lon="-16.633637">
				<ele>2056.000000</ele>
			</trkpt>
			<trkpt lat="28.223379" lon="-16.633611">
				<ele>2057.000000</ele>
			</trkpt>
			<trkpt lat="28.223347" lon="-16.633584">
				<ele>2058.000000</ele>
			</trkpt>
			<trkpt lat="28.223331" lon="-16.633548">
				<ele>2059.000000</ele>
			</trkpt>
			<trkpt lat="28.223307" lon="-16.633538">
				<ele>2060.000000</ele>
			</trkpt>
			<trkpt lat="28.223299" lon="-16.633521">
				<ele>2060.000000</ele>
			</trkpt>
			<trkpt lat="28.223284" lon="-16.633466">
				<ele>2060.000000</ele>
			</trkpt>
			<trkpt lat="28.223323" lon="-16.633431">
				<ele>2061.000000</ele>
			</trkpt>
			<trkpt lat="28.223331" lon="-16.633395">
				<ele>2061.000000</ele>
			</trkpt>
			<trkpt lat="28.223347" lon="-16.633385">
				<ele>2061.000000</ele>
			</trkpt>
			<trkpt lat="28.223355" lon="-16.633368">
				<ele>2061.000000</ele>
			</trkpt>
			<trkpt lat="28.223355" lon="-16.633349">
				<ele>2061.000000</ele>
			</trkpt>
			<trkpt lat="28.223363" lon="-16.633332">
				<ele>2061.000000</ele>
			</trkpt>
			<trkpt lat="28.223394" lon="-16.633269">
				<ele>2062.000000</ele>
			</trkpt>
			<trkpt lat="28.223426" lon="-16.633242">
				<ele>2062.000000</ele>
			</trkpt>
			<trkpt lat="28.223450" lon="-16.633196">
				<ele>2062.000000</ele>
			</trkpt>
			<trkpt lat="28.223410" lon="-16.633143">
				<ele>2063.000000</ele>
			</trkpt>
			<trkpt lat="28.223386" lon="-16.633116">
				<ele>2063.000000</ele>
			</trkpt>
			<trkpt lat="28.223363" lon="-16.633079">
				<ele>2063.000000</ele>
			</trkpt>
			<trkpt lat="28.223284" lon="-16.633035">
				<ele>2064.000000</ele>
			</trkpt>
			<trkpt lat="28.223236" lon="-16.632999">
				<ele>2064.000000</ele>
			</trkpt>
			<trkpt lat="28.223212" lon="-16.633018">
				<ele>2064.000000</ele>
			</trkpt>
			<trkpt lat="28.223173" lon="-16.632982">
				<ele>2064.000000</ele>
			</trkpt>
			<trkpt lat="28.223157" lon="-16.632990">
				<ele>2065.000000</ele>
			</trkpt>
			<trkpt lat="28.223125" lon="-16.632982">
				<ele>2065.000000</ele>
			</trkpt>
			<trkpt lat="28.223101" lon="-16.632982">
				<ele>2065.000000</ele>
			</trkpt>
			<trkpt lat="28.223094" lon="-16.632955">
				<ele>2065.000000</ele>
			</trkpt>
			<trkpt lat="28.223062" lon="-16.632936">
				<ele>2065.000000</ele>
			</trkpt>
			<trkpt lat="28.223022" lon="-16.632955">
				<ele>2066.000000</ele>
			</trkpt>
			<trkpt lat="28.222919" lon="-16.632963">
				<ele>2066.000000</ele>
			</trkpt>
			<trkpt lat="28.222801" lon="-16.632982">
				<ele>2067.000000</ele>
			</trkpt>
			<trkpt lat="28.222761" lon="-16.632955">
				<ele>2067.000000</ele>
			</trkpt>
			<trkpt lat="28.222737" lon="-16.632928">
				<ele>2067.000000</ele>
			</trkpt>
			<trkpt lat="28.222705" lon="-16.632909">
				<ele>2068.000000</ele>
			</trkpt>
			<trkpt lat="28.222651" lon="-16.632909">
				<ele>2068.000000</ele>
			</trkpt>
			<trkpt lat="28.222603" lon="-16.632909">
				<ele>2068.000000</ele>
			</trkpt>
			<trkpt lat="28.222634" lon="-16.632829">
				<ele>2069.000000</ele>
			</trkpt>
			<trkpt lat="28.222634" lon="-16.632748">
				<ele>2069.000000</ele>
			</trkpt>
			<trkpt lat="28.222666" lon="-16.632666">
				<ele>2070.000000</ele>
			</trkpt>
			<trkpt lat="28.222674" lon="-16.632603">
				<ele>2071.000000</ele>
			</trkpt>
			<trkpt lat="28.222682" lon="-16.632542">
				<ele>2072.000000</ele>
			</trkpt>
			<trkpt lat="28.222714" lon="-16.632542">
				<ele>2073.000000</ele>
			</trkpt>
			<trkpt lat="28.222730" lon="-16.632542">
				<ele>2074.000000</ele>
			</trkpt>
			<trkpt lat="28.222761" lon="-16.632523">
				<ele>2075.000000</ele>
			</trkpt>
			<trkpt lat="28.222777" lon="-16.632487">
				<ele>2076.000000</ele>
			</trkpt>
			<trkpt lat="28.222785" lon="-16.632460">
				<ele>2077.000000</ele>
			</trkpt>
			<trkpt lat="28.222785" lon="-16.632442">
				<ele>2078.000000</ele>
			</trkpt>
			<trkpt lat="28.222777" lon="-16.632416">
				<ele>2078.000000</ele>
			</trkpt>
			<trkpt lat="28.222824" lon="-16.632406">
				<ele>2080.000000</ele>
			</trkpt>
			<trkpt lat="28.222856" lon="-16.632362">
				<ele>2082.000000</ele>
			</trkpt>
			<trkpt lat="28.222824" lon="-16.632299">
				<ele>2084.000000</ele>
			</trkpt>
			<trkpt lat="28.222824" lon="-16.632253">
				<ele>2085.000000</ele>
			</trkpt>
			<trkpt lat="28.222927" lon="-16.632272">
				<ele>2088.000000</ele>
			</trkpt>
			<trkpt lat="28.222982" lon="-16.632253">
				<ele>2090.000000</ele>
			</trkpt>
			<trkpt lat="28.222951" lon="-16.632227">
				<ele>2091.000000</ele>
			</trkpt>
			<trkpt lat="28.222935" lon="-16.632190">
				<ele>2093.000000</ele>
			</trkpt>
			<trkpt lat="28.223007" lon="-16.632182">
				<ele>2095.000000</ele>
			</trkpt>
			<trkpt lat="28.223070" lon="-16.632173">
				<ele>2097.000000</ele>
			</trkpt>
			<trkpt lat="28.223038" lon="-16.632137">
				<ele>2098.000000</ele>
			</trkpt>
			<trkpt lat="28.223038" lon="-16.632110">
				<ele>2099.000000</ele>
			</trkpt>
			<trkpt lat="28.223086" lon="-16.632110">
				<ele>2100.000000</ele>
			</trkpt>
			<trkpt lat="28.223149" lon="-16.632092">
				<ele>2102.000000</ele>
			</trkpt>
			<trkpt lat="28.223125" lon="-16.632064">
				<ele>2103.000000</ele>
			</trkpt>
			<trkpt lat="28.223109" lon="-16.632029">
				<ele>2104.000000</ele>
			</trkpt>
			<trkpt lat="28.223078" lon="-16.632011">
				<ele>2105.000000</ele>
			</trkpt>
			<trkpt lat="28.223038" lon="-16.631930">
				<ele>2108.000000</ele>
			</trkpt>
			<trkpt lat="28.223038" lon="-16.631877">
				<ele>2109.000000</ele>
			</trkpt>
			<trkpt lat="28.223046" lon="-16.631804">
				<ele>2111.000000</ele>
			</trkpt>
			<trkpt lat="28.223038" lon="-16.631750">
				<ele>2113.000000</ele>
			</trkpt>
			<trkpt lat="28.223062" lon="-16.631733">
				<ele>2113.000000</ele>
			</trkpt>
			<trkpt lat="28.223086" lon="-16.631760">
				<ele>2114.000000</ele>
			</trkpt>
			<trkpt lat="28.223109" lon="-16.631777">
				<ele>2115.000000</ele>
			</trkpt>
			<trkpt lat="28.223109" lon="-16.631796">
				<ele>2116.000000</ele>
			</trkpt>
			<trkpt lat="28.223117" lon="-16.631831">
				<ele>2117.000000</ele>
			</trkpt>
			<trkpt lat="28.223133" lon="-16.631840">
				<ele>2117.000000</ele>
			</trkpt>
			<trkpt lat="28.223141" lon="-16.631796">
				<ele>2118.000000</ele>
			</trkpt>
			<trkpt lat="28.223165" lon="-16.631813">
				<ele>2119.000000</ele>
			</trkpt>
			<trkpt lat="28.223196" lon="-16.631804">
				<ele>2120.000000</ele>
			</trkpt>
			<trkpt lat="28.223204" lon="-16.631777">
				<ele>2122.000000</ele>
			</trkpt>
			<trkpt lat="28.223188" lon="-16.631741">
				<ele>2123.000000</ele>
			</trkpt>
			<trkpt lat="28.223196" lon="-16.631697">
				<ele>2125.000000</ele>
			</trkpt>
			<trkpt lat="28.223173" lon="-16.631643">
				<ele>2127.000000</ele>
			</trkpt>
			<trkpt lat="28.223157" lon="-16.631561">
				<ele>2130.000000</ele>
			</trkpt>
			<trkpt lat="28.223141" lon="-16.631472">
				<ele>2130.000000</ele>
			</trkpt>
			<trkpt lat="28.223141" lon="-16.631382">
				<ele>2130.000000</ele>
			</trkpt>
			<trkpt lat="28.223180" lon="-16.631418">
				<ele>2130.000000</ele>
			</trkpt>
			<trkpt lat="28.223196" lon="-16.631391">
				<ele>2130.000000</ele>
			</trkpt>
			<trkpt lat="28.223196" lon="-16.631355">
				<ele>2131.000000</ele>
			</trkpt>
			<trkpt lat="28.223173" lon="-16.631311">
				<ele>2131.000000</ele>
			</trkpt>
			<trkpt lat="28.223133" lon="-16.631292">
				<ele>2131.000000</ele>
			</trkpt>
			<trkpt lat="28.223101" lon="-16.631095">
				<ele>2132.000000</ele>
			</trkpt>
			<trkpt lat="28.223173" lon="-16.631058">
				<ele>2133.000000</ele>
			</trkpt>
			<trkpt lat="28.223188" lon="-16.630978">
				<ele>2134.000000</ele>
			</trkpt>
			<trkpt lat="28.223188" lon="-16.630924">
				<ele>2134.000000</ele>
			</trkpt>
			<trkpt lat="28.223180" lon="-16.630798">
				<ele>2136.000000</ele>
			</trkpt>
			<trkpt lat="28.223196" lon="-16.630798">
				<ele>2136.000000</ele>
			</trkpt>
			<trkpt lat="28.223220" lon="-16.630789">
				<ele>2135.000000</ele>
			</trkpt>
			<trkpt lat="28.223196" lon="-16.630762">
				<ele>2136.000000</ele>
			</trkpt>
			<trkpt lat="28.223212" lon="-16.630754">
				<ele>2136.000000</ele>
			</trkpt>
			<trkpt lat="28.223228" lon="-16.630735">
				<ele>2136.000000</ele>
			</trkpt>
			<trkpt lat="28.223244" lon="-16.630708">
				<ele>2136.000000</ele>
			</trkpt>
			<trkpt lat="28.223244" lon="-16.630691">
				<ele>2136.000000</ele>
			</trkpt>
			<trkpt lat="28.223244" lon="-16.630664">
				<ele>2136.000000</ele>
			</trkpt>
			<trkpt lat="28.223236" lon="-16.630636">
				<ele>2136.000000</ele>
			</trkpt>
			<trkpt lat="28.223220" lon="-16.630619">
				<ele>2137.000000</ele>
			</trkpt>
			<trkpt lat="28.223196" lon="-16.630609">
				<ele>2137.000000</ele>
			</trkpt>
			<trkpt lat="28.223394" lon="-16.630043">
				<ele>2139.000000</ele>
			</trkpt>
		</trkseg>
	</trk>
</gpx>

