<?xml version="1.0" encoding="utf-8"?>
<gpx xmlns="http://www.topografix.com/GPX/1/1" version="1.1" creator="https://mapy.com/">
	<trk>
		<name>Trasa z Parkoviště do Parkoviště</name>
		<trkseg>
			<trkpt lat="28.259418" lon="-16.603283">
				<ele>2346.000000</ele>
			</trkpt>
			<trkpt lat="28.259402" lon="-16.603373">
				<ele>2347.000000</ele>
			</trkpt>
			<trkpt lat="28.259386" lon="-16.603453">
				<ele>2348.000000</ele>
			</trkpt>
			<trkpt lat="28.259521" lon="-16.603436">
				<ele>2350.000000</ele>
			</trkpt>
			<trkpt lat="28.259695" lon="-16.603346">
				<ele>2351.000000</ele>
			</trkpt>
			<trkpt lat="28.259766" lon="-16.603256">
				<ele>2352.000000</ele>
			</trkpt>
			<trkpt lat="28.259821" lon="-16.603130">
				<ele>2353.000000</ele>
			</trkpt>
			<trkpt lat="28.259893" lon="-16.602942">
				<ele>2354.000000</ele>
			</trkpt>
			<trkpt lat="28.259948" lon="-16.602734">
				<ele>2356.000000</ele>
			</trkpt>
			<trkpt lat="28.259956" lon="-16.602583">
				<ele>2356.000000</ele>
			</trkpt>
			<trkpt lat="28.259988" lon="-16.602510">
				<ele>2357.000000</ele>
			</trkpt>
			<trkpt lat="28.260012" lon="-16.602447">
				<ele>2357.000000</ele>
			</trkpt>
			<trkpt lat="28.260059" lon="-16.602403">
				<ele>2358.000000</ele>
			</trkpt>
			<trkpt lat="28.260114" lon="-16.602394">
				<ele>2358.000000</ele>
			</trkpt>
			<trkpt lat="28.260154" lon="-16.602403">
				<ele>2358.000000</ele>
			</trkpt>
			<trkpt lat="28.260193" lon="-16.602430">
				<ele>2359.000000</ele>
			</trkpt>
			<trkpt lat="28.260209" lon="-16.602501">
				<ele>2359.000000</ele>
			</trkpt>
			<trkpt lat="28.260225" lon="-16.602618">
				<ele>2360.000000</ele>
			</trkpt>
			<trkpt lat="28.260233" lon="-16.602717">
				<ele>2362.000000</ele>
			</trkpt>
			<trkpt lat="28.260273" lon="-16.602852">
				<ele>2365.000000</ele>
			</trkpt>
			<trkpt lat="28.260328" lon="-16.602969">
				<ele>2368.000000</ele>
			</trkpt>
			<trkpt lat="28.260399" lon="-16.603059">
				<ele>2370.000000</ele>
			</trkpt>
			<trkpt lat="28.260502" lon="-16.603121">
				<ele>2372.000000</ele>
			</trkpt>
			<trkpt lat="28.260573" lon="-16.603130">
				<ele>2372.000000</ele>
			</trkpt>
			<trkpt lat="28.260621" lon="-16.603121">
				<ele>2373.000000</ele>
			</trkpt>
			<trkpt lat="28.260645" lon="-16.603076">
				<ele>2373.000000</ele>
			</trkpt>
			<trkpt lat="28.260692" lon="-16.602960">
				<ele>2375.000000</ele>
			</trkpt>
			<trkpt lat="28.260731" lon="-16.602887">
				<ele>2376.000000</ele>
			</trkpt>
			<trkpt lat="28.260779" lon="-16.602852">
				<ele>2376.000000</ele>
			</trkpt>
			<trkpt lat="28.260834" lon="-16.602834">
				<ele>2377.000000</ele>
			</trkpt>
			<trkpt lat="28.260897" lon="-16.602843">
				<ele>2378.000000</ele>
			</trkpt>
			<trkpt lat="28.261064" lon="-16.602887">
				<ele>2380.000000</ele>
			</trkpt>
			<trkpt lat="28.261206" lon="-16.602914">
				<ele>2381.000000</ele>
			</trkpt>
			<trkpt lat="28.261293" lon="-16.602923">
				<ele>2382.000000</ele>
			</trkpt>
			<trkpt lat="28.261333" lon="-16.602914">
				<ele>2383.000000</ele>
			</trkpt>
			<trkpt lat="28.261412" lon="-16.602887">
				<ele>2383.000000</ele>
			</trkpt>
			<trkpt lat="28.261799" lon="-16.602717">
				<ele>2388.000000</ele>
			</trkpt>
			<trkpt lat="28.262116" lon="-16.602583">
				<ele>2392.000000</ele>
			</trkpt>
			<trkpt lat="28.262195" lon="-16.602591">
				<ele>2393.000000</ele>
			</trkpt>
			<trkpt lat="28.262330" lon="-16.602600">
				<ele>2395.000000</ele>
			</trkpt>
			<trkpt lat="28.262401" lon="-16.602583">
				<ele>2396.000000</ele>
			</trkpt>
			<trkpt lat="28.262480" lon="-16.602510">
				<ele>2397.000000</ele>
			</trkpt>
			<trkpt lat="28.262567" lon="-16.602421">
				<ele>2399.000000</ele>
			</trkpt>
			<trkpt lat="28.262788" lon="-16.602197">
				<ele>2401.000000</ele>
			</trkpt>
			<trkpt lat="28.262986" lon="-16.601998">
				<ele>2402.000000</ele>
			</trkpt>
			<trkpt lat="28.263065" lon="-16.601891">
				<ele>2402.000000</ele>
			</trkpt>
			<trkpt lat="28.263136" lon="-16.601810">
				<ele>2403.000000</ele>
			</trkpt>
			<trkpt lat="28.263248" lon="-16.601720">
				<ele>2403.000000</ele>
			</trkpt>
			<trkpt lat="28.263525" lon="-16.601522">
				<ele>2405.000000</ele>
			</trkpt>
			<trkpt lat="28.263912" lon="-16.601216">
				<ele>2407.000000</ele>
			</trkpt>
			<trkpt lat="28.264023" lon="-16.601118">
				<ele>2407.000000</ele>
			</trkpt>
			<trkpt lat="28.264118" lon="-16.601065">
				<ele>2408.000000</ele>
			</trkpt>
			<trkpt lat="28.264268" lon="-16.601010">
				<ele>2408.000000</ele>
			</trkpt>
			<trkpt lat="28.264356" lon="-16.600992">
				<ele>2408.000000</ele>
			</trkpt>
			<trkpt lat="28.264442" lon="-16.600992">
				<ele>2409.000000</ele>
			</trkpt>
			<trkpt lat="28.264600" lon="-16.601036">
				<ele>2409.000000</ele>
			</trkpt>
			<trkpt lat="28.264775" lon="-16.601126">
				<ele>2410.000000</ele>
			</trkpt>
			<trkpt lat="28.264948" lon="-16.601235">
				<ele>2412.000000</ele>
			</trkpt>
			<trkpt lat="28.265218" lon="-16.601549">
				<ele>2415.000000</ele>
			</trkpt>
			<trkpt lat="28.265455" lon="-16.601810">
				<ele>2417.000000</ele>
			</trkpt>
			<trkpt lat="28.265693" lon="-16.602034">
				<ele>2420.000000</ele>
			</trkpt>
			<trkpt lat="28.266199" lon="-16.602627">
				<ele>2425.000000</ele>
			</trkpt>
			<trkpt lat="28.266365" lon="-16.602816">
				<ele>2427.000000</ele>
			</trkpt>
			<trkpt lat="28.266460" lon="-16.602879">
				<ele>2427.000000</ele>
			</trkpt>
			<trkpt lat="28.266603" lon="-16.602942">
				<ele>2428.000000</ele>
			</trkpt>
			<trkpt lat="28.266674" lon="-16.602986">
				<ele>2429.000000</ele>
			</trkpt>
			<trkpt lat="28.266745" lon="-16.603067">
				<ele>2430.000000</ele>
			</trkpt>
			<trkpt lat="28.267053" lon="-16.603642">
				<ele>2433.000000</ele>
			</trkpt>
			<trkpt lat="28.267093" lon="-16.603678">
				<ele>2434.000000</ele>
			</trkpt>
			<trkpt lat="28.267156" lon="-16.603696">
				<ele>2434.000000</ele>
			</trkpt>
			<trkpt lat="28.267219" lon="-16.603696">
				<ele>2434.000000</ele>
			</trkpt>
			<trkpt lat="28.267472" lon="-16.603652">
				<ele>2436.000000</ele>
			</trkpt>
			<trkpt lat="28.267520" lon="-16.603678">
				<ele>2436.000000</ele>
			</trkpt>
			<trkpt lat="28.267559" lon="-16.603732">
				<ele>2437.000000</ele>
			</trkpt>
			<trkpt lat="28.267623" lon="-16.603849">
				<ele>2437.000000</ele>
			</trkpt>
			<trkpt lat="28.267734" lon="-16.604038">
				<ele>2439.000000</ele>
			</trkpt>
			<trkpt lat="28.267852" lon="-16.604172">
				<ele>2440.000000</ele>
			</trkpt>
			<trkpt lat="28.268153" lon="-16.604432">
				<ele>2441.000000</ele>
			</trkpt>
			<trkpt lat="28.268319" lon="-16.604531">
				<ele>2442.000000</ele>
			</trkpt>
			<trkpt lat="28.268469" lon="-16.604568">
				<ele>2443.000000</ele>
			</trkpt>
			<trkpt lat="28.268817" lon="-16.604640">
				<ele>2444.000000</ele>
			</trkpt>
			<trkpt lat="28.269071" lon="-16.604711">
				<ele>2445.000000</ele>
			</trkpt>
			<trkpt lat="28.269973" lon="-16.604936">
				<ele>2449.000000</ele>
			</trkpt>
			<trkpt lat="28.270131" lon="-16.605044">
				<ele>2451.000000</ele>
			</trkpt>
			<trkpt lat="28.270250" lon="-16.605170">
				<ele>2454.000000</ele>
			</trkpt>
			<trkpt lat="28.270352" lon="-16.605294">
				<ele>2458.000000</ele>
			</trkpt>
			<trkpt lat="28.270479" lon="-16.605413">
				<ele>2460.000000</ele>
			</trkpt>
			<trkpt lat="28.270606" lon="-16.605484">
				<ele>2461.000000</ele>
			</trkpt>
			<trkpt lat="28.270740" lon="-16.605537">
				<ele>2462.000000</ele>
			</trkpt>
			<trkpt lat="28.271009" lon="-16.605627">
				<ele>2463.000000</ele>
			</trkpt>
			<trkpt lat="28.271191" lon="-16.605726">
				<ele>2464.000000</ele>
			</trkpt>
			<trkpt lat="28.271341" lon="-16.605789">
				<ele>2465.000000</ele>
			</trkpt>
			<trkpt lat="28.271468" lon="-16.605789">
				<ele>2466.000000</ele>
			</trkpt>
			<trkpt lat="28.271642" lon="-16.605709">
				<ele>2467.000000</ele>
			</trkpt>
			<trkpt lat="28.271745" lon="-16.605700">
				<ele>2468.000000</ele>
			</trkpt>
			<trkpt lat="28.271856" lon="-16.605726">
				<ele>2468.000000</ele>
			</trkpt>
			<trkpt lat="28.271951" lon="-16.605780">
				<ele>2469.000000</ele>
			</trkpt>
			<trkpt lat="28.272188" lon="-16.606050">
				<ele>2471.000000</ele>
			</trkpt>
			<trkpt lat="28.272449" lon="-16.606239">
				<ele>2475.000000</ele>
			</trkpt>
			<trkpt lat="28.272655" lon="-16.606382">
				<ele>2477.000000</ele>
			</trkpt>
			<trkpt lat="28.272774" lon="-16.606463">
				<ele>2479.000000</ele>
			</trkpt>
			<trkpt lat="28.272876" lon="-16.606526">
				<ele>2480.000000</ele>
			</trkpt>
			<trkpt lat="28.272963" lon="-16.606606">
				<ele>2482.000000</ele>
			</trkpt>
			<trkpt lat="28.273003" lon="-16.606715">
				<ele>2485.000000</ele>
			</trkpt>
			<trkpt lat="28.273043" lon="-16.606831">
				<ele>2487.000000</ele>
			</trkpt>
			<trkpt lat="28.273106" lon="-16.606939">
				<ele>2489.000000</ele>
			</trkpt>
			<trkpt lat="28.273193" lon="-16.607002">
				<ele>2490.000000</ele>
			</trkpt>
			<trkpt lat="28.273295" lon="-16.607020">
				<ele>2490.000000</ele>
			</trkpt>
			<trkpt lat="28.273399" lon="-16.607029">
				<ele>2490.000000</ele>
			</trkpt>
			<trkpt lat="28.273628" lon="-16.606975">
				<ele>2490.000000</ele>
			</trkpt>
			<trkpt lat="28.273802" lon="-16.606948">
				<ele>2490.000000</ele>
			</trkpt>
			<trkpt lat="28.273873" lon="-16.606957">
				<ele>2490.000000</ele>
			</trkpt>
			<trkpt lat="28.273952" lon="-16.606984">
				<ele>2490.000000</ele>
			</trkpt>
			<trkpt lat="28.274007" lon="-16.607020">
				<ele>2490.000000</ele>
			</trkpt>
			<trkpt lat="28.274055" lon="-16.607082">
				<ele>2490.000000</ele>
			</trkpt>
			<trkpt lat="28.274111" lon="-16.607155">
				<ele>2491.000000</ele>
			</trkpt>
			<trkpt lat="28.274134" lon="-16.607200">
				<ele>2491.000000</ele>
			</trkpt>
			<trkpt lat="28.274174" lon="-16.607271">
				<ele>2492.000000</ele>
			</trkpt>
			<trkpt lat="28.274276" lon="-16.607577">
				<ele>2497.000000</ele>
			</trkpt>
			<trkpt lat="28.274403" lon="-16.607837">
				<ele>2501.000000</ele>
			</trkpt>
			<trkpt lat="28.274561" lon="-16.608044">
				<ele>2503.000000</ele>
			</trkpt>
			<trkpt lat="28.274957" lon="-16.608619">
				<ele>2509.000000</ele>
			</trkpt>
			<trkpt lat="28.275068" lon="-16.608763">
				<ele>2511.000000</ele>
			</trkpt>
			<trkpt lat="28.275353" lon="-16.609015">
				<ele>2514.000000</ele>
			</trkpt>
			<trkpt lat="28.275542" lon="-16.609229">
				<ele>2516.000000</ele>
			</trkpt>
			<trkpt lat="28.275669" lon="-16.609392">
				<ele>2518.000000</ele>
			</trkpt>
			<trkpt lat="28.275764" lon="-16.609616">
				<ele>2520.000000</ele>
			</trkpt>
			<trkpt lat="28.275772" lon="-16.609652">
				<ele>2520.000000</ele>
			</trkpt>
			<trkpt lat="28.275851" lon="-16.609984">
				<ele>2522.000000</ele>
			</trkpt>
			<trkpt lat="28.275890" lon="-16.610074">
				<ele>2523.000000</ele>
			</trkpt>
			<trkpt lat="28.275969" lon="-16.610164">
				<ele>2523.000000</ele>
			</trkpt>
			<trkpt lat="28.276191" lon="-16.610298">
				<ele>2525.000000</ele>
			</trkpt>
			<trkpt lat="28.276484" lon="-16.610541">
				<ele>2528.000000</ele>
			</trkpt>
			<trkpt lat="28.276539" lon="-16.610650">
				<ele>2528.000000</ele>
			</trkpt>
			<trkpt lat="28.276586" lon="-16.610793">
				<ele>2529.000000</ele>
			</trkpt>
			<trkpt lat="28.276626" lon="-16.610946">
				<ele>2531.000000</ele>
			</trkpt>
			<trkpt lat="28.276674" lon="-16.611233">
				<ele>2536.000000</ele>
			</trkpt>
			<trkpt lat="28.276690" lon="-16.611430">
				<ele>2539.000000</ele>
			</trkpt>
			<trkpt lat="28.276690" lon="-16.611520">
				<ele>2540.000000</ele>
			</trkpt>
			<trkpt lat="28.276650" lon="-16.611638">
				<ele>2543.000000</ele>
			</trkpt>
			<trkpt lat="28.276547" lon="-16.611789">
				<ele>2546.000000</ele>
			</trkpt>
			<trkpt lat="28.276492" lon="-16.611952">
				<ele>2549.000000</ele>
			</trkpt>
			<trkpt lat="28.276428" lon="-16.612168">
				<ele>2552.000000</ele>
			</trkpt>
			<trkpt lat="28.276389" lon="-16.612355">
				<ele>2554.000000</ele>
			</trkpt>
			<trkpt lat="28.276381" lon="-16.612581">
				<ele>2557.000000</ele>
			</trkpt>
			<trkpt lat="28.276405" lon="-16.612751">
				<ele>2560.000000</ele>
			</trkpt>
			<trkpt lat="28.276444" lon="-16.612921">
				<ele>2562.000000</ele>
			</trkpt>
			<trkpt lat="28.276468" lon="-16.613030">
				<ele>2564.000000</ele>
			</trkpt>
			<trkpt lat="28.276468" lon="-16.613084">
				<ele>2565.000000</ele>
			</trkpt>
			<trkpt lat="28.276452" lon="-16.613120">
				<ele>2566.000000</ele>
			</trkpt>
			<trkpt lat="28.276436" lon="-16.613156">
				<ele>2567.000000</ele>
			</trkpt>
			<trkpt lat="28.276397" lon="-16.613183">
				<ele>2568.000000</ele>
			</trkpt>
			<trkpt lat="28.276365" lon="-16.613191">
				<ele>2568.000000</ele>
			</trkpt>
			<trkpt lat="28.276334" lon="-16.613191">
				<ele>2569.000000</ele>
			</trkpt>
			<trkpt lat="28.276286" lon="-16.613173">
				<ele>2570.000000</ele>
			</trkpt>
			<trkpt lat="28.276238" lon="-16.613093">
				<ele>2570.000000</ele>
			</trkpt>
			<trkpt lat="28.276167" lon="-16.612967">
				<ele>2570.000000</ele>
			</trkpt>
			<trkpt lat="28.275978" lon="-16.612581">
				<ele>2570.000000</ele>
			</trkpt>
			<trkpt lat="28.275922" lon="-16.612455">
				<ele>2570.000000</ele>
			</trkpt>
			<trkpt lat="28.275906" lon="-16.612231">
				<ele>2570.000000</ele>
			</trkpt>
			<trkpt lat="28.275875" lon="-16.612105">
				<ele>2570.000000</ele>
			</trkpt>
			<trkpt lat="28.275764" lon="-16.611969">
				<ele>2570.000000</ele>
			</trkpt>
			<trkpt lat="28.275598" lon="-16.611835">
				<ele>2571.000000</ele>
			</trkpt>
			<trkpt lat="28.275479" lon="-16.611673">
				<ele>2573.000000</ele>
			</trkpt>
			<trkpt lat="28.275345" lon="-16.611512">
				<ele>2576.000000</ele>
			</trkpt>
			<trkpt lat="28.275305" lon="-16.611493">
				<ele>2576.000000</ele>
			</trkpt>
			<trkpt lat="28.275194" lon="-16.611520">
				<ele>2578.000000</ele>
			</trkpt>
			<trkpt lat="28.275139" lon="-16.611556">
				<ele>2578.000000</ele>
			</trkpt>
			<trkpt lat="28.275115" lon="-16.611610">
				<ele>2579.000000</ele>
			</trkpt>
			<trkpt lat="28.275092" lon="-16.611655">
				<ele>2580.000000</ele>
			</trkpt>
			<trkpt lat="28.275068" lon="-16.611726">
				<ele>2580.000000</ele>
			</trkpt>
			<trkpt lat="28.275084" lon="-16.611934">
				<ele>2583.000000</ele>
			</trkpt>
			<trkpt lat="28.275107" lon="-16.612086">
				<ele>2585.000000</ele>
			</trkpt>
			<trkpt lat="28.275092" lon="-16.612194">
				<ele>2587.000000</ele>
			</trkpt>
			<trkpt lat="28.275068" lon="-16.612284">
				<ele>2588.000000</ele>
			</trkpt>
			<trkpt lat="28.275036" lon="-16.612338">
				<ele>2589.000000</ele>
			</trkpt>
			<trkpt lat="28.274988" lon="-16.612392">
				<ele>2590.000000</ele>
			</trkpt>
			<trkpt lat="28.274933" lon="-16.612418">
				<ele>2590.000000</ele>
			</trkpt>
			<trkpt lat="28.274838" lon="-16.612401">
				<ele>2591.000000</ele>
			</trkpt>
			<trkpt lat="28.274672" lon="-16.612105">
				<ele>2593.000000</ele>
			</trkpt>
			<trkpt lat="28.274451" lon="-16.611789">
				<ele>2595.000000</ele>
			</trkpt>
			<trkpt lat="28.274372" lon="-16.611700">
				<ele>2596.000000</ele>
			</trkpt>
			<trkpt lat="28.274347" lon="-16.611673">
				<ele>2596.000000</ele>
			</trkpt>
			<trkpt lat="28.274284" lon="-16.611602">
				<ele>2597.000000</ele>
			</trkpt>
			<trkpt lat="28.274221" lon="-16.611512">
				<ele>2598.000000</ele>
			</trkpt>
			<trkpt lat="28.274063" lon="-16.611260">
				<ele>2599.000000</ele>
			</trkpt>
			<trkpt lat="28.274015" lon="-16.611224">
				<ele>2600.000000</ele>
			</trkpt>
			<trkpt lat="28.273928" lon="-16.611224">
				<ele>2601.000000</ele>
			</trkpt>
			<trkpt lat="28.273857" lon="-16.611260">
				<ele>2603.000000</ele>
			</trkpt>
			<trkpt lat="28.273818" lon="-16.611313">
				<ele>2604.000000</ele>
			</trkpt>
			<trkpt lat="28.273794" lon="-16.611386">
				<ele>2606.000000</ele>
			</trkpt>
			<trkpt lat="28.273770" lon="-16.611548">
				<ele>2609.000000</ele>
			</trkpt>
			<trkpt lat="28.273747" lon="-16.611816">
				<ele>2612.000000</ele>
			</trkpt>
			<trkpt lat="28.273755" lon="-16.611916">
				<ele>2613.000000</ele>
			</trkpt>
			<trkpt lat="28.273755" lon="-16.611988">
				<ele>2613.000000</ele>
			</trkpt>
			<trkpt lat="28.273755" lon="-16.611996">
				<ele>2613.000000</ele>
			</trkpt>
			<trkpt lat="28.273810" lon="-16.612231">
				<ele>2615.000000</ele>
			</trkpt>
			<trkpt lat="28.273905" lon="-16.612715">
				<ele>2619.000000</ele>
			</trkpt>
			<trkpt lat="28.273889" lon="-16.612823">
				<ele>2620.000000</ele>
			</trkpt>
			<trkpt lat="28.273826" lon="-16.612895">
				<ele>2621.000000</ele>
			</trkpt>
			<trkpt lat="28.273739" lon="-16.612904">
				<ele>2622.000000</ele>
			</trkpt>
			<trkpt lat="28.273106" lon="-16.612707">
				<ele>2631.000000</ele>
			</trkpt>
			<trkpt lat="28.273066" lon="-16.612715">
				<ele>2632.000000</ele>
			</trkpt>
			<trkpt lat="28.273011" lon="-16.612724">
				<ele>2633.000000</ele>
			</trkpt>
			<trkpt lat="28.272900" lon="-16.612814">
				<ele>2636.000000</ele>
			</trkpt>
			<trkpt lat="28.272749" lon="-16.613093">
				<ele>2641.000000</ele>
			</trkpt>
			<trkpt lat="28.272734" lon="-16.613210">
				<ele>2641.000000</ele>
			</trkpt>
			<trkpt lat="28.272758" lon="-16.613344">
				<ele>2642.000000</ele>
			</trkpt>
			<trkpt lat="28.272797" lon="-16.613542">
				<ele>2643.000000</ele>
			</trkpt>
			<trkpt lat="28.272868" lon="-16.613650">
				<ele>2644.000000</ele>
			</trkpt>
			<trkpt lat="28.273319" lon="-16.614116">
				<ele>2648.000000</ele>
			</trkpt>
			<trkpt lat="28.273414" lon="-16.614189">
				<ele>2648.000000</ele>
			</trkpt>
			<trkpt lat="28.273462" lon="-16.614269">
				<ele>2649.000000</ele>
			</trkpt>
			<trkpt lat="28.273462" lon="-16.614332">
				<ele>2649.000000</ele>
			</trkpt>
			<trkpt lat="28.273438" lon="-16.614413">
				<ele>2650.000000</ele>
			</trkpt>
			<trkpt lat="28.273382" lon="-16.614476">
				<ele>2651.000000</ele>
			</trkpt>
			<trkpt lat="28.273287" lon="-16.614476">
				<ele>2652.000000</ele>
			</trkpt>
			<trkpt lat="28.273153" lon="-16.614405">
				<ele>2654.000000</ele>
			</trkpt>
			<trkpt lat="28.272868" lon="-16.614252">
				<ele>2658.000000</ele>
			</trkpt>
			<trkpt lat="28.272623" lon="-16.614170">
				<ele>2661.000000</ele>
			</trkpt>
			<trkpt lat="28.272410" lon="-16.613982">
				<ele>2662.000000</ele>
			</trkpt>
			<trkpt lat="28.272283" lon="-16.613829">
				<ele>2663.000000</ele>
			</trkpt>
			<trkpt lat="28.272204" lon="-16.613659">
				<ele>2664.000000</ele>
			</trkpt>
			<trkpt lat="28.272149" lon="-16.613424">
				<ele>2665.000000</ele>
			</trkpt>
			<trkpt lat="28.272141" lon="-16.613389">
				<ele>2665.000000</ele>
			</trkpt>
			<trkpt lat="28.272125" lon="-16.613334">
				<ele>2665.000000</ele>
			</trkpt>
			<trkpt lat="28.272109" lon="-16.613246">
				<ele>2665.000000</ele>
			</trkpt>
			<trkpt lat="28.271974" lon="-16.612858">
				<ele>2667.000000</ele>
			</trkpt>
			<trkpt lat="28.271872" lon="-16.612671">
				<ele>2668.000000</ele>
			</trkpt>
			<trkpt lat="28.271705" lon="-16.612535">
				<ele>2669.000000</ele>
			</trkpt>
			<trkpt lat="28.271483" lon="-16.612464">
				<ele>2671.000000</ele>
			</trkpt>
			<trkpt lat="28.271373" lon="-16.612455">
				<ele>2674.000000</ele>
			</trkpt>
			<trkpt lat="28.271231" lon="-16.612545">
				<ele>2677.000000</ele>
			</trkpt>
			<trkpt lat="28.271120" lon="-16.612688">
				<ele>2680.000000</ele>
			</trkpt>
			<trkpt lat="28.271033" lon="-16.612787">
				<ele>2681.000000</ele>
			</trkpt>
			<trkpt lat="28.271017" lon="-16.612886">
				<ele>2682.000000</ele>
			</trkpt>
			<trkpt lat="28.271072" lon="-16.612958">
				<ele>2683.000000</ele>
			</trkpt>
			<trkpt lat="28.271215" lon="-16.613021">
				<ele>2684.000000</ele>
			</trkpt>
			<trkpt lat="28.271278" lon="-16.613066">
				<ele>2684.000000</ele>
			</trkpt>
			<trkpt lat="28.271389" lon="-16.613254">
				<ele>2686.000000</ele>
			</trkpt>
			<trkpt lat="28.271523" lon="-16.613479">
				<ele>2687.000000</ele>
			</trkpt>
			<trkpt lat="28.271571" lon="-16.613596">
				<ele>2688.000000</ele>
			</trkpt>
			<trkpt lat="28.271587" lon="-16.613820">
				<ele>2690.000000</ele>
			</trkpt>
			<trkpt lat="28.271626" lon="-16.614026">
				<ele>2692.000000</ele>
			</trkpt>
			<trkpt lat="28.271626" lon="-16.614135">
				<ele>2694.000000</ele>
			</trkpt>
			<trkpt lat="28.271610" lon="-16.614252">
				<ele>2696.000000</ele>
			</trkpt>
			<trkpt lat="28.271531" lon="-16.614503">
				<ele>2700.000000</ele>
			</trkpt>
			<trkpt lat="28.271492" lon="-16.614728">
				<ele>2703.000000</ele>
			</trkpt>
			<trkpt lat="28.271389" lon="-16.615150">
				<ele>2708.000000</ele>
			</trkpt>
			<trkpt lat="28.271254" lon="-16.615590">
				<ele>2712.000000</ele>
			</trkpt>
			<trkpt lat="28.271223" lon="-16.615707">
				<ele>2713.000000</ele>
			</trkpt>
			<trkpt lat="28.271199" lon="-16.616147">
				<ele>2717.000000</ele>
			</trkpt>
			<trkpt lat="28.271175" lon="-16.616372">
				<ele>2719.000000</ele>
			</trkpt>
			<trkpt lat="28.271112" lon="-16.616497">
				<ele>2720.000000</ele>
			</trkpt>
			<trkpt lat="28.270954" lon="-16.616713">
				<ele>2722.000000</ele>
			</trkpt>
			<trkpt lat="28.270875" lon="-16.616803">
				<ele>2723.000000</ele>
			</trkpt>
			<trkpt lat="28.270859" lon="-16.616875">
				<ele>2723.000000</ele>
			</trkpt>
			<trkpt lat="28.270883" lon="-16.616992">
				<ele>2724.000000</ele>
			</trkpt>
			<trkpt lat="28.270883" lon="-16.617099">
				<ele>2725.000000</ele>
			</trkpt>
			<trkpt lat="28.270867" lon="-16.617162">
				<ele>2726.000000</ele>
			</trkpt>
			<trkpt lat="28.270812" lon="-16.617252">
				<ele>2726.000000</ele>
			</trkpt>
			<trkpt lat="28.270716" lon="-16.617342">
				<ele>2727.000000</ele>
			</trkpt>
			<trkpt lat="28.270669" lon="-16.617468">
				<ele>2728.000000</ele>
			</trkpt>
			<trkpt lat="28.270653" lon="-16.617566">
				<ele>2729.000000</ele>
			</trkpt>
			<trkpt lat="28.270653" lon="-16.617621">
				<ele>2730.000000</ele>
			</trkpt>
			<trkpt lat="28.270693" lon="-16.617737">
				<ele>2732.000000</ele>
			</trkpt>
			<trkpt lat="28.270716" lon="-16.617764">
				<ele>2732.000000</ele>
			</trkpt>
			<trkpt lat="28.270756" lon="-16.617782">
				<ele>2733.000000</ele>
			</trkpt>
			<trkpt lat="28.270827" lon="-16.617772">
				<ele>2735.000000</ele>
			</trkpt>
			<trkpt lat="28.270851" lon="-16.617782">
				<ele>2736.000000</ele>
			</trkpt>
			<trkpt lat="28.270843" lon="-16.617808">
				<ele>2736.000000</ele>
			</trkpt>
			<trkpt lat="28.270827" lon="-16.617854">
				<ele>2737.000000</ele>
			</trkpt>
			<trkpt lat="28.270795" lon="-16.617944">
				<ele>2739.000000</ele>
			</trkpt>
			<trkpt lat="28.270787" lon="-16.617971">
				<ele>2740.000000</ele>
			</trkpt>
			<trkpt lat="28.270795" lon="-16.617988">
				<ele>2740.000000</ele>
			</trkpt>
			<trkpt lat="28.270804" lon="-16.617997">
				<ele>2740.000000</ele>
			</trkpt>
			<trkpt lat="28.270819" lon="-16.617988">
				<ele>2741.000000</ele>
			</trkpt>
			<trkpt lat="28.270835" lon="-16.617997">
				<ele>2741.000000</ele>
			</trkpt>
			<trkpt lat="28.270827" lon="-16.618024">
				<ele>2742.000000</ele>
			</trkpt>
			<trkpt lat="28.270835" lon="-16.618042">
				<ele>2742.000000</ele>
			</trkpt>
			<trkpt lat="28.270867" lon="-16.618042">
				<ele>2743.000000</ele>
			</trkpt>
			<trkpt lat="28.270883" lon="-16.618060">
				<ele>2743.000000</ele>
			</trkpt>
			<trkpt lat="28.270883" lon="-16.618078">
				<ele>2744.000000</ele>
			</trkpt>
			<trkpt lat="28.270891" lon="-16.618097">
				<ele>2744.000000</ele>
			</trkpt>
			<trkpt lat="28.270914" lon="-16.618087">
				<ele>2745.000000</ele>
			</trkpt>
			<trkpt lat="28.270930" lon="-16.618087">
				<ele>2745.000000</ele>
			</trkpt>
			<trkpt lat="28.270946" lon="-16.618105">
				<ele>2746.000000</ele>
			</trkpt>
			<trkpt lat="28.270930" lon="-16.618168">
				<ele>2747.000000</ele>
			</trkpt>
			<trkpt lat="28.270946" lon="-16.618195">
				<ele>2748.000000</ele>
			</trkpt>
			<trkpt lat="28.270922" lon="-16.618221">
				<ele>2748.000000</ele>
			</trkpt>
			<trkpt lat="28.270930" lon="-16.618248">
				<ele>2749.000000</ele>
			</trkpt>
			<trkpt lat="28.270906" lon="-16.618284">
				<ele>2750.000000</ele>
			</trkpt>
			<trkpt lat="28.270875" lon="-16.618330">
				<ele>2751.000000</ele>
			</trkpt>
			<trkpt lat="28.270851" lon="-16.618374">
				<ele>2752.000000</ele>
			</trkpt>
			<trkpt lat="28.270867" lon="-16.618410">
				<ele>2753.000000</ele>
			</trkpt>
			<trkpt lat="28.270883" lon="-16.618420">
				<ele>2754.000000</ele>
			</trkpt>
			<trkpt lat="28.270875" lon="-16.618447">
				<ele>2754.000000</ele>
			</trkpt>
			<trkpt lat="28.270851" lon="-16.618464">
				<ele>2755.000000</ele>
			</trkpt>
			<trkpt lat="28.270843" lon="-16.618483">
				<ele>2755.000000</ele>
			</trkpt>
			<trkpt lat="28.270859" lon="-16.618500">
				<ele>2756.000000</ele>
			</trkpt>
			<trkpt lat="28.270891" lon="-16.618527">
				<ele>2757.000000</ele>
			</trkpt>
			<trkpt lat="28.270867" lon="-16.618554">
				<ele>2757.000000</ele>
			</trkpt>
			<trkpt lat="28.270875" lon="-16.618581">
				<ele>2758.000000</ele>
			</trkpt>
			<trkpt lat="28.270851" lon="-16.618600">
				<ele>2759.000000</ele>
			</trkpt>
			<trkpt lat="28.270875" lon="-16.618617">
				<ele>2759.000000</ele>
			</trkpt>
			<trkpt lat="28.270883" lon="-16.618663">
				<ele>2760.000000</ele>
			</trkpt>
			<trkpt lat="28.270898" lon="-16.618671">
				<ele>2761.000000</ele>
			</trkpt>
			<trkpt lat="28.270922" lon="-16.618680">
				<ele>2761.000000</ele>
			</trkpt>
			<trkpt lat="28.270922" lon="-16.618707">
				<ele>2761.000000</ele>
			</trkpt>
			<trkpt lat="28.270922" lon="-16.618752">
				<ele>2762.000000</ele>
			</trkpt>
			<trkpt lat="28.270962" lon="-16.618770">
				<ele>2763.000000</ele>
			</trkpt>
			<trkpt lat="28.271017" lon="-16.618770">
				<ele>2764.000000</ele>
			</trkpt>
			<trkpt lat="28.271056" lon="-16.618752">
				<ele>2764.000000</ele>
			</trkpt>
			<trkpt lat="28.271112" lon="-16.618689">
				<ele>2766.000000</ele>
			</trkpt>
			<trkpt lat="28.271144" lon="-16.618707">
				<ele>2766.000000</ele>
			</trkpt>
			<trkpt lat="28.271120" lon="-16.618752">
				<ele>2767.000000</ele>
			</trkpt>
			<trkpt lat="28.271127" lon="-16.618770">
				<ele>2767.000000</ele>
			</trkpt>
			<trkpt lat="28.271160" lon="-16.618761">
				<ele>2768.000000</ele>
			</trkpt>
			<trkpt lat="28.271191" lon="-16.618761">
				<ele>2769.000000</ele>
			</trkpt>
			<trkpt lat="28.271199" lon="-16.618779">
				<ele>2769.000000</ele>
			</trkpt>
			<trkpt lat="28.271175" lon="-16.618877">
				<ele>2770.000000</ele>
			</trkpt>
			<trkpt lat="28.271096" lon="-16.619112">
				<ele>2775.000000</ele>
			</trkpt>
			<trkpt lat="28.271120" lon="-16.619120">
				<ele>2775.000000</ele>
			</trkpt>
			<trkpt lat="28.271144" lon="-16.619120">
				<ele>2776.000000</ele>
			</trkpt>
			<trkpt lat="28.271127" lon="-16.619156">
				<ele>2776.000000</ele>
			</trkpt>
			<trkpt lat="28.271152" lon="-16.619166">
				<ele>2777.000000</ele>
			</trkpt>
			<trkpt lat="28.271183" lon="-16.619129">
				<ele>2778.000000</ele>
			</trkpt>
			<trkpt lat="28.271246" lon="-16.619084">
				<ele>2779.000000</ele>
			</trkpt>
			<trkpt lat="28.271270" lon="-16.619112">
				<ele>2780.000000</ele>
			</trkpt>
			<trkpt lat="28.271246" lon="-16.619192">
				<ele>2781.000000</ele>
			</trkpt>
			<trkpt lat="28.271231" lon="-16.619229">
				<ele>2782.000000</ele>
			</trkpt>
			<trkpt lat="28.271231" lon="-16.619255">
				<ele>2783.000000</ele>
			</trkpt>
			<trkpt lat="28.271254" lon="-16.619246">
				<ele>2783.000000</ele>
			</trkpt>
			<trkpt lat="28.271294" lon="-16.619219">
				<ele>2784.000000</ele>
			</trkpt>
			<trkpt lat="28.271341" lon="-16.619192">
				<ele>2785.000000</ele>
			</trkpt>
			<trkpt lat="28.271404" lon="-16.619147">
				<ele>2786.000000</ele>
			</trkpt>
			<trkpt lat="28.271428" lon="-16.619174">
				<ele>2787.000000</ele>
			</trkpt>
			<trkpt lat="28.271420" lon="-16.619210">
				<ele>2788.000000</ele>
			</trkpt>
			<trkpt lat="28.271397" lon="-16.619255">
				<ele>2788.000000</ele>
			</trkpt>
			<trkpt lat="28.271365" lon="-16.619309">
				<ele>2790.000000</ele>
			</trkpt>
			<trkpt lat="28.271341" lon="-16.619380">
				<ele>2791.000000</ele>
			</trkpt>
			<trkpt lat="28.271278" lon="-16.619506">
				<ele>2795.000000</ele>
			</trkpt>
			<trkpt lat="28.271270" lon="-16.619542">
				<ele>2796.000000</ele>
			</trkpt>
			<trkpt lat="28.271294" lon="-16.619552">
				<ele>2797.000000</ele>
			</trkpt>
			<trkpt lat="28.271325" lon="-16.619569">
				<ele>2798.000000</ele>
			</trkpt>
			<trkpt lat="28.271325" lon="-16.619588">
				<ele>2799.000000</ele>
			</trkpt>
			<trkpt lat="28.271286" lon="-16.619615">
				<ele>2800.000000</ele>
			</trkpt>
			<trkpt lat="28.271270" lon="-16.619642">
				<ele>2801.000000</ele>
			</trkpt>
			<trkpt lat="28.271270" lon="-16.619705">
				<ele>2803.000000</ele>
			</trkpt>
			<trkpt lat="28.271302" lon="-16.619722">
				<ele>2804.000000</ele>
			</trkpt>
			<trkpt lat="28.271262" lon="-16.619749">
				<ele>2806.000000</ele>
			</trkpt>
			<trkpt lat="28.271246" lon="-16.619821">
				<ele>2808.000000</ele>
			</trkpt>
			<trkpt lat="28.271270" lon="-16.619848">
				<ele>2809.000000</ele>
			</trkpt>
			<trkpt lat="28.271254" lon="-16.619884">
				<ele>2810.000000</ele>
			</trkpt>
			<trkpt lat="28.271254" lon="-16.619955">
				<ele>2812.000000</ele>
			</trkpt>
			<trkpt lat="28.271207" lon="-16.619965">
				<ele>2813.000000</ele>
			</trkpt>
			<trkpt lat="28.271191" lon="-16.620001">
				<ele>2814.000000</ele>
			</trkpt>
			<trkpt lat="28.271207" lon="-16.620045">
				<ele>2815.000000</ele>
			</trkpt>
			<trkpt lat="28.271207" lon="-16.620099">
				<ele>2816.000000</ele>
			</trkpt>
			<trkpt lat="28.271215" lon="-16.620108">
				<ele>2817.000000</ele>
			</trkpt>
			<trkpt lat="28.271239" lon="-16.620108">
				<ele>2817.000000</ele>
			</trkpt>
			<trkpt lat="28.271262" lon="-16.620118">
				<ele>2818.000000</ele>
			</trkpt>
			<trkpt lat="28.271262" lon="-16.620135">
				<ele>2818.000000</ele>
			</trkpt>
			<trkpt lat="28.271231" lon="-16.620162">
				<ele>2819.000000</ele>
			</trkpt>
			<trkpt lat="28.271246" lon="-16.620189">
				<ele>2820.000000</ele>
			</trkpt>
			<trkpt lat="28.271270" lon="-16.620252">
				<ele>2822.000000</ele>
			</trkpt>
			<trkpt lat="28.271239" lon="-16.620297">
				<ele>2823.000000</ele>
			</trkpt>
			<trkpt lat="28.271231" lon="-16.620332">
				<ele>2824.000000</ele>
			</trkpt>
			<trkpt lat="28.271254" lon="-16.620369">
				<ele>2825.000000</ele>
			</trkpt>
			<trkpt lat="28.271262" lon="-16.620387">
				<ele>2826.000000</ele>
			</trkpt>
			<trkpt lat="28.271246" lon="-16.620422">
				<ele>2827.000000</ele>
			</trkpt>
			<trkpt lat="28.271215" lon="-16.620458">
				<ele>2828.000000</ele>
			</trkpt>
			<trkpt lat="28.271207" lon="-16.620495">
				<ele>2829.000000</ele>
			</trkpt>
			<trkpt lat="28.271207" lon="-16.620521">
				<ele>2829.000000</ele>
			</trkpt>
			<trkpt lat="28.271223" lon="-16.620540">
				<ele>2830.000000</ele>
			</trkpt>
			<trkpt lat="28.271262" lon="-16.620531">
				<ele>2831.000000</ele>
			</trkpt>
			<trkpt lat="28.271294" lon="-16.620531">
				<ele>2832.000000</ele>
			</trkpt>
			<trkpt lat="28.271325" lon="-16.620531">
				<ele>2832.000000</ele>
			</trkpt>
			<trkpt lat="28.271333" lon="-16.620548">
				<ele>2833.000000</ele>
			</trkpt>
			<trkpt lat="28.271333" lon="-16.620575">
				<ele>2833.000000</ele>
			</trkpt>
			<trkpt lat="28.271325" lon="-16.620594">
				<ele>2834.000000</ele>
			</trkpt>
			<trkpt lat="28.271333" lon="-16.620602">
				<ele>2834.000000</ele>
			</trkpt>
			<trkpt lat="28.271365" lon="-16.620602">
				<ele>2835.000000</ele>
			</trkpt>
			<trkpt lat="28.271381" lon="-16.620621">
				<ele>2835.000000</ele>
			</trkpt>
			<trkpt lat="28.271365" lon="-16.620657">
				<ele>2836.000000</ele>
			</trkpt>
			<trkpt lat="28.271365" lon="-16.620692">
				<ele>2837.000000</ele>
			</trkpt>
			<trkpt lat="28.271389" lon="-16.620710">
				<ele>2838.000000</ele>
			</trkpt>
			<trkpt lat="28.271389" lon="-16.620774">
				<ele>2839.000000</ele>
			</trkpt>
			<trkpt lat="28.271483" lon="-16.620800">
				<ele>2841.000000</ele>
			</trkpt>
			<trkpt lat="28.271563" lon="-16.620747">
				<ele>2842.000000</ele>
			</trkpt>
			<trkpt lat="28.271610" lon="-16.620720">
				<ele>2842.000000</ele>
			</trkpt>
			<trkpt lat="28.271737" lon="-16.620692">
				<ele>2844.000000</ele>
			</trkpt>
			<trkpt lat="28.271808" lon="-16.620638">
				<ele>2845.000000</ele>
			</trkpt>
			<trkpt lat="28.271848" lon="-16.620602">
				<ele>2846.000000</ele>
			</trkpt>
			<trkpt lat="28.271895" lon="-16.620575">
				<ele>2847.000000</ele>
			</trkpt>
			<trkpt lat="28.271927" lon="-16.620584">
				<ele>2847.000000</ele>
			</trkpt>
			<trkpt lat="28.271943" lon="-16.620611">
				<ele>2847.000000</ele>
			</trkpt>
			<trkpt lat="28.271990" lon="-16.620602">
				<ele>2848.000000</ele>
			</trkpt>
			<trkpt lat="28.271998" lon="-16.620575">
				<ele>2848.000000</ele>
			</trkpt>
			<trkpt lat="28.271990" lon="-16.620540">
				<ele>2849.000000</ele>
			</trkpt>
			<trkpt lat="28.272014" lon="-16.620521">
				<ele>2849.000000</ele>
			</trkpt>
			<trkpt lat="28.272037" lon="-16.620521">
				<ele>2849.000000</ele>
			</trkpt>
			<trkpt lat="28.272061" lon="-16.620531">
				<ele>2850.000000</ele>
			</trkpt>
			<trkpt lat="28.272070" lon="-16.620575">
				<ele>2850.000000</ele>
			</trkpt>
			<trkpt lat="28.272116" lon="-16.620584">
				<ele>2852.000000</ele>
			</trkpt>
			<trkpt lat="28.272172" lon="-16.620558">
				<ele>2854.000000</ele>
			</trkpt>
			<trkpt lat="28.272220" lon="-16.620575">
				<ele>2855.000000</ele>
			</trkpt>
			<trkpt lat="28.272228" lon="-16.620594">
				<ele>2856.000000</ele>
			</trkpt>
			<trkpt lat="28.272196" lon="-16.620621">
				<ele>2857.000000</ele>
			</trkpt>
			<trkpt lat="28.272196" lon="-16.620665">
				<ele>2858.000000</ele>
			</trkpt>
			<trkpt lat="28.272204" lon="-16.620710">
				<ele>2860.000000</ele>
			</trkpt>
			<trkpt lat="28.272204" lon="-16.620737">
				<ele>2860.000000</ele>
			</trkpt>
			<trkpt lat="28.272212" lon="-16.620755">
				<ele>2861.000000</ele>
			</trkpt>
			<trkpt lat="28.272283" lon="-16.620728">
				<ele>2863.000000</ele>
			</trkpt>
			<trkpt lat="28.272338" lon="-16.620692">
				<ele>2865.000000</ele>
			</trkpt>
			<trkpt lat="28.272362" lon="-16.620710">
				<ele>2866.000000</ele>
			</trkpt>
			<trkpt lat="28.272370" lon="-16.620747">
				<ele>2867.000000</ele>
			</trkpt>
			<trkpt lat="28.272362" lon="-16.620871">
				<ele>2870.000000</ele>
			</trkpt>
			<trkpt lat="28.272393" lon="-16.620944">
				<ele>2872.000000</ele>
			</trkpt>
			<trkpt lat="28.272449" lon="-16.620961">
				<ele>2874.000000</ele>
			</trkpt>
			<trkpt lat="28.272457" lon="-16.620988">
				<ele>2875.000000</ele>
			</trkpt>
			<trkpt lat="28.272418" lon="-16.621034">
				<ele>2877.000000</ele>
			</trkpt>
			<trkpt lat="28.272378" lon="-16.621133">
				<ele>2880.000000</ele>
			</trkpt>
			<trkpt lat="28.272393" lon="-16.621196">
				<ele>2881.000000</ele>
			</trkpt>
			<trkpt lat="28.272418" lon="-16.621196">
				<ele>2882.000000</ele>
			</trkpt>
			<trkpt lat="28.272576" lon="-16.621133">
				<ele>2887.000000</ele>
			</trkpt>
			<trkpt lat="28.272583" lon="-16.621160">
				<ele>2888.000000</ele>
			</trkpt>
			<trkpt lat="28.272560" lon="-16.621213">
				<ele>2889.000000</ele>
			</trkpt>
			<trkpt lat="28.272576" lon="-16.621240">
				<ele>2890.000000</ele>
			</trkpt>
			<trkpt lat="28.272615" lon="-16.621231">
				<ele>2891.000000</ele>
			</trkpt>
			<trkpt lat="28.272639" lon="-16.621258">
				<ele>2892.000000</ele>
			</trkpt>
			<trkpt lat="28.272607" lon="-16.621313">
				<ele>2894.000000</ele>
			</trkpt>
			<trkpt lat="28.272568" lon="-16.621339">
				<ele>2895.000000</ele>
			</trkpt>
			<trkpt lat="28.272560" lon="-16.621366">
				<ele>2895.000000</ele>
			</trkpt>
			<trkpt lat="28.272568" lon="-16.621374">
				<ele>2896.000000</ele>
			</trkpt>
			<trkpt lat="28.272670" lon="-16.621366">
				<ele>2898.000000</ele>
			</trkpt>
			<trkpt lat="28.272694" lon="-16.621348">
				<ele>2899.000000</ele>
			</trkpt>
			<trkpt lat="28.272718" lon="-16.621348">
				<ele>2899.000000</ele>
			</trkpt>
			<trkpt lat="28.272718" lon="-16.621366">
				<ele>2900.000000</ele>
			</trkpt>
			<trkpt lat="28.272718" lon="-16.621393">
				<ele>2901.000000</ele>
			</trkpt>
			<trkpt lat="28.272694" lon="-16.621429">
				<ele>2902.000000</ele>
			</trkpt>
			<trkpt lat="28.272670" lon="-16.621447">
				<ele>2903.000000</ele>
			</trkpt>
			<trkpt lat="28.272678" lon="-16.621483">
				<ele>2904.000000</ele>
			</trkpt>
			<trkpt lat="28.272726" lon="-16.621510">
				<ele>2906.000000</ele>
			</trkpt>
			<trkpt lat="28.272749" lon="-16.621563">
				<ele>2907.000000</ele>
			</trkpt>
			<trkpt lat="28.272741" lon="-16.621699">
				<ele>2911.000000</ele>
			</trkpt>
			<trkpt lat="28.272670" lon="-16.621797">
				<ele>2913.000000</ele>
			</trkpt>
			<trkpt lat="28.272678" lon="-16.621816">
				<ele>2914.000000</ele>
			</trkpt>
			<trkpt lat="28.272702" lon="-16.621833">
				<ele>2914.000000</ele>
			</trkpt>
			<trkpt lat="28.272741" lon="-16.621850">
				<ele>2915.000000</ele>
			</trkpt>
			<trkpt lat="28.272741" lon="-16.621869">
				<ele>2915.000000</ele>
			</trkpt>
			<trkpt lat="28.272726" lon="-16.621896">
				<ele>2916.000000</ele>
			</trkpt>
			<trkpt lat="28.272702" lon="-16.621923">
				<ele>2917.000000</ele>
			</trkpt>
			<trkpt lat="28.272662" lon="-16.622003">
				<ele>2918.000000</ele>
			</trkpt>
			<trkpt lat="28.272655" lon="-16.622040">
				<ele>2919.000000</ele>
			</trkpt>
			<trkpt lat="28.272639" lon="-16.622058">
				<ele>2920.000000</ele>
			</trkpt>
			<trkpt lat="28.272639" lon="-16.622085">
				<ele>2920.000000</ele>
			</trkpt>
			<trkpt lat="28.272694" lon="-16.622103">
				<ele>2922.000000</ele>
			</trkpt>
			<trkpt lat="28.272797" lon="-16.622093">
				<ele>2926.000000</ele>
			</trkpt>
			<trkpt lat="28.272821" lon="-16.622103">
				<ele>2926.000000</ele>
			</trkpt>
			<trkpt lat="28.272821" lon="-16.622112">
				<ele>2927.000000</ele>
			</trkpt>
			<trkpt lat="28.272789" lon="-16.622129">
				<ele>2928.000000</ele>
			</trkpt>
			<trkpt lat="28.272797" lon="-16.622139">
				<ele>2928.000000</ele>
			</trkpt>
			<trkpt lat="28.272813" lon="-16.622148">
				<ele>2929.000000</ele>
			</trkpt>
			<trkpt lat="28.272837" lon="-16.622156">
				<ele>2929.000000</ele>
			</trkpt>
			<trkpt lat="28.272837" lon="-16.622183">
				<ele>2930.000000</ele>
			</trkpt>
			<trkpt lat="28.272781" lon="-16.622265">
				<ele>2933.000000</ele>
			</trkpt>
			<trkpt lat="28.272758" lon="-16.622292">
				<ele>2934.000000</ele>
			</trkpt>
			<trkpt lat="28.272726" lon="-16.622309">
				<ele>2935.000000</ele>
			</trkpt>
			<trkpt lat="28.272726" lon="-16.622408">
				<ele>2937.000000</ele>
			</trkpt>
			<trkpt lat="28.272758" lon="-16.622471">
				<ele>2939.000000</ele>
			</trkpt>
			<trkpt lat="28.272774" lon="-16.622525">
				<ele>2941.000000</ele>
			</trkpt>
			<trkpt lat="28.272797" lon="-16.622588">
				<ele>2943.000000</ele>
			</trkpt>
			<trkpt lat="28.272821" lon="-16.622605">
				<ele>2945.000000</ele>
			</trkpt>
			<trkpt lat="28.272876" lon="-16.622624">
				<ele>2947.000000</ele>
			</trkpt>
			<trkpt lat="28.272876" lon="-16.622642">
				<ele>2948.000000</ele>
			</trkpt>
			<trkpt lat="28.272868" lon="-16.622686">
				<ele>2950.000000</ele>
			</trkpt>
			<trkpt lat="28.272924" lon="-16.622722">
				<ele>2952.000000</ele>
			</trkpt>
			<trkpt lat="28.272987" lon="-16.622741">
				<ele>2954.000000</ele>
			</trkpt>
			<trkpt lat="28.272995" lon="-16.622749">
				<ele>2954.000000</ele>
			</trkpt>
			<trkpt lat="28.272995" lon="-16.622768">
				<ele>2955.000000</ele>
			</trkpt>
			<trkpt lat="28.272987" lon="-16.622776">
				<ele>2955.000000</ele>
			</trkpt>
			<trkpt lat="28.272955" lon="-16.622804">
				<ele>2956.000000</ele>
			</trkpt>
			<trkpt lat="28.272955" lon="-16.622812">
				<ele>2957.000000</ele>
			</trkpt>
			<trkpt lat="28.272971" lon="-16.622831">
				<ele>2957.000000</ele>
			</trkpt>
			<trkpt lat="28.273011" lon="-16.622858">
				<ele>2959.000000</ele>
			</trkpt>
			<trkpt lat="28.273018" lon="-16.622875">
				<ele>2959.000000</ele>
			</trkpt>
			<trkpt lat="28.273018" lon="-16.622902">
				<ele>2960.000000</ele>
			</trkpt>
			<trkpt lat="28.273003" lon="-16.622921">
				<ele>2960.000000</ele>
			</trkpt>
			<trkpt lat="28.272987" lon="-16.622929">
				<ele>2960.000000</ele>
			</trkpt>
			<trkpt lat="28.272900" lon="-16.622947">
				<ele>2960.000000</ele>
			</trkpt>
			<trkpt lat="28.272900" lon="-16.622956">
				<ele>2960.000000</ele>
			</trkpt>
			<trkpt lat="28.272939" lon="-16.623019">
				<ele>2961.000000</ele>
			</trkpt>
			<trkpt lat="28.272963" lon="-16.623055">
				<ele>2962.000000</ele>
			</trkpt>
			<trkpt lat="28.272955" lon="-16.623082">
				<ele>2963.000000</ele>
			</trkpt>
			<trkpt lat="28.272971" lon="-16.623108">
				<ele>2963.000000</ele>
			</trkpt>
			<trkpt lat="28.272979" lon="-16.623118">
				<ele>2963.000000</ele>
			</trkpt>
			<trkpt lat="28.272995" lon="-16.623145">
				<ele>2964.000000</ele>
			</trkpt>
			<trkpt lat="28.272979" lon="-16.623171">
				<ele>2965.000000</ele>
			</trkpt>
			<trkpt lat="28.272963" lon="-16.623181">
				<ele>2965.000000</ele>
			</trkpt>
			<trkpt lat="28.272924" lon="-16.623181">
				<ele>2966.000000</ele>
			</trkpt>
			<trkpt lat="28.272876" lon="-16.623208">
				<ele>2967.000000</ele>
			</trkpt>
			<trkpt lat="28.272829" lon="-16.623244">
				<ele>2968.000000</ele>
			</trkpt>
			<trkpt lat="28.272805" lon="-16.623288">
				<ele>2969.000000</ele>
			</trkpt>
			<trkpt lat="28.272797" lon="-16.623334">
				<ele>2970.000000</ele>
			</trkpt>
			<trkpt lat="28.272789" lon="-16.623378">
				<ele>2972.000000</ele>
			</trkpt>
			<trkpt lat="28.272797" lon="-16.623405">
				<ele>2972.000000</ele>
			</trkpt>
			<trkpt lat="28.272813" lon="-16.623424">
				<ele>2973.000000</ele>
			</trkpt>
			<trkpt lat="28.272860" lon="-16.623432">
				<ele>2975.000000</ele>
			</trkpt>
			<trkpt lat="28.272884" lon="-16.623450">
				<ele>2976.000000</ele>
			</trkpt>
			<trkpt lat="28.272908" lon="-16.623468">
				<ele>2976.000000</ele>
			</trkpt>
			<trkpt lat="28.272908" lon="-16.623495">
				<ele>2977.000000</ele>
			</trkpt>
			<trkpt lat="28.272892" lon="-16.623531">
				<ele>2978.000000</ele>
			</trkpt>
			<trkpt lat="28.272853" lon="-16.623621">
				<ele>2981.000000</ele>
			</trkpt>
			<trkpt lat="28.272853" lon="-16.623648">
				<ele>2982.000000</ele>
			</trkpt>
			<trkpt lat="28.272860" lon="-16.623666">
				<ele>2982.000000</ele>
			</trkpt>
			<trkpt lat="28.272884" lon="-16.623674">
				<ele>2983.000000</ele>
			</trkpt>
			<trkpt lat="28.272932" lon="-16.623674">
				<ele>2984.000000</ele>
			</trkpt>
			<trkpt lat="28.272939" lon="-16.623693">
				<ele>2985.000000</ele>
			</trkpt>
			<trkpt lat="28.272932" lon="-16.623711">
				<ele>2985.000000</ele>
			</trkpt>
			<trkpt lat="28.272916" lon="-16.623747">
				<ele>2986.000000</ele>
			</trkpt>
			<trkpt lat="28.272900" lon="-16.623774">
				<ele>2987.000000</ele>
			</trkpt>
			<trkpt lat="28.272884" lon="-16.623810">
				<ele>2988.000000</ele>
			</trkpt>
			<trkpt lat="28.272853" lon="-16.623908">
				<ele>2990.000000</ele>
			</trkpt>
			<trkpt lat="28.272853" lon="-16.623936">
				<ele>2991.000000</ele>
			</trkpt>
			<trkpt lat="28.272868" lon="-16.623944">
				<ele>2992.000000</ele>
			</trkpt>
			<trkpt lat="28.272932" lon="-16.623936">
				<ele>2994.000000</ele>
			</trkpt>
			<trkpt lat="28.272995" lon="-16.623944">
				<ele>2996.000000</ele>
			</trkpt>
			<trkpt lat="28.273051" lon="-16.623953">
				<ele>2998.000000</ele>
			</trkpt>
			<trkpt lat="28.273074" lon="-16.623989">
				<ele>2999.000000</ele>
			</trkpt>
			<trkpt lat="28.273090" lon="-16.623998">
				<ele>3000.000000</ele>
			</trkpt>
			<trkpt lat="28.273114" lon="-16.623998">
				<ele>3001.000000</ele>
			</trkpt>
			<trkpt lat="28.273161" lon="-16.623980">
				<ele>3002.000000</ele>
			</trkpt>
			<trkpt lat="28.273177" lon="-16.623998">
				<ele>3003.000000</ele>
			</trkpt>
			<trkpt lat="28.273185" lon="-16.624016">
				<ele>3003.000000</ele>
			</trkpt>
			<trkpt lat="28.273185" lon="-16.624034">
				<ele>3004.000000</ele>
			</trkpt>
			<trkpt lat="28.273177" lon="-16.624053">
				<ele>3004.000000</ele>
			</trkpt>
			<trkpt lat="28.273153" lon="-16.624061">
				<ele>3005.000000</ele>
			</trkpt>
			<trkpt lat="28.273145" lon="-16.624114">
				<ele>3006.000000</ele>
			</trkpt>
			<trkpt lat="28.273122" lon="-16.624133">
				<ele>3007.000000</ele>
			</trkpt>
			<trkpt lat="28.273098" lon="-16.624142">
				<ele>3008.000000</ele>
			</trkpt>
			<trkpt lat="28.273090" lon="-16.624169">
				<ele>3008.000000</ele>
			</trkpt>
			<trkpt lat="28.273106" lon="-16.624240">
				<ele>3010.000000</ele>
			</trkpt>
			<trkpt lat="28.273098" lon="-16.624267">
				<ele>3011.000000</ele>
			</trkpt>
			<trkpt lat="28.273074" lon="-16.624294">
				<ele>3012.000000</ele>
			</trkpt>
			<trkpt lat="28.273026" lon="-16.624322">
				<ele>3014.000000</ele>
			</trkpt>
			<trkpt lat="28.273026" lon="-16.624330">
				<ele>3014.000000</ele>
			</trkpt>
			<trkpt lat="28.273051" lon="-16.624384">
				<ele>3016.000000</ele>
			</trkpt>
			<trkpt lat="28.273058" lon="-16.624412">
				<ele>3016.000000</ele>
			</trkpt>
			<trkpt lat="28.273051" lon="-16.624439">
				<ele>3017.000000</ele>
			</trkpt>
			<trkpt lat="28.273026" lon="-16.624456">
				<ele>3018.000000</ele>
			</trkpt>
			<trkpt lat="28.273003" lon="-16.624466">
				<ele>3019.000000</ele>
			</trkpt>
			<trkpt lat="28.273003" lon="-16.624474">
				<ele>3019.000000</ele>
			</trkpt>
			<trkpt lat="28.273051" lon="-16.624555">
				<ele>3022.000000</ele>
			</trkpt>
			<trkpt lat="28.273043" lon="-16.624563">
				<ele>3022.000000</ele>
			</trkpt>
			<trkpt lat="28.272979" lon="-16.624609">
				<ele>3024.000000</ele>
			</trkpt>
			<trkpt lat="28.272963" lon="-16.624663">
				<ele>3026.000000</ele>
			</trkpt>
			<trkpt lat="28.272963" lon="-16.624680">
				<ele>3026.000000</ele>
			</trkpt>
			<trkpt lat="28.272979" lon="-16.624690">
				<ele>3027.000000</ele>
			</trkpt>
			<trkpt lat="28.273003" lon="-16.624690">
				<ele>3028.000000</ele>
			</trkpt>
			<trkpt lat="28.273058" lon="-16.624708">
				<ele>3030.000000</ele>
			</trkpt>
			<trkpt lat="28.273058" lon="-16.624716">
				<ele>3030.000000</ele>
			</trkpt>
			<trkpt lat="28.273058" lon="-16.624762">
				<ele>3031.000000</ele>
			</trkpt>
			<trkpt lat="28.273058" lon="-16.624816">
				<ele>3033.000000</ele>
			</trkpt>
			<trkpt lat="28.273058" lon="-16.624833">
				<ele>3034.000000</ele>
			</trkpt>
			<trkpt lat="28.273074" lon="-16.624842">
				<ele>3035.000000</ele>
			</trkpt>
			<trkpt lat="28.273145" lon="-16.624842">
				<ele>3037.000000</ele>
			</trkpt>
			<trkpt lat="28.273201" lon="-16.624860">
				<ele>3040.000000</ele>
			</trkpt>
			<trkpt lat="28.273264" lon="-16.624896">
				<ele>3041.000000</ele>
			</trkpt>
			<trkpt lat="28.273280" lon="-16.624905">
				<ele>3042.000000</ele>
			</trkpt>
			<trkpt lat="28.273319" lon="-16.624888">
				<ele>3043.000000</ele>
			</trkpt>
			<trkpt lat="28.273343" lon="-16.624888">
				<ele>3043.000000</ele>
			</trkpt>
			<trkpt lat="28.273351" lon="-16.624896">
				<ele>3044.000000</ele>
			</trkpt>
			<trkpt lat="28.273359" lon="-16.624915">
				<ele>3044.000000</ele>
			</trkpt>
			<trkpt lat="28.273359" lon="-16.624923">
				<ele>3044.000000</ele>
			</trkpt>
			<trkpt lat="28.273343" lon="-16.624942">
				<ele>3045.000000</ele>
			</trkpt>
			<trkpt lat="28.273287" lon="-16.624968">
				<ele>3046.000000</ele>
			</trkpt>
			<trkpt lat="28.273248" lon="-16.625013">
				<ele>3047.000000</ele>
			</trkpt>
			<trkpt lat="28.273248" lon="-16.625032">
				<ele>3048.000000</ele>
			</trkpt>
			<trkpt lat="28.273264" lon="-16.625040">
				<ele>3048.000000</ele>
			</trkpt>
			<trkpt lat="28.273311" lon="-16.625049">
				<ele>3049.000000</ele>
			</trkpt>
			<trkpt lat="28.273382" lon="-16.625049">
				<ele>3051.000000</ele>
			</trkpt>
			<trkpt lat="28.273430" lon="-16.625040">
				<ele>3052.000000</ele>
			</trkpt>
			<trkpt lat="28.273541" lon="-16.625022">
				<ele>3054.000000</ele>
			</trkpt>
			<trkpt lat="28.273557" lon="-16.625013">
				<ele>3055.000000</ele>
			</trkpt>
			<trkpt lat="28.273580" lon="-16.625022">
				<ele>3055.000000</ele>
			</trkpt>
			<trkpt lat="28.273588" lon="-16.625032">
				<ele>3056.000000</ele>
			</trkpt>
			<trkpt lat="28.273580" lon="-16.625058">
				<ele>3056.000000</ele>
			</trkpt>
			<trkpt lat="28.273572" lon="-16.625076">
				<ele>3057.000000</ele>
			</trkpt>
			<trkpt lat="28.273549" lon="-16.625085">
				<ele>3057.000000</ele>
			</trkpt>
			<trkpt lat="28.273470" lon="-16.625175">
				<ele>3060.000000</ele>
			</trkpt>
			<trkpt lat="28.273391" lon="-16.625274">
				<ele>3063.000000</ele>
			</trkpt>
			<trkpt lat="28.273359" lon="-16.625292">
				<ele>3063.000000</ele>
			</trkpt>
			<trkpt lat="28.273351" lon="-16.625336">
				<ele>3064.000000</ele>
			</trkpt>
			<trkpt lat="28.273382" lon="-16.625355">
				<ele>3065.000000</ele>
			</trkpt>
			<trkpt lat="28.273374" lon="-16.625364">
				<ele>3065.000000</ele>
			</trkpt>
			<trkpt lat="28.273359" lon="-16.625382">
				<ele>3066.000000</ele>
			</trkpt>
			<trkpt lat="28.273366" lon="-16.625399">
				<ele>3066.000000</ele>
			</trkpt>
			<trkpt lat="28.273359" lon="-16.625418">
				<ele>3067.000000</ele>
			</trkpt>
			<trkpt lat="28.273343" lon="-16.625426">
				<ele>3067.000000</ele>
			</trkpt>
			<trkpt lat="28.273335" lon="-16.625445">
				<ele>3068.000000</ele>
			</trkpt>
			<trkpt lat="28.273303" lon="-16.625471">
				<ele>3069.000000</ele>
			</trkpt>
			<trkpt lat="28.273303" lon="-16.625489">
				<ele>3069.000000</ele>
			</trkpt>
			<trkpt lat="28.273272" lon="-16.625508">
				<ele>3070.000000</ele>
			</trkpt>
			<trkpt lat="28.273264" lon="-16.625516">
				<ele>3070.000000</ele>
			</trkpt>
			<trkpt lat="28.273272" lon="-16.625534">
				<ele>3070.000000</ele>
			</trkpt>
			<trkpt lat="28.273280" lon="-16.625544">
				<ele>3071.000000</ele>
			</trkpt>
			<trkpt lat="28.273303" lon="-16.625544">
				<ele>3071.000000</ele>
			</trkpt>
			<trkpt lat="28.273327" lon="-16.625544">
				<ele>3072.000000</ele>
			</trkpt>
			<trkpt lat="28.273327" lon="-16.625552">
				<ele>3072.000000</ele>
			</trkpt>
			<trkpt lat="28.273319" lon="-16.625571">
				<ele>3073.000000</ele>
			</trkpt>
			<trkpt lat="28.273224" lon="-16.625651">
				<ele>3075.000000</ele>
			</trkpt>
			<trkpt lat="28.273224" lon="-16.625669">
				<ele>3076.000000</ele>
			</trkpt>
			<trkpt lat="28.273232" lon="-16.625678">
				<ele>3076.000000</ele>
			</trkpt>
			<trkpt lat="28.273319" lon="-16.625678">
				<ele>3078.000000</ele>
			</trkpt>
			<trkpt lat="28.273351" lon="-16.625678">
				<ele>3079.000000</ele>
			</trkpt>
			<trkpt lat="28.273366" lon="-16.625687">
				<ele>3080.000000</ele>
			</trkpt>
			<trkpt lat="28.273374" lon="-16.625705">
				<ele>3080.000000</ele>
			</trkpt>
			<trkpt lat="28.273374" lon="-16.625714">
				<ele>3080.000000</ele>
			</trkpt>
			<trkpt lat="28.273335" lon="-16.625750">
				<ele>3081.000000</ele>
			</trkpt>
			<trkpt lat="28.273335" lon="-16.625758">
				<ele>3081.000000</ele>
			</trkpt>
			<trkpt lat="28.273399" lon="-16.625768">
				<ele>3082.000000</ele>
			</trkpt>
			<trkpt lat="28.273406" lon="-16.625785">
				<ele>3083.000000</ele>
			</trkpt>
			<trkpt lat="28.273399" lon="-16.625812">
				<ele>3083.000000</ele>
			</trkpt>
			<trkpt lat="28.273382" lon="-16.625821">
				<ele>3084.000000</ele>
			</trkpt>
			<trkpt lat="28.273248" lon="-16.625858">
				<ele>3086.000000</ele>
			</trkpt>
			<trkpt lat="28.273232" lon="-16.625875">
				<ele>3087.000000</ele>
			</trkpt>
			<trkpt lat="28.273216" lon="-16.625884">
				<ele>3087.000000</ele>
			</trkpt>
			<trkpt lat="28.273185" lon="-16.625884">
				<ele>3088.000000</ele>
			</trkpt>
			<trkpt lat="28.273177" lon="-16.625894">
				<ele>3088.000000</ele>
			</trkpt>
			<trkpt lat="28.273177" lon="-16.625902">
				<ele>3088.000000</ele>
			</trkpt>
			<trkpt lat="28.273185" lon="-16.625911">
				<ele>3088.000000</ele>
			</trkpt>
			<trkpt lat="28.273201" lon="-16.625921">
				<ele>3088.000000</ele>
			</trkpt>
			<trkpt lat="28.273224" lon="-16.625921">
				<ele>3089.000000</ele>
			</trkpt>
			<trkpt lat="28.273256" lon="-16.625921">
				<ele>3090.000000</ele>
			</trkpt>
			<trkpt lat="28.273311" lon="-16.625921">
				<ele>3091.000000</ele>
			</trkpt>
			<trkpt lat="28.273343" lon="-16.625930">
				<ele>3092.000000</ele>
			</trkpt>
			<trkpt lat="28.273351" lon="-16.625938">
				<ele>3092.000000</ele>
			</trkpt>
			<trkpt lat="28.273351" lon="-16.625948">
				<ele>3092.000000</ele>
			</trkpt>
			<trkpt lat="28.273319" lon="-16.625965">
				<ele>3093.000000</ele>
			</trkpt>
			<trkpt lat="28.273295" lon="-16.625992">
				<ele>3094.000000</ele>
			</trkpt>
			<trkpt lat="28.273264" lon="-16.626037">
				<ele>3095.000000</ele>
			</trkpt>
			<trkpt lat="28.273216" lon="-16.626118">
				<ele>3097.000000</ele>
			</trkpt>
			<trkpt lat="28.273193" lon="-16.626127">
				<ele>3098.000000</ele>
			</trkpt>
			<trkpt lat="28.273185" lon="-16.626154">
				<ele>3099.000000</ele>
			</trkpt>
			<trkpt lat="28.273153" lon="-16.626154">
				<ele>3100.000000</ele>
			</trkpt>
			<trkpt lat="28.273145" lon="-16.626171">
				<ele>3100.000000</ele>
			</trkpt>
			<trkpt lat="28.273153" lon="-16.626181">
				<ele>3100.000000</ele>
			</trkpt>
			<trkpt lat="28.273169" lon="-16.626190">
				<ele>3101.000000</ele>
			</trkpt>
			<trkpt lat="28.273193" lon="-16.626190">
				<ele>3101.000000</ele>
			</trkpt>
			<trkpt lat="28.273216" lon="-16.626190">
				<ele>3102.000000</ele>
			</trkpt>
			<trkpt lat="28.273232" lon="-16.626190">
				<ele>3102.000000</ele>
			</trkpt>
			<trkpt lat="28.273240" lon="-16.626198">
				<ele>3102.000000</ele>
			</trkpt>
			<trkpt lat="28.273240" lon="-16.626208">
				<ele>3102.000000</ele>
			</trkpt>
			<trkpt lat="28.273201" lon="-16.626244">
				<ele>3103.000000</ele>
			</trkpt>
			<trkpt lat="28.273209" lon="-16.626253">
				<ele>3103.000000</ele>
			</trkpt>
			<trkpt lat="28.273216" lon="-16.626253">
				<ele>3104.000000</ele>
			</trkpt>
			<trkpt lat="28.273272" lon="-16.626235">
				<ele>3105.000000</ele>
			</trkpt>
			<trkpt lat="28.273303" lon="-16.626217">
				<ele>3105.000000</ele>
			</trkpt>
			<trkpt lat="28.273335" lon="-16.626198">
				<ele>3106.000000</ele>
			</trkpt>
			<trkpt lat="28.273399" lon="-16.626181">
				<ele>3107.000000</ele>
			</trkpt>
			<trkpt lat="28.273446" lon="-16.626181">
				<ele>3108.000000</ele>
			</trkpt>
			<trkpt lat="28.273470" lon="-16.626190">
				<ele>3109.000000</ele>
			</trkpt>
			<trkpt lat="28.273493" lon="-16.626190">
				<ele>3109.000000</ele>
			</trkpt>
			<trkpt lat="28.273509" lon="-16.626208">
				<ele>3110.000000</ele>
			</trkpt>
			<trkpt lat="28.273485" lon="-16.626261">
				<ele>3111.000000</ele>
			</trkpt>
			<trkpt lat="28.273406" lon="-16.626378">
				<ele>3115.000000</ele>
			</trkpt>
			<trkpt lat="28.273319" lon="-16.626504">
				<ele>3119.000000</ele>
			</trkpt>
			<trkpt lat="28.273287" lon="-16.626550">
				<ele>3121.000000</ele>
			</trkpt>
			<trkpt lat="28.273264" lon="-16.626586">
				<ele>3121.000000</ele>
			</trkpt>
			<trkpt lat="28.273256" lon="-16.626603">
				<ele>3122.000000</ele>
			</trkpt>
			<trkpt lat="28.273240" lon="-16.626648">
				<ele>3123.000000</ele>
			</trkpt>
			<trkpt lat="28.273201" lon="-16.626684">
				<ele>3124.000000</ele>
			</trkpt>
			<trkpt lat="28.273209" lon="-16.626693">
				<ele>3124.000000</ele>
			</trkpt>
			<trkpt lat="28.273256" lon="-16.626703">
				<ele>3125.000000</ele>
			</trkpt>
			<trkpt lat="28.273295" lon="-16.626693">
				<ele>3126.000000</ele>
			</trkpt>
			<trkpt lat="28.273359" lon="-16.626674">
				<ele>3127.000000</ele>
			</trkpt>
			<trkpt lat="28.273422" lon="-16.626640">
				<ele>3129.000000</ele>
			</trkpt>
			<trkpt lat="28.273430" lon="-16.626657">
				<ele>3129.000000</ele>
			</trkpt>
			<trkpt lat="28.273430" lon="-16.626666">
				<ele>3129.000000</ele>
			</trkpt>
			<trkpt lat="28.273382" lon="-16.626729">
				<ele>3131.000000</ele>
			</trkpt>
			<trkpt lat="28.273366" lon="-16.626764">
				<ele>3132.000000</ele>
			</trkpt>
			<trkpt lat="28.273311" lon="-16.626837">
				<ele>3135.000000</ele>
			</trkpt>
			<trkpt lat="28.273280" lon="-16.626882">
				<ele>3136.000000</ele>
			</trkpt>
			<trkpt lat="28.273264" lon="-16.626909">
				<ele>3137.000000</ele>
			</trkpt>
			<trkpt lat="28.273248" lon="-16.626927">
				<ele>3138.000000</ele>
			</trkpt>
			<trkpt lat="28.273224" lon="-16.626936">
				<ele>3138.000000</ele>
			</trkpt>
			<trkpt lat="28.273193" lon="-16.626936">
				<ele>3139.000000</ele>
			</trkpt>
			<trkpt lat="28.273193" lon="-16.626944">
				<ele>3140.000000</ele>
			</trkpt>
			<trkpt lat="28.273209" lon="-16.626963">
				<ele>3140.000000</ele>
			</trkpt>
			<trkpt lat="28.273224" lon="-16.626972">
				<ele>3141.000000</ele>
			</trkpt>
			<trkpt lat="28.273240" lon="-16.626972">
				<ele>3141.000000</ele>
			</trkpt>
			<trkpt lat="28.273264" lon="-16.626972">
				<ele>3141.000000</ele>
			</trkpt>
			<trkpt lat="28.273366" lon="-16.626944">
				<ele>3143.000000</ele>
			</trkpt>
			<trkpt lat="28.273399" lon="-16.626927">
				<ele>3144.000000</ele>
			</trkpt>
			<trkpt lat="28.273485" lon="-16.626900">
				<ele>3145.000000</ele>
			</trkpt>
			<trkpt lat="28.273493" lon="-16.626909">
				<ele>3146.000000</ele>
			</trkpt>
			<trkpt lat="28.273462" lon="-16.626944">
				<ele>3146.000000</ele>
			</trkpt>
			<trkpt lat="28.273438" lon="-16.626953">
				<ele>3147.000000</ele>
			</trkpt>
			<trkpt lat="28.273399" lon="-16.627026">
				<ele>3148.000000</ele>
			</trkpt>
			<trkpt lat="28.273366" lon="-16.627062">
				<ele>3149.000000</ele>
			</trkpt>
			<trkpt lat="28.273335" lon="-16.627116">
				<ele>3150.000000</ele>
			</trkpt>
			<trkpt lat="28.273287" lon="-16.627160">
				<ele>3151.000000</ele>
			</trkpt>
			<trkpt lat="28.273264" lon="-16.627223">
				<ele>3152.000000</ele>
			</trkpt>
			<trkpt lat="28.273248" lon="-16.627240">
				<ele>3152.000000</ele>
			</trkpt>
			<trkpt lat="28.273232" lon="-16.627250">
				<ele>3153.000000</ele>
			</trkpt>
			<trkpt lat="28.273232" lon="-16.627268">
				<ele>3153.000000</ele>
			</trkpt>
			<trkpt lat="28.273240" lon="-16.627277">
				<ele>3153.000000</ele>
			</trkpt>
			<trkpt lat="28.273264" lon="-16.627277">
				<ele>3153.000000</ele>
			</trkpt>
			<trkpt lat="28.273399" lon="-16.627232">
				<ele>3156.000000</ele>
			</trkpt>
			<trkpt lat="28.273438" lon="-16.627214">
				<ele>3156.000000</ele>
			</trkpt>
			<trkpt lat="28.273501" lon="-16.627214">
				<ele>3157.000000</ele>
			</trkpt>
			<trkpt lat="28.273557" lon="-16.627196">
				<ele>3158.000000</ele>
			</trkpt>
			<trkpt lat="28.273651" lon="-16.627142">
				<ele>3160.000000</ele>
			</trkpt>
			<trkpt lat="28.273659" lon="-16.627152">
				<ele>3160.000000</ele>
			</trkpt>
			<trkpt lat="28.273659" lon="-16.627160">
				<ele>3160.000000</ele>
			</trkpt>
			<trkpt lat="28.273651" lon="-16.627169">
				<ele>3160.000000</ele>
			</trkpt>
			<trkpt lat="28.273612" lon="-16.627313">
				<ele>3165.000000</ele>
			</trkpt>
			<trkpt lat="28.273580" lon="-16.627376">
				<ele>3168.000000</ele>
			</trkpt>
			<trkpt lat="28.273557" lon="-16.627393">
				<ele>3169.000000</ele>
			</trkpt>
			<trkpt lat="28.273549" lon="-16.627420">
				<ele>3170.000000</ele>
			</trkpt>
			<trkpt lat="28.273549" lon="-16.627448">
				<ele>3170.000000</ele>
			</trkpt>
			<trkpt lat="28.273557" lon="-16.627456">
				<ele>3171.000000</ele>
			</trkpt>
			<trkpt lat="28.273612" lon="-16.627448">
				<ele>3172.000000</ele>
			</trkpt>
			<trkpt lat="28.273659" lon="-16.627439">
				<ele>3173.000000</ele>
			</trkpt>
			<trkpt lat="28.273731" lon="-16.627420">
				<ele>3175.000000</ele>
			</trkpt>
			<trkpt lat="28.273778" lon="-16.627412">
				<ele>3176.000000</ele>
			</trkpt>
			<trkpt lat="28.273802" lon="-16.627420">
				<ele>3176.000000</ele>
			</trkpt>
			<trkpt lat="28.273897" lon="-16.627420">
				<ele>3179.000000</ele>
			</trkpt>
			<trkpt lat="28.273913" lon="-16.627429">
				<ele>3179.000000</ele>
			</trkpt>
			<trkpt lat="28.273913" lon="-16.627456">
				<ele>3180.000000</ele>
			</trkpt>
			<trkpt lat="28.273913" lon="-16.627483">
				<ele>3180.000000</ele>
			</trkpt>
			<trkpt lat="28.273897" lon="-16.627519">
				<ele>3181.000000</ele>
			</trkpt>
			<trkpt lat="28.273865" lon="-16.627538">
				<ele>3183.000000</ele>
			</trkpt>
			<trkpt lat="28.273865" lon="-16.627546">
				<ele>3183.000000</ele>
			</trkpt>
			<trkpt lat="28.273873" lon="-16.627565">
				<ele>3184.000000</ele>
			</trkpt>
			<trkpt lat="28.273881" lon="-16.627573">
				<ele>3184.000000</ele>
			</trkpt>
			<trkpt lat="28.273913" lon="-16.627582">
				<ele>3185.000000</ele>
			</trkpt>
			<trkpt lat="28.273920" lon="-16.627592">
				<ele>3185.000000</ele>
			</trkpt>
			<trkpt lat="28.273913" lon="-16.627628">
				<ele>3187.000000</ele>
			</trkpt>
			<trkpt lat="28.273920" lon="-16.627636">
				<ele>3187.000000</ele>
			</trkpt>
			<trkpt lat="28.273968" lon="-16.627655">
				<ele>3189.000000</ele>
			</trkpt>
			<trkpt lat="28.273984" lon="-16.627672">
				<ele>3189.000000</ele>
			</trkpt>
			<trkpt lat="28.273992" lon="-16.627682">
				<ele>3190.000000</ele>
			</trkpt>
			<trkpt lat="28.273992" lon="-16.627690">
				<ele>3190.000000</ele>
			</trkpt>
			<trkpt lat="28.273984" lon="-16.627726">
				<ele>3191.000000</ele>
			</trkpt>
			<trkpt lat="28.273952" lon="-16.627762">
				<ele>3192.000000</ele>
			</trkpt>
			<trkpt lat="28.273936" lon="-16.627771">
				<ele>3193.000000</ele>
			</trkpt>
			<trkpt lat="28.273920" lon="-16.627789">
				<ele>3193.000000</ele>
			</trkpt>
			<trkpt lat="28.273881" lon="-16.627852">
				<ele>3195.000000</ele>
			</trkpt>
			<trkpt lat="28.273834" lon="-16.627906">
				<ele>3197.000000</ele>
			</trkpt>
			<trkpt lat="28.273834" lon="-16.627924">
				<ele>3198.000000</ele>
			</trkpt>
			<trkpt lat="28.273834" lon="-16.627932">
				<ele>3198.000000</ele>
			</trkpt>
			<trkpt lat="28.273841" lon="-16.627942">
				<ele>3198.000000</ele>
			</trkpt>
			<trkpt lat="28.273857" lon="-16.627942">
				<ele>3199.000000</ele>
			</trkpt>
			<trkpt lat="28.273873" lon="-16.627942">
				<ele>3199.000000</ele>
			</trkpt>
			<trkpt lat="28.273889" lon="-16.627959">
				<ele>3200.000000</ele>
			</trkpt>
			<trkpt lat="28.273889" lon="-16.627978">
				<ele>3201.000000</ele>
			</trkpt>
			<trkpt lat="28.273865" lon="-16.627995">
				<ele>3202.000000</ele>
			</trkpt>
			<trkpt lat="28.273865" lon="-16.628005">
				<ele>3202.000000</ele>
			</trkpt>
			<trkpt lat="28.273905" lon="-16.628032">
				<ele>3204.000000</ele>
			</trkpt>
			<trkpt lat="28.273944" lon="-16.628085">
				<ele>3206.000000</ele>
			</trkpt>
			<trkpt lat="28.273968" lon="-16.628095">
				<ele>3207.000000</ele>
			</trkpt>
			<trkpt lat="28.274024" lon="-16.628121">
				<ele>3209.000000</ele>
			</trkpt>
			<trkpt lat="28.274047" lon="-16.628131">
				<ele>3210.000000</ele>
			</trkpt>
			<trkpt lat="28.274063" lon="-16.628139">
				<ele>3210.000000</ele>
			</trkpt>
			<trkpt lat="28.274063" lon="-16.628158">
				<ele>3210.000000</ele>
			</trkpt>
			<trkpt lat="28.274055" lon="-16.628175">
				<ele>3210.000000</ele>
			</trkpt>
			<trkpt lat="28.274039" lon="-16.628194">
				<ele>3210.000000</ele>
			</trkpt>
			<trkpt lat="28.273984" lon="-16.628221">
				<ele>3210.000000</ele>
			</trkpt>
			<trkpt lat="28.273952" lon="-16.628229">
				<ele>3210.000000</ele>
			</trkpt>
			<trkpt lat="28.273920" lon="-16.628229">
				<ele>3210.000000</ele>
			</trkpt>
			<trkpt lat="28.273897" lon="-16.628221">
				<ele>3210.000000</ele>
			</trkpt>
			<trkpt lat="28.273778" lon="-16.628221">
				<ele>3210.000000</ele>
			</trkpt>
			<trkpt lat="28.273770" lon="-16.628229">
				<ele>3210.000000</ele>
			</trkpt>
			<trkpt lat="28.273770" lon="-16.628247">
				<ele>3210.000000</ele>
			</trkpt>
			<trkpt lat="28.273794" lon="-16.628274">
				<ele>3211.000000</ele>
			</trkpt>
			<trkpt lat="28.273818" lon="-16.628282">
				<ele>3211.000000</ele>
			</trkpt>
			<trkpt lat="28.273826" lon="-16.628292">
				<ele>3212.000000</ele>
			</trkpt>
			<trkpt lat="28.273802" lon="-16.628319">
				<ele>3212.000000</ele>
			</trkpt>
			<trkpt lat="28.273794" lon="-16.628319">
				<ele>3212.000000</ele>
			</trkpt>
			<trkpt lat="28.273762" lon="-16.628319">
				<ele>3213.000000</ele>
			</trkpt>
			<trkpt lat="28.273755" lon="-16.628345">
				<ele>3214.000000</ele>
			</trkpt>
			<trkpt lat="28.273747" lon="-16.628345">
				<ele>3214.000000</ele>
			</trkpt>
			<trkpt lat="28.273731" lon="-16.628337">
				<ele>3214.000000</ele>
			</trkpt>
			<trkpt lat="28.273715" lon="-16.628345">
				<ele>3215.000000</ele>
			</trkpt>
			<trkpt lat="28.273715" lon="-16.628364">
				<ele>3215.000000</ele>
			</trkpt>
			<trkpt lat="28.273722" lon="-16.628372">
				<ele>3215.000000</ele>
			</trkpt>
			<trkpt lat="28.273739" lon="-16.628382">
				<ele>3216.000000</ele>
			</trkpt>
			<trkpt lat="28.273747" lon="-16.628391">
				<ele>3216.000000</ele>
			</trkpt>
			<trkpt lat="28.273739" lon="-16.628400">
				<ele>3216.000000</ele>
			</trkpt>
			<trkpt lat="28.273707" lon="-16.628418">
				<ele>3217.000000</ele>
			</trkpt>
			<trkpt lat="28.273636" lon="-16.628454">
				<ele>3218.000000</ele>
			</trkpt>
			<trkpt lat="28.273628" lon="-16.628462">
				<ele>3219.000000</ele>
			</trkpt>
			<trkpt lat="28.273636" lon="-16.628471">
				<ele>3219.000000</ele>
			</trkpt>
			<trkpt lat="28.273643" lon="-16.628481">
				<ele>3219.000000</ele>
			</trkpt>
			<trkpt lat="28.273659" lon="-16.628490">
				<ele>3220.000000</ele>
			</trkpt>
			<trkpt lat="28.273659" lon="-16.628498">
				<ele>3220.000000</ele>
			</trkpt>
			<trkpt lat="28.273620" lon="-16.628525">
				<ele>3221.000000</ele>
			</trkpt>
			<trkpt lat="28.273620" lon="-16.628534">
				<ele>3221.000000</ele>
			</trkpt>
			<trkpt lat="28.273628" lon="-16.628544">
				<ele>3221.000000</ele>
			</trkpt>
			<trkpt lat="28.273651" lon="-16.628552">
				<ele>3222.000000</ele>
			</trkpt>
			<trkpt lat="28.273659" lon="-16.628561">
				<ele>3222.000000</ele>
			</trkpt>
			<trkpt lat="28.273659" lon="-16.628571">
				<ele>3222.000000</ele>
			</trkpt>
			<trkpt lat="28.273651" lon="-16.628580">
				<ele>3222.000000</ele>
			</trkpt>
			<trkpt lat="28.273588" lon="-16.628607">
				<ele>3224.000000</ele>
			</trkpt>
			<trkpt lat="28.273580" lon="-16.628615">
				<ele>3224.000000</ele>
			</trkpt>
			<trkpt lat="28.273588" lon="-16.628634">
				<ele>3225.000000</ele>
			</trkpt>
			<trkpt lat="28.273604" lon="-16.628634">
				<ele>3225.000000</ele>
			</trkpt>
			<trkpt lat="28.273659" lon="-16.628642">
				<ele>3226.000000</ele>
			</trkpt>
			<trkpt lat="28.273707" lon="-16.628634">
				<ele>3227.000000</ele>
			</trkpt>
			<trkpt lat="28.273731" lon="-16.628624">
				<ele>3228.000000</ele>
			</trkpt>
			<trkpt lat="28.273739" lon="-16.628634">
				<ele>3228.000000</ele>
			</trkpt>
			<trkpt lat="28.273739" lon="-16.628642">
				<ele>3228.000000</ele>
			</trkpt>
			<trkpt lat="28.273731" lon="-16.628651">
				<ele>3229.000000</ele>
			</trkpt>
			<trkpt lat="28.273667" lon="-16.628760">
				<ele>3231.000000</ele>
			</trkpt>
			<trkpt lat="28.273651" lon="-16.628777">
				<ele>3232.000000</ele>
			</trkpt>
			<trkpt lat="28.273651" lon="-16.628787">
				<ele>3232.000000</ele>
			</trkpt>
			<trkpt lat="28.273676" lon="-16.628787">
				<ele>3233.000000</ele>
			</trkpt>
			<trkpt lat="28.273770" lon="-16.628768">
				<ele>3235.000000</ele>
			</trkpt>
			<trkpt lat="28.273778" lon="-16.628768">
				<ele>3235.000000</ele>
			</trkpt>
			<trkpt lat="28.273770" lon="-16.628795">
				<ele>3236.000000</ele>
			</trkpt>
			<trkpt lat="28.273739" lon="-16.628858">
				<ele>3237.000000</ele>
			</trkpt>
			<trkpt lat="28.273699" lon="-16.628903">
				<ele>3239.000000</ele>
			</trkpt>
			<trkpt lat="28.273676" lon="-16.628903">
				<ele>3239.000000</ele>
			</trkpt>
			<trkpt lat="28.273667" lon="-16.628911">
				<ele>3239.000000</ele>
			</trkpt>
			<trkpt lat="28.273676" lon="-16.628911">
				<ele>3240.000000</ele>
			</trkpt>
			<trkpt lat="28.273707" lon="-16.628930">
				<ele>3241.000000</ele>
			</trkpt>
			<trkpt lat="28.273747" lon="-16.628930">
				<ele>3242.000000</ele>
			</trkpt>
			<trkpt lat="28.273747" lon="-16.628948">
				<ele>3242.000000</ele>
			</trkpt>
			<trkpt lat="28.273747" lon="-16.628974">
				<ele>3243.000000</ele>
			</trkpt>
			<trkpt lat="28.273755" lon="-16.628984">
				<ele>3244.000000</ele>
			</trkpt>
			<trkpt lat="28.273786" lon="-16.628993">
				<ele>3245.000000</ele>
			</trkpt>
			<trkpt lat="28.273802" lon="-16.629001">
				<ele>3245.000000</ele>
			</trkpt>
			<trkpt lat="28.273810" lon="-16.629020">
				<ele>3246.000000</ele>
			</trkpt>
			<trkpt lat="28.273810" lon="-16.629064">
				<ele>3247.000000</ele>
			</trkpt>
			<trkpt lat="28.273794" lon="-16.629137">
				<ele>3249.000000</ele>
			</trkpt>
			<trkpt lat="28.273786" lon="-16.629181">
				<ele>3251.000000</ele>
			</trkpt>
			<trkpt lat="28.273786" lon="-16.629200">
				<ele>3251.000000</ele>
			</trkpt>
			<trkpt lat="28.273794" lon="-16.629208">
				<ele>3251.000000</ele>
			</trkpt>
			<trkpt lat="28.273810" lon="-16.629217">
				<ele>3252.000000</ele>
			</trkpt>
			<trkpt lat="28.273857" lon="-16.629217">
				<ele>3253.000000</ele>
			</trkpt>
			<trkpt lat="28.273920" lon="-16.629208">
				<ele>3254.000000</ele>
			</trkpt>
			<trkpt lat="28.273952" lon="-16.629200">
				<ele>3255.000000</ele>
			</trkpt>
			<trkpt lat="28.273960" lon="-16.629200">
				<ele>3255.000000</ele>
			</trkpt>
			<trkpt lat="28.273952" lon="-16.629290">
				<ele>3257.000000</ele>
			</trkpt>
			<trkpt lat="28.273968" lon="-16.629334">
				<ele>3258.000000</ele>
			</trkpt>
			<trkpt lat="28.273968" lon="-16.629424">
				<ele>3260.000000</ele>
			</trkpt>
			<trkpt lat="28.273984" lon="-16.629460">
				<ele>3262.000000</ele>
			</trkpt>
			<trkpt lat="28.274063" lon="-16.629523">
				<ele>3264.000000</ele>
			</trkpt>
			<trkpt lat="28.274087" lon="-16.629550">
				<ele>3265.000000</ele>
			</trkpt>
			<trkpt lat="28.274111" lon="-16.629613">
				<ele>3267.000000</ele>
			</trkpt>
			<trkpt lat="28.274111" lon="-16.629622">
				<ele>3267.000000</ele>
			</trkpt>
			<trkpt lat="28.274095" lon="-16.629640">
				<ele>3268.000000</ele>
			</trkpt>
			<trkpt lat="28.274095" lon="-16.629649">
				<ele>3268.000000</ele>
			</trkpt>
			<trkpt lat="28.274111" lon="-16.629666">
				<ele>3269.000000</ele>
			</trkpt>
			<trkpt lat="28.274118" lon="-16.629712">
				<ele>3270.000000</ele>
			</trkpt>
			<trkpt lat="28.274134" lon="-16.629720">
				<ele>3271.000000</ele>
			</trkpt>
			<trkpt lat="28.274182" lon="-16.629747">
				<ele>3272.000000</ele>
			</trkpt>
			<trkpt lat="28.274182" lon="-16.629756">
				<ele>3272.000000</ele>
			</trkpt>
			<trkpt lat="28.274182" lon="-16.629766">
				<ele>3272.000000</ele>
			</trkpt>
			<trkpt lat="28.274166" lon="-16.629774">
				<ele>3272.000000</ele>
			</trkpt>
			<trkpt lat="28.274150" lon="-16.629783">
				<ele>3273.000000</ele>
			</trkpt>
			<trkpt lat="28.274134" lon="-16.629792">
				<ele>3273.000000</ele>
			</trkpt>
			<trkpt lat="28.274134" lon="-16.629810">
				<ele>3274.000000</ele>
			</trkpt>
			<trkpt lat="28.274134" lon="-16.629819">
				<ele>3274.000000</ele>
			</trkpt>
			<trkpt lat="28.274142" lon="-16.629837">
				<ele>3274.000000</ele>
			</trkpt>
			<trkpt lat="28.274158" lon="-16.629855">
				<ele>3275.000000</ele>
			</trkpt>
			<trkpt lat="28.274174" lon="-16.629864">
				<ele>3275.000000</ele>
			</trkpt>
			<trkpt lat="28.274182" lon="-16.629873">
				<ele>3275.000000</ele>
			</trkpt>
			<trkpt lat="28.274190" lon="-16.629919">
				<ele>3276.000000</ele>
			</trkpt>
			<trkpt lat="28.274205" lon="-16.629945">
				<ele>3277.000000</ele>
			</trkpt>
			<trkpt lat="28.274197" lon="-16.629963">
				<ele>3277.000000</ele>
			</trkpt>
			<trkpt lat="28.274213" lon="-16.629999">
				<ele>3278.000000</ele>
			</trkpt>
			<trkpt lat="28.274237" lon="-16.629999">
				<ele>3279.000000</ele>
			</trkpt>
			<trkpt lat="28.274284" lon="-16.630008">
				<ele>3280.000000</ele>
			</trkpt>
			<trkpt lat="28.274300" lon="-16.630016">
				<ele>3280.000000</ele>
			</trkpt>
			<trkpt lat="28.274308" lon="-16.630035">
				<ele>3280.000000</ele>
			</trkpt>
			<trkpt lat="28.274308" lon="-16.630053">
				<ele>3281.000000</ele>
			</trkpt>
			<trkpt lat="28.274300" lon="-16.630070">
				<ele>3281.000000</ele>
			</trkpt>
			<trkpt lat="28.274276" lon="-16.630098">
				<ele>3282.000000</ele>
			</trkpt>
			<trkpt lat="28.274276" lon="-16.630106">
				<ele>3282.000000</ele>
			</trkpt>
			<trkpt lat="28.274300" lon="-16.630133">
				<ele>3282.000000</ele>
			</trkpt>
			<trkpt lat="28.274308" lon="-16.630142">
				<ele>3282.000000</ele>
			</trkpt>
			<trkpt lat="28.274300" lon="-16.630152">
				<ele>3283.000000</ele>
			</trkpt>
			<trkpt lat="28.274261" lon="-16.630152">
				<ele>3283.000000</ele>
			</trkpt>
			<trkpt lat="28.274197" lon="-16.630142">
				<ele>3284.000000</ele>
			</trkpt>
			<trkpt lat="28.274197" lon="-16.630152">
				<ele>3285.000000</ele>
			</trkpt>
			<trkpt lat="28.274197" lon="-16.630169">
				<ele>3285.000000</ele>
			</trkpt>
			<trkpt lat="28.274190" lon="-16.630169">
				<ele>3285.000000</ele>
			</trkpt>
			<trkpt lat="28.274174" lon="-16.630179">
				<ele>3285.000000</ele>
			</trkpt>
			<trkpt lat="28.274150" lon="-16.630179">
				<ele>3286.000000</ele>
			</trkpt>
			<trkpt lat="28.274118" lon="-16.630169">
				<ele>3286.000000</ele>
			</trkpt>
			<trkpt lat="28.274103" lon="-16.630179">
				<ele>3287.000000</ele>
			</trkpt>
			<trkpt lat="28.274103" lon="-16.630188">
				<ele>3287.000000</ele>
			</trkpt>
			<trkpt lat="28.274111" lon="-16.630206">
				<ele>3287.000000</ele>
			</trkpt>
			<trkpt lat="28.274126" lon="-16.630223">
				<ele>3288.000000</ele>
			</trkpt>
			<trkpt lat="28.274134" lon="-16.630250">
				<ele>3288.000000</ele>
			</trkpt>
			<trkpt lat="28.274118" lon="-16.630368">
				<ele>3290.000000</ele>
			</trkpt>
			<trkpt lat="28.274111" lon="-16.630412">
				<ele>3291.000000</ele>
			</trkpt>
			<trkpt lat="28.274118" lon="-16.630429">
				<ele>3292.000000</ele>
			</trkpt>
			<trkpt lat="28.274142" lon="-16.630421">
				<ele>3292.000000</ele>
			</trkpt>
			<trkpt lat="28.274158" lon="-16.630429">
				<ele>3293.000000</ele>
			</trkpt>
			<trkpt lat="28.274166" lon="-16.630448">
				<ele>3293.000000</ele>
			</trkpt>
			<trkpt lat="28.274166" lon="-16.630529">
				<ele>3295.000000</ele>
			</trkpt>
			<trkpt lat="28.274174" lon="-16.630546">
				<ele>3296.000000</ele>
			</trkpt>
			<trkpt lat="28.274190" lon="-16.630565">
				<ele>3297.000000</ele>
			</trkpt>
			<trkpt lat="28.274190" lon="-16.630582">
				<ele>3297.000000</ele>
			</trkpt>
			<trkpt lat="28.274182" lon="-16.630592">
				<ele>3297.000000</ele>
			</trkpt>
			<trkpt lat="28.274174" lon="-16.630601">
				<ele>3298.000000</ele>
			</trkpt>
			<trkpt lat="28.274166" lon="-16.630636">
				<ele>3299.000000</ele>
			</trkpt>
			<trkpt lat="28.274158" lon="-16.630655">
				<ele>3299.000000</ele>
			</trkpt>
			<trkpt lat="28.274142" lon="-16.630664">
				<ele>3300.000000</ele>
			</trkpt>
			<trkpt lat="28.274142" lon="-16.630672">
				<ele>3300.000000</ele>
			</trkpt>
			<trkpt lat="28.274166" lon="-16.630682">
				<ele>3301.000000</ele>
			</trkpt>
			<trkpt lat="28.274166" lon="-16.630699">
				<ele>3301.000000</ele>
			</trkpt>
			<trkpt lat="28.274166" lon="-16.630708">
				<ele>3301.000000</ele>
			</trkpt>
			<trkpt lat="28.274118" lon="-16.630718">
				<ele>3302.000000</ele>
			</trkpt>
			<trkpt lat="28.274118" lon="-16.630735">
				<ele>3303.000000</ele>
			</trkpt>
			<trkpt lat="28.274134" lon="-16.630745">
				<ele>3303.000000</ele>
			</trkpt>
			<trkpt lat="28.274182" lon="-16.630789">
				<ele>3304.000000</ele>
			</trkpt>
			<trkpt lat="28.274174" lon="-16.630798">
				<ele>3305.000000</ele>
			</trkpt>
			<trkpt lat="28.274126" lon="-16.630816">
				<ele>3306.000000</ele>
			</trkpt>
			<trkpt lat="28.274095" lon="-16.630808">
				<ele>3307.000000</ele>
			</trkpt>
			<trkpt lat="28.274095" lon="-16.630816">
				<ele>3307.000000</ele>
			</trkpt>
			<trkpt lat="28.274103" lon="-16.630834">
				<ele>3307.000000</ele>
			</trkpt>
			<trkpt lat="28.274134" lon="-16.630871">
				<ele>3308.000000</ele>
			</trkpt>
			<trkpt lat="28.274150" lon="-16.630898">
				<ele>3309.000000</ele>
			</trkpt>
			<trkpt lat="28.274158" lon="-16.630934">
				<ele>3310.000000</ele>
			</trkpt>
			<trkpt lat="28.274150" lon="-16.630942">
				<ele>3310.000000</ele>
			</trkpt>
			<trkpt lat="28.274111" lon="-16.630934">
				<ele>3310.000000</ele>
			</trkpt>
			<trkpt lat="28.274103" lon="-16.630934">
				<ele>3310.000000</ele>
			</trkpt>
			<trkpt lat="28.274111" lon="-16.630951">
				<ele>3310.000000</ele>
			</trkpt>
			<trkpt lat="28.274134" lon="-16.631005">
				<ele>3312.000000</ele>
			</trkpt>
			<trkpt lat="28.274174" lon="-16.631050">
				<ele>3313.000000</ele>
			</trkpt>
			<trkpt lat="28.274182" lon="-16.631068">
				<ele>3314.000000</ele>
			</trkpt>
			<trkpt lat="28.274166" lon="-16.631085">
				<ele>3314.000000</ele>
			</trkpt>
			<trkpt lat="28.274134" lon="-16.631095">
				<ele>3315.000000</ele>
			</trkpt>
			<trkpt lat="28.274103" lon="-16.631112">
				<ele>3316.000000</ele>
			</trkpt>
			<trkpt lat="28.274103" lon="-16.631158">
				<ele>3317.000000</ele>
			</trkpt>
			<trkpt lat="28.274095" lon="-16.631194">
				<ele>3318.000000</ele>
			</trkpt>
			<trkpt lat="28.274103" lon="-16.631221">
				<ele>3319.000000</ele>
			</trkpt>
			<trkpt lat="28.274126" lon="-16.631238">
				<ele>3320.000000</ele>
			</trkpt>
			<trkpt lat="28.274134" lon="-16.631265">
				<ele>3320.000000</ele>
			</trkpt>
			<trkpt lat="28.274118" lon="-16.631301">
				<ele>3322.000000</ele>
			</trkpt>
			<trkpt lat="28.274111" lon="-16.631391">
				<ele>3324.000000</ele>
			</trkpt>
			<trkpt lat="28.274095" lon="-16.631472">
				<ele>3327.000000</ele>
			</trkpt>
			<trkpt lat="28.274095" lon="-16.631553">
				<ele>3330.000000</ele>
			</trkpt>
			<trkpt lat="28.274103" lon="-16.631598">
				<ele>3331.000000</ele>
			</trkpt>
			<trkpt lat="28.274118" lon="-16.631634">
				<ele>3332.000000</ele>
			</trkpt>
			<trkpt lat="28.274126" lon="-16.631670">
				<ele>3333.000000</ele>
			</trkpt>
			<trkpt lat="28.274118" lon="-16.631706">
				<ele>3334.000000</ele>
			</trkpt>
			<trkpt lat="28.274134" lon="-16.631768">
				<ele>3336.000000</ele>
			</trkpt>
			<trkpt lat="28.274142" lon="-16.631804">
				<ele>3337.000000</ele>
			</trkpt>
			<trkpt lat="28.274166" lon="-16.632056">
				<ele>3345.000000</ele>
			</trkpt>
			<trkpt lat="28.274150" lon="-16.632164">
				<ele>3349.000000</ele>
			</trkpt>
			<trkpt lat="28.274111" lon="-16.632326">
				<ele>3355.000000</ele>
			</trkpt>
			<trkpt lat="28.274095" lon="-16.632397">
				<ele>3358.000000</ele>
			</trkpt>
			<trkpt lat="28.274103" lon="-16.632424">
				<ele>3359.000000</ele>
			</trkpt>
			<trkpt lat="28.274095" lon="-16.632506">
				<ele>3362.000000</ele>
			</trkpt>
			<trkpt lat="28.274079" lon="-16.632603">
				<ele>3365.000000</ele>
			</trkpt>
			<trkpt lat="28.274071" lon="-16.632703">
				<ele>3369.000000</ele>
			</trkpt>
			<trkpt lat="28.274095" lon="-16.632739">
				<ele>3370.000000</ele>
			</trkpt>
			<trkpt lat="28.274134" lon="-16.632802">
				<ele>3373.000000</ele>
			</trkpt>
			<trkpt lat="28.274134" lon="-16.632838">
				<ele>3374.000000</ele>
			</trkpt>
			<trkpt lat="28.274166" lon="-16.632892">
				<ele>3376.000000</ele>
			</trkpt>
			<trkpt lat="28.274150" lon="-16.632945">
				<ele>3378.000000</ele>
			</trkpt>
			<trkpt lat="28.274166" lon="-16.633035">
				<ele>3380.000000</ele>
			</trkpt>
			<trkpt lat="28.274166" lon="-16.633079">
				<ele>3380.000000</ele>
			</trkpt>
			<trkpt lat="28.274182" lon="-16.633089">
				<ele>3380.000000</ele>
			</trkpt>
			<trkpt lat="28.274205" lon="-16.633089">
				<ele>3380.000000</ele>
			</trkpt>
			<trkpt lat="28.274261" lon="-16.633045">
				<ele>3380.000000</ele>
			</trkpt>
			<trkpt lat="28.274276" lon="-16.633035">
				<ele>3380.000000</ele>
			</trkpt>
			<trkpt lat="28.274284" lon="-16.633053">
				<ele>3381.000000</ele>
			</trkpt>
			<trkpt lat="28.274284" lon="-16.633098">
				<ele>3383.000000</ele>
			</trkpt>
			<trkpt lat="28.274308" lon="-16.633332">
				<ele>3392.000000</ele>
			</trkpt>
			<trkpt lat="28.274300" lon="-16.633439">
				<ele>3396.000000</ele>
			</trkpt>
			<trkpt lat="28.274276" lon="-16.633556">
				<ele>3401.000000</ele>
			</trkpt>
			<trkpt lat="28.274229" lon="-16.633700">
				<ele>3406.000000</ele>
			</trkpt>
			<trkpt lat="28.274158" lon="-16.633772">
				<ele>3410.000000</ele>
			</trkpt>
			<trkpt lat="28.274174" lon="-16.633798">
				<ele>3410.000000</ele>
			</trkpt>
			<trkpt lat="28.274166" lon="-16.633825">
				<ele>3411.000000</ele>
			</trkpt>
			<trkpt lat="28.274126" lon="-16.633844">
				<ele>3412.000000</ele>
			</trkpt>
			<trkpt lat="28.274079" lon="-16.633871">
				<ele>3414.000000</ele>
			</trkpt>
			<trkpt lat="28.274087" lon="-16.633942">
				<ele>3416.000000</ele>
			</trkpt>
			<trkpt lat="28.274071" lon="-16.633961">
				<ele>3416.000000</ele>
			</trkpt>
			<trkpt lat="28.274024" lon="-16.633961">
				<ele>3418.000000</ele>
			</trkpt>
			<trkpt lat="28.273999" lon="-16.633987">
				<ele>3419.000000</ele>
			</trkpt>
			<trkpt lat="28.274015" lon="-16.634024">
				<ele>3420.000000</ele>
			</trkpt>
			<trkpt lat="28.273976" lon="-16.634068">
				<ele>3421.000000</ele>
			</trkpt>
			<trkpt lat="28.274032" lon="-16.634104">
				<ele>3423.000000</ele>
			</trkpt>
			<trkpt lat="28.274039" lon="-16.634140">
				<ele>3424.000000</ele>
			</trkpt>
			<trkpt lat="28.274007" lon="-16.634167">
				<ele>3425.000000</ele>
			</trkpt>
			<trkpt lat="28.273944" lon="-16.634194">
				<ele>3426.000000</ele>
			</trkpt>
			<trkpt lat="28.273952" lon="-16.634238">
				<ele>3427.000000</ele>
			</trkpt>
			<trkpt lat="28.273992" lon="-16.634301">
				<ele>3429.000000</ele>
			</trkpt>
			<trkpt lat="28.274007" lon="-16.634517">
				<ele>3435.000000</ele>
			</trkpt>
			<trkpt lat="28.273984" lon="-16.634580">
				<ele>3436.000000</ele>
			</trkpt>
			<trkpt lat="28.273999" lon="-16.634634">
				<ele>3438.000000</ele>
			</trkpt>
			<trkpt lat="28.274032" lon="-16.634670">
				<ele>3439.000000</ele>
			</trkpt>
			<trkpt lat="28.274032" lon="-16.634706">
				<ele>3440.000000</ele>
			</trkpt>
			<trkpt lat="28.274007" lon="-16.634751">
				<ele>3441.000000</ele>
			</trkpt>
			<trkpt lat="28.274047" lon="-16.634804">
				<ele>3443.000000</ele>
			</trkpt>
			<trkpt lat="28.274229" lon="-16.635245">
				<ele>3454.000000</ele>
			</trkpt>
			<trkpt lat="28.274245" lon="-16.635335">
				<ele>3456.000000</ele>
			</trkpt>
			<trkpt lat="28.274253" lon="-16.635496">
				<ele>3459.000000</ele>
			</trkpt>
			<trkpt lat="28.274229" lon="-16.635658">
				<ele>3463.000000</ele>
			</trkpt>
			<trkpt lat="28.274095" lon="-16.636072">
				<ele>3473.000000</ele>
			</trkpt>
			<trkpt lat="28.273944" lon="-16.636358">
				<ele>3481.000000</ele>
			</trkpt>
			<trkpt lat="28.273501" lon="-16.636898">
				<ele>3496.000000</ele>
			</trkpt>
			<trkpt lat="28.273478" lon="-16.636916">
				<ele>3497.000000</ele>
			</trkpt>
			<trkpt lat="28.273478" lon="-16.636943">
				<ele>3498.000000</ele>
			</trkpt>
			<trkpt lat="28.273462" lon="-16.636951">
				<ele>3498.000000</ele>
			</trkpt>
			<trkpt lat="28.273454" lon="-16.636961">
				<ele>3498.000000</ele>
			</trkpt>
			<trkpt lat="28.273422" lon="-16.636970">
				<ele>3499.000000</ele>
			</trkpt>
			<trkpt lat="28.273382" lon="-16.636951">
				<ele>3500.000000</ele>
			</trkpt>
			<trkpt lat="28.273359" lon="-16.636961">
				<ele>3500.000000</ele>
			</trkpt>
			<trkpt lat="28.273359" lon="-16.636987">
				<ele>3501.000000</ele>
			</trkpt>
			<trkpt lat="28.273351" lon="-16.637024">
				<ele>3502.000000</ele>
			</trkpt>
			<trkpt lat="28.273319" lon="-16.637033">
				<ele>3502.000000</ele>
			</trkpt>
			<trkpt lat="28.273303" lon="-16.637060">
				<ele>3503.000000</ele>
			</trkpt>
			<trkpt lat="28.273295" lon="-16.637140">
				<ele>3505.000000</ele>
			</trkpt>
			<trkpt lat="28.273280" lon="-16.637284">
				<ele>3508.000000</ele>
			</trkpt>
			<trkpt lat="28.273295" lon="-16.637419">
				<ele>3510.000000</ele>
			</trkpt>
			<trkpt lat="28.273311" lon="-16.637437">
				<ele>3511.000000</ele>
			</trkpt>
			<trkpt lat="28.273343" lon="-16.637446">
				<ele>3511.000000</ele>
			</trkpt>
			<trkpt lat="28.273374" lon="-16.637437">
				<ele>3512.000000</ele>
			</trkpt>
			<trkpt lat="28.273406" lon="-16.637437">
				<ele>3512.000000</ele>
			</trkpt>
			<trkpt lat="28.273422" lon="-16.637464">
				<ele>3512.000000</ele>
			</trkpt>
			<trkpt lat="28.273509" lon="-16.637490">
				<ele>3514.000000</ele>
			</trkpt>
			<trkpt lat="28.273525" lon="-16.637536">
				<ele>3514.000000</ele>
			</trkpt>
			<trkpt lat="28.273478" lon="-16.637553">
				<ele>3515.000000</ele>
			</trkpt>
			<trkpt lat="28.273462" lon="-16.637580">
				<ele>3515.000000</ele>
			</trkpt>
			<trkpt lat="28.273485" lon="-16.637634">
				<ele>3516.000000</ele>
			</trkpt>
			<trkpt lat="28.273533" lon="-16.637670">
				<ele>3517.000000</ele>
			</trkpt>
			<trkpt lat="28.273533" lon="-16.637752">
				<ele>3518.000000</ele>
			</trkpt>
			<trkpt lat="28.273564" lon="-16.637814">
				<ele>3519.000000</ele>
			</trkpt>
			<trkpt lat="28.273572" lon="-16.637859">
				<ele>3520.000000</ele>
			</trkpt>
			<trkpt lat="28.273509" lon="-16.638048">
				<ele>3523.000000</ele>
			</trkpt>
			<trkpt lat="28.273549" lon="-16.638129">
				<ele>3525.000000</ele>
			</trkpt>
			<trkpt lat="28.273612" lon="-16.638182">
				<ele>3527.000000</ele>
			</trkpt>
			<trkpt lat="28.273620" lon="-16.638236">
				<ele>3528.000000</ele>
			</trkpt>
			<trkpt lat="28.273643" lon="-16.638318">
				<ele>3530.000000</ele>
			</trkpt>
			<trkpt lat="28.273636" lon="-16.638371">
				<ele>3530.000000</ele>
			</trkpt>
			<trkpt lat="28.273643" lon="-16.638408">
				<ele>3531.000000</ele>
			</trkpt>
			<trkpt lat="28.273762" lon="-16.638496">
				<ele>3532.000000</ele>
			</trkpt>
			<trkpt lat="28.273770" lon="-16.638559">
				<ele>3532.000000</ele>
			</trkpt>
			<trkpt lat="28.273786" lon="-16.638622">
				<ele>3533.000000</ele>
			</trkpt>
			<trkpt lat="28.273841" lon="-16.638668">
				<ele>3534.000000</ele>
			</trkpt>
			<trkpt lat="28.273920" lon="-16.638704">
				<ele>3534.000000</ele>
			</trkpt>
			<trkpt lat="28.273928" lon="-16.638722">
				<ele>3534.000000</ele>
			</trkpt>
			<trkpt lat="28.273913" lon="-16.638748">
				<ele>3535.000000</ele>
			</trkpt>
			<trkpt lat="28.273834" lon="-16.638802">
				<ele>3535.000000</ele>
			</trkpt>
			<trkpt lat="28.273707" lon="-16.638892">
				<ele>3537.000000</ele>
			</trkpt>
			<trkpt lat="28.273651" lon="-16.638874">
				<ele>3537.000000</ele>
			</trkpt>
			<trkpt lat="28.273612" lon="-16.638865">
				<ele>3538.000000</ele>
			</trkpt>
			<trkpt lat="28.273564" lon="-16.638848">
				<ele>3538.000000</ele>
			</trkpt>
			<trkpt lat="28.273549" lon="-16.638838">
				<ele>3538.000000</ele>
			</trkpt>
			<trkpt lat="28.273525" lon="-16.638821">
				<ele>3538.000000</ele>
			</trkpt>
			<trkpt lat="28.273525" lon="-16.638794">
				<ele>3539.000000</ele>
			</trkpt>
			<trkpt lat="28.273509" lon="-16.638775">
				<ele>3539.000000</ele>
			</trkpt>
			<trkpt lat="28.273454" lon="-16.638739">
				<ele>3539.000000</ele>
			</trkpt>
			<trkpt lat="28.273391" lon="-16.638731">
				<ele>3540.000000</ele>
			</trkpt>
			<trkpt lat="28.273351" lon="-16.638712">
				<ele>3540.000000</ele>
			</trkpt>
			<trkpt lat="28.273319" lon="-16.638704">
				<ele>3540.000000</ele>
			</trkpt>
			<trkpt lat="28.273311" lon="-16.638685">
				<ele>3540.000000</ele>
			</trkpt>
			<trkpt lat="28.273311" lon="-16.638641">
				<ele>3540.000000</ele>
			</trkpt>
			<trkpt lat="28.273295" lon="-16.638605">
				<ele>3540.000000</ele>
			</trkpt>
			<trkpt lat="28.273280" lon="-16.638586">
				<ele>3540.000000</ele>
			</trkpt>
			<trkpt lat="28.273248" lon="-16.638595">
				<ele>3540.000000</ele>
			</trkpt>
			<trkpt lat="28.273216" lon="-16.638595">
				<ele>3540.000000</ele>
			</trkpt>
			<trkpt lat="28.273209" lon="-16.638578">
				<ele>3540.000000</ele>
			</trkpt>
			<trkpt lat="28.273193" lon="-16.638542">
				<ele>3540.000000</ele>
			</trkpt>
			<trkpt lat="28.273185" lon="-16.638515">
				<ele>3540.000000</ele>
			</trkpt>
			<trkpt lat="28.273169" lon="-16.638496">
				<ele>3540.000000</ele>
			</trkpt>
			<trkpt lat="28.273098" lon="-16.638488">
				<ele>3540.000000</ele>
			</trkpt>
			<trkpt lat="28.273066" lon="-16.638479">
				<ele>3540.000000</ele>
			</trkpt>
			<trkpt lat="28.273034" lon="-16.638488">
				<ele>3540.000000</ele>
			</trkpt>
			<trkpt lat="28.273018" lon="-16.638506">
				<ele>3540.000000</ele>
			</trkpt>
			<trkpt lat="28.272995" lon="-16.638515">
				<ele>3540.000000</ele>
			</trkpt>
			<trkpt lat="28.272884" lon="-16.638506">
				<ele>3540.000000</ele>
			</trkpt>
			<trkpt lat="28.272829" lon="-16.638551">
				<ele>3540.000000</ele>
			</trkpt>
			<trkpt lat="28.272789" lon="-16.638605">
				<ele>3540.000000</ele>
			</trkpt>
			<trkpt lat="28.272766" lon="-16.638622">
				<ele>3540.000000</ele>
			</trkpt>
			<trkpt lat="28.272718" lon="-16.638605">
				<ele>3540.000000</ele>
			</trkpt>
			<trkpt lat="28.272662" lon="-16.638614">
				<ele>3540.000000</ele>
			</trkpt>
			<trkpt lat="28.272464" lon="-16.638595">
				<ele>3540.000000</ele>
			</trkpt>
			<trkpt lat="28.272425" lon="-16.638614">
				<ele>3540.000000</ele>
			</trkpt>
			<trkpt lat="28.272393" lon="-16.638622">
				<ele>3540.000000</ele>
			</trkpt>
			<trkpt lat="28.272362" lon="-16.638614">
				<ele>3540.000000</ele>
			</trkpt>
			<trkpt lat="28.272338" lon="-16.638595">
				<ele>3540.000000</ele>
			</trkpt>
			<trkpt lat="28.272322" lon="-16.638569">
				<ele>3540.000000</ele>
			</trkpt>
			<trkpt lat="28.272306" lon="-16.638532">
				<ele>3540.000000</ele>
			</trkpt>
			<trkpt lat="28.272299" lon="-16.638515">
				<ele>3540.000000</ele>
			</trkpt>
			<trkpt lat="28.272267" lon="-16.638515">
				<ele>3540.000000</ele>
			</trkpt>
			<trkpt lat="28.272220" lon="-16.638496">
				<ele>3540.000000</ele>
			</trkpt>
			<trkpt lat="28.272196" lon="-16.638479">
				<ele>3540.000000</ele>
			</trkpt>
			<trkpt lat="28.272156" lon="-16.638479">
				<ele>3540.000000</ele>
			</trkpt>
			<trkpt lat="28.272125" lon="-16.638496">
				<ele>3540.000000</ele>
			</trkpt>
			<trkpt lat="28.272093" lon="-16.638506">
				<ele>3540.000000</ele>
			</trkpt>
			<trkpt lat="28.272061" lon="-16.638496">
				<ele>3540.000000</ele>
			</trkpt>
			<trkpt lat="28.271974" lon="-16.638461">
				<ele>3540.000000</ele>
			</trkpt>
			<trkpt lat="28.271927" lon="-16.638408">
				<ele>3540.000000</ele>
			</trkpt>
			<trkpt lat="28.271895" lon="-16.638389">
				<ele>3540.000000</ele>
			</trkpt>
			<trkpt lat="28.271808" lon="-16.638362">
				<ele>3540.000000</ele>
			</trkpt>
			<trkpt lat="28.271760" lon="-16.638345">
				<ele>3541.000000</ele>
			</trkpt>
			<trkpt lat="28.271721" lon="-16.638345">
				<ele>3541.000000</ele>
			</trkpt>
			<trkpt lat="28.271681" lon="-16.638371">
				<ele>3541.000000</ele>
			</trkpt>
			<trkpt lat="28.271650" lon="-16.638425">
				<ele>3542.000000</ele>
			</trkpt>
			<trkpt lat="28.271460" lon="-16.638605">
				<ele>3544.000000</ele>
			</trkpt>
			<trkpt lat="28.271404" lon="-16.638658">
				<ele>3544.000000</ele>
			</trkpt>
			<trkpt lat="28.271373" lon="-16.638668">
				<ele>3544.000000</ele>
			</trkpt>
			<trkpt lat="28.271357" lon="-16.638676">
				<ele>3545.000000</ele>
			</trkpt>
			<trkpt lat="28.271302" lon="-16.638658">
				<ele>3545.000000</ele>
			</trkpt>
			<trkpt lat="28.271254" lon="-16.638649">
				<ele>3545.000000</ele>
			</trkpt>
			<trkpt lat="28.271199" lon="-16.638658">
				<ele>3546.000000</ele>
			</trkpt>
			<trkpt lat="28.271152" lon="-16.638695">
				<ele>3546.000000</ele>
			</trkpt>
			<trkpt lat="28.271127" lon="-16.638748">
				<ele>3547.000000</ele>
			</trkpt>
			<trkpt lat="28.271096" lon="-16.638811">
				<ele>3547.000000</ele>
			</trkpt>
			<trkpt lat="28.271089" lon="-16.638848">
				<ele>3547.000000</ele>
			</trkpt>
			<trkpt lat="28.271089" lon="-16.638901">
				<ele>3548.000000</ele>
			</trkpt>
			<trkpt lat="28.271096" lon="-16.638945">
				<ele>3548.000000</ele>
			</trkpt>
			<trkpt lat="28.271089" lon="-16.638974">
				<ele>3548.000000</ele>
			</trkpt>
			<trkpt lat="28.271056" lon="-16.638991">
				<ele>3548.000000</ele>
			</trkpt>
			<trkpt lat="28.271009" lon="-16.639009">
				<ele>3549.000000</ele>
			</trkpt>
			<trkpt lat="28.270977" lon="-16.639045">
				<ele>3549.000000</ele>
			</trkpt>
			<trkpt lat="28.270962" lon="-16.639081">
				<ele>3549.000000</ele>
			</trkpt>
			<trkpt lat="28.270962" lon="-16.639117">
				<ele>3550.000000</ele>
			</trkpt>
			<trkpt lat="28.270954" lon="-16.639144">
				<ele>3550.000000</ele>
			</trkpt>
			<trkpt lat="28.270946" lon="-16.639188">
				<ele>3550.000000</ele>
			</trkpt>
			<trkpt lat="28.270930" lon="-16.639188">
				<ele>3550.000000</ele>
			</trkpt>
			<trkpt lat="28.270906" lon="-16.639161">
				<ele>3549.000000</ele>
			</trkpt>
			<trkpt lat="28.270883" lon="-16.639135">
				<ele>3549.000000</ele>
			</trkpt>
			<trkpt lat="28.270851" lon="-16.639125">
				<ele>3548.000000</ele>
			</trkpt>
			<trkpt lat="28.270827" lon="-16.639144">
				<ele>3548.000000</ele>
			</trkpt>
			<trkpt lat="28.270795" lon="-16.639152">
				<ele>3547.000000</ele>
			</trkpt>
			<trkpt lat="28.270740" lon="-16.639161">
				<ele>3546.000000</ele>
			</trkpt>
			<trkpt lat="28.270708" lon="-16.639152">
				<ele>3546.000000</ele>
			</trkpt>
			<trkpt lat="28.270677" lon="-16.639135">
				<ele>3545.000000</ele>
			</trkpt>
			<trkpt lat="28.270661" lon="-16.639108">
				<ele>3545.000000</ele>
			</trkpt>
			<trkpt lat="28.270653" lon="-16.639072">
				<ele>3544.000000</ele>
			</trkpt>
			<trkpt lat="28.270637" lon="-16.639054">
				<ele>3544.000000</ele>
			</trkpt>
			<trkpt lat="28.270614" lon="-16.639035">
				<ele>3543.000000</ele>
			</trkpt>
			<trkpt lat="28.270598" lon="-16.639000">
				<ele>3543.000000</ele>
			</trkpt>
			<trkpt lat="28.270582" lon="-16.638901">
				<ele>3541.000000</ele>
			</trkpt>
			<trkpt lat="28.270558" lon="-16.638856">
				<ele>3540.000000</ele>
			</trkpt>
			<trkpt lat="28.270535" lon="-16.638775">
				<ele>3540.000000</ele>
			</trkpt>
			<trkpt lat="28.270511" lon="-16.638722">
				<ele>3540.000000</ele>
			</trkpt>
			<trkpt lat="28.270463" lon="-16.638695">
				<ele>3540.000000</ele>
			</trkpt>
			<trkpt lat="28.270384" lon="-16.638676">
				<ele>3540.000000</ele>
			</trkpt>
			<trkpt lat="28.270384" lon="-16.638722">
				<ele>3540.000000</ele>
			</trkpt>
			<trkpt lat="28.270416" lon="-16.638775">
				<ele>3540.000000</ele>
			</trkpt>
			<trkpt lat="28.270527" lon="-16.638892">
				<ele>3541.000000</ele>
			</trkpt>
			<trkpt lat="28.270550" lon="-16.638945">
				<ele>3542.000000</ele>
			</trkpt>
			<trkpt lat="28.270550" lon="-16.639090">
				<ele>3544.000000</ele>
			</trkpt>
			<trkpt lat="28.270527" lon="-16.639144">
				<ele>3545.000000</ele>
			</trkpt>
			<trkpt lat="28.270519" lon="-16.639198">
				<ele>3546.000000</ele>
			</trkpt>
			<trkpt lat="28.270550" lon="-16.639450">
				<ele>3550.000000</ele>
			</trkpt>
			<trkpt lat="28.270527" lon="-16.639557">
				<ele>3551.000000</ele>
			</trkpt>
			<trkpt lat="28.270550" lon="-16.639601">
				<ele>3552.000000</ele>
			</trkpt>
			<trkpt lat="28.270598" lon="-16.639674">
				<ele>3553.000000</ele>
			</trkpt>
			<trkpt lat="28.270637" lon="-16.639836">
				<ele>3555.000000</ele>
			</trkpt>
			<trkpt lat="28.270693" lon="-16.639997">
				<ele>3557.000000</ele>
			</trkpt>
			<trkpt lat="28.270764" lon="-16.640177">
				<ele>3559.000000</ele>
			</trkpt>
			<trkpt lat="28.270891" lon="-16.640402">
				<ele>3563.000000</ele>
			</trkpt>
			<trkpt lat="28.270898" lon="-16.640429">
				<ele>3563.000000</ele>
			</trkpt>
			<trkpt lat="28.270875" lon="-16.640464">
				<ele>3564.000000</ele>
			</trkpt>
			<trkpt lat="28.270883" lon="-16.640482">
				<ele>3564.000000</ele>
			</trkpt>
			<trkpt lat="28.270914" lon="-16.640492">
				<ele>3565.000000</ele>
			</trkpt>
			<trkpt lat="28.270938" lon="-16.640482">
				<ele>3565.000000</ele>
			</trkpt>
			<trkpt lat="28.270938" lon="-16.640509">
				<ele>3565.000000</ele>
			</trkpt>
			<trkpt lat="28.270898" lon="-16.640553">
				<ele>3566.000000</ele>
			</trkpt>
			<trkpt lat="28.270835" lon="-16.640643">
				<ele>3568.000000</ele>
			</trkpt>
			<trkpt lat="28.270795" lon="-16.640670">
				<ele>3569.000000</ele>
			</trkpt>
			<trkpt lat="28.270795" lon="-16.640698">
				<ele>3569.000000</ele>
			</trkpt>
			<trkpt lat="28.270906" lon="-16.640859">
				<ele>3576.000000</ele>
			</trkpt>
			<trkpt lat="28.270993" lon="-16.640976">
				<ele>3582.000000</ele>
			</trkpt>
			<trkpt lat="28.271009" lon="-16.641022">
				<ele>3584.000000</ele>
			</trkpt>
			<trkpt lat="28.271009" lon="-16.641129">
				<ele>3587.000000</ele>
			</trkpt>
			<trkpt lat="28.271017" lon="-16.641138">
				<ele>3588.000000</ele>
			</trkpt>
			<trkpt lat="28.271033" lon="-16.641119">
				<ele>3589.000000</ele>
			</trkpt>
			<trkpt lat="28.271056" lon="-16.641146">
				<ele>3590.000000</ele>
			</trkpt>
			<trkpt lat="28.271072" lon="-16.641146">
				<ele>3590.000000</ele>
			</trkpt>
			<trkpt lat="28.271080" lon="-16.641165">
				<ele>3591.000000</ele>
			</trkpt>
			<trkpt lat="28.271072" lon="-16.641219">
				<ele>3592.000000</ele>
			</trkpt>
			<trkpt lat="28.271089" lon="-16.641228">
				<ele>3592.000000</ele>
			</trkpt>
			<trkpt lat="28.271104" lon="-16.641201">
				<ele>3593.000000</ele>
			</trkpt>
			<trkpt lat="28.271112" lon="-16.641201">
				<ele>3593.000000</ele>
			</trkpt>
			<trkpt lat="28.271127" lon="-16.641282">
				<ele>3595.000000</ele>
			</trkpt>
			<trkpt lat="28.271144" lon="-16.641291">
				<ele>3596.000000</ele>
			</trkpt>
			<trkpt lat="28.271167" lon="-16.641272">
				<ele>3596.000000</ele>
			</trkpt>
			<trkpt lat="28.271183" lon="-16.641201">
				<ele>3598.000000</ele>
			</trkpt>
			<trkpt lat="28.271207" lon="-16.641209">
				<ele>3599.000000</ele>
			</trkpt>
			<trkpt lat="28.271199" lon="-16.641255">
				<ele>3600.000000</ele>
			</trkpt>
			<trkpt lat="28.271223" lon="-16.641326">
				<ele>3602.000000</ele>
			</trkpt>
			<trkpt lat="28.271207" lon="-16.641354">
				<ele>3602.000000</ele>
			</trkpt>
			<trkpt lat="28.271215" lon="-16.641372">
				<ele>3603.000000</ele>
			</trkpt>
			<trkpt lat="28.271246" lon="-16.641345">
				<ele>3604.000000</ele>
			</trkpt>
			<trkpt lat="28.271254" lon="-16.641362">
				<ele>3605.000000</ele>
			</trkpt>
			<trkpt lat="28.271246" lon="-16.641389">
				<ele>3606.000000</ele>
			</trkpt>
			<trkpt lat="28.271262" lon="-16.641435">
				<ele>3607.000000</ele>
			</trkpt>
			<trkpt lat="28.271278" lon="-16.641444">
				<ele>3607.000000</ele>
			</trkpt>
			<trkpt lat="28.271294" lon="-16.641398">
				<ele>3609.000000</ele>
			</trkpt>
			<trkpt lat="28.271302" lon="-16.641398">
				<ele>3609.000000</ele>
			</trkpt>
			<trkpt lat="28.271310" lon="-16.641479">
				<ele>3612.000000</ele>
			</trkpt>
			<trkpt lat="28.271357" lon="-16.641587">
				<ele>3616.000000</ele>
			</trkpt>
			<trkpt lat="28.271373" lon="-16.641596">
				<ele>3617.000000</ele>
			</trkpt>
			<trkpt lat="28.271420" lon="-16.641569">
				<ele>3619.000000</ele>
			</trkpt>
			<trkpt lat="28.271444" lon="-16.641596">
				<ele>3620.000000</ele>
			</trkpt>
			<trkpt lat="28.271437" lon="-16.641650">
				<ele>3622.000000</ele>
			</trkpt>
			<trkpt lat="28.271452" lon="-16.641677">
				<ele>3623.000000</ele>
			</trkpt>
			<trkpt lat="28.271468" lon="-16.641677">
				<ele>3624.000000</ele>
			</trkpt>
			<trkpt lat="28.271500" lon="-16.641641">
				<ele>3626.000000</ele>
			</trkpt>
			<trkpt lat="28.271523" lon="-16.641704">
				<ele>3629.000000</ele>
			</trkpt>
			<trkpt lat="28.271539" lon="-16.641722">
				<ele>3630.000000</ele>
			</trkpt>
			<trkpt lat="28.271563" lon="-16.641712">
				<ele>3631.000000</ele>
			</trkpt>
			<trkpt lat="28.271587" lon="-16.641659">
				<ele>3633.000000</ele>
			</trkpt>
			<trkpt lat="28.271618" lon="-16.641668">
				<ele>3634.000000</ele>
			</trkpt>
			<trkpt lat="28.271658" lon="-16.641722">
				<ele>3636.000000</ele>
			</trkpt>
			<trkpt lat="28.271658" lon="-16.641758">
				<ele>3637.000000</ele>
			</trkpt>
			<trkpt lat="28.271713" lon="-16.641865">
				<ele>3641.000000</ele>
			</trkpt>
			<trkpt lat="28.271729" lon="-16.641884">
				<ele>3642.000000</ele>
			</trkpt>
			<trkpt lat="28.271753" lon="-16.641830">
				<ele>3644.000000</ele>
			</trkpt>
			<trkpt lat="28.271768" lon="-16.641821">
				<ele>3645.000000</ele>
			</trkpt>
			<trkpt lat="28.271816" lon="-16.641920">
				<ele>3649.000000</ele>
			</trkpt>
			<trkpt lat="28.271816" lon="-16.641955">
				<ele>3650.000000</ele>
			</trkpt>
			<trkpt lat="28.271840" lon="-16.641974">
				<ele>3651.000000</ele>
			</trkpt>
			<trkpt lat="28.271864" lon="-16.641955">
				<ele>3652.000000</ele>
			</trkpt>
			<trkpt lat="28.271887" lon="-16.641955">
				<ele>3653.000000</ele>
			</trkpt>
			<trkpt lat="28.271879" lon="-16.642037">
				<ele>3655.000000</ele>
			</trkpt>
			<trkpt lat="28.271895" lon="-16.642054">
				<ele>3656.000000</ele>
			</trkpt>
			<trkpt lat="28.271927" lon="-16.642037">
				<ele>3657.000000</ele>
			</trkpt>
			<trkpt lat="28.271951" lon="-16.642045">
				<ele>3658.000000</ele>
			</trkpt>
			<trkpt lat="28.271990" lon="-16.642018">
				<ele>3659.000000</ele>
			</trkpt>
			<trkpt lat="28.272061" lon="-16.642018">
				<ele>3662.000000</ele>
			</trkpt>
			<trkpt lat="28.272093" lon="-16.642045">
				<ele>3664.000000</ele>
			</trkpt>
			<trkpt lat="28.272133" lon="-16.642054">
				<ele>3665.000000</ele>
			</trkpt>
			<trkpt lat="28.272164" lon="-16.642037">
				<ele>3666.000000</ele>
			</trkpt>
			<trkpt lat="28.272188" lon="-16.642037">
				<ele>3667.000000</ele>
			</trkpt>
			<trkpt lat="28.272283" lon="-16.642027">
				<ele>3670.000000</ele>
			</trkpt>
			<trkpt lat="28.272291" lon="-16.641991">
				<ele>3670.000000</ele>
			</trkpt>
			<trkpt lat="28.272378" lon="-16.641982">
				<ele>3672.000000</ele>
			</trkpt>
			<trkpt lat="28.272560" lon="-16.642045">
				<ele>3679.000000</ele>
			</trkpt>
			<trkpt lat="28.272568" lon="-16.642117">
				<ele>3681.000000</ele>
			</trkpt>
			<trkpt lat="28.272718" lon="-16.642224">
				<ele>3682.000000</ele>
			</trkpt>
			<trkpt lat="28.272718" lon="-16.642224">
				<ele>3682.000000</ele>
			</trkpt>
			<trkpt lat="28.272568" lon="-16.642117">
				<ele>3681.000000</ele>
			</trkpt>
			<trkpt lat="28.272560" lon="-16.642045">
				<ele>3679.000000</ele>
			</trkpt>
			<trkpt lat="28.272378" lon="-16.641982">
				<ele>3672.000000</ele>
			</trkpt>
			<trkpt lat="28.272291" lon="-16.641991">
				<ele>3670.000000</ele>
			</trkpt>
			<trkpt lat="28.272283" lon="-16.642027">
				<ele>3670.000000</ele>
			</trkpt>
			<trkpt lat="28.272188" lon="-16.642037">
				<ele>3667.000000</ele>
			</trkpt>
			<trkpt lat="28.272164" lon="-16.642037">
				<ele>3666.000000</ele>
			</trkpt>
			<trkpt lat="28.272133" lon="-16.642054">
				<ele>3665.000000</ele>
			</trkpt>
			<trkpt lat="28.272093" lon="-16.642045">
				<ele>3664.000000</ele>
			</trkpt>
			<trkpt lat="28.272061" lon="-16.642018">
				<ele>3662.000000</ele>
			</trkpt>
			<trkpt lat="28.271990" lon="-16.642018">
				<ele>3659.000000</ele>
			</trkpt>
			<trkpt lat="28.271951" lon="-16.642045">
				<ele>3658.000000</ele>
			</trkpt>
			<trkpt lat="28.271927" lon="-16.642037">
				<ele>3657.000000</ele>
			</trkpt>
			<trkpt lat="28.271895" lon="-16.642054">
				<ele>3656.000000</ele>
			</trkpt>
			<trkpt lat="28.271879" lon="-16.642037">
				<ele>3655.000000</ele>
			</trkpt>
			<trkpt lat="28.271887" lon="-16.641955">
				<ele>3653.000000</ele>
			</trkpt>
			<trkpt lat="28.271864" lon="-16.641955">
				<ele>3652.000000</ele>
			</trkpt>
			<trkpt lat="28.271840" lon="-16.641974">
				<ele>3651.000000</ele>
			</trkpt>
			<trkpt lat="28.271816" lon="-16.641955">
				<ele>3650.000000</ele>
			</trkpt>
			<trkpt lat="28.271816" lon="-16.641920">
				<ele>3649.000000</ele>
			</trkpt>
			<trkpt lat="28.271768" lon="-16.641821">
				<ele>3645.000000</ele>
			</trkpt>
			<trkpt lat="28.271753" lon="-16.641830">
				<ele>3644.000000</ele>
			</trkpt>
			<trkpt lat="28.271729" lon="-16.641884">
				<ele>3642.000000</ele>
			</trkpt>
			<trkpt lat="28.271713" lon="-16.641865">
				<ele>3641.000000</ele>
			</trkpt>
			<trkpt lat="28.271658" lon="-16.641758">
				<ele>3637.000000</ele>
			</trkpt>
			<trkpt lat="28.271658" lon="-16.641722">
				<ele>3636.000000</ele>
			</trkpt>
			<trkpt lat="28.271618" lon="-16.641668">
				<ele>3634.000000</ele>
			</trkpt>
			<trkpt lat="28.271587" lon="-16.641659">
				<ele>3633.000000</ele>
			</trkpt>
			<trkpt lat="28.271563" lon="-16.641712">
				<ele>3631.000000</ele>
			</trkpt>
			<trkpt lat="28.271539" lon="-16.641722">
				<ele>3630.000000</ele>
			</trkpt>
			<trkpt lat="28.271523" lon="-16.641704">
				<ele>3629.000000</ele>
			</trkpt>
			<trkpt lat="28.271500" lon="-16.641641">
				<ele>3626.000000</ele>
			</trkpt>
			<trkpt lat="28.271468" lon="-16.641677">
				<ele>3624.000000</ele>
			</trkpt>
			<trkpt lat="28.271452" lon="-16.641677">
				<ele>3623.000000</ele>
			</trkpt>
			<trkpt lat="28.271437" lon="-16.641650">
				<ele>3622.000000</ele>
			</trkpt>
			<trkpt lat="28.271444" lon="-16.641596">
				<ele>3620.000000</ele>
			</trkpt>
			<trkpt lat="28.271420" lon="-16.641569">
				<ele>3619.000000</ele>
			</trkpt>
			<trkpt lat="28.271373" lon="-16.641596">
				<ele>3617.000000</ele>
			</trkpt>
			<trkpt lat="28.271357" lon="-16.641587">
				<ele>3616.000000</ele>
			</trkpt>
			<trkpt lat="28.271310" lon="-16.641479">
				<ele>3612.000000</ele>
			</trkpt>
			<trkpt lat="28.271302" lon="-16.641398">
				<ele>3609.000000</ele>
			</trkpt>
			<trkpt lat="28.271294" lon="-16.641398">
				<ele>3609.000000</ele>
			</trkpt>
			<trkpt lat="28.271278" lon="-16.641444">
				<ele>3607.000000</ele>
			</trkpt>
			<trkpt lat="28.271262" lon="-16.641435">
				<ele>3607.000000</ele>
			</trkpt>
			<trkpt lat="28.271246" lon="-16.641389">
				<ele>3606.000000</ele>
			</trkpt>
			<trkpt lat="28.271254" lon="-16.641362">
				<ele>3605.000000</ele>
			</trkpt>
			<trkpt lat="28.271246" lon="-16.641345">
				<ele>3604.000000</ele>
			</trkpt>
			<trkpt lat="28.271215" lon="-16.641372">
				<ele>3603.000000</ele>
			</trkpt>
			<trkpt lat="28.271207" lon="-16.641354">
				<ele>3602.000000</ele>
			</trkpt>
			<trkpt lat="28.271223" lon="-16.641326">
				<ele>3602.000000</ele>
			</trkpt>
			<trkpt lat="28.271199" lon="-16.641255">
				<ele>3600.000000</ele>
			</trkpt>
			<trkpt lat="28.271207" lon="-16.641209">
				<ele>3599.000000</ele>
			</trkpt>
			<trkpt lat="28.271183" lon="-16.641201">
				<ele>3598.000000</ele>
			</trkpt>
			<trkpt lat="28.271167" lon="-16.641272">
				<ele>3596.000000</ele>
			</trkpt>
			<trkpt lat="28.271144" lon="-16.641291">
				<ele>3596.000000</ele>
			</trkpt>
			<trkpt lat="28.271127" lon="-16.641282">
				<ele>3595.000000</ele>
			</trkpt>
			<trkpt lat="28.271112" lon="-16.641201">
				<ele>3593.000000</ele>
			</trkpt>
			<trkpt lat="28.271104" lon="-16.641201">
				<ele>3593.000000</ele>
			</trkpt>
			<trkpt lat="28.271089" lon="-16.641228">
				<ele>3592.000000</ele>
			</trkpt>
			<trkpt lat="28.271072" lon="-16.641219">
				<ele>3592.000000</ele>
			</trkpt>
			<trkpt lat="28.271080" lon="-16.641165">
				<ele>3591.000000</ele>
			</trkpt>
			<trkpt lat="28.271072" lon="-16.641146">
				<ele>3590.000000</ele>
			</trkpt>
			<trkpt lat="28.271056" lon="-16.641146">
				<ele>3590.000000</ele>
			</trkpt>
			<trkpt lat="28.271033" lon="-16.641119">
				<ele>3589.000000</ele>
			</trkpt>
			<trkpt lat="28.271017" lon="-16.641138">
				<ele>3588.000000</ele>
			</trkpt>
			<trkpt lat="28.271009" lon="-16.641129">
				<ele>3587.000000</ele>
			</trkpt>
			<trkpt lat="28.271009" lon="-16.641022">
				<ele>3584.000000</ele>
			</trkpt>
			<trkpt lat="28.270993" lon="-16.640976">
				<ele>3582.000000</ele>
			</trkpt>
			<trkpt lat="28.270906" lon="-16.640859">
				<ele>3576.000000</ele>
			</trkpt>
			<trkpt lat="28.270795" lon="-16.640698">
				<ele>3569.000000</ele>
			</trkpt>
			<trkpt lat="28.270795" lon="-16.640670">
				<ele>3569.000000</ele>
			</trkpt>
			<trkpt lat="28.270835" lon="-16.640643">
				<ele>3568.000000</ele>
			</trkpt>
			<trkpt lat="28.270898" lon="-16.640553">
				<ele>3566.000000</ele>
			</trkpt>
			<trkpt lat="28.270938" lon="-16.640509">
				<ele>3565.000000</ele>
			</trkpt>
			<trkpt lat="28.270938" lon="-16.640482">
				<ele>3565.000000</ele>
			</trkpt>
			<trkpt lat="28.270914" lon="-16.640492">
				<ele>3565.000000</ele>
			</trkpt>
			<trkpt lat="28.270883" lon="-16.640482">
				<ele>3564.000000</ele>
			</trkpt>
			<trkpt lat="28.270875" lon="-16.640464">
				<ele>3564.000000</ele>
			</trkpt>
			<trkpt lat="28.270898" lon="-16.640429">
				<ele>3563.000000</ele>
			</trkpt>
			<trkpt lat="28.270891" lon="-16.640402">
				<ele>3563.000000</ele>
			</trkpt>
			<trkpt lat="28.270764" lon="-16.640177">
				<ele>3559.000000</ele>
			</trkpt>
			<trkpt lat="28.270693" lon="-16.639997">
				<ele>3557.000000</ele>
			</trkpt>
			<trkpt lat="28.270637" lon="-16.639836">
				<ele>3555.000000</ele>
			</trkpt>
			<trkpt lat="28.270598" lon="-16.639674">
				<ele>3553.000000</ele>
			</trkpt>
			<trkpt lat="28.270550" lon="-16.639601">
				<ele>3552.000000</ele>
			</trkpt>
			<trkpt lat="28.270527" lon="-16.639557">
				<ele>3551.000000</ele>
			</trkpt>
			<trkpt lat="28.270550" lon="-16.639450">
				<ele>3550.000000</ele>
			</trkpt>
			<trkpt lat="28.270519" lon="-16.639198">
				<ele>3546.000000</ele>
			</trkpt>
			<trkpt lat="28.270527" lon="-16.639144">
				<ele>3545.000000</ele>
			</trkpt>
			<trkpt lat="28.270550" lon="-16.639090">
				<ele>3544.000000</ele>
			</trkpt>
			<trkpt lat="28.270550" lon="-16.638945">
				<ele>3542.000000</ele>
			</trkpt>
			<trkpt lat="28.270527" lon="-16.638892">
				<ele>3541.000000</ele>
			</trkpt>
			<trkpt lat="28.270416" lon="-16.638775">
				<ele>3540.000000</ele>
			</trkpt>
			<trkpt lat="28.270384" lon="-16.638722">
				<ele>3540.000000</ele>
			</trkpt>
			<trkpt lat="28.270384" lon="-16.638676">
				<ele>3540.000000</ele>
			</trkpt>
			<trkpt lat="28.270463" lon="-16.638695">
				<ele>3540.000000</ele>
			</trkpt>
			<trkpt lat="28.270511" lon="-16.638722">
				<ele>3540.000000</ele>
			</trkpt>
			<trkpt lat="28.270535" lon="-16.638775">
				<ele>3540.000000</ele>
			</trkpt>
			<trkpt lat="28.270558" lon="-16.638856">
				<ele>3540.000000</ele>
			</trkpt>
			<trkpt lat="28.270582" lon="-16.638901">
				<ele>3541.000000</ele>
			</trkpt>
			<trkpt lat="28.270598" lon="-16.639000">
				<ele>3543.000000</ele>
			</trkpt>
			<trkpt lat="28.270614" lon="-16.639035">
				<ele>3543.000000</ele>
			</trkpt>
			<trkpt lat="28.270637" lon="-16.639054">
				<ele>3544.000000</ele>
			</trkpt>
			<trkpt lat="28.270653" lon="-16.639072">
				<ele>3544.000000</ele>
			</trkpt>
			<trkpt lat="28.270661" lon="-16.639108">
				<ele>3545.000000</ele>
			</trkpt>
			<trkpt lat="28.270677" lon="-16.639135">
				<ele>3545.000000</ele>
			</trkpt>
			<trkpt lat="28.270708" lon="-16.639152">
				<ele>3546.000000</ele>
			</trkpt>
			<trkpt lat="28.270740" lon="-16.639161">
				<ele>3546.000000</ele>
			</trkpt>
			<trkpt lat="28.270795" lon="-16.639152">
				<ele>3547.000000</ele>
			</trkpt>
			<trkpt lat="28.270827" lon="-16.639144">
				<ele>3548.000000</ele>
			</trkpt>
			<trkpt lat="28.270851" lon="-16.639125">
				<ele>3548.000000</ele>
			</trkpt>
			<trkpt lat="28.270883" lon="-16.639135">
				<ele>3549.000000</ele>
			</trkpt>
			<trkpt lat="28.270906" lon="-16.639161">
				<ele>3549.000000</ele>
			</trkpt>
			<trkpt lat="28.270930" lon="-16.639188">
				<ele>3550.000000</ele>
			</trkpt>
			<trkpt lat="28.270946" lon="-16.639188">
				<ele>3550.000000</ele>
			</trkpt>
			<trkpt lat="28.270954" lon="-16.639144">
				<ele>3550.000000</ele>
			</trkpt>
			<trkpt lat="28.270962" lon="-16.639117">
				<ele>3550.000000</ele>
			</trkpt>
			<trkpt lat="28.270962" lon="-16.639081">
				<ele>3549.000000</ele>
			</trkpt>
			<trkpt lat="28.270977" lon="-16.639045">
				<ele>3549.000000</ele>
			</trkpt>
			<trkpt lat="28.271009" lon="-16.639009">
				<ele>3549.000000</ele>
			</trkpt>
			<trkpt lat="28.271056" lon="-16.638991">
				<ele>3548.000000</ele>
			</trkpt>
			<trkpt lat="28.271089" lon="-16.638974">
				<ele>3548.000000</ele>
			</trkpt>
			<trkpt lat="28.271096" lon="-16.638945">
				<ele>3548.000000</ele>
			</trkpt>
			<trkpt lat="28.271089" lon="-16.638901">
				<ele>3548.000000</ele>
			</trkpt>
			<trkpt lat="28.271089" lon="-16.638848">
				<ele>3547.000000</ele>
			</trkpt>
			<trkpt lat="28.271096" lon="-16.638811">
				<ele>3547.000000</ele>
			</trkpt>
			<trkpt lat="28.271127" lon="-16.638748">
				<ele>3547.000000</ele>
			</trkpt>
			<trkpt lat="28.271152" lon="-16.638695">
				<ele>3546.000000</ele>
			</trkpt>
			<trkpt lat="28.271199" lon="-16.638658">
				<ele>3546.000000</ele>
			</trkpt>
			<trkpt lat="28.271254" lon="-16.638649">
				<ele>3545.000000</ele>
			</trkpt>
			<trkpt lat="28.271302" lon="-16.638658">
				<ele>3545.000000</ele>
			</trkpt>
			<trkpt lat="28.271357" lon="-16.638676">
				<ele>3545.000000</ele>
			</trkpt>
			<trkpt lat="28.271373" lon="-16.638668">
				<ele>3544.000000</ele>
			</trkpt>
			<trkpt lat="28.271404" lon="-16.638658">
				<ele>3544.000000</ele>
			</trkpt>
			<trkpt lat="28.271460" lon="-16.638605">
				<ele>3544.000000</ele>
			</trkpt>
			<trkpt lat="28.271650" lon="-16.638425">
				<ele>3542.000000</ele>
			</trkpt>
			<trkpt lat="28.271681" lon="-16.638371">
				<ele>3541.000000</ele>
			</trkpt>
			<trkpt lat="28.271721" lon="-16.638345">
				<ele>3541.000000</ele>
			</trkpt>
			<trkpt lat="28.271760" lon="-16.638345">
				<ele>3541.000000</ele>
			</trkpt>
			<trkpt lat="28.271808" lon="-16.638362">
				<ele>3540.000000</ele>
			</trkpt>
			<trkpt lat="28.271895" lon="-16.638389">
				<ele>3540.000000</ele>
			</trkpt>
			<trkpt lat="28.271927" lon="-16.638408">
				<ele>3540.000000</ele>
			</trkpt>
			<trkpt lat="28.271974" lon="-16.638461">
				<ele>3540.000000</ele>
			</trkpt>
			<trkpt lat="28.272061" lon="-16.638496">
				<ele>3540.000000</ele>
			</trkpt>
			<trkpt lat="28.272093" lon="-16.638506">
				<ele>3540.000000</ele>
			</trkpt>
			<trkpt lat="28.272125" lon="-16.638496">
				<ele>3540.000000</ele>
			</trkpt>
			<trkpt lat="28.272156" lon="-16.638479">
				<ele>3540.000000</ele>
			</trkpt>
			<trkpt lat="28.272196" lon="-16.638479">
				<ele>3540.000000</ele>
			</trkpt>
			<trkpt lat="28.272220" lon="-16.638496">
				<ele>3540.000000</ele>
			</trkpt>
			<trkpt lat="28.272267" lon="-16.638515">
				<ele>3540.000000</ele>
			</trkpt>
			<trkpt lat="28.272299" lon="-16.638515">
				<ele>3540.000000</ele>
			</trkpt>
			<trkpt lat="28.272306" lon="-16.638532">
				<ele>3540.000000</ele>
			</trkpt>
			<trkpt lat="28.272322" lon="-16.638569">
				<ele>3540.000000</ele>
			</trkpt>
			<trkpt lat="28.272338" lon="-16.638595">
				<ele>3540.000000</ele>
			</trkpt>
			<trkpt lat="28.272362" lon="-16.638614">
				<ele>3540.000000</ele>
			</trkpt>
			<trkpt lat="28.272393" lon="-16.638622">
				<ele>3540.000000</ele>
			</trkpt>
			<trkpt lat="28.272425" lon="-16.638614">
				<ele>3540.000000</ele>
			</trkpt>
			<trkpt lat="28.272464" lon="-16.638595">
				<ele>3540.000000</ele>
			</trkpt>
			<trkpt lat="28.272662" lon="-16.638614">
				<ele>3540.000000</ele>
			</trkpt>
			<trkpt lat="28.272718" lon="-16.638605">
				<ele>3540.000000</ele>
			</trkpt>
			<trkpt lat="28.272766" lon="-16.638622">
				<ele>3540.000000</ele>
			</trkpt>
			<trkpt lat="28.272789" lon="-16.638605">
				<ele>3540.000000</ele>
			</trkpt>
			<trkpt lat="28.272829" lon="-16.638551">
				<ele>3540.000000</ele>
			</trkpt>
			<trkpt lat="28.272884" lon="-16.638506">
				<ele>3540.000000</ele>
			</trkpt>
			<trkpt lat="28.272995" lon="-16.638515">
				<ele>3540.000000</ele>
			</trkpt>
			<trkpt lat="28.273018" lon="-16.638506">
				<ele>3540.000000</ele>
			</trkpt>
			<trkpt lat="28.273034" lon="-16.638488">
				<ele>3540.000000</ele>
			</trkpt>
			<trkpt lat="28.273066" lon="-16.638479">
				<ele>3540.000000</ele>
			</trkpt>
			<trkpt lat="28.273098" lon="-16.638488">
				<ele>3540.000000</ele>
			</trkpt>
			<trkpt lat="28.273169" lon="-16.638496">
				<ele>3540.000000</ele>
			</trkpt>
			<trkpt lat="28.273185" lon="-16.638515">
				<ele>3540.000000</ele>
			</trkpt>
			<trkpt lat="28.273193" lon="-16.638542">
				<ele>3540.000000</ele>
			</trkpt>
			<trkpt lat="28.273209" lon="-16.638578">
				<ele>3540.000000</ele>
			</trkpt>
			<trkpt lat="28.273216" lon="-16.638595">
				<ele>3540.000000</ele>
			</trkpt>
			<trkpt lat="28.273248" lon="-16.638595">
				<ele>3540.000000</ele>
			</trkpt>
			<trkpt lat="28.273280" lon="-16.638586">
				<ele>3540.000000</ele>
			</trkpt>
			<trkpt lat="28.273295" lon="-16.638605">
				<ele>3540.000000</ele>
			</trkpt>
			<trkpt lat="28.273311" lon="-16.638641">
				<ele>3540.000000</ele>
			</trkpt>
			<trkpt lat="28.273311" lon="-16.638685">
				<ele>3540.000000</ele>
			</trkpt>
			<trkpt lat="28.273319" lon="-16.638704">
				<ele>3540.000000</ele>
			</trkpt>
			<trkpt lat="28.273351" lon="-16.638712">
				<ele>3540.000000</ele>
			</trkpt>
			<trkpt lat="28.273391" lon="-16.638731">
				<ele>3540.000000</ele>
			</trkpt>
			<trkpt lat="28.273454" lon="-16.638739">
				<ele>3539.000000</ele>
			</trkpt>
			<trkpt lat="28.273509" lon="-16.638775">
				<ele>3539.000000</ele>
			</trkpt>
			<trkpt lat="28.273525" lon="-16.638794">
				<ele>3539.000000</ele>
			</trkpt>
			<trkpt lat="28.273525" lon="-16.638821">
				<ele>3538.000000</ele>
			</trkpt>
			<trkpt lat="28.273549" lon="-16.638838">
				<ele>3538.000000</ele>
			</trkpt>
			<trkpt lat="28.273564" lon="-16.638848">
				<ele>3538.000000</ele>
			</trkpt>
			<trkpt lat="28.273612" lon="-16.638865">
				<ele>3538.000000</ele>
			</trkpt>
			<trkpt lat="28.273651" lon="-16.638874">
				<ele>3537.000000</ele>
			</trkpt>
			<trkpt lat="28.273707" lon="-16.638892">
				<ele>3537.000000</ele>
			</trkpt>
			<trkpt lat="28.273834" lon="-16.638802">
				<ele>3535.000000</ele>
			</trkpt>
			<trkpt lat="28.273913" lon="-16.638748">
				<ele>3535.000000</ele>
			</trkpt>
			<trkpt lat="28.273928" lon="-16.638722">
				<ele>3534.000000</ele>
			</trkpt>
			<trkpt lat="28.273920" lon="-16.638704">
				<ele>3534.000000</ele>
			</trkpt>
			<trkpt lat="28.273841" lon="-16.638668">
				<ele>3534.000000</ele>
			</trkpt>
			<trkpt lat="28.273786" lon="-16.638622">
				<ele>3533.000000</ele>
			</trkpt>
			<trkpt lat="28.273770" lon="-16.638559">
				<ele>3532.000000</ele>
			</trkpt>
			<trkpt lat="28.273762" lon="-16.638496">
				<ele>3532.000000</ele>
			</trkpt>
			<trkpt lat="28.273643" lon="-16.638408">
				<ele>3531.000000</ele>
			</trkpt>
			<trkpt lat="28.273636" lon="-16.638371">
				<ele>3530.000000</ele>
			</trkpt>
			<trkpt lat="28.273643" lon="-16.638318">
				<ele>3530.000000</ele>
			</trkpt>
			<trkpt lat="28.273620" lon="-16.638236">
				<ele>3528.000000</ele>
			</trkpt>
			<trkpt lat="28.273612" lon="-16.638182">
				<ele>3527.000000</ele>
			</trkpt>
			<trkpt lat="28.273549" lon="-16.638129">
				<ele>3525.000000</ele>
			</trkpt>
			<trkpt lat="28.273509" lon="-16.638048">
				<ele>3523.000000</ele>
			</trkpt>
			<trkpt lat="28.273572" lon="-16.637859">
				<ele>3520.000000</ele>
			</trkpt>
			<trkpt lat="28.273564" lon="-16.637814">
				<ele>3519.000000</ele>
			</trkpt>
			<trkpt lat="28.273533" lon="-16.637752">
				<ele>3518.000000</ele>
			</trkpt>
			<trkpt lat="28.273533" lon="-16.637670">
				<ele>3517.000000</ele>
			</trkpt>
			<trkpt lat="28.273485" lon="-16.637634">
				<ele>3516.000000</ele>
			</trkpt>
			<trkpt lat="28.273462" lon="-16.637580">
				<ele>3515.000000</ele>
			</trkpt>
			<trkpt lat="28.273478" lon="-16.637553">
				<ele>3515.000000</ele>
			</trkpt>
			<trkpt lat="28.273525" lon="-16.637536">
				<ele>3514.000000</ele>
			</trkpt>
			<trkpt lat="28.273509" lon="-16.637490">
				<ele>3514.000000</ele>
			</trkpt>
			<trkpt lat="28.273422" lon="-16.637464">
				<ele>3512.000000</ele>
			</trkpt>
			<trkpt lat="28.273406" lon="-16.637437">
				<ele>3512.000000</ele>
			</trkpt>
			<trkpt lat="28.273374" lon="-16.637437">
				<ele>3512.000000</ele>
			</trkpt>
			<trkpt lat="28.273343" lon="-16.637446">
				<ele>3511.000000</ele>
			</trkpt>
			<trkpt lat="28.273311" lon="-16.637437">
				<ele>3511.000000</ele>
			</trkpt>
			<trkpt lat="28.273295" lon="-16.637419">
				<ele>3510.000000</ele>
			</trkpt>
			<trkpt lat="28.273280" lon="-16.637284">
				<ele>3508.000000</ele>
			</trkpt>
			<trkpt lat="28.273295" lon="-16.637140">
				<ele>3505.000000</ele>
			</trkpt>
			<trkpt lat="28.273303" lon="-16.637060">
				<ele>3503.000000</ele>
			</trkpt>
			<trkpt lat="28.273319" lon="-16.637033">
				<ele>3502.000000</ele>
			</trkpt>
			<trkpt lat="28.273351" lon="-16.637024">
				<ele>3502.000000</ele>
			</trkpt>
			<trkpt lat="28.273359" lon="-16.636987">
				<ele>3501.000000</ele>
			</trkpt>
			<trkpt lat="28.273359" lon="-16.636961">
				<ele>3500.000000</ele>
			</trkpt>
			<trkpt lat="28.273382" lon="-16.636951">
				<ele>3500.000000</ele>
			</trkpt>
			<trkpt lat="28.273422" lon="-16.636970">
				<ele>3499.000000</ele>
			</trkpt>
			<trkpt lat="28.273454" lon="-16.636961">
				<ele>3498.000000</ele>
			</trkpt>
			<trkpt lat="28.273462" lon="-16.636951">
				<ele>3498.000000</ele>
			</trkpt>
			<trkpt lat="28.273478" lon="-16.636943">
				<ele>3498.000000</ele>
			</trkpt>
			<trkpt lat="28.273478" lon="-16.636916">
				<ele>3497.000000</ele>
			</trkpt>
			<trkpt lat="28.273501" lon="-16.636898">
				<ele>3496.000000</ele>
			</trkpt>
			<trkpt lat="28.273944" lon="-16.636358">
				<ele>3481.000000</ele>
			</trkpt>
			<trkpt lat="28.274095" lon="-16.636072">
				<ele>3473.000000</ele>
			</trkpt>
			<trkpt lat="28.274229" lon="-16.635658">
				<ele>3463.000000</ele>
			</trkpt>
			<trkpt lat="28.274253" lon="-16.635496">
				<ele>3459.000000</ele>
			</trkpt>
			<trkpt lat="28.274245" lon="-16.635335">
				<ele>3456.000000</ele>
			</trkpt>
			<trkpt lat="28.274229" lon="-16.635245">
				<ele>3454.000000</ele>
			</trkpt>
			<trkpt lat="28.274047" lon="-16.634804">
				<ele>3443.000000</ele>
			</trkpt>
			<trkpt lat="28.274007" lon="-16.634751">
				<ele>3441.000000</ele>
			</trkpt>
			<trkpt lat="28.274032" lon="-16.634706">
				<ele>3440.000000</ele>
			</trkpt>
			<trkpt lat="28.274032" lon="-16.634670">
				<ele>3439.000000</ele>
			</trkpt>
			<trkpt lat="28.273999" lon="-16.634634">
				<ele>3438.000000</ele>
			</trkpt>
			<trkpt lat="28.273984" lon="-16.634580">
				<ele>3436.000000</ele>
			</trkpt>
			<trkpt lat="28.274007" lon="-16.634517">
				<ele>3435.000000</ele>
			</trkpt>
			<trkpt lat="28.273992" lon="-16.634301">
				<ele>3429.000000</ele>
			</trkpt>
			<trkpt lat="28.273952" lon="-16.634238">
				<ele>3427.000000</ele>
			</trkpt>
			<trkpt lat="28.273944" lon="-16.634194">
				<ele>3426.000000</ele>
			</trkpt>
			<trkpt lat="28.274007" lon="-16.634167">
				<ele>3425.000000</ele>
			</trkpt>
			<trkpt lat="28.274039" lon="-16.634140">
				<ele>3424.000000</ele>
			</trkpt>
			<trkpt lat="28.274032" lon="-16.634104">
				<ele>3423.000000</ele>
			</trkpt>
			<trkpt lat="28.273976" lon="-16.634068">
				<ele>3421.000000</ele>
			</trkpt>
			<trkpt lat="28.274015" lon="-16.634024">
				<ele>3420.000000</ele>
			</trkpt>
			<trkpt lat="28.273999" lon="-16.633987">
				<ele>3419.000000</ele>
			</trkpt>
			<trkpt lat="28.274024" lon="-16.633961">
				<ele>3418.000000</ele>
			</trkpt>
			<trkpt lat="28.274071" lon="-16.633961">
				<ele>3416.000000</ele>
			</trkpt>
			<trkpt lat="28.274087" lon="-16.633942">
				<ele>3416.000000</ele>
			</trkpt>
			<trkpt lat="28.274079" lon="-16.633871">
				<ele>3414.000000</ele>
			</trkpt>
			<trkpt lat="28.274126" lon="-16.633844">
				<ele>3412.000000</ele>
			</trkpt>
			<trkpt lat="28.274166" lon="-16.633825">
				<ele>3411.000000</ele>
			</trkpt>
			<trkpt lat="28.274174" lon="-16.633798">
				<ele>3410.000000</ele>
			</trkpt>
			<trkpt lat="28.274158" lon="-16.633772">
				<ele>3410.000000</ele>
			</trkpt>
			<trkpt lat="28.274229" lon="-16.633700">
				<ele>3406.000000</ele>
			</trkpt>
			<trkpt lat="28.274276" lon="-16.633556">
				<ele>3401.000000</ele>
			</trkpt>
			<trkpt lat="28.274300" lon="-16.633439">
				<ele>3396.000000</ele>
			</trkpt>
			<trkpt lat="28.274308" lon="-16.633332">
				<ele>3392.000000</ele>
			</trkpt>
			<trkpt lat="28.274284" lon="-16.633098">
				<ele>3383.000000</ele>
			</trkpt>
			<trkpt lat="28.274284" lon="-16.633053">
				<ele>3381.000000</ele>
			</trkpt>
			<trkpt lat="28.274276" lon="-16.633035">
				<ele>3380.000000</ele>
			</trkpt>
			<trkpt lat="28.274261" lon="-16.633045">
				<ele>3380.000000</ele>
			</trkpt>
			<trkpt lat="28.274205" lon="-16.633089">
				<ele>3380.000000</ele>
			</trkpt>
			<trkpt lat="28.274182" lon="-16.633089">
				<ele>3380.000000</ele>
			</trkpt>
			<trkpt lat="28.274166" lon="-16.633079">
				<ele>3380.000000</ele>
			</trkpt>
			<trkpt lat="28.274166" lon="-16.633035">
				<ele>3380.000000</ele>
			</trkpt>
			<trkpt lat="28.274150" lon="-16.632945">
				<ele>3378.000000</ele>
			</trkpt>
			<trkpt lat="28.274166" lon="-16.632892">
				<ele>3376.000000</ele>
			</trkpt>
			<trkpt lat="28.274134" lon="-16.632838">
				<ele>3374.000000</ele>
			</trkpt>
			<trkpt lat="28.274134" lon="-16.632802">
				<ele>3373.000000</ele>
			</trkpt>
			<trkpt lat="28.274095" lon="-16.632739">
				<ele>3370.000000</ele>
			</trkpt>
			<trkpt lat="28.274071" lon="-16.632703">
				<ele>3369.000000</ele>
			</trkpt>
			<trkpt lat="28.274079" lon="-16.632603">
				<ele>3365.000000</ele>
			</trkpt>
			<trkpt lat="28.274095" lon="-16.632506">
				<ele>3362.000000</ele>
			</trkpt>
			<trkpt lat="28.274103" lon="-16.632424">
				<ele>3359.000000</ele>
			</trkpt>
			<trkpt lat="28.274095" lon="-16.632397">
				<ele>3358.000000</ele>
			</trkpt>
			<trkpt lat="28.274111" lon="-16.632326">
				<ele>3355.000000</ele>
			</trkpt>
			<trkpt lat="28.274150" lon="-16.632164">
				<ele>3349.000000</ele>
			</trkpt>
			<trkpt lat="28.274166" lon="-16.632056">
				<ele>3345.000000</ele>
			</trkpt>
			<trkpt lat="28.274142" lon="-16.631804">
				<ele>3337.000000</ele>
			</trkpt>
			<trkpt lat="28.274134" lon="-16.631768">
				<ele>3336.000000</ele>
			</trkpt>
			<trkpt lat="28.274118" lon="-16.631706">
				<ele>3334.000000</ele>
			</trkpt>
			<trkpt lat="28.274126" lon="-16.631670">
				<ele>3333.000000</ele>
			</trkpt>
			<trkpt lat="28.274118" lon="-16.631634">
				<ele>3332.000000</ele>
			</trkpt>
			<trkpt lat="28.274103" lon="-16.631598">
				<ele>3331.000000</ele>
			</trkpt>
			<trkpt lat="28.274095" lon="-16.631553">
				<ele>3330.000000</ele>
			</trkpt>
			<trkpt lat="28.274095" lon="-16.631472">
				<ele>3327.000000</ele>
			</trkpt>
			<trkpt lat="28.274111" lon="-16.631391">
				<ele>3324.000000</ele>
			</trkpt>
			<trkpt lat="28.274118" lon="-16.631301">
				<ele>3322.000000</ele>
			</trkpt>
			<trkpt lat="28.274134" lon="-16.631265">
				<ele>3320.000000</ele>
			</trkpt>
			<trkpt lat="28.274126" lon="-16.631238">
				<ele>3320.000000</ele>
			</trkpt>
			<trkpt lat="28.274103" lon="-16.631221">
				<ele>3319.000000</ele>
			</trkpt>
			<trkpt lat="28.274095" lon="-16.631194">
				<ele>3318.000000</ele>
			</trkpt>
			<trkpt lat="28.274103" lon="-16.631158">
				<ele>3317.000000</ele>
			</trkpt>
			<trkpt lat="28.274103" lon="-16.631112">
				<ele>3316.000000</ele>
			</trkpt>
			<trkpt lat="28.274134" lon="-16.631095">
				<ele>3315.000000</ele>
			</trkpt>
			<trkpt lat="28.274166" lon="-16.631085">
				<ele>3314.000000</ele>
			</trkpt>
			<trkpt lat="28.274182" lon="-16.631068">
				<ele>3314.000000</ele>
			</trkpt>
			<trkpt lat="28.274174" lon="-16.631050">
				<ele>3313.000000</ele>
			</trkpt>
			<trkpt lat="28.274134" lon="-16.631005">
				<ele>3312.000000</ele>
			</trkpt>
			<trkpt lat="28.274111" lon="-16.630951">
				<ele>3310.000000</ele>
			</trkpt>
			<trkpt lat="28.274103" lon="-16.630934">
				<ele>3310.000000</ele>
			</trkpt>
			<trkpt lat="28.274111" lon="-16.630934">
				<ele>3310.000000</ele>
			</trkpt>
			<trkpt lat="28.274150" lon="-16.630942">
				<ele>3310.000000</ele>
			</trkpt>
			<trkpt lat="28.274158" lon="-16.630934">
				<ele>3310.000000</ele>
			</trkpt>
			<trkpt lat="28.274150" lon="-16.630898">
				<ele>3309.000000</ele>
			</trkpt>
			<trkpt lat="28.274134" lon="-16.630871">
				<ele>3308.000000</ele>
			</trkpt>
			<trkpt lat="28.274103" lon="-16.630834">
				<ele>3307.000000</ele>
			</trkpt>
			<trkpt lat="28.274095" lon="-16.630816">
				<ele>3307.000000</ele>
			</trkpt>
			<trkpt lat="28.274095" lon="-16.630808">
				<ele>3307.000000</ele>
			</trkpt>
			<trkpt lat="28.274126" lon="-16.630816">
				<ele>3306.000000</ele>
			</trkpt>
			<trkpt lat="28.274174" lon="-16.630798">
				<ele>3305.000000</ele>
			</trkpt>
			<trkpt lat="28.274182" lon="-16.630789">
				<ele>3304.000000</ele>
			</trkpt>
			<trkpt lat="28.274134" lon="-16.630745">
				<ele>3303.000000</ele>
			</trkpt>
			<trkpt lat="28.274118" lon="-16.630735">
				<ele>3303.000000</ele>
			</trkpt>
			<trkpt lat="28.274118" lon="-16.630718">
				<ele>3302.000000</ele>
			</trkpt>
			<trkpt lat="28.274166" lon="-16.630708">
				<ele>3301.000000</ele>
			</trkpt>
			<trkpt lat="28.274166" lon="-16.630699">
				<ele>3301.000000</ele>
			</trkpt>
			<trkpt lat="28.274166" lon="-16.630682">
				<ele>3301.000000</ele>
			</trkpt>
			<trkpt lat="28.274142" lon="-16.630672">
				<ele>3300.000000</ele>
			</trkpt>
			<trkpt lat="28.274142" lon="-16.630664">
				<ele>3300.000000</ele>
			</trkpt>
			<trkpt lat="28.274158" lon="-16.630655">
				<ele>3299.000000</ele>
			</trkpt>
			<trkpt lat="28.274166" lon="-16.630636">
				<ele>3299.000000</ele>
			</trkpt>
			<trkpt lat="28.274174" lon="-16.630601">
				<ele>3298.000000</ele>
			</trkpt>
			<trkpt lat="28.274182" lon="-16.630592">
				<ele>3297.000000</ele>
			</trkpt>
			<trkpt lat="28.274190" lon="-16.630582">
				<ele>3297.000000</ele>
			</trkpt>
			<trkpt lat="28.274190" lon="-16.630565">
				<ele>3297.000000</ele>
			</trkpt>
			<trkpt lat="28.274174" lon="-16.630546">
				<ele>3296.000000</ele>
			</trkpt>
			<trkpt lat="28.274166" lon="-16.630529">
				<ele>3295.000000</ele>
			</trkpt>
			<trkpt lat="28.274166" lon="-16.630448">
				<ele>3293.000000</ele>
			</trkpt>
			<trkpt lat="28.274158" lon="-16.630429">
				<ele>3293.000000</ele>
			</trkpt>
			<trkpt lat="28.274142" lon="-16.630421">
				<ele>3292.000000</ele>
			</trkpt>
			<trkpt lat="28.274118" lon="-16.630429">
				<ele>3292.000000</ele>
			</trkpt>
			<trkpt lat="28.274111" lon="-16.630412">
				<ele>3291.000000</ele>
			</trkpt>
			<trkpt lat="28.274118" lon="-16.630368">
				<ele>3290.000000</ele>
			</trkpt>
			<trkpt lat="28.274134" lon="-16.630250">
				<ele>3288.000000</ele>
			</trkpt>
			<trkpt lat="28.274126" lon="-16.630223">
				<ele>3288.000000</ele>
			</trkpt>
			<trkpt lat="28.274111" lon="-16.630206">
				<ele>3287.000000</ele>
			</trkpt>
			<trkpt lat="28.274103" lon="-16.630188">
				<ele>3287.000000</ele>
			</trkpt>
			<trkpt lat="28.274103" lon="-16.630179">
				<ele>3287.000000</ele>
			</trkpt>
			<trkpt lat="28.274118" lon="-16.630169">
				<ele>3286.000000</ele>
			</trkpt>
			<trkpt lat="28.274150" lon="-16.630179">
				<ele>3286.000000</ele>
			</trkpt>
			<trkpt lat="28.274174" lon="-16.630179">
				<ele>3285.000000</ele>
			</trkpt>
			<trkpt lat="28.274190" lon="-16.630169">
				<ele>3285.000000</ele>
			</trkpt>
			<trkpt lat="28.274197" lon="-16.630169">
				<ele>3285.000000</ele>
			</trkpt>
			<trkpt lat="28.274197" lon="-16.630152">
				<ele>3285.000000</ele>
			</trkpt>
			<trkpt lat="28.274197" lon="-16.630142">
				<ele>3284.000000</ele>
			</trkpt>
			<trkpt lat="28.274261" lon="-16.630152">
				<ele>3283.000000</ele>
			</trkpt>
			<trkpt lat="28.274300" lon="-16.630152">
				<ele>3283.000000</ele>
			</trkpt>
			<trkpt lat="28.274308" lon="-16.630142">
				<ele>3282.000000</ele>
			</trkpt>
			<trkpt lat="28.274300" lon="-16.630133">
				<ele>3282.000000</ele>
			</trkpt>
			<trkpt lat="28.274276" lon="-16.630106">
				<ele>3282.000000</ele>
			</trkpt>
			<trkpt lat="28.274276" lon="-16.630098">
				<ele>3282.000000</ele>
			</trkpt>
			<trkpt lat="28.274300" lon="-16.630070">
				<ele>3281.000000</ele>
			</trkpt>
			<trkpt lat="28.274308" lon="-16.630053">
				<ele>3281.000000</ele>
			</trkpt>
			<trkpt lat="28.274308" lon="-16.630035">
				<ele>3280.000000</ele>
			</trkpt>
			<trkpt lat="28.274300" lon="-16.630016">
				<ele>3280.000000</ele>
			</trkpt>
			<trkpt lat="28.274284" lon="-16.630008">
				<ele>3280.000000</ele>
			</trkpt>
			<trkpt lat="28.274237" lon="-16.629999">
				<ele>3279.000000</ele>
			</trkpt>
			<trkpt lat="28.274213" lon="-16.629999">
				<ele>3278.000000</ele>
			</trkpt>
			<trkpt lat="28.274197" lon="-16.629963">
				<ele>3277.000000</ele>
			</trkpt>
			<trkpt lat="28.274205" lon="-16.629945">
				<ele>3277.000000</ele>
			</trkpt>
			<trkpt lat="28.274190" lon="-16.629919">
				<ele>3276.000000</ele>
			</trkpt>
			<trkpt lat="28.274182" lon="-16.629873">
				<ele>3275.000000</ele>
			</trkpt>
			<trkpt lat="28.274174" lon="-16.629864">
				<ele>3275.000000</ele>
			</trkpt>
			<trkpt lat="28.274158" lon="-16.629855">
				<ele>3275.000000</ele>
			</trkpt>
			<trkpt lat="28.274142" lon="-16.629837">
				<ele>3274.000000</ele>
			</trkpt>
			<trkpt lat="28.274134" lon="-16.629819">
				<ele>3274.000000</ele>
			</trkpt>
			<trkpt lat="28.274134" lon="-16.629810">
				<ele>3274.000000</ele>
			</trkpt>
			<trkpt lat="28.274134" lon="-16.629792">
				<ele>3273.000000</ele>
			</trkpt>
			<trkpt lat="28.274150" lon="-16.629783">
				<ele>3273.000000</ele>
			</trkpt>
			<trkpt lat="28.274166" lon="-16.629774">
				<ele>3272.000000</ele>
			</trkpt>
			<trkpt lat="28.274182" lon="-16.629766">
				<ele>3272.000000</ele>
			</trkpt>
			<trkpt lat="28.274182" lon="-16.629756">
				<ele>3272.000000</ele>
			</trkpt>
			<trkpt lat="28.274182" lon="-16.629747">
				<ele>3272.000000</ele>
			</trkpt>
			<trkpt lat="28.274134" lon="-16.629720">
				<ele>3271.000000</ele>
			</trkpt>
			<trkpt lat="28.274118" lon="-16.629712">
				<ele>3270.000000</ele>
			</trkpt>
			<trkpt lat="28.274111" lon="-16.629666">
				<ele>3269.000000</ele>
			</trkpt>
			<trkpt lat="28.274095" lon="-16.629649">
				<ele>3268.000000</ele>
			</trkpt>
			<trkpt lat="28.274095" lon="-16.629640">
				<ele>3268.000000</ele>
			</trkpt>
			<trkpt lat="28.274111" lon="-16.629622">
				<ele>3267.000000</ele>
			</trkpt>
			<trkpt lat="28.274111" lon="-16.629613">
				<ele>3267.000000</ele>
			</trkpt>
			<trkpt lat="28.274087" lon="-16.629550">
				<ele>3265.000000</ele>
			</trkpt>
			<trkpt lat="28.274063" lon="-16.629523">
				<ele>3264.000000</ele>
			</trkpt>
			<trkpt lat="28.273984" lon="-16.629460">
				<ele>3262.000000</ele>
			</trkpt>
			<trkpt lat="28.273968" lon="-16.629424">
				<ele>3260.000000</ele>
			</trkpt>
			<trkpt lat="28.273968" lon="-16.629334">
				<ele>3258.000000</ele>
			</trkpt>
			<trkpt lat="28.273952" lon="-16.629290">
				<ele>3257.000000</ele>
			</trkpt>
			<trkpt lat="28.273960" lon="-16.629200">
				<ele>3255.000000</ele>
			</trkpt>
			<trkpt lat="28.273952" lon="-16.629200">
				<ele>3255.000000</ele>
			</trkpt>
			<trkpt lat="28.273920" lon="-16.629208">
				<ele>3254.000000</ele>
			</trkpt>
			<trkpt lat="28.273857" lon="-16.629217">
				<ele>3253.000000</ele>
			</trkpt>
			<trkpt lat="28.273810" lon="-16.629217">
				<ele>3252.000000</ele>
			</trkpt>
			<trkpt lat="28.273794" lon="-16.629208">
				<ele>3251.000000</ele>
			</trkpt>
			<trkpt lat="28.273786" lon="-16.629200">
				<ele>3251.000000</ele>
			</trkpt>
			<trkpt lat="28.273786" lon="-16.629181">
				<ele>3251.000000</ele>
			</trkpt>
			<trkpt lat="28.273794" lon="-16.629137">
				<ele>3249.000000</ele>
			</trkpt>
			<trkpt lat="28.273810" lon="-16.629064">
				<ele>3247.000000</ele>
			</trkpt>
			<trkpt lat="28.273810" lon="-16.629020">
				<ele>3246.000000</ele>
			</trkpt>
			<trkpt lat="28.273802" lon="-16.629001">
				<ele>3245.000000</ele>
			</trkpt>
			<trkpt lat="28.273786" lon="-16.628993">
				<ele>3245.000000</ele>
			</trkpt>
			<trkpt lat="28.273755" lon="-16.628984">
				<ele>3244.000000</ele>
			</trkpt>
			<trkpt lat="28.273747" lon="-16.628974">
				<ele>3243.000000</ele>
			</trkpt>
			<trkpt lat="28.273747" lon="-16.628948">
				<ele>3242.000000</ele>
			</trkpt>
			<trkpt lat="28.273747" lon="-16.628930">
				<ele>3242.000000</ele>
			</trkpt>
			<trkpt lat="28.273707" lon="-16.628930">
				<ele>3241.000000</ele>
			</trkpt>
			<trkpt lat="28.273676" lon="-16.628911">
				<ele>3240.000000</ele>
			</trkpt>
			<trkpt lat="28.273667" lon="-16.628911">
				<ele>3239.000000</ele>
			</trkpt>
			<trkpt lat="28.273676" lon="-16.628903">
				<ele>3239.000000</ele>
			</trkpt>
			<trkpt lat="28.273699" lon="-16.628903">
				<ele>3239.000000</ele>
			</trkpt>
			<trkpt lat="28.273739" lon="-16.628858">
				<ele>3237.000000</ele>
			</trkpt>
			<trkpt lat="28.273770" lon="-16.628795">
				<ele>3236.000000</ele>
			</trkpt>
			<trkpt lat="28.273778" lon="-16.628768">
				<ele>3235.000000</ele>
			</trkpt>
			<trkpt lat="28.273770" lon="-16.628768">
				<ele>3235.000000</ele>
			</trkpt>
			<trkpt lat="28.273676" lon="-16.628787">
				<ele>3233.000000</ele>
			</trkpt>
			<trkpt lat="28.273651" lon="-16.628787">
				<ele>3232.000000</ele>
			</trkpt>
			<trkpt lat="28.273651" lon="-16.628777">
				<ele>3232.000000</ele>
			</trkpt>
			<trkpt lat="28.273667" lon="-16.628760">
				<ele>3231.000000</ele>
			</trkpt>
			<trkpt lat="28.273731" lon="-16.628651">
				<ele>3229.000000</ele>
			</trkpt>
			<trkpt lat="28.273739" lon="-16.628642">
				<ele>3228.000000</ele>
			</trkpt>
			<trkpt lat="28.273739" lon="-16.628634">
				<ele>3228.000000</ele>
			</trkpt>
			<trkpt lat="28.273731" lon="-16.628624">
				<ele>3228.000000</ele>
			</trkpt>
			<trkpt lat="28.273707" lon="-16.628634">
				<ele>3227.000000</ele>
			</trkpt>
			<trkpt lat="28.273659" lon="-16.628642">
				<ele>3226.000000</ele>
			</trkpt>
			<trkpt lat="28.273604" lon="-16.628634">
				<ele>3225.000000</ele>
			</trkpt>
			<trkpt lat="28.273588" lon="-16.628634">
				<ele>3225.000000</ele>
			</trkpt>
			<trkpt lat="28.273580" lon="-16.628615">
				<ele>3224.000000</ele>
			</trkpt>
			<trkpt lat="28.273588" lon="-16.628607">
				<ele>3224.000000</ele>
			</trkpt>
			<trkpt lat="28.273651" lon="-16.628580">
				<ele>3222.000000</ele>
			</trkpt>
			<trkpt lat="28.273659" lon="-16.628571">
				<ele>3222.000000</ele>
			</trkpt>
			<trkpt lat="28.273659" lon="-16.628561">
				<ele>3222.000000</ele>
			</trkpt>
			<trkpt lat="28.273651" lon="-16.628552">
				<ele>3222.000000</ele>
			</trkpt>
			<trkpt lat="28.273628" lon="-16.628544">
				<ele>3221.000000</ele>
			</trkpt>
			<trkpt lat="28.273620" lon="-16.628534">
				<ele>3221.000000</ele>
			</trkpt>
			<trkpt lat="28.273620" lon="-16.628525">
				<ele>3221.000000</ele>
			</trkpt>
			<trkpt lat="28.273659" lon="-16.628498">
				<ele>3220.000000</ele>
			</trkpt>
			<trkpt lat="28.273659" lon="-16.628490">
				<ele>3220.000000</ele>
			</trkpt>
			<trkpt lat="28.273643" lon="-16.628481">
				<ele>3219.000000</ele>
			</trkpt>
			<trkpt lat="28.273636" lon="-16.628471">
				<ele>3219.000000</ele>
			</trkpt>
			<trkpt lat="28.273628" lon="-16.628462">
				<ele>3219.000000</ele>
			</trkpt>
			<trkpt lat="28.273636" lon="-16.628454">
				<ele>3218.000000</ele>
			</trkpt>
			<trkpt lat="28.273707" lon="-16.628418">
				<ele>3217.000000</ele>
			</trkpt>
			<trkpt lat="28.273739" lon="-16.628400">
				<ele>3216.000000</ele>
			</trkpt>
			<trkpt lat="28.273747" lon="-16.628391">
				<ele>3216.000000</ele>
			</trkpt>
			<trkpt lat="28.273739" lon="-16.628382">
				<ele>3216.000000</ele>
			</trkpt>
			<trkpt lat="28.273722" lon="-16.628372">
				<ele>3215.000000</ele>
			</trkpt>
			<trkpt lat="28.273715" lon="-16.628364">
				<ele>3215.000000</ele>
			</trkpt>
			<trkpt lat="28.273715" lon="-16.628345">
				<ele>3215.000000</ele>
			</trkpt>
			<trkpt lat="28.273731" lon="-16.628337">
				<ele>3214.000000</ele>
			</trkpt>
			<trkpt lat="28.273747" lon="-16.628345">
				<ele>3214.000000</ele>
			</trkpt>
			<trkpt lat="28.273755" lon="-16.628345">
				<ele>3214.000000</ele>
			</trkpt>
			<trkpt lat="28.273762" lon="-16.628319">
				<ele>3213.000000</ele>
			</trkpt>
			<trkpt lat="28.273794" lon="-16.628319">
				<ele>3212.000000</ele>
			</trkpt>
			<trkpt lat="28.273802" lon="-16.628319">
				<ele>3212.000000</ele>
			</trkpt>
			<trkpt lat="28.273826" lon="-16.628292">
				<ele>3212.000000</ele>
			</trkpt>
			<trkpt lat="28.273818" lon="-16.628282">
				<ele>3211.000000</ele>
			</trkpt>
			<trkpt lat="28.273794" lon="-16.628274">
				<ele>3211.000000</ele>
			</trkpt>
			<trkpt lat="28.273770" lon="-16.628247">
				<ele>3210.000000</ele>
			</trkpt>
			<trkpt lat="28.273770" lon="-16.628229">
				<ele>3210.000000</ele>
			</trkpt>
			<trkpt lat="28.273778" lon="-16.628221">
				<ele>3210.000000</ele>
			</trkpt>
			<trkpt lat="28.273897" lon="-16.628221">
				<ele>3210.000000</ele>
			</trkpt>
			<trkpt lat="28.273920" lon="-16.628229">
				<ele>3210.000000</ele>
			</trkpt>
			<trkpt lat="28.273952" lon="-16.628229">
				<ele>3210.000000</ele>
			</trkpt>
			<trkpt lat="28.273984" lon="-16.628221">
				<ele>3210.000000</ele>
			</trkpt>
			<trkpt lat="28.274039" lon="-16.628194">
				<ele>3210.000000</ele>
			</trkpt>
			<trkpt lat="28.274055" lon="-16.628175">
				<ele>3210.000000</ele>
			</trkpt>
			<trkpt lat="28.274063" lon="-16.628158">
				<ele>3210.000000</ele>
			</trkpt>
			<trkpt lat="28.274063" lon="-16.628139">
				<ele>3210.000000</ele>
			</trkpt>
			<trkpt lat="28.274047" lon="-16.628131">
				<ele>3210.000000</ele>
			</trkpt>
			<trkpt lat="28.274024" lon="-16.628121">
				<ele>3209.000000</ele>
			</trkpt>
			<trkpt lat="28.273968" lon="-16.628095">
				<ele>3207.000000</ele>
			</trkpt>
			<trkpt lat="28.273944" lon="-16.628085">
				<ele>3206.000000</ele>
			</trkpt>
			<trkpt lat="28.273905" lon="-16.628032">
				<ele>3204.000000</ele>
			</trkpt>
			<trkpt lat="28.273865" lon="-16.628005">
				<ele>3202.000000</ele>
			</trkpt>
			<trkpt lat="28.273865" lon="-16.627995">
				<ele>3202.000000</ele>
			</trkpt>
			<trkpt lat="28.273889" lon="-16.627978">
				<ele>3201.000000</ele>
			</trkpt>
			<trkpt lat="28.273889" lon="-16.627959">
				<ele>3200.000000</ele>
			</trkpt>
			<trkpt lat="28.273873" lon="-16.627942">
				<ele>3199.000000</ele>
			</trkpt>
			<trkpt lat="28.273857" lon="-16.627942">
				<ele>3199.000000</ele>
			</trkpt>
			<trkpt lat="28.273841" lon="-16.627942">
				<ele>3198.000000</ele>
			</trkpt>
			<trkpt lat="28.273834" lon="-16.627932">
				<ele>3198.000000</ele>
			</trkpt>
			<trkpt lat="28.273834" lon="-16.627924">
				<ele>3198.000000</ele>
			</trkpt>
			<trkpt lat="28.273834" lon="-16.627906">
				<ele>3197.000000</ele>
			</trkpt>
			<trkpt lat="28.273881" lon="-16.627852">
				<ele>3195.000000</ele>
			</trkpt>
			<trkpt lat="28.273920" lon="-16.627789">
				<ele>3193.000000</ele>
			</trkpt>
			<trkpt lat="28.273936" lon="-16.627771">
				<ele>3193.000000</ele>
			</trkpt>
			<trkpt lat="28.273952" lon="-16.627762">
				<ele>3192.000000</ele>
			</trkpt>
			<trkpt lat="28.273984" lon="-16.627726">
				<ele>3191.000000</ele>
			</trkpt>
			<trkpt lat="28.273992" lon="-16.627690">
				<ele>3190.000000</ele>
			</trkpt>
			<trkpt lat="28.273992" lon="-16.627682">
				<ele>3190.000000</ele>
			</trkpt>
			<trkpt lat="28.273984" lon="-16.627672">
				<ele>3189.000000</ele>
			</trkpt>
			<trkpt lat="28.273968" lon="-16.627655">
				<ele>3189.000000</ele>
			</trkpt>
			<trkpt lat="28.273920" lon="-16.627636">
				<ele>3187.000000</ele>
			</trkpt>
			<trkpt lat="28.273913" lon="-16.627628">
				<ele>3187.000000</ele>
			</trkpt>
			<trkpt lat="28.273920" lon="-16.627592">
				<ele>3185.000000</ele>
			</trkpt>
			<trkpt lat="28.273913" lon="-16.627582">
				<ele>3185.000000</ele>
			</trkpt>
			<trkpt lat="28.273881" lon="-16.627573">
				<ele>3184.000000</ele>
			</trkpt>
			<trkpt lat="28.273873" lon="-16.627565">
				<ele>3184.000000</ele>
			</trkpt>
			<trkpt lat="28.273865" lon="-16.627546">
				<ele>3183.000000</ele>
			</trkpt>
			<trkpt lat="28.273865" lon="-16.627538">
				<ele>3183.000000</ele>
			</trkpt>
			<trkpt lat="28.273897" lon="-16.627519">
				<ele>3181.000000</ele>
			</trkpt>
			<trkpt lat="28.273913" lon="-16.627483">
				<ele>3180.000000</ele>
			</trkpt>
			<trkpt lat="28.273913" lon="-16.627456">
				<ele>3180.000000</ele>
			</trkpt>
			<trkpt lat="28.273913" lon="-16.627429">
				<ele>3179.000000</ele>
			</trkpt>
			<trkpt lat="28.273897" lon="-16.627420">
				<ele>3179.000000</ele>
			</trkpt>
			<trkpt lat="28.273802" lon="-16.627420">
				<ele>3176.000000</ele>
			</trkpt>
			<trkpt lat="28.273778" lon="-16.627412">
				<ele>3176.000000</ele>
			</trkpt>
			<trkpt lat="28.273731" lon="-16.627420">
				<ele>3175.000000</ele>
			</trkpt>
			<trkpt lat="28.273659" lon="-16.627439">
				<ele>3173.000000</ele>
			</trkpt>
			<trkpt lat="28.273612" lon="-16.627448">
				<ele>3172.000000</ele>
			</trkpt>
			<trkpt lat="28.273557" lon="-16.627456">
				<ele>3171.000000</ele>
			</trkpt>
			<trkpt lat="28.273549" lon="-16.627448">
				<ele>3170.000000</ele>
			</trkpt>
			<trkpt lat="28.273549" lon="-16.627420">
				<ele>3170.000000</ele>
			</trkpt>
			<trkpt lat="28.273557" lon="-16.627393">
				<ele>3169.000000</ele>
			</trkpt>
			<trkpt lat="28.273580" lon="-16.627376">
				<ele>3168.000000</ele>
			</trkpt>
			<trkpt lat="28.273612" lon="-16.627313">
				<ele>3165.000000</ele>
			</trkpt>
			<trkpt lat="28.273651" lon="-16.627169">
				<ele>3160.000000</ele>
			</trkpt>
			<trkpt lat="28.273659" lon="-16.627160">
				<ele>3160.000000</ele>
			</trkpt>
			<trkpt lat="28.273659" lon="-16.627152">
				<ele>3160.000000</ele>
			</trkpt>
			<trkpt lat="28.273651" lon="-16.627142">
				<ele>3160.000000</ele>
			</trkpt>
			<trkpt lat="28.273557" lon="-16.627196">
				<ele>3158.000000</ele>
			</trkpt>
			<trkpt lat="28.273501" lon="-16.627214">
				<ele>3157.000000</ele>
			</trkpt>
			<trkpt lat="28.273438" lon="-16.627214">
				<ele>3156.000000</ele>
			</trkpt>
			<trkpt lat="28.273399" lon="-16.627232">
				<ele>3156.000000</ele>
			</trkpt>
			<trkpt lat="28.273264" lon="-16.627277">
				<ele>3153.000000</ele>
			</trkpt>
			<trkpt lat="28.273240" lon="-16.627277">
				<ele>3153.000000</ele>
			</trkpt>
			<trkpt lat="28.273232" lon="-16.627268">
				<ele>3153.000000</ele>
			</trkpt>
			<trkpt lat="28.273232" lon="-16.627250">
				<ele>3153.000000</ele>
			</trkpt>
			<trkpt lat="28.273248" lon="-16.627240">
				<ele>3152.000000</ele>
			</trkpt>
			<trkpt lat="28.273264" lon="-16.627223">
				<ele>3152.000000</ele>
			</trkpt>
			<trkpt lat="28.273287" lon="-16.627160">
				<ele>3151.000000</ele>
			</trkpt>
			<trkpt lat="28.273335" lon="-16.627116">
				<ele>3150.000000</ele>
			</trkpt>
			<trkpt lat="28.273366" lon="-16.627062">
				<ele>3149.000000</ele>
			</trkpt>
			<trkpt lat="28.273399" lon="-16.627026">
				<ele>3148.000000</ele>
			</trkpt>
			<trkpt lat="28.273438" lon="-16.626953">
				<ele>3147.000000</ele>
			</trkpt>
			<trkpt lat="28.273462" lon="-16.626944">
				<ele>3146.000000</ele>
			</trkpt>
			<trkpt lat="28.273493" lon="-16.626909">
				<ele>3146.000000</ele>
			</trkpt>
			<trkpt lat="28.273485" lon="-16.626900">
				<ele>3145.000000</ele>
			</trkpt>
			<trkpt lat="28.273399" lon="-16.626927">
				<ele>3144.000000</ele>
			</trkpt>
			<trkpt lat="28.273366" lon="-16.626944">
				<ele>3143.000000</ele>
			</trkpt>
			<trkpt lat="28.273264" lon="-16.626972">
				<ele>3141.000000</ele>
			</trkpt>
			<trkpt lat="28.273240" lon="-16.626972">
				<ele>3141.000000</ele>
			</trkpt>
			<trkpt lat="28.273224" lon="-16.626972">
				<ele>3141.000000</ele>
			</trkpt>
			<trkpt lat="28.273209" lon="-16.626963">
				<ele>3140.000000</ele>
			</trkpt>
			<trkpt lat="28.273193" lon="-16.626944">
				<ele>3140.000000</ele>
			</trkpt>
			<trkpt lat="28.273193" lon="-16.626936">
				<ele>3139.000000</ele>
			</trkpt>
			<trkpt lat="28.273224" lon="-16.626936">
				<ele>3138.000000</ele>
			</trkpt>
			<trkpt lat="28.273248" lon="-16.626927">
				<ele>3138.000000</ele>
			</trkpt>
			<trkpt lat="28.273264" lon="-16.626909">
				<ele>3137.000000</ele>
			</trkpt>
			<trkpt lat="28.273280" lon="-16.626882">
				<ele>3136.000000</ele>
			</trkpt>
			<trkpt lat="28.273311" lon="-16.626837">
				<ele>3135.000000</ele>
			</trkpt>
			<trkpt lat="28.273366" lon="-16.626764">
				<ele>3132.000000</ele>
			</trkpt>
			<trkpt lat="28.273382" lon="-16.626729">
				<ele>3131.000000</ele>
			</trkpt>
			<trkpt lat="28.273430" lon="-16.626666">
				<ele>3129.000000</ele>
			</trkpt>
			<trkpt lat="28.273430" lon="-16.626657">
				<ele>3129.000000</ele>
			</trkpt>
			<trkpt lat="28.273422" lon="-16.626640">
				<ele>3129.000000</ele>
			</trkpt>
			<trkpt lat="28.273359" lon="-16.626674">
				<ele>3127.000000</ele>
			</trkpt>
			<trkpt lat="28.273295" lon="-16.626693">
				<ele>3126.000000</ele>
			</trkpt>
			<trkpt lat="28.273256" lon="-16.626703">
				<ele>3125.000000</ele>
			</trkpt>
			<trkpt lat="28.273209" lon="-16.626693">
				<ele>3124.000000</ele>
			</trkpt>
			<trkpt lat="28.273201" lon="-16.626684">
				<ele>3124.000000</ele>
			</trkpt>
			<trkpt lat="28.273240" lon="-16.626648">
				<ele>3123.000000</ele>
			</trkpt>
			<trkpt lat="28.273256" lon="-16.626603">
				<ele>3122.000000</ele>
			</trkpt>
			<trkpt lat="28.273264" lon="-16.626586">
				<ele>3121.000000</ele>
			</trkpt>
			<trkpt lat="28.273287" lon="-16.626550">
				<ele>3121.000000</ele>
			</trkpt>
			<trkpt lat="28.273319" lon="-16.626504">
				<ele>3119.000000</ele>
			</trkpt>
			<trkpt lat="28.273406" lon="-16.626378">
				<ele>3115.000000</ele>
			</trkpt>
			<trkpt lat="28.273485" lon="-16.626261">
				<ele>3111.000000</ele>
			</trkpt>
			<trkpt lat="28.273509" lon="-16.626208">
				<ele>3110.000000</ele>
			</trkpt>
			<trkpt lat="28.273493" lon="-16.626190">
				<ele>3109.000000</ele>
			</trkpt>
			<trkpt lat="28.273470" lon="-16.626190">
				<ele>3109.000000</ele>
			</trkpt>
			<trkpt lat="28.273446" lon="-16.626181">
				<ele>3108.000000</ele>
			</trkpt>
			<trkpt lat="28.273399" lon="-16.626181">
				<ele>3107.000000</ele>
			</trkpt>
			<trkpt lat="28.273335" lon="-16.626198">
				<ele>3106.000000</ele>
			</trkpt>
			<trkpt lat="28.273303" lon="-16.626217">
				<ele>3105.000000</ele>
			</trkpt>
			<trkpt lat="28.273272" lon="-16.626235">
				<ele>3105.000000</ele>
			</trkpt>
			<trkpt lat="28.273216" lon="-16.626253">
				<ele>3104.000000</ele>
			</trkpt>
			<trkpt lat="28.273209" lon="-16.626253">
				<ele>3103.000000</ele>
			</trkpt>
			<trkpt lat="28.273201" lon="-16.626244">
				<ele>3103.000000</ele>
			</trkpt>
			<trkpt lat="28.273240" lon="-16.626208">
				<ele>3102.000000</ele>
			</trkpt>
			<trkpt lat="28.273240" lon="-16.626198">
				<ele>3102.000000</ele>
			</trkpt>
			<trkpt lat="28.273232" lon="-16.626190">
				<ele>3102.000000</ele>
			</trkpt>
			<trkpt lat="28.273216" lon="-16.626190">
				<ele>3102.000000</ele>
			</trkpt>
			<trkpt lat="28.273193" lon="-16.626190">
				<ele>3101.000000</ele>
			</trkpt>
			<trkpt lat="28.273169" lon="-16.626190">
				<ele>3101.000000</ele>
			</trkpt>
			<trkpt lat="28.273153" lon="-16.626181">
				<ele>3100.000000</ele>
			</trkpt>
			<trkpt lat="28.273145" lon="-16.626171">
				<ele>3100.000000</ele>
			</trkpt>
			<trkpt lat="28.273153" lon="-16.626154">
				<ele>3100.000000</ele>
			</trkpt>
			<trkpt lat="28.273185" lon="-16.626154">
				<ele>3099.000000</ele>
			</trkpt>
			<trkpt lat="28.273193" lon="-16.626127">
				<ele>3098.000000</ele>
			</trkpt>
			<trkpt lat="28.273216" lon="-16.626118">
				<ele>3097.000000</ele>
			</trkpt>
			<trkpt lat="28.273264" lon="-16.626037">
				<ele>3095.000000</ele>
			</trkpt>
			<trkpt lat="28.273295" lon="-16.625992">
				<ele>3094.000000</ele>
			</trkpt>
			<trkpt lat="28.273319" lon="-16.625965">
				<ele>3093.000000</ele>
			</trkpt>
			<trkpt lat="28.273351" lon="-16.625948">
				<ele>3092.000000</ele>
			</trkpt>
			<trkpt lat="28.273351" lon="-16.625938">
				<ele>3092.000000</ele>
			</trkpt>
			<trkpt lat="28.273343" lon="-16.625930">
				<ele>3092.000000</ele>
			</trkpt>
			<trkpt lat="28.273311" lon="-16.625921">
				<ele>3091.000000</ele>
			</trkpt>
			<trkpt lat="28.273256" lon="-16.625921">
				<ele>3090.000000</ele>
			</trkpt>
			<trkpt lat="28.273224" lon="-16.625921">
				<ele>3089.000000</ele>
			</trkpt>
			<trkpt lat="28.273201" lon="-16.625921">
				<ele>3088.000000</ele>
			</trkpt>
			<trkpt lat="28.273185" lon="-16.625911">
				<ele>3088.000000</ele>
			</trkpt>
			<trkpt lat="28.273177" lon="-16.625902">
				<ele>3088.000000</ele>
			</trkpt>
			<trkpt lat="28.273177" lon="-16.625894">
				<ele>3088.000000</ele>
			</trkpt>
			<trkpt lat="28.273185" lon="-16.625884">
				<ele>3088.000000</ele>
			</trkpt>
			<trkpt lat="28.273216" lon="-16.625884">
				<ele>3087.000000</ele>
			</trkpt>
			<trkpt lat="28.273232" lon="-16.625875">
				<ele>3087.000000</ele>
			</trkpt>
			<trkpt lat="28.273248" lon="-16.625858">
				<ele>3086.000000</ele>
			</trkpt>
			<trkpt lat="28.273382" lon="-16.625821">
				<ele>3084.000000</ele>
			</trkpt>
			<trkpt lat="28.273399" lon="-16.625812">
				<ele>3083.000000</ele>
			</trkpt>
			<trkpt lat="28.273406" lon="-16.625785">
				<ele>3083.000000</ele>
			</trkpt>
			<trkpt lat="28.273399" lon="-16.625768">
				<ele>3082.000000</ele>
			</trkpt>
			<trkpt lat="28.273335" lon="-16.625758">
				<ele>3081.000000</ele>
			</trkpt>
			<trkpt lat="28.273335" lon="-16.625750">
				<ele>3081.000000</ele>
			</trkpt>
			<trkpt lat="28.273374" lon="-16.625714">
				<ele>3080.000000</ele>
			</trkpt>
			<trkpt lat="28.273374" lon="-16.625705">
				<ele>3080.000000</ele>
			</trkpt>
			<trkpt lat="28.273366" lon="-16.625687">
				<ele>3080.000000</ele>
			</trkpt>
			<trkpt lat="28.273351" lon="-16.625678">
				<ele>3079.000000</ele>
			</trkpt>
			<trkpt lat="28.273319" lon="-16.625678">
				<ele>3078.000000</ele>
			</trkpt>
			<trkpt lat="28.273232" lon="-16.625678">
				<ele>3076.000000</ele>
			</trkpt>
			<trkpt lat="28.273224" lon="-16.625669">
				<ele>3076.000000</ele>
			</trkpt>
			<trkpt lat="28.273224" lon="-16.625651">
				<ele>3075.000000</ele>
			</trkpt>
			<trkpt lat="28.273319" lon="-16.625571">
				<ele>3073.000000</ele>
			</trkpt>
			<trkpt lat="28.273327" lon="-16.625552">
				<ele>3072.000000</ele>
			</trkpt>
			<trkpt lat="28.273327" lon="-16.625544">
				<ele>3072.000000</ele>
			</trkpt>
			<trkpt lat="28.273303" lon="-16.625544">
				<ele>3071.000000</ele>
			</trkpt>
			<trkpt lat="28.273280" lon="-16.625544">
				<ele>3071.000000</ele>
			</trkpt>
			<trkpt lat="28.273272" lon="-16.625534">
				<ele>3070.000000</ele>
			</trkpt>
			<trkpt lat="28.273264" lon="-16.625516">
				<ele>3070.000000</ele>
			</trkpt>
			<trkpt lat="28.273272" lon="-16.625508">
				<ele>3070.000000</ele>
			</trkpt>
			<trkpt lat="28.273303" lon="-16.625489">
				<ele>3069.000000</ele>
			</trkpt>
			<trkpt lat="28.273303" lon="-16.625471">
				<ele>3069.000000</ele>
			</trkpt>
			<trkpt lat="28.273335" lon="-16.625445">
				<ele>3068.000000</ele>
			</trkpt>
			<trkpt lat="28.273343" lon="-16.625426">
				<ele>3067.000000</ele>
			</trkpt>
			<trkpt lat="28.273359" lon="-16.625418">
				<ele>3067.000000</ele>
			</trkpt>
			<trkpt lat="28.273366" lon="-16.625399">
				<ele>3066.000000</ele>
			</trkpt>
			<trkpt lat="28.273359" lon="-16.625382">
				<ele>3066.000000</ele>
			</trkpt>
			<trkpt lat="28.273374" lon="-16.625364">
				<ele>3065.000000</ele>
			</trkpt>
			<trkpt lat="28.273382" lon="-16.625355">
				<ele>3065.000000</ele>
			</trkpt>
			<trkpt lat="28.273351" lon="-16.625336">
				<ele>3064.000000</ele>
			</trkpt>
			<trkpt lat="28.273359" lon="-16.625292">
				<ele>3063.000000</ele>
			</trkpt>
			<trkpt lat="28.273391" lon="-16.625274">
				<ele>3063.000000</ele>
			</trkpt>
			<trkpt lat="28.273470" lon="-16.625175">
				<ele>3060.000000</ele>
			</trkpt>
			<trkpt lat="28.273549" lon="-16.625085">
				<ele>3057.000000</ele>
			</trkpt>
			<trkpt lat="28.273572" lon="-16.625076">
				<ele>3057.000000</ele>
			</trkpt>
			<trkpt lat="28.273580" lon="-16.625058">
				<ele>3056.000000</ele>
			</trkpt>
			<trkpt lat="28.273588" lon="-16.625032">
				<ele>3056.000000</ele>
			</trkpt>
			<trkpt lat="28.273580" lon="-16.625022">
				<ele>3055.000000</ele>
			</trkpt>
			<trkpt lat="28.273557" lon="-16.625013">
				<ele>3055.000000</ele>
			</trkpt>
			<trkpt lat="28.273541" lon="-16.625022">
				<ele>3054.000000</ele>
			</trkpt>
			<trkpt lat="28.273430" lon="-16.625040">
				<ele>3052.000000</ele>
			</trkpt>
			<trkpt lat="28.273382" lon="-16.625049">
				<ele>3051.000000</ele>
			</trkpt>
			<trkpt lat="28.273311" lon="-16.625049">
				<ele>3049.000000</ele>
			</trkpt>
			<trkpt lat="28.273264" lon="-16.625040">
				<ele>3048.000000</ele>
			</trkpt>
			<trkpt lat="28.273248" lon="-16.625032">
				<ele>3048.000000</ele>
			</trkpt>
			<trkpt lat="28.273248" lon="-16.625013">
				<ele>3047.000000</ele>
			</trkpt>
			<trkpt lat="28.273287" lon="-16.624968">
				<ele>3046.000000</ele>
			</trkpt>
			<trkpt lat="28.273343" lon="-16.624942">
				<ele>3045.000000</ele>
			</trkpt>
			<trkpt lat="28.273359" lon="-16.624923">
				<ele>3044.000000</ele>
			</trkpt>
			<trkpt lat="28.273359" lon="-16.624915">
				<ele>3044.000000</ele>
			</trkpt>
			<trkpt lat="28.273351" lon="-16.624896">
				<ele>3044.000000</ele>
			</trkpt>
			<trkpt lat="28.273343" lon="-16.624888">
				<ele>3043.000000</ele>
			</trkpt>
			<trkpt lat="28.273319" lon="-16.624888">
				<ele>3043.000000</ele>
			</trkpt>
			<trkpt lat="28.273280" lon="-16.624905">
				<ele>3042.000000</ele>
			</trkpt>
			<trkpt lat="28.273264" lon="-16.624896">
				<ele>3041.000000</ele>
			</trkpt>
			<trkpt lat="28.273201" lon="-16.624860">
				<ele>3040.000000</ele>
			</trkpt>
			<trkpt lat="28.273145" lon="-16.624842">
				<ele>3037.000000</ele>
			</trkpt>
			<trkpt lat="28.273074" lon="-16.624842">
				<ele>3035.000000</ele>
			</trkpt>
			<trkpt lat="28.273058" lon="-16.624833">
				<ele>3034.000000</ele>
			</trkpt>
			<trkpt lat="28.273058" lon="-16.624816">
				<ele>3033.000000</ele>
			</trkpt>
			<trkpt lat="28.273058" lon="-16.624762">
				<ele>3031.000000</ele>
			</trkpt>
			<trkpt lat="28.273058" lon="-16.624716">
				<ele>3030.000000</ele>
			</trkpt>
			<trkpt lat="28.273058" lon="-16.624708">
				<ele>3030.000000</ele>
			</trkpt>
			<trkpt lat="28.273003" lon="-16.624690">
				<ele>3028.000000</ele>
			</trkpt>
			<trkpt lat="28.272979" lon="-16.624690">
				<ele>3027.000000</ele>
			</trkpt>
			<trkpt lat="28.272963" lon="-16.624680">
				<ele>3026.000000</ele>
			</trkpt>
			<trkpt lat="28.272963" lon="-16.624663">
				<ele>3026.000000</ele>
			</trkpt>
			<trkpt lat="28.272979" lon="-16.624609">
				<ele>3024.000000</ele>
			</trkpt>
			<trkpt lat="28.273043" lon="-16.624563">
				<ele>3022.000000</ele>
			</trkpt>
			<trkpt lat="28.273051" lon="-16.624555">
				<ele>3022.000000</ele>
			</trkpt>
			<trkpt lat="28.273003" lon="-16.624474">
				<ele>3019.000000</ele>
			</trkpt>
			<trkpt lat="28.273003" lon="-16.624466">
				<ele>3019.000000</ele>
			</trkpt>
			<trkpt lat="28.273026" lon="-16.624456">
				<ele>3018.000000</ele>
			</trkpt>
			<trkpt lat="28.273051" lon="-16.624439">
				<ele>3017.000000</ele>
			</trkpt>
			<trkpt lat="28.273058" lon="-16.624412">
				<ele>3016.000000</ele>
			</trkpt>
			<trkpt lat="28.273051" lon="-16.624384">
				<ele>3016.000000</ele>
			</trkpt>
			<trkpt lat="28.273026" lon="-16.624330">
				<ele>3014.000000</ele>
			</trkpt>
			<trkpt lat="28.273026" lon="-16.624322">
				<ele>3014.000000</ele>
			</trkpt>
			<trkpt lat="28.273074" lon="-16.624294">
				<ele>3012.000000</ele>
			</trkpt>
			<trkpt lat="28.273098" lon="-16.624267">
				<ele>3011.000000</ele>
			</trkpt>
			<trkpt lat="28.273106" lon="-16.624240">
				<ele>3010.000000</ele>
			</trkpt>
			<trkpt lat="28.273090" lon="-16.624169">
				<ele>3008.000000</ele>
			</trkpt>
			<trkpt lat="28.273098" lon="-16.624142">
				<ele>3008.000000</ele>
			</trkpt>
			<trkpt lat="28.273122" lon="-16.624133">
				<ele>3007.000000</ele>
			</trkpt>
			<trkpt lat="28.273145" lon="-16.624114">
				<ele>3006.000000</ele>
			</trkpt>
			<trkpt lat="28.273153" lon="-16.624061">
				<ele>3005.000000</ele>
			</trkpt>
			<trkpt lat="28.273177" lon="-16.624053">
				<ele>3004.000000</ele>
			</trkpt>
			<trkpt lat="28.273185" lon="-16.624034">
				<ele>3004.000000</ele>
			</trkpt>
			<trkpt lat="28.273185" lon="-16.624016">
				<ele>3003.000000</ele>
			</trkpt>
			<trkpt lat="28.273177" lon="-16.623998">
				<ele>3003.000000</ele>
			</trkpt>
			<trkpt lat="28.273161" lon="-16.623980">
				<ele>3002.000000</ele>
			</trkpt>
			<trkpt lat="28.273114" lon="-16.623998">
				<ele>3001.000000</ele>
			</trkpt>
			<trkpt lat="28.273090" lon="-16.623998">
				<ele>3000.000000</ele>
			</trkpt>
			<trkpt lat="28.273074" lon="-16.623989">
				<ele>2999.000000</ele>
			</trkpt>
			<trkpt lat="28.273051" lon="-16.623953">
				<ele>2998.000000</ele>
			</trkpt>
			<trkpt lat="28.272995" lon="-16.623944">
				<ele>2996.000000</ele>
			</trkpt>
			<trkpt lat="28.272932" lon="-16.623936">
				<ele>2994.000000</ele>
			</trkpt>
			<trkpt lat="28.272868" lon="-16.623944">
				<ele>2992.000000</ele>
			</trkpt>
			<trkpt lat="28.272853" lon="-16.623936">
				<ele>2991.000000</ele>
			</trkpt>
			<trkpt lat="28.272853" lon="-16.623908">
				<ele>2990.000000</ele>
			</trkpt>
			<trkpt lat="28.272884" lon="-16.623810">
				<ele>2988.000000</ele>
			</trkpt>
			<trkpt lat="28.272900" lon="-16.623774">
				<ele>2987.000000</ele>
			</trkpt>
			<trkpt lat="28.272916" lon="-16.623747">
				<ele>2986.000000</ele>
			</trkpt>
			<trkpt lat="28.272932" lon="-16.623711">
				<ele>2985.000000</ele>
			</trkpt>
			<trkpt lat="28.272939" lon="-16.623693">
				<ele>2985.000000</ele>
			</trkpt>
			<trkpt lat="28.272932" lon="-16.623674">
				<ele>2984.000000</ele>
			</trkpt>
			<trkpt lat="28.272884" lon="-16.623674">
				<ele>2983.000000</ele>
			</trkpt>
			<trkpt lat="28.272860" lon="-16.623666">
				<ele>2982.000000</ele>
			</trkpt>
			<trkpt lat="28.272853" lon="-16.623648">
				<ele>2982.000000</ele>
			</trkpt>
			<trkpt lat="28.272853" lon="-16.623621">
				<ele>2981.000000</ele>
			</trkpt>
			<trkpt lat="28.272892" lon="-16.623531">
				<ele>2978.000000</ele>
			</trkpt>
			<trkpt lat="28.272908" lon="-16.623495">
				<ele>2977.000000</ele>
			</trkpt>
			<trkpt lat="28.272908" lon="-16.623468">
				<ele>2976.000000</ele>
			</trkpt>
			<trkpt lat="28.272884" lon="-16.623450">
				<ele>2976.000000</ele>
			</trkpt>
			<trkpt lat="28.272860" lon="-16.623432">
				<ele>2975.000000</ele>
			</trkpt>
			<trkpt lat="28.272813" lon="-16.623424">
				<ele>2973.000000</ele>
			</trkpt>
			<trkpt lat="28.272797" lon="-16.623405">
				<ele>2972.000000</ele>
			</trkpt>
			<trkpt lat="28.272789" lon="-16.623378">
				<ele>2972.000000</ele>
			</trkpt>
			<trkpt lat="28.272797" lon="-16.623334">
				<ele>2970.000000</ele>
			</trkpt>
			<trkpt lat="28.272805" lon="-16.623288">
				<ele>2969.000000</ele>
			</trkpt>
			<trkpt lat="28.272829" lon="-16.623244">
				<ele>2968.000000</ele>
			</trkpt>
			<trkpt lat="28.272876" lon="-16.623208">
				<ele>2967.000000</ele>
			</trkpt>
			<trkpt lat="28.272924" lon="-16.623181">
				<ele>2966.000000</ele>
			</trkpt>
			<trkpt lat="28.272963" lon="-16.623181">
				<ele>2965.000000</ele>
			</trkpt>
			<trkpt lat="28.272979" lon="-16.623171">
				<ele>2965.000000</ele>
			</trkpt>
			<trkpt lat="28.272995" lon="-16.623145">
				<ele>2964.000000</ele>
			</trkpt>
			<trkpt lat="28.272979" lon="-16.623118">
				<ele>2963.000000</ele>
			</trkpt>
			<trkpt lat="28.272971" lon="-16.623108">
				<ele>2963.000000</ele>
			</trkpt>
			<trkpt lat="28.272955" lon="-16.623082">
				<ele>2963.000000</ele>
			</trkpt>
			<trkpt lat="28.272963" lon="-16.623055">
				<ele>2962.000000</ele>
			</trkpt>
			<trkpt lat="28.272939" lon="-16.623019">
				<ele>2961.000000</ele>
			</trkpt>
			<trkpt lat="28.272900" lon="-16.622956">
				<ele>2960.000000</ele>
			</trkpt>
			<trkpt lat="28.272900" lon="-16.622947">
				<ele>2960.000000</ele>
			</trkpt>
			<trkpt lat="28.272987" lon="-16.622929">
				<ele>2960.000000</ele>
			</trkpt>
			<trkpt lat="28.273003" lon="-16.622921">
				<ele>2960.000000</ele>
			</trkpt>
			<trkpt lat="28.273018" lon="-16.622902">
				<ele>2960.000000</ele>
			</trkpt>
			<trkpt lat="28.273018" lon="-16.622875">
				<ele>2959.000000</ele>
			</trkpt>
			<trkpt lat="28.273011" lon="-16.622858">
				<ele>2959.000000</ele>
			</trkpt>
			<trkpt lat="28.272971" lon="-16.622831">
				<ele>2957.000000</ele>
			</trkpt>
			<trkpt lat="28.272955" lon="-16.622812">
				<ele>2957.000000</ele>
			</trkpt>
			<trkpt lat="28.272955" lon="-16.622804">
				<ele>2956.000000</ele>
			</trkpt>
			<trkpt lat="28.272987" lon="-16.622776">
				<ele>2955.000000</ele>
			</trkpt>
			<trkpt lat="28.272995" lon="-16.622768">
				<ele>2955.000000</ele>
			</trkpt>
			<trkpt lat="28.272995" lon="-16.622749">
				<ele>2954.000000</ele>
			</trkpt>
			<trkpt lat="28.272987" lon="-16.622741">
				<ele>2954.000000</ele>
			</trkpt>
			<trkpt lat="28.272924" lon="-16.622722">
				<ele>2952.000000</ele>
			</trkpt>
			<trkpt lat="28.272868" lon="-16.622686">
				<ele>2950.000000</ele>
			</trkpt>
			<trkpt lat="28.272876" lon="-16.622642">
				<ele>2948.000000</ele>
			</trkpt>
			<trkpt lat="28.272876" lon="-16.622624">
				<ele>2947.000000</ele>
			</trkpt>
			<trkpt lat="28.272821" lon="-16.622605">
				<ele>2945.000000</ele>
			</trkpt>
			<trkpt lat="28.272797" lon="-16.622588">
				<ele>2943.000000</ele>
			</trkpt>
			<trkpt lat="28.272774" lon="-16.622525">
				<ele>2941.000000</ele>
			</trkpt>
			<trkpt lat="28.272758" lon="-16.622471">
				<ele>2939.000000</ele>
			</trkpt>
			<trkpt lat="28.272726" lon="-16.622408">
				<ele>2937.000000</ele>
			</trkpt>
			<trkpt lat="28.272726" lon="-16.622309">
				<ele>2935.000000</ele>
			</trkpt>
			<trkpt lat="28.272758" lon="-16.622292">
				<ele>2934.000000</ele>
			</trkpt>
			<trkpt lat="28.272781" lon="-16.622265">
				<ele>2933.000000</ele>
			</trkpt>
			<trkpt lat="28.272837" lon="-16.622183">
				<ele>2930.000000</ele>
			</trkpt>
			<trkpt lat="28.272837" lon="-16.622156">
				<ele>2929.000000</ele>
			</trkpt>
			<trkpt lat="28.272813" lon="-16.622148">
				<ele>2929.000000</ele>
			</trkpt>
			<trkpt lat="28.272797" lon="-16.622139">
				<ele>2928.000000</ele>
			</trkpt>
			<trkpt lat="28.272789" lon="-16.622129">
				<ele>2928.000000</ele>
			</trkpt>
			<trkpt lat="28.272821" lon="-16.622112">
				<ele>2927.000000</ele>
			</trkpt>
			<trkpt lat="28.272821" lon="-16.622103">
				<ele>2926.000000</ele>
			</trkpt>
			<trkpt lat="28.272797" lon="-16.622093">
				<ele>2926.000000</ele>
			</trkpt>
			<trkpt lat="28.272694" lon="-16.622103">
				<ele>2922.000000</ele>
			</trkpt>
			<trkpt lat="28.272639" lon="-16.622085">
				<ele>2920.000000</ele>
			</trkpt>
			<trkpt lat="28.272639" lon="-16.622058">
				<ele>2920.000000</ele>
			</trkpt>
			<trkpt lat="28.272655" lon="-16.622040">
				<ele>2919.000000</ele>
			</trkpt>
			<trkpt lat="28.272662" lon="-16.622003">
				<ele>2918.000000</ele>
			</trkpt>
			<trkpt lat="28.272702" lon="-16.621923">
				<ele>2917.000000</ele>
			</trkpt>
			<trkpt lat="28.272726" lon="-16.621896">
				<ele>2916.000000</ele>
			</trkpt>
			<trkpt lat="28.272741" lon="-16.621869">
				<ele>2915.000000</ele>
			</trkpt>
			<trkpt lat="28.272741" lon="-16.621850">
				<ele>2915.000000</ele>
			</trkpt>
			<trkpt lat="28.272702" lon="-16.621833">
				<ele>2914.000000</ele>
			</trkpt>
			<trkpt lat="28.272678" lon="-16.621816">
				<ele>2914.000000</ele>
			</trkpt>
			<trkpt lat="28.272670" lon="-16.621797">
				<ele>2913.000000</ele>
			</trkpt>
			<trkpt lat="28.272741" lon="-16.621699">
				<ele>2911.000000</ele>
			</trkpt>
			<trkpt lat="28.272749" lon="-16.621563">
				<ele>2907.000000</ele>
			</trkpt>
			<trkpt lat="28.272726" lon="-16.621510">
				<ele>2906.000000</ele>
			</trkpt>
			<trkpt lat="28.272678" lon="-16.621483">
				<ele>2904.000000</ele>
			</trkpt>
			<trkpt lat="28.272670" lon="-16.621447">
				<ele>2903.000000</ele>
			</trkpt>
			<trkpt lat="28.272694" lon="-16.621429">
				<ele>2902.000000</ele>
			</trkpt>
			<trkpt lat="28.272718" lon="-16.621393">
				<ele>2901.000000</ele>
			</trkpt>
			<trkpt lat="28.272718" lon="-16.621366">
				<ele>2900.000000</ele>
			</trkpt>
			<trkpt lat="28.272718" lon="-16.621348">
				<ele>2899.000000</ele>
			</trkpt>
			<trkpt lat="28.272694" lon="-16.621348">
				<ele>2899.000000</ele>
			</trkpt>
			<trkpt lat="28.272670" lon="-16.621366">
				<ele>2898.000000</ele>
			</trkpt>
			<trkpt lat="28.272568" lon="-16.621374">
				<ele>2896.000000</ele>
			</trkpt>
			<trkpt lat="28.272560" lon="-16.621366">
				<ele>2895.000000</ele>
			</trkpt>
			<trkpt lat="28.272568" lon="-16.621339">
				<ele>2895.000000</ele>
			</trkpt>
			<trkpt lat="28.272607" lon="-16.621313">
				<ele>2894.000000</ele>
			</trkpt>
			<trkpt lat="28.272639" lon="-16.621258">
				<ele>2892.000000</ele>
			</trkpt>
			<trkpt lat="28.272615" lon="-16.621231">
				<ele>2891.000000</ele>
			</trkpt>
			<trkpt lat="28.272576" lon="-16.621240">
				<ele>2890.000000</ele>
			</trkpt>
			<trkpt lat="28.272560" lon="-16.621213">
				<ele>2889.000000</ele>
			</trkpt>
			<trkpt lat="28.272583" lon="-16.621160">
				<ele>2888.000000</ele>
			</trkpt>
			<trkpt lat="28.272576" lon="-16.621133">
				<ele>2887.000000</ele>
			</trkpt>
			<trkpt lat="28.272418" lon="-16.621196">
				<ele>2882.000000</ele>
			</trkpt>
			<trkpt lat="28.272393" lon="-16.621196">
				<ele>2881.000000</ele>
			</trkpt>
			<trkpt lat="28.272378" lon="-16.621133">
				<ele>2880.000000</ele>
			</trkpt>
			<trkpt lat="28.272418" lon="-16.621034">
				<ele>2877.000000</ele>
			</trkpt>
			<trkpt lat="28.272457" lon="-16.620988">
				<ele>2875.000000</ele>
			</trkpt>
			<trkpt lat="28.272449" lon="-16.620961">
				<ele>2874.000000</ele>
			</trkpt>
			<trkpt lat="28.272393" lon="-16.620944">
				<ele>2872.000000</ele>
			</trkpt>
			<trkpt lat="28.272362" lon="-16.620871">
				<ele>2870.000000</ele>
			</trkpt>
			<trkpt lat="28.272370" lon="-16.620747">
				<ele>2867.000000</ele>
			</trkpt>
			<trkpt lat="28.272362" lon="-16.620710">
				<ele>2866.000000</ele>
			</trkpt>
			<trkpt lat="28.272338" lon="-16.620692">
				<ele>2865.000000</ele>
			</trkpt>
			<trkpt lat="28.272283" lon="-16.620728">
				<ele>2863.000000</ele>
			</trkpt>
			<trkpt lat="28.272212" lon="-16.620755">
				<ele>2861.000000</ele>
			</trkpt>
			<trkpt lat="28.272204" lon="-16.620737">
				<ele>2860.000000</ele>
			</trkpt>
			<trkpt lat="28.272204" lon="-16.620710">
				<ele>2860.000000</ele>
			</trkpt>
			<trkpt lat="28.272196" lon="-16.620665">
				<ele>2858.000000</ele>
			</trkpt>
			<trkpt lat="28.272196" lon="-16.620621">
				<ele>2857.000000</ele>
			</trkpt>
			<trkpt lat="28.272228" lon="-16.620594">
				<ele>2856.000000</ele>
			</trkpt>
			<trkpt lat="28.272220" lon="-16.620575">
				<ele>2855.000000</ele>
			</trkpt>
			<trkpt lat="28.272172" lon="-16.620558">
				<ele>2854.000000</ele>
			</trkpt>
			<trkpt lat="28.272116" lon="-16.620584">
				<ele>2852.000000</ele>
			</trkpt>
			<trkpt lat="28.272070" lon="-16.620575">
				<ele>2850.000000</ele>
			</trkpt>
			<trkpt lat="28.272061" lon="-16.620531">
				<ele>2850.000000</ele>
			</trkpt>
			<trkpt lat="28.272037" lon="-16.620521">
				<ele>2849.000000</ele>
			</trkpt>
			<trkpt lat="28.272014" lon="-16.620521">
				<ele>2849.000000</ele>
			</trkpt>
			<trkpt lat="28.271990" lon="-16.620540">
				<ele>2849.000000</ele>
			</trkpt>
			<trkpt lat="28.271998" lon="-16.620575">
				<ele>2848.000000</ele>
			</trkpt>
			<trkpt lat="28.271990" lon="-16.620602">
				<ele>2848.000000</ele>
			</trkpt>
			<trkpt lat="28.271943" lon="-16.620611">
				<ele>2847.000000</ele>
			</trkpt>
			<trkpt lat="28.271927" lon="-16.620584">
				<ele>2847.000000</ele>
			</trkpt>
			<trkpt lat="28.271895" lon="-16.620575">
				<ele>2847.000000</ele>
			</trkpt>
			<trkpt lat="28.271848" lon="-16.620602">
				<ele>2846.000000</ele>
			</trkpt>
			<trkpt lat="28.271808" lon="-16.620638">
				<ele>2845.000000</ele>
			</trkpt>
			<trkpt lat="28.271737" lon="-16.620692">
				<ele>2844.000000</ele>
			</trkpt>
			<trkpt lat="28.271610" lon="-16.620720">
				<ele>2842.000000</ele>
			</trkpt>
			<trkpt lat="28.271563" lon="-16.620747">
				<ele>2842.000000</ele>
			</trkpt>
			<trkpt lat="28.271483" lon="-16.620800">
				<ele>2841.000000</ele>
			</trkpt>
			<trkpt lat="28.271389" lon="-16.620774">
				<ele>2839.000000</ele>
			</trkpt>
			<trkpt lat="28.271389" lon="-16.620710">
				<ele>2838.000000</ele>
			</trkpt>
			<trkpt lat="28.271365" lon="-16.620692">
				<ele>2837.000000</ele>
			</trkpt>
			<trkpt lat="28.271365" lon="-16.620657">
				<ele>2836.000000</ele>
			</trkpt>
			<trkpt lat="28.271381" lon="-16.620621">
				<ele>2835.000000</ele>
			</trkpt>
			<trkpt lat="28.271365" lon="-16.620602">
				<ele>2835.000000</ele>
			</trkpt>
			<trkpt lat="28.271333" lon="-16.620602">
				<ele>2834.000000</ele>
			</trkpt>
			<trkpt lat="28.271325" lon="-16.620594">
				<ele>2834.000000</ele>
			</trkpt>
			<trkpt lat="28.271333" lon="-16.620575">
				<ele>2833.000000</ele>
			</trkpt>
			<trkpt lat="28.271333" lon="-16.620548">
				<ele>2833.000000</ele>
			</trkpt>
			<trkpt lat="28.271325" lon="-16.620531">
				<ele>2832.000000</ele>
			</trkpt>
			<trkpt lat="28.271294" lon="-16.620531">
				<ele>2832.000000</ele>
			</trkpt>
			<trkpt lat="28.271262" lon="-16.620531">
				<ele>2831.000000</ele>
			</trkpt>
			<trkpt lat="28.271223" lon="-16.620540">
				<ele>2830.000000</ele>
			</trkpt>
			<trkpt lat="28.271207" lon="-16.620521">
				<ele>2829.000000</ele>
			</trkpt>
			<trkpt lat="28.271207" lon="-16.620495">
				<ele>2829.000000</ele>
			</trkpt>
			<trkpt lat="28.271215" lon="-16.620458">
				<ele>2828.000000</ele>
			</trkpt>
			<trkpt lat="28.271246" lon="-16.620422">
				<ele>2827.000000</ele>
			</trkpt>
			<trkpt lat="28.271262" lon="-16.620387">
				<ele>2826.000000</ele>
			</trkpt>
			<trkpt lat="28.271254" lon="-16.620369">
				<ele>2825.000000</ele>
			</trkpt>
			<trkpt lat="28.271231" lon="-16.620332">
				<ele>2824.000000</ele>
			</trkpt>
			<trkpt lat="28.271239" lon="-16.620297">
				<ele>2823.000000</ele>
			</trkpt>
			<trkpt lat="28.271270" lon="-16.620252">
				<ele>2822.000000</ele>
			</trkpt>
			<trkpt lat="28.271246" lon="-16.620189">
				<ele>2820.000000</ele>
			</trkpt>
			<trkpt lat="28.271231" lon="-16.620162">
				<ele>2819.000000</ele>
			</trkpt>
			<trkpt lat="28.271262" lon="-16.620135">
				<ele>2818.000000</ele>
			</trkpt>
			<trkpt lat="28.271262" lon="-16.620118">
				<ele>2818.000000</ele>
			</trkpt>
			<trkpt lat="28.271239" lon="-16.620108">
				<ele>2817.000000</ele>
			</trkpt>
			<trkpt lat="28.271215" lon="-16.620108">
				<ele>2817.000000</ele>
			</trkpt>
			<trkpt lat="28.271207" lon="-16.620099">
				<ele>2816.000000</ele>
			</trkpt>
			<trkpt lat="28.271207" lon="-16.620045">
				<ele>2815.000000</ele>
			</trkpt>
			<trkpt lat="28.271191" lon="-16.620001">
				<ele>2814.000000</ele>
			</trkpt>
			<trkpt lat="28.271207" lon="-16.619965">
				<ele>2813.000000</ele>
			</trkpt>
			<trkpt lat="28.271254" lon="-16.619955">
				<ele>2812.000000</ele>
			</trkpt>
			<trkpt lat="28.271254" lon="-16.619884">
				<ele>2810.000000</ele>
			</trkpt>
			<trkpt lat="28.271270" lon="-16.619848">
				<ele>2809.000000</ele>
			</trkpt>
			<trkpt lat="28.271246" lon="-16.619821">
				<ele>2808.000000</ele>
			</trkpt>
			<trkpt lat="28.271262" lon="-16.619749">
				<ele>2806.000000</ele>
			</trkpt>
			<trkpt lat="28.271302" lon="-16.619722">
				<ele>2804.000000</ele>
			</trkpt>
			<trkpt lat="28.271270" lon="-16.619705">
				<ele>2803.000000</ele>
			</trkpt>
			<trkpt lat="28.271270" lon="-16.619642">
				<ele>2801.000000</ele>
			</trkpt>
			<trkpt lat="28.271286" lon="-16.619615">
				<ele>2800.000000</ele>
			</trkpt>
			<trkpt lat="28.271325" lon="-16.619588">
				<ele>2799.000000</ele>
			</trkpt>
			<trkpt lat="28.271325" lon="-16.619569">
				<ele>2798.000000</ele>
			</trkpt>
			<trkpt lat="28.271294" lon="-16.619552">
				<ele>2797.000000</ele>
			</trkpt>
			<trkpt lat="28.271270" lon="-16.619542">
				<ele>2796.000000</ele>
			</trkpt>
			<trkpt lat="28.271278" lon="-16.619506">
				<ele>2795.000000</ele>
			</trkpt>
			<trkpt lat="28.271341" lon="-16.619380">
				<ele>2791.000000</ele>
			</trkpt>
			<trkpt lat="28.271365" lon="-16.619309">
				<ele>2790.000000</ele>
			</trkpt>
			<trkpt lat="28.271397" lon="-16.619255">
				<ele>2788.000000</ele>
			</trkpt>
			<trkpt lat="28.271420" lon="-16.619210">
				<ele>2788.000000</ele>
			</trkpt>
			<trkpt lat="28.271428" lon="-16.619174">
				<ele>2787.000000</ele>
			</trkpt>
			<trkpt lat="28.271404" lon="-16.619147">
				<ele>2786.000000</ele>
			</trkpt>
			<trkpt lat="28.271341" lon="-16.619192">
				<ele>2785.000000</ele>
			</trkpt>
			<trkpt lat="28.271294" lon="-16.619219">
				<ele>2784.000000</ele>
			</trkpt>
			<trkpt lat="28.271254" lon="-16.619246">
				<ele>2783.000000</ele>
			</trkpt>
			<trkpt lat="28.271231" lon="-16.619255">
				<ele>2783.000000</ele>
			</trkpt>
			<trkpt lat="28.271231" lon="-16.619229">
				<ele>2782.000000</ele>
			</trkpt>
			<trkpt lat="28.271246" lon="-16.619192">
				<ele>2781.000000</ele>
			</trkpt>
			<trkpt lat="28.271270" lon="-16.619112">
				<ele>2780.000000</ele>
			</trkpt>
			<trkpt lat="28.271246" lon="-16.619084">
				<ele>2779.000000</ele>
			</trkpt>
			<trkpt lat="28.271183" lon="-16.619129">
				<ele>2778.000000</ele>
			</trkpt>
			<trkpt lat="28.271152" lon="-16.619166">
				<ele>2777.000000</ele>
			</trkpt>
			<trkpt lat="28.271127" lon="-16.619156">
				<ele>2776.000000</ele>
			</trkpt>
			<trkpt lat="28.271144" lon="-16.619120">
				<ele>2776.000000</ele>
			</trkpt>
			<trkpt lat="28.271120" lon="-16.619120">
				<ele>2775.000000</ele>
			</trkpt>
			<trkpt lat="28.271096" lon="-16.619112">
				<ele>2775.000000</ele>
			</trkpt>
			<trkpt lat="28.271175" lon="-16.618877">
				<ele>2770.000000</ele>
			</trkpt>
			<trkpt lat="28.271199" lon="-16.618779">
				<ele>2769.000000</ele>
			</trkpt>
			<trkpt lat="28.271191" lon="-16.618761">
				<ele>2769.000000</ele>
			</trkpt>
			<trkpt lat="28.271160" lon="-16.618761">
				<ele>2768.000000</ele>
			</trkpt>
			<trkpt lat="28.271127" lon="-16.618770">
				<ele>2767.000000</ele>
			</trkpt>
			<trkpt lat="28.271120" lon="-16.618752">
				<ele>2767.000000</ele>
			</trkpt>
			<trkpt lat="28.271144" lon="-16.618707">
				<ele>2766.000000</ele>
			</trkpt>
			<trkpt lat="28.271112" lon="-16.618689">
				<ele>2766.000000</ele>
			</trkpt>
			<trkpt lat="28.271056" lon="-16.618752">
				<ele>2764.000000</ele>
			</trkpt>
			<trkpt lat="28.271017" lon="-16.618770">
				<ele>2764.000000</ele>
			</trkpt>
			<trkpt lat="28.270962" lon="-16.618770">
				<ele>2763.000000</ele>
			</trkpt>
			<trkpt lat="28.270922" lon="-16.618752">
				<ele>2762.000000</ele>
			</trkpt>
			<trkpt lat="28.270922" lon="-16.618707">
				<ele>2761.000000</ele>
			</trkpt>
			<trkpt lat="28.270922" lon="-16.618680">
				<ele>2761.000000</ele>
			</trkpt>
			<trkpt lat="28.270898" lon="-16.618671">
				<ele>2761.000000</ele>
			</trkpt>
			<trkpt lat="28.270883" lon="-16.618663">
				<ele>2760.000000</ele>
			</trkpt>
			<trkpt lat="28.270875" lon="-16.618617">
				<ele>2759.000000</ele>
			</trkpt>
			<trkpt lat="28.270851" lon="-16.618600">
				<ele>2759.000000</ele>
			</trkpt>
			<trkpt lat="28.270875" lon="-16.618581">
				<ele>2758.000000</ele>
			</trkpt>
			<trkpt lat="28.270867" lon="-16.618554">
				<ele>2757.000000</ele>
			</trkpt>
			<trkpt lat="28.270891" lon="-16.618527">
				<ele>2757.000000</ele>
			</trkpt>
			<trkpt lat="28.270859" lon="-16.618500">
				<ele>2756.000000</ele>
			</trkpt>
			<trkpt lat="28.270843" lon="-16.618483">
				<ele>2755.000000</ele>
			</trkpt>
			<trkpt lat="28.270851" lon="-16.618464">
				<ele>2755.000000</ele>
			</trkpt>
			<trkpt lat="28.270875" lon="-16.618447">
				<ele>2754.000000</ele>
			</trkpt>
			<trkpt lat="28.270883" lon="-16.618420">
				<ele>2754.000000</ele>
			</trkpt>
			<trkpt lat="28.270867" lon="-16.618410">
				<ele>2753.000000</ele>
			</trkpt>
			<trkpt lat="28.270851" lon="-16.618374">
				<ele>2752.000000</ele>
			</trkpt>
			<trkpt lat="28.270875" lon="-16.618330">
				<ele>2751.000000</ele>
			</trkpt>
			<trkpt lat="28.270906" lon="-16.618284">
				<ele>2750.000000</ele>
			</trkpt>
			<trkpt lat="28.270930" lon="-16.618248">
				<ele>2749.000000</ele>
			</trkpt>
			<trkpt lat="28.270922" lon="-16.618221">
				<ele>2748.000000</ele>
			</trkpt>
			<trkpt lat="28.270946" lon="-16.618195">
				<ele>2748.000000</ele>
			</trkpt>
			<trkpt lat="28.270930" lon="-16.618168">
				<ele>2747.000000</ele>
			</trkpt>
			<trkpt lat="28.270946" lon="-16.618105">
				<ele>2746.000000</ele>
			</trkpt>
			<trkpt lat="28.270930" lon="-16.618087">
				<ele>2745.000000</ele>
			</trkpt>
			<trkpt lat="28.270914" lon="-16.618087">
				<ele>2745.000000</ele>
			</trkpt>
			<trkpt lat="28.270891" lon="-16.618097">
				<ele>2744.000000</ele>
			</trkpt>
			<trkpt lat="28.270883" lon="-16.618078">
				<ele>2744.000000</ele>
			</trkpt>
			<trkpt lat="28.270883" lon="-16.618060">
				<ele>2743.000000</ele>
			</trkpt>
			<trkpt lat="28.270867" lon="-16.618042">
				<ele>2743.000000</ele>
			</trkpt>
			<trkpt lat="28.270835" lon="-16.618042">
				<ele>2742.000000</ele>
			</trkpt>
			<trkpt lat="28.270827" lon="-16.618024">
				<ele>2742.000000</ele>
			</trkpt>
			<trkpt lat="28.270835" lon="-16.617997">
				<ele>2741.000000</ele>
			</trkpt>
			<trkpt lat="28.270819" lon="-16.617988">
				<ele>2741.000000</ele>
			</trkpt>
			<trkpt lat="28.270804" lon="-16.617997">
				<ele>2740.000000</ele>
			</trkpt>
			<trkpt lat="28.270795" lon="-16.617988">
				<ele>2740.000000</ele>
			</trkpt>
			<trkpt lat="28.270787" lon="-16.617971">
				<ele>2740.000000</ele>
			</trkpt>
			<trkpt lat="28.270795" lon="-16.617944">
				<ele>2739.000000</ele>
			</trkpt>
			<trkpt lat="28.270827" lon="-16.617854">
				<ele>2737.000000</ele>
			</trkpt>
			<trkpt lat="28.270843" lon="-16.617808">
				<ele>2736.000000</ele>
			</trkpt>
			<trkpt lat="28.270851" lon="-16.617782">
				<ele>2736.000000</ele>
			</trkpt>
			<trkpt lat="28.270827" lon="-16.617772">
				<ele>2735.000000</ele>
			</trkpt>
			<trkpt lat="28.270756" lon="-16.617782">
				<ele>2733.000000</ele>
			</trkpt>
			<trkpt lat="28.270716" lon="-16.617764">
				<ele>2732.000000</ele>
			</trkpt>
			<trkpt lat="28.270693" lon="-16.617737">
				<ele>2732.000000</ele>
			</trkpt>
			<trkpt lat="28.270653" lon="-16.617621">
				<ele>2730.000000</ele>
			</trkpt>
			<trkpt lat="28.270653" lon="-16.617566">
				<ele>2729.000000</ele>
			</trkpt>
			<trkpt lat="28.270669" lon="-16.617468">
				<ele>2728.000000</ele>
			</trkpt>
			<trkpt lat="28.270716" lon="-16.617342">
				<ele>2727.000000</ele>
			</trkpt>
			<trkpt lat="28.270812" lon="-16.617252">
				<ele>2726.000000</ele>
			</trkpt>
			<trkpt lat="28.270867" lon="-16.617162">
				<ele>2726.000000</ele>
			</trkpt>
			<trkpt lat="28.270883" lon="-16.617099">
				<ele>2725.000000</ele>
			</trkpt>
			<trkpt lat="28.270883" lon="-16.616992">
				<ele>2724.000000</ele>
			</trkpt>
			<trkpt lat="28.270859" lon="-16.616875">
				<ele>2723.000000</ele>
			</trkpt>
			<trkpt lat="28.270875" lon="-16.616803">
				<ele>2723.000000</ele>
			</trkpt>
			<trkpt lat="28.270954" lon="-16.616713">
				<ele>2722.000000</ele>
			</trkpt>
			<trkpt lat="28.271112" lon="-16.616497">
				<ele>2720.000000</ele>
			</trkpt>
			<trkpt lat="28.271175" lon="-16.616372">
				<ele>2719.000000</ele>
			</trkpt>
			<trkpt lat="28.271199" lon="-16.616147">
				<ele>2717.000000</ele>
			</trkpt>
			<trkpt lat="28.271223" lon="-16.615707">
				<ele>2713.000000</ele>
			</trkpt>
			<trkpt lat="28.271254" lon="-16.615590">
				<ele>2712.000000</ele>
			</trkpt>
			<trkpt lat="28.271389" lon="-16.615150">
				<ele>2708.000000</ele>
			</trkpt>
			<trkpt lat="28.271492" lon="-16.614728">
				<ele>2703.000000</ele>
			</trkpt>
			<trkpt lat="28.271531" lon="-16.614503">
				<ele>2700.000000</ele>
			</trkpt>
			<trkpt lat="28.271610" lon="-16.614252">
				<ele>2696.000000</ele>
			</trkpt>
			<trkpt lat="28.271626" lon="-16.614135">
				<ele>2694.000000</ele>
			</trkpt>
			<trkpt lat="28.271626" lon="-16.614026">
				<ele>2692.000000</ele>
			</trkpt>
			<trkpt lat="28.271587" lon="-16.613820">
				<ele>2690.000000</ele>
			</trkpt>
			<trkpt lat="28.271571" lon="-16.613596">
				<ele>2688.000000</ele>
			</trkpt>
			<trkpt lat="28.271523" lon="-16.613479">
				<ele>2687.000000</ele>
			</trkpt>
			<trkpt lat="28.271389" lon="-16.613254">
				<ele>2686.000000</ele>
			</trkpt>
			<trkpt lat="28.271278" lon="-16.613066">
				<ele>2684.000000</ele>
			</trkpt>
			<trkpt lat="28.271215" lon="-16.613021">
				<ele>2684.000000</ele>
			</trkpt>
			<trkpt lat="28.271072" lon="-16.612958">
				<ele>2683.000000</ele>
			</trkpt>
			<trkpt lat="28.271017" lon="-16.612886">
				<ele>2682.000000</ele>
			</trkpt>
			<trkpt lat="28.271033" lon="-16.612787">
				<ele>2681.000000</ele>
			</trkpt>
			<trkpt lat="28.271120" lon="-16.612688">
				<ele>2680.000000</ele>
			</trkpt>
			<trkpt lat="28.271231" lon="-16.612545">
				<ele>2677.000000</ele>
			</trkpt>
			<trkpt lat="28.271373" lon="-16.612455">
				<ele>2674.000000</ele>
			</trkpt>
			<trkpt lat="28.271483" lon="-16.612464">
				<ele>2671.000000</ele>
			</trkpt>
			<trkpt lat="28.271705" lon="-16.612535">
				<ele>2669.000000</ele>
			</trkpt>
			<trkpt lat="28.271872" lon="-16.612671">
				<ele>2668.000000</ele>
			</trkpt>
			<trkpt lat="28.271974" lon="-16.612858">
				<ele>2667.000000</ele>
			</trkpt>
			<trkpt lat="28.272109" lon="-16.613246">
				<ele>2665.000000</ele>
			</trkpt>
			<trkpt lat="28.272125" lon="-16.613334">
				<ele>2665.000000</ele>
			</trkpt>
			<trkpt lat="28.272141" lon="-16.613389">
				<ele>2665.000000</ele>
			</trkpt>
			<trkpt lat="28.272149" lon="-16.613424">
				<ele>2665.000000</ele>
			</trkpt>
			<trkpt lat="28.272204" lon="-16.613659">
				<ele>2664.000000</ele>
			</trkpt>
			<trkpt lat="28.272283" lon="-16.613829">
				<ele>2663.000000</ele>
			</trkpt>
			<trkpt lat="28.272410" lon="-16.613982">
				<ele>2662.000000</ele>
			</trkpt>
			<trkpt lat="28.272623" lon="-16.614170">
				<ele>2661.000000</ele>
			</trkpt>
			<trkpt lat="28.272868" lon="-16.614252">
				<ele>2658.000000</ele>
			</trkpt>
			<trkpt lat="28.273153" lon="-16.614405">
				<ele>2654.000000</ele>
			</trkpt>
			<trkpt lat="28.273287" lon="-16.614476">
				<ele>2652.000000</ele>
			</trkpt>
			<trkpt lat="28.273382" lon="-16.614476">
				<ele>2651.000000</ele>
			</trkpt>
			<trkpt lat="28.273438" lon="-16.614413">
				<ele>2650.000000</ele>
			</trkpt>
			<trkpt lat="28.273462" lon="-16.614332">
				<ele>2649.000000</ele>
			</trkpt>
			<trkpt lat="28.273462" lon="-16.614269">
				<ele>2649.000000</ele>
			</trkpt>
			<trkpt lat="28.273414" lon="-16.614189">
				<ele>2648.000000</ele>
			</trkpt>
			<trkpt lat="28.273319" lon="-16.614116">
				<ele>2648.000000</ele>
			</trkpt>
			<trkpt lat="28.272868" lon="-16.613650">
				<ele>2644.000000</ele>
			</trkpt>
			<trkpt lat="28.272797" lon="-16.613542">
				<ele>2643.000000</ele>
			</trkpt>
			<trkpt lat="28.272758" lon="-16.613344">
				<ele>2642.000000</ele>
			</trkpt>
			<trkpt lat="28.272734" lon="-16.613210">
				<ele>2641.000000</ele>
			</trkpt>
			<trkpt lat="28.272749" lon="-16.613093">
				<ele>2641.000000</ele>
			</trkpt>
			<trkpt lat="28.272900" lon="-16.612814">
				<ele>2636.000000</ele>
			</trkpt>
			<trkpt lat="28.273011" lon="-16.612724">
				<ele>2633.000000</ele>
			</trkpt>
			<trkpt lat="28.273066" lon="-16.612715">
				<ele>2632.000000</ele>
			</trkpt>
			<trkpt lat="28.273106" lon="-16.612707">
				<ele>2631.000000</ele>
			</trkpt>
			<trkpt lat="28.273739" lon="-16.612904">
				<ele>2622.000000</ele>
			</trkpt>
			<trkpt lat="28.273826" lon="-16.612895">
				<ele>2621.000000</ele>
			</trkpt>
			<trkpt lat="28.273889" lon="-16.612823">
				<ele>2620.000000</ele>
			</trkpt>
			<trkpt lat="28.273905" lon="-16.612715">
				<ele>2619.000000</ele>
			</trkpt>
			<trkpt lat="28.273810" lon="-16.612231">
				<ele>2615.000000</ele>
			</trkpt>
			<trkpt lat="28.273755" lon="-16.611996">
				<ele>2613.000000</ele>
			</trkpt>
			<trkpt lat="28.273755" lon="-16.611988">
				<ele>2613.000000</ele>
			</trkpt>
			<trkpt lat="28.273755" lon="-16.611916">
				<ele>2613.000000</ele>
			</trkpt>
			<trkpt lat="28.273747" lon="-16.611816">
				<ele>2612.000000</ele>
			</trkpt>
			<trkpt lat="28.273770" lon="-16.611548">
				<ele>2609.000000</ele>
			</trkpt>
			<trkpt lat="28.273794" lon="-16.611386">
				<ele>2606.000000</ele>
			</trkpt>
			<trkpt lat="28.273818" lon="-16.611313">
				<ele>2604.000000</ele>
			</trkpt>
			<trkpt lat="28.273857" lon="-16.611260">
				<ele>2603.000000</ele>
			</trkpt>
			<trkpt lat="28.273928" lon="-16.611224">
				<ele>2601.000000</ele>
			</trkpt>
			<trkpt lat="28.274015" lon="-16.611224">
				<ele>2600.000000</ele>
			</trkpt>
			<trkpt lat="28.274063" lon="-16.611260">
				<ele>2599.000000</ele>
			</trkpt>
			<trkpt lat="28.274221" lon="-16.611512">
				<ele>2598.000000</ele>
			</trkpt>
			<trkpt lat="28.274284" lon="-16.611602">
				<ele>2597.000000</ele>
			</trkpt>
			<trkpt lat="28.274347" lon="-16.611673">
				<ele>2596.000000</ele>
			</trkpt>
			<trkpt lat="28.274372" lon="-16.611700">
				<ele>2596.000000</ele>
			</trkpt>
			<trkpt lat="28.274451" lon="-16.611789">
				<ele>2595.000000</ele>
			</trkpt>
			<trkpt lat="28.274672" lon="-16.612105">
				<ele>2593.000000</ele>
			</trkpt>
			<trkpt lat="28.274838" lon="-16.612401">
				<ele>2591.000000</ele>
			</trkpt>
			<trkpt lat="28.274933" lon="-16.612418">
				<ele>2590.000000</ele>
			</trkpt>
			<trkpt lat="28.274988" lon="-16.612392">
				<ele>2590.000000</ele>
			</trkpt>
			<trkpt lat="28.275036" lon="-16.612338">
				<ele>2589.000000</ele>
			</trkpt>
			<trkpt lat="28.275068" lon="-16.612284">
				<ele>2588.000000</ele>
			</trkpt>
			<trkpt lat="28.275092" lon="-16.612194">
				<ele>2587.000000</ele>
			</trkpt>
			<trkpt lat="28.275107" lon="-16.612086">
				<ele>2585.000000</ele>
			</trkpt>
			<trkpt lat="28.275084" lon="-16.611934">
				<ele>2583.000000</ele>
			</trkpt>
			<trkpt lat="28.275068" lon="-16.611726">
				<ele>2580.000000</ele>
			</trkpt>
			<trkpt lat="28.275092" lon="-16.611655">
				<ele>2580.000000</ele>
			</trkpt>
			<trkpt lat="28.275115" lon="-16.611610">
				<ele>2579.000000</ele>
			</trkpt>
			<trkpt lat="28.275139" lon="-16.611556">
				<ele>2578.000000</ele>
			</trkpt>
			<trkpt lat="28.275194" lon="-16.611520">
				<ele>2578.000000</ele>
			</trkpt>
			<trkpt lat="28.275305" lon="-16.611493">
				<ele>2576.000000</ele>
			</trkpt>
			<trkpt lat="28.275345" lon="-16.611512">
				<ele>2576.000000</ele>
			</trkpt>
			<trkpt lat="28.275479" lon="-16.611673">
				<ele>2573.000000</ele>
			</trkpt>
			<trkpt lat="28.275598" lon="-16.611835">
				<ele>2571.000000</ele>
			</trkpt>
			<trkpt lat="28.275764" lon="-16.611969">
				<ele>2570.000000</ele>
			</trkpt>
			<trkpt lat="28.275875" lon="-16.612105">
				<ele>2570.000000</ele>
			</trkpt>
			<trkpt lat="28.275906" lon="-16.612231">
				<ele>2570.000000</ele>
			</trkpt>
			<trkpt lat="28.275922" lon="-16.612455">
				<ele>2570.000000</ele>
			</trkpt>
			<trkpt lat="28.275978" lon="-16.612581">
				<ele>2570.000000</ele>
			</trkpt>
			<trkpt lat="28.276167" lon="-16.612967">
				<ele>2570.000000</ele>
			</trkpt>
			<trkpt lat="28.276238" lon="-16.613093">
				<ele>2570.000000</ele>
			</trkpt>
			<trkpt lat="28.276286" lon="-16.613173">
				<ele>2570.000000</ele>
			</trkpt>
			<trkpt lat="28.276334" lon="-16.613191">
				<ele>2569.000000</ele>
			</trkpt>
			<trkpt lat="28.276365" lon="-16.613191">
				<ele>2568.000000</ele>
			</trkpt>
			<trkpt lat="28.276397" lon="-16.613183">
				<ele>2568.000000</ele>
			</trkpt>
			<trkpt lat="28.276436" lon="-16.613156">
				<ele>2567.000000</ele>
			</trkpt>
			<trkpt lat="28.276452" lon="-16.613120">
				<ele>2566.000000</ele>
			</trkpt>
			<trkpt lat="28.276468" lon="-16.613084">
				<ele>2565.000000</ele>
			</trkpt>
			<trkpt lat="28.276468" lon="-16.613030">
				<ele>2564.000000</ele>
			</trkpt>
			<trkpt lat="28.276444" lon="-16.612921">
				<ele>2562.000000</ele>
			</trkpt>
			<trkpt lat="28.276405" lon="-16.612751">
				<ele>2560.000000</ele>
			</trkpt>
			<trkpt lat="28.276381" lon="-16.612581">
				<ele>2557.000000</ele>
			</trkpt>
			<trkpt lat="28.276389" lon="-16.612355">
				<ele>2554.000000</ele>
			</trkpt>
			<trkpt lat="28.276428" lon="-16.612168">
				<ele>2552.000000</ele>
			</trkpt>
			<trkpt lat="28.276492" lon="-16.611952">
				<ele>2549.000000</ele>
			</trkpt>
			<trkpt lat="28.276547" lon="-16.611789">
				<ele>2546.000000</ele>
			</trkpt>
			<trkpt lat="28.276650" lon="-16.611638">
				<ele>2543.000000</ele>
			</trkpt>
			<trkpt lat="28.276690" lon="-16.611520">
				<ele>2540.000000</ele>
			</trkpt>
			<trkpt lat="28.276690" lon="-16.611430">
				<ele>2539.000000</ele>
			</trkpt>
			<trkpt lat="28.276674" lon="-16.611233">
				<ele>2536.000000</ele>
			</trkpt>
			<trkpt lat="28.276626" lon="-16.610946">
				<ele>2531.000000</ele>
			</trkpt>
			<trkpt lat="28.276586" lon="-16.610793">
				<ele>2529.000000</ele>
			</trkpt>
			<trkpt lat="28.276539" lon="-16.610650">
				<ele>2528.000000</ele>
			</trkpt>
			<trkpt lat="28.276484" lon="-16.610541">
				<ele>2528.000000</ele>
			</trkpt>
			<trkpt lat="28.276191" lon="-16.610298">
				<ele>2525.000000</ele>
			</trkpt>
			<trkpt lat="28.275969" lon="-16.610164">
				<ele>2523.000000</ele>
			</trkpt>
			<trkpt lat="28.275890" lon="-16.610074">
				<ele>2523.000000</ele>
			</trkpt>
			<trkpt lat="28.275851" lon="-16.609984">
				<ele>2522.000000</ele>
			</trkpt>
			<trkpt lat="28.275772" lon="-16.609652">
				<ele>2520.000000</ele>
			</trkpt>
			<trkpt lat="28.275764" lon="-16.609616">
				<ele>2520.000000</ele>
			</trkpt>
			<trkpt lat="28.275669" lon="-16.609392">
				<ele>2518.000000</ele>
			</trkpt>
			<trkpt lat="28.275542" lon="-16.609229">
				<ele>2516.000000</ele>
			</trkpt>
			<trkpt lat="28.275353" lon="-16.609015">
				<ele>2514.000000</ele>
			</trkpt>
			<trkpt lat="28.275068" lon="-16.608763">
				<ele>2511.000000</ele>
			</trkpt>
			<trkpt lat="28.274957" lon="-16.608619">
				<ele>2509.000000</ele>
			</trkpt>
			<trkpt lat="28.274561" lon="-16.608044">
				<ele>2503.000000</ele>
			</trkpt>
			<trkpt lat="28.274403" lon="-16.607837">
				<ele>2501.000000</ele>
			</trkpt>
			<trkpt lat="28.274276" lon="-16.607577">
				<ele>2497.000000</ele>
			</trkpt>
			<trkpt lat="28.274174" lon="-16.607271">
				<ele>2492.000000</ele>
			</trkpt>
			<trkpt lat="28.274134" lon="-16.607200">
				<ele>2491.000000</ele>
			</trkpt>
			<trkpt lat="28.274111" lon="-16.607155">
				<ele>2491.000000</ele>
			</trkpt>
			<trkpt lat="28.274055" lon="-16.607082">
				<ele>2490.000000</ele>
			</trkpt>
			<trkpt lat="28.274007" lon="-16.607020">
				<ele>2490.000000</ele>
			</trkpt>
			<trkpt lat="28.273952" lon="-16.606984">
				<ele>2490.000000</ele>
			</trkpt>
			<trkpt lat="28.273873" lon="-16.606957">
				<ele>2490.000000</ele>
			</trkpt>
			<trkpt lat="28.273802" lon="-16.606948">
				<ele>2490.000000</ele>
			</trkpt>
			<trkpt lat="28.273628" lon="-16.606975">
				<ele>2490.000000</ele>
			</trkpt>
			<trkpt lat="28.273399" lon="-16.607029">
				<ele>2490.000000</ele>
			</trkpt>
			<trkpt lat="28.273295" lon="-16.607020">
				<ele>2490.000000</ele>
			</trkpt>
			<trkpt lat="28.273193" lon="-16.607002">
				<ele>2490.000000</ele>
			</trkpt>
			<trkpt lat="28.273106" lon="-16.606939">
				<ele>2489.000000</ele>
			</trkpt>
			<trkpt lat="28.273043" lon="-16.606831">
				<ele>2487.000000</ele>
			</trkpt>
			<trkpt lat="28.273003" lon="-16.606715">
				<ele>2485.000000</ele>
			</trkpt>
			<trkpt lat="28.272963" lon="-16.606606">
				<ele>2482.000000</ele>
			</trkpt>
			<trkpt lat="28.272876" lon="-16.606526">
				<ele>2480.000000</ele>
			</trkpt>
			<trkpt lat="28.272774" lon="-16.606463">
				<ele>2479.000000</ele>
			</trkpt>
			<trkpt lat="28.272655" lon="-16.606382">
				<ele>2477.000000</ele>
			</trkpt>
			<trkpt lat="28.272449" lon="-16.606239">
				<ele>2475.000000</ele>
			</trkpt>
			<trkpt lat="28.272188" lon="-16.606050">
				<ele>2471.000000</ele>
			</trkpt>
			<trkpt lat="28.271951" lon="-16.605780">
				<ele>2469.000000</ele>
			</trkpt>
			<trkpt lat="28.271856" lon="-16.605726">
				<ele>2468.000000</ele>
			</trkpt>
			<trkpt lat="28.271745" lon="-16.605700">
				<ele>2468.000000</ele>
			</trkpt>
			<trkpt lat="28.271642" lon="-16.605709">
				<ele>2467.000000</ele>
			</trkpt>
			<trkpt lat="28.271468" lon="-16.605789">
				<ele>2466.000000</ele>
			</trkpt>
			<trkpt lat="28.271341" lon="-16.605789">
				<ele>2465.000000</ele>
			</trkpt>
			<trkpt lat="28.271191" lon="-16.605726">
				<ele>2464.000000</ele>
			</trkpt>
			<trkpt lat="28.271009" lon="-16.605627">
				<ele>2463.000000</ele>
			</trkpt>
			<trkpt lat="28.270740" lon="-16.605537">
				<ele>2462.000000</ele>
			</trkpt>
			<trkpt lat="28.270606" lon="-16.605484">
				<ele>2461.000000</ele>
			</trkpt>
			<trkpt lat="28.270479" lon="-16.605413">
				<ele>2460.000000</ele>
			</trkpt>
			<trkpt lat="28.270352" lon="-16.605294">
				<ele>2458.000000</ele>
			</trkpt>
			<trkpt lat="28.270250" lon="-16.605170">
				<ele>2454.000000</ele>
			</trkpt>
			<trkpt lat="28.270131" lon="-16.605044">
				<ele>2451.000000</ele>
			</trkpt>
			<trkpt lat="28.269973" lon="-16.604936">
				<ele>2449.000000</ele>
			</trkpt>
			<trkpt lat="28.269071" lon="-16.604711">
				<ele>2445.000000</ele>
			</trkpt>
			<trkpt lat="28.268817" lon="-16.604640">
				<ele>2444.000000</ele>
			</trkpt>
			<trkpt lat="28.268469" lon="-16.604568">
				<ele>2443.000000</ele>
			</trkpt>
			<trkpt lat="28.268319" lon="-16.604531">
				<ele>2442.000000</ele>
			</trkpt>
			<trkpt lat="28.268153" lon="-16.604432">
				<ele>2441.000000</ele>
			</trkpt>
			<trkpt lat="28.267852" lon="-16.604172">
				<ele>2440.000000</ele>
			</trkpt>
			<trkpt lat="28.267734" lon="-16.604038">
				<ele>2439.000000</ele>
			</trkpt>
			<trkpt lat="28.267623" lon="-16.603849">
				<ele>2437.000000</ele>
			</trkpt>
			<trkpt lat="28.267559" lon="-16.603732">
				<ele>2437.000000</ele>
			</trkpt>
			<trkpt lat="28.267520" lon="-16.603678">
				<ele>2436.000000</ele>
			</trkpt>
			<trkpt lat="28.267472" lon="-16.603652">
				<ele>2436.000000</ele>
			</trkpt>
			<trkpt lat="28.267219" lon="-16.603696">
				<ele>2434.000000</ele>
			</trkpt>
			<trkpt lat="28.267156" lon="-16.603696">
				<ele>2434.000000</ele>
			</trkpt>
			<trkpt lat="28.267093" lon="-16.603678">
				<ele>2434.000000</ele>
			</trkpt>
			<trkpt lat="28.267053" lon="-16.603642">
				<ele>2433.000000</ele>
			</trkpt>
			<trkpt lat="28.266745" lon="-16.603067">
				<ele>2430.000000</ele>
			</trkpt>
			<trkpt lat="28.266674" lon="-16.602986">
				<ele>2429.000000</ele>
			</trkpt>
			<trkpt lat="28.266603" lon="-16.602942">
				<ele>2428.000000</ele>
			</trkpt>
			<trkpt lat="28.266460" lon="-16.602879">
				<ele>2427.000000</ele>
			</trkpt>
			<trkpt lat="28.266365" lon="-16.602816">
				<ele>2427.000000</ele>
			</trkpt>
			<trkpt lat="28.266199" lon="-16.602627">
				<ele>2425.000000</ele>
			</trkpt>
			<trkpt lat="28.265693" lon="-16.602034">
				<ele>2420.000000</ele>
			</trkpt>
			<trkpt lat="28.265455" lon="-16.601810">
				<ele>2417.000000</ele>
			</trkpt>
			<trkpt lat="28.265218" lon="-16.601549">
				<ele>2415.000000</ele>
			</trkpt>
			<trkpt lat="28.264948" lon="-16.601235">
				<ele>2412.000000</ele>
			</trkpt>
			<trkpt lat="28.264775" lon="-16.601126">
				<ele>2410.000000</ele>
			</trkpt>
			<trkpt lat="28.264600" lon="-16.601036">
				<ele>2409.000000</ele>
			</trkpt>
			<trkpt lat="28.264442" lon="-16.600992">
				<ele>2409.000000</ele>
			</trkpt>
			<trkpt lat="28.264356" lon="-16.600992">
				<ele>2408.000000</ele>
			</trkpt>
			<trkpt lat="28.264268" lon="-16.601010">
				<ele>2408.000000</ele>
			</trkpt>
			<trkpt lat="28.264118" lon="-16.601065">
				<ele>2408.000000</ele>
			</trkpt>
			<trkpt lat="28.264023" lon="-16.601118">
				<ele>2407.000000</ele>
			</trkpt>
			<trkpt lat="28.263912" lon="-16.601216">
				<ele>2407.000000</ele>
			</trkpt>
			<trkpt lat="28.263525" lon="-16.601522">
				<ele>2405.000000</ele>
			</trkpt>
			<trkpt lat="28.263248" lon="-16.601720">
				<ele>2403.000000</ele>
			</trkpt>
			<trkpt lat="28.263136" lon="-16.601810">
				<ele>2403.000000</ele>
			</trkpt>
			<trkpt lat="28.263065" lon="-16.601891">
				<ele>2402.000000</ele>
			</trkpt>
			<trkpt lat="28.262986" lon="-16.601998">
				<ele>2402.000000</ele>
			</trkpt>
			<trkpt lat="28.262788" lon="-16.602197">
				<ele>2401.000000</ele>
			</trkpt>
			<trkpt lat="28.262567" lon="-16.602421">
				<ele>2399.000000</ele>
			</trkpt>
			<trkpt lat="28.262480" lon="-16.602510">
				<ele>2397.000000</ele>
			</trkpt>
			<trkpt lat="28.262401" lon="-16.602583">
				<ele>2396.000000</ele>
			</trkpt>
			<trkpt lat="28.262330" lon="-16.602600">
				<ele>2395.000000</ele>
			</trkpt>
			<trkpt lat="28.262195" lon="-16.602591">
				<ele>2393.000000</ele>
			</trkpt>
			<trkpt lat="28.262116" lon="-16.602583">
				<ele>2392.000000</ele>
			</trkpt>
			<trkpt lat="28.261799" lon="-16.602717">
				<ele>2388.000000</ele>
			</trkpt>
			<trkpt lat="28.261412" lon="-16.602887">
				<ele>2383.000000</ele>
			</trkpt>
			<trkpt lat="28.261333" lon="-16.602914">
				<ele>2383.000000</ele>
			</trkpt>
			<trkpt lat="28.261293" lon="-16.602923">
				<ele>2382.000000</ele>
			</trkpt>
			<trkpt lat="28.261206" lon="-16.602914">
				<ele>2381.000000</ele>
			</trkpt>
			<trkpt lat="28.261064" lon="-16.602887">
				<ele>2380.000000</ele>
			</trkpt>
			<trkpt lat="28.260897" lon="-16.602843">
				<ele>2378.000000</ele>
			</trkpt>
			<trkpt lat="28.260834" lon="-16.602834">
				<ele>2377.000000</ele>
			</trkpt>
			<trkpt lat="28.260779" lon="-16.602852">
				<ele>2376.000000</ele>
			</trkpt>
			<trkpt lat="28.260731" lon="-16.602887">
				<ele>2376.000000</ele>
			</trkpt>
			<trkpt lat="28.260692" lon="-16.602960">
				<ele>2375.000000</ele>
			</trkpt>
			<trkpt lat="28.260645" lon="-16.603076">
				<ele>2373.000000</ele>
			</trkpt>
			<trkpt lat="28.260621" lon="-16.603121">
				<ele>2373.000000</ele>
			</trkpt>
			<trkpt lat="28.260573" lon="-16.603130">
				<ele>2372.000000</ele>
			</trkpt>
			<trkpt lat="28.260502" lon="-16.603121">
				<ele>2372.000000</ele>
			</trkpt>
			<trkpt lat="28.260399" lon="-16.603059">
				<ele>2370.000000</ele>
			</trkpt>
			<trkpt lat="28.260328" lon="-16.602969">
				<ele>2368.000000</ele>
			</trkpt>
			<trkpt lat="28.260273" lon="-16.602852">
				<ele>2365.000000</ele>
			</trkpt>
			<trkpt lat="28.260233" lon="-16.602717">
				<ele>2362.000000</ele>
			</trkpt>
			<trkpt lat="28.260225" lon="-16.602618">
				<ele>2360.000000</ele>
			</trkpt>
			<trkpt lat="28.260209" lon="-16.602501">
				<ele>2359.000000</ele>
			</trkpt>
			<trkpt lat="28.260193" lon="-16.602430">
				<ele>2359.000000</ele>
			</trkpt>
			<trkpt lat="28.260154" lon="-16.602403">
				<ele>2358.000000</ele>
			</trkpt>
			<trkpt lat="28.260114" lon="-16.602394">
				<ele>2358.000000</ele>
			</trkpt>
			<trkpt lat="28.260059" lon="-16.602403">
				<ele>2358.000000</ele>
			</trkpt>
			<trkpt lat="28.260012" lon="-16.602447">
				<ele>2357.000000</ele>
			</trkpt>
			<trkpt lat="28.259988" lon="-16.602510">
				<ele>2357.000000</ele>
			</trkpt>
			<trkpt lat="28.259956" lon="-16.602583">
				<ele>2356.000000</ele>
			</trkpt>
			<trkpt lat="28.259948" lon="-16.602734">
				<ele>2356.000000</ele>
			</trkpt>
			<trkpt lat="28.259893" lon="-16.602942">
				<ele>2354.000000</ele>
			</trkpt>
			<trkpt lat="28.259821" lon="-16.603130">
				<ele>2353.000000</ele>
			</trkpt>
			<trkpt lat="28.259766" lon="-16.603256">
				<ele>2352.000000</ele>
			</trkpt>
			<trkpt lat="28.259695" lon="-16.603346">
				<ele>2351.000000</ele>
			</trkpt>
			<trkpt lat="28.259521" lon="-16.603436">
				<ele>2350.000000</ele>
			</trkpt>
			<trkpt lat="28.259386" lon="-16.603453">
				<ele>2348.000000</ele>
			</trkpt>
			<trkpt lat="28.259402" lon="-16.603373">
				<ele>2347.000000</ele>
			</trkpt>
			<trkpt lat="28.259418" lon="-16.603283">
				<ele>2346.000000</ele>
			</trkpt>
		</trkseg>
	</trk>
</gpx>

