<?xml version="1.0" encoding="utf-8"?>
<gpx xmlns="http://www.topografix.com/GPX/1/1" version="1.1" creator="https://mapy.com/">
	<trk>
		<name>Trasa z Parkoviště do Parkoviště</name>
		<trkseg>
			<trkpt lat="46.957318" lon="11.007687">
				<ele>1473.000000</ele>
			</trkpt>
			<trkpt lat="46.957281" lon="11.007570">
				<ele>1475.000000</ele>
			</trkpt>
			<trkpt lat="46.956932" lon="11.007784">
				<ele>1472.000000</ele>
			</trkpt>
			<trkpt lat="46.956919" lon="11.007740">
				<ele>1473.000000</ele>
			</trkpt>
			<trkpt lat="46.956901" lon="11.007704">
				<ele>1473.000000</ele>
			</trkpt>
			<trkpt lat="46.956870" lon="11.007677">
				<ele>1474.000000</ele>
			</trkpt>
			<trkpt lat="46.956833" lon="11.007677">
				<ele>1474.000000</ele>
			</trkpt>
			<trkpt lat="46.956600" lon="11.007704">
				<ele>1477.000000</ele>
			</trkpt>
			<trkpt lat="46.956312" lon="11.007740">
				<ele>1480.000000</ele>
			</trkpt>
			<trkpt lat="46.956000" lon="11.007767">
				<ele>1484.000000</ele>
			</trkpt>
			<trkpt lat="46.955895" lon="11.007811">
				<ele>1486.000000</ele>
			</trkpt>
			<trkpt lat="46.955815" lon="11.007874">
				<ele>1487.000000</ele>
			</trkpt>
			<trkpt lat="46.955735" lon="11.007964">
				<ele>1488.000000</ele>
			</trkpt>
			<trkpt lat="46.955540" lon="11.008180">
				<ele>1491.000000</ele>
			</trkpt>
			<trkpt lat="46.955448" lon="11.008306">
				<ele>1493.000000</ele>
			</trkpt>
			<trkpt lat="46.955405" lon="11.008369">
				<ele>1494.000000</ele>
			</trkpt>
			<trkpt lat="46.955362" lon="11.008387">
				<ele>1494.000000</ele>
			</trkpt>
			<trkpt lat="46.955325" lon="11.008387">
				<ele>1494.000000</ele>
			</trkpt>
			<trkpt lat="46.955294" lon="11.008369">
				<ele>1495.000000</ele>
			</trkpt>
			<trkpt lat="46.955263" lon="11.008333">
				<ele>1495.000000</ele>
			</trkpt>
			<trkpt lat="46.955257" lon="11.008279">
				<ele>1496.000000</ele>
			</trkpt>
			<trkpt lat="46.955257" lon="11.008224">
				<ele>1496.000000</ele>
			</trkpt>
			<trkpt lat="46.955282" lon="11.008171">
				<ele>1497.000000</ele>
			</trkpt>
			<trkpt lat="46.955331" lon="11.008081">
				<ele>1498.000000</ele>
			</trkpt>
			<trkpt lat="46.955374" lon="11.008000">
				<ele>1499.000000</ele>
			</trkpt>
			<trkpt lat="46.955423" lon="11.007901">
				<ele>1500.000000</ele>
			</trkpt>
			<trkpt lat="46.955558" lon="11.007524">
				<ele>1503.000000</ele>
			</trkpt>
			<trkpt lat="46.955631" lon="11.007381">
				<ele>1505.000000</ele>
			</trkpt>
			<trkpt lat="46.955692" lon="11.007318">
				<ele>1506.000000</ele>
			</trkpt>
			<trkpt lat="46.955858" lon="11.007147">
				<ele>1509.000000</ele>
			</trkpt>
			<trkpt lat="46.956152" lon="11.006905">
				<ele>1513.000000</ele>
			</trkpt>
			<trkpt lat="46.956447" lon="11.006645">
				<ele>1518.000000</ele>
			</trkpt>
			<trkpt lat="46.957275" lon="11.005916">
				<ele>1530.000000</ele>
			</trkpt>
			<trkpt lat="46.957740" lon="11.005494">
				<ele>1537.000000</ele>
			</trkpt>
			<trkpt lat="46.957851" lon="11.005368">
				<ele>1539.000000</ele>
			</trkpt>
			<trkpt lat="46.957962" lon="11.005224">
				<ele>1541.000000</ele>
			</trkpt>
			<trkpt lat="46.958017" lon="11.005134">
				<ele>1542.000000</ele>
			</trkpt>
			<trkpt lat="46.958072" lon="11.004991">
				<ele>1543.000000</ele>
			</trkpt>
			<trkpt lat="46.958108" lon="11.004830">
				<ele>1545.000000</ele>
			</trkpt>
			<trkpt lat="46.958127" lon="11.004677">
				<ele>1546.000000</ele>
			</trkpt>
			<trkpt lat="46.958127" lon="11.004578">
				<ele>1547.000000</ele>
			</trkpt>
			<trkpt lat="46.958115" lon="11.004236">
				<ele>1550.000000</ele>
			</trkpt>
			<trkpt lat="46.958115" lon="11.004119">
				<ele>1551.000000</ele>
			</trkpt>
			<trkpt lat="46.958127" lon="11.003958">
				<ele>1552.000000</ele>
			</trkpt>
			<trkpt lat="46.958145" lon="11.003779">
				<ele>1554.000000</ele>
			</trkpt>
			<trkpt lat="46.958188" lon="11.003410">
				<ele>1557.000000</ele>
			</trkpt>
			<trkpt lat="46.958200" lon="11.003222">
				<ele>1559.000000</ele>
			</trkpt>
			<trkpt lat="46.958200" lon="11.003096">
				<ele>1560.000000</ele>
			</trkpt>
			<trkpt lat="46.958188" lon="11.002924">
				<ele>1562.000000</ele>
			</trkpt>
			<trkpt lat="46.958182" lon="11.002727">
				<ele>1564.000000</ele>
			</trkpt>
			<trkpt lat="46.958182" lon="11.002547">
				<ele>1565.000000</ele>
			</trkpt>
			<trkpt lat="46.958200" lon="11.002377">
				<ele>1567.000000</ele>
			</trkpt>
			<trkpt lat="46.958231" lon="11.002234">
				<ele>1568.000000</ele>
			</trkpt>
			<trkpt lat="46.958280" lon="11.002098">
				<ele>1570.000000</ele>
			</trkpt>
			<trkpt lat="46.958385" lon="11.001838">
				<ele>1573.000000</ele>
			</trkpt>
			<trkpt lat="46.958520" lon="11.001505">
				<ele>1576.000000</ele>
			</trkpt>
			<trkpt lat="46.958611" lon="11.001218">
				<ele>1579.000000</ele>
			</trkpt>
			<trkpt lat="46.958838" lon="11.000463">
				<ele>1587.000000</ele>
			</trkpt>
			<trkpt lat="46.958887" lon="11.000310">
				<ele>1588.000000</ele>
			</trkpt>
			<trkpt lat="46.959096" lon="10.999844">
				<ele>1593.000000</ele>
			</trkpt>
			<trkpt lat="46.959267" lon="10.999565">
				<ele>1597.000000</ele>
			</trkpt>
			<trkpt lat="46.959439" lon="10.999385">
				<ele>1600.000000</ele>
			</trkpt>
			<trkpt lat="46.959788" lon="10.999071">
				<ele>1606.000000</ele>
			</trkpt>
			<trkpt lat="46.960138" lon="10.998676">
				<ele>1612.000000</ele>
			</trkpt>
			<trkpt lat="46.960359" lon="10.998433">
				<ele>1616.000000</ele>
			</trkpt>
			<trkpt lat="46.960439" lon="10.998299">
				<ele>1618.000000</ele>
			</trkpt>
			<trkpt lat="46.960506" lon="10.998146">
				<ele>1619.000000</ele>
			</trkpt>
			<trkpt lat="46.960616" lon="10.997850">
				<ele>1623.000000</ele>
			</trkpt>
			<trkpt lat="46.960683" lon="10.997723">
				<ele>1624.000000</ele>
			</trkpt>
			<trkpt lat="46.960769" lon="10.997652">
				<ele>1625.000000</ele>
			</trkpt>
			<trkpt lat="46.960991" lon="10.997508">
				<ele>1629.000000</ele>
			</trkpt>
			<trkpt lat="46.961192" lon="10.997410">
				<ele>1632.000000</ele>
			</trkpt>
			<trkpt lat="46.961254" lon="10.997347">
				<ele>1633.000000</ele>
			</trkpt>
			<trkpt lat="46.961450" lon="10.997058">
				<ele>1637.000000</ele>
			</trkpt>
			<trkpt lat="46.961512" lon="10.996997">
				<ele>1638.000000</ele>
			</trkpt>
			<trkpt lat="46.961573" lon="10.996960">
				<ele>1639.000000</ele>
			</trkpt>
			<trkpt lat="46.961677" lon="10.996951">
				<ele>1640.000000</ele>
			</trkpt>
			<trkpt lat="46.961836" lon="10.996934">
				<ele>1642.000000</ele>
			</trkpt>
			<trkpt lat="46.962014" lon="10.996915">
				<ele>1645.000000</ele>
			</trkpt>
			<trkpt lat="46.962106" lon="10.996897">
				<ele>1646.000000</ele>
			</trkpt>
			<trkpt lat="46.962210" lon="10.996844">
				<ele>1647.000000</ele>
			</trkpt>
			<trkpt lat="46.962413" lon="10.996708">
				<ele>1651.000000</ele>
			</trkpt>
			<trkpt lat="46.962511" lon="10.996681">
				<ele>1652.000000</ele>
			</trkpt>
			<trkpt lat="46.962688" lon="10.996645">
				<ele>1655.000000</ele>
			</trkpt>
			<trkpt lat="46.962823" lon="10.996618">
				<ele>1657.000000</ele>
			</trkpt>
			<trkpt lat="46.962934" lon="10.996538">
				<ele>1659.000000</ele>
			</trkpt>
			<trkpt lat="46.963014" lon="10.996457">
				<ele>1660.000000</ele>
			</trkpt>
			<trkpt lat="46.963087" lon="10.996421">
				<ele>1661.000000</ele>
			</trkpt>
			<trkpt lat="46.963197" lon="10.996385">
				<ele>1663.000000</ele>
			</trkpt>
			<trkpt lat="46.963338" lon="10.996331">
				<ele>1665.000000</ele>
			</trkpt>
			<trkpt lat="46.963516" lon="10.996196">
				<ele>1668.000000</ele>
			</trkpt>
			<trkpt lat="46.963626" lon="10.996106">
				<ele>1670.000000</ele>
			</trkpt>
			<trkpt lat="46.964013" lon="10.995720">
				<ele>1677.000000</ele>
			</trkpt>
			<trkpt lat="46.964129" lon="10.995630">
				<ele>1679.000000</ele>
			</trkpt>
			<trkpt lat="46.964282" lon="10.995532">
				<ele>1681.000000</ele>
			</trkpt>
			<trkpt lat="46.964374" lon="10.995505">
				<ele>1683.000000</ele>
			</trkpt>
			<trkpt lat="46.964510" lon="10.995469">
				<ele>1685.000000</ele>
			</trkpt>
			<trkpt lat="46.964773" lon="10.995406">
				<ele>1688.000000</ele>
			</trkpt>
			<trkpt lat="46.964920" lon="10.995389">
				<ele>1690.000000</ele>
			</trkpt>
			<trkpt lat="46.965380" lon="10.995415">
				<ele>1695.000000</ele>
			</trkpt>
			<trkpt lat="46.965447" lon="10.995406">
				<ele>1696.000000</ele>
			</trkpt>
			<trkpt lat="46.965509" lon="10.995379">
				<ele>1697.000000</ele>
			</trkpt>
			<trkpt lat="46.965552" lon="10.995343">
				<ele>1697.000000</ele>
			</trkpt>
			<trkpt lat="46.965570" lon="10.995289">
				<ele>1698.000000</ele>
			</trkpt>
			<trkpt lat="46.965576" lon="10.995226">
				<ele>1698.000000</ele>
			</trkpt>
			<trkpt lat="46.965564" lon="10.995173">
				<ele>1699.000000</ele>
			</trkpt>
			<trkpt lat="46.965552" lon="10.995146">
				<ele>1699.000000</ele>
			</trkpt>
			<trkpt lat="46.965515" lon="10.995110">
				<ele>1699.000000</ele>
			</trkpt>
			<trkpt lat="46.965417" lon="10.995073">
				<ele>1701.000000</ele>
			</trkpt>
			<trkpt lat="46.965214" lon="10.995047">
				<ele>1703.000000</ele>
			</trkpt>
			<trkpt lat="46.965128" lon="10.995037">
				<ele>1704.000000</ele>
			</trkpt>
			<trkpt lat="46.965012" lon="10.994993">
				<ele>1706.000000</ele>
			</trkpt>
			<trkpt lat="46.964896" lon="10.994921">
				<ele>1708.000000</ele>
			</trkpt>
			<trkpt lat="46.964810" lon="10.994850">
				<ele>1709.000000</ele>
			</trkpt>
			<trkpt lat="46.964730" lon="10.994777">
				<ele>1710.000000</ele>
			</trkpt>
			<trkpt lat="46.964656" lon="10.994723">
				<ele>1711.000000</ele>
			</trkpt>
			<trkpt lat="46.964479" lon="10.994634">
				<ele>1714.000000</ele>
			</trkpt>
			<trkpt lat="46.964178" lon="10.994553">
				<ele>1718.000000</ele>
			</trkpt>
			<trkpt lat="46.963927" lon="10.994526">
				<ele>1721.000000</ele>
			</trkpt>
			<trkpt lat="46.963847" lon="10.994526">
				<ele>1722.000000</ele>
			</trkpt>
			<trkpt lat="46.963767" lon="10.994534">
				<ele>1723.000000</ele>
			</trkpt>
			<trkpt lat="46.963694" lon="10.994561">
				<ele>1725.000000</ele>
			</trkpt>
			<trkpt lat="46.963584" lon="10.994624">
				<ele>1726.000000</ele>
			</trkpt>
			<trkpt lat="46.963480" lon="10.994687">
				<ele>1728.000000</ele>
			</trkpt>
			<trkpt lat="46.963394" lon="10.994714">
				<ele>1729.000000</ele>
			</trkpt>
			<trkpt lat="46.963308" lon="10.994723">
				<ele>1730.000000</ele>
			</trkpt>
			<trkpt lat="46.963142" lon="10.994687">
				<ele>1732.000000</ele>
			</trkpt>
			<trkpt lat="46.962934" lon="10.994624">
				<ele>1735.000000</ele>
			</trkpt>
			<trkpt lat="46.962922" lon="10.994616">
				<ele>1736.000000</ele>
			</trkpt>
			<trkpt lat="46.962725" lon="10.994526">
				<ele>1738.000000</ele>
			</trkpt>
			<trkpt lat="46.962633" lon="10.994471">
				<ele>1740.000000</ele>
			</trkpt>
			<trkpt lat="46.962560" lon="10.994391">
				<ele>1741.000000</ele>
			</trkpt>
			<trkpt lat="46.962388" lon="10.994157">
				<ele>1744.000000</ele>
			</trkpt>
			<trkpt lat="46.962314" lon="10.994085">
				<ele>1746.000000</ele>
			</trkpt>
			<trkpt lat="46.962241" lon="10.994068">
				<ele>1747.000000</ele>
			</trkpt>
			<trkpt lat="46.962149" lon="10.994068">
				<ele>1748.000000</ele>
			</trkpt>
			<trkpt lat="46.962094" lon="10.994085">
				<ele>1749.000000</ele>
			</trkpt>
			<trkpt lat="46.961928" lon="10.994229">
				<ele>1751.000000</ele>
			</trkpt>
			<trkpt lat="46.961713" lon="10.994292">
				<ele>1754.000000</ele>
			</trkpt>
			<trkpt lat="46.961505" lon="10.994284">
				<ele>1757.000000</ele>
			</trkpt>
			<trkpt lat="46.961174" lon="10.994284">
				<ele>1762.000000</ele>
			</trkpt>
			<trkpt lat="46.961058" lon="10.994221">
				<ele>1763.000000</ele>
			</trkpt>
			<trkpt lat="46.960954" lon="10.994112">
				<ele>1765.000000</ele>
			</trkpt>
			<trkpt lat="46.960874" lon="10.993915">
				<ele>1767.000000</ele>
			</trkpt>
			<trkpt lat="46.960806" lon="10.993645">
				<ele>1770.000000</ele>
			</trkpt>
			<trkpt lat="46.960726" lon="10.993448">
				<ele>1772.000000</ele>
			</trkpt>
			<trkpt lat="46.960647" lon="10.993322">
				<ele>1773.000000</ele>
			</trkpt>
			<trkpt lat="46.960524" lon="10.993295">
				<ele>1775.000000</ele>
			</trkpt>
			<trkpt lat="46.960402" lon="10.993313">
				<ele>1777.000000</ele>
			</trkpt>
			<trkpt lat="46.960150" lon="10.993429">
				<ele>1781.000000</ele>
			</trkpt>
			<trkpt lat="46.959899" lon="10.993565">
				<ele>1784.000000</ele>
			</trkpt>
			<trkpt lat="46.959476" lon="10.993816">
				<ele>1790.000000</ele>
			</trkpt>
			<trkpt lat="46.959230" lon="10.993951">
				<ele>1794.000000</ele>
			</trkpt>
			<trkpt lat="46.958623" lon="10.994247">
				<ele>1803.000000</ele>
			</trkpt>
			<trkpt lat="46.958495" lon="10.994318">
				<ele>1805.000000</ele>
			</trkpt>
			<trkpt lat="46.958286" lon="10.994408">
				<ele>1808.000000</ele>
			</trkpt>
			<trkpt lat="46.958096" lon="10.994454">
				<ele>1811.000000</ele>
			</trkpt>
			<trkpt lat="46.957857" lon="10.994481">
				<ele>1814.000000</ele>
			</trkpt>
			<trkpt lat="46.957410" lon="10.994508">
				<ele>1820.000000</ele>
			</trkpt>
			<trkpt lat="46.957275" lon="10.994517">
				<ele>1822.000000</ele>
			</trkpt>
			<trkpt lat="46.957182" lon="10.994561">
				<ele>1824.000000</ele>
			</trkpt>
			<trkpt lat="46.956981" lon="10.994714">
				<ele>1827.000000</ele>
			</trkpt>
			<trkpt lat="46.956852" lon="10.994813">
				<ele>1829.000000</ele>
			</trkpt>
			<trkpt lat="46.956570" lon="10.994993">
				<ele>1833.000000</ele>
			</trkpt>
			<trkpt lat="46.956459" lon="10.995083">
				<ele>1835.000000</ele>
			</trkpt>
			<trkpt lat="46.956318" lon="10.995263">
				<ele>1837.000000</ele>
			</trkpt>
			<trkpt lat="46.956183" lon="10.995469">
				<ele>1840.000000</ele>
			</trkpt>
			<trkpt lat="46.956146" lon="10.995523">
				<ele>1841.000000</ele>
			</trkpt>
			<trkpt lat="46.956104" lon="10.995576">
				<ele>1842.000000</ele>
			</trkpt>
			<trkpt lat="46.956055" lon="10.995622">
				<ele>1842.000000</ele>
			</trkpt>
			<trkpt lat="46.956000" lon="10.995658">
				<ele>1843.000000</ele>
			</trkpt>
			<trkpt lat="46.955944" lon="10.995676">
				<ele>1844.000000</ele>
			</trkpt>
			<trkpt lat="46.955883" lon="10.995702">
				<ele>1845.000000</ele>
			</trkpt>
			<trkpt lat="46.955797" lon="10.995720">
				<ele>1846.000000</ele>
			</trkpt>
			<trkpt lat="46.955699" lon="10.995729">
				<ele>1848.000000</ele>
			</trkpt>
			<trkpt lat="46.955595" lon="10.995712">
				<ele>1849.000000</ele>
			</trkpt>
			<trkpt lat="46.955497" lon="10.995658">
				<ele>1850.000000</ele>
			</trkpt>
			<trkpt lat="46.955399" lon="10.995613">
				<ele>1852.000000</ele>
			</trkpt>
			<trkpt lat="46.955257" lon="10.995505">
				<ele>1854.000000</ele>
			</trkpt>
			<trkpt lat="46.955068" lon="10.995360">
				<ele>1857.000000</ele>
			</trkpt>
			<trkpt lat="46.954890" lon="10.995217">
				<ele>1859.000000</ele>
			</trkpt>
			<trkpt lat="46.954767" lon="10.995190">
				<ele>1861.000000</ele>
			</trkpt>
			<trkpt lat="46.954650" lon="10.995209">
				<ele>1862.000000</ele>
			</trkpt>
			<trkpt lat="46.954559" lon="10.995253">
				<ele>1863.000000</ele>
			</trkpt>
			<trkpt lat="46.954473" lon="10.995326">
				<ele>1864.000000</ele>
			</trkpt>
			<trkpt lat="46.954356" lon="10.995450">
				<ele>1865.000000</ele>
			</trkpt>
			<trkpt lat="46.954252" lon="10.995568">
				<ele>1866.000000</ele>
			</trkpt>
			<trkpt lat="46.954215" lon="10.995603">
				<ele>1867.000000</ele>
			</trkpt>
			<trkpt lat="46.954184" lon="10.995603">
				<ele>1867.000000</ele>
			</trkpt>
			<trkpt lat="46.954148" lon="10.995595">
				<ele>1867.000000</ele>
			</trkpt>
			<trkpt lat="46.954135" lon="10.995576">
				<ele>1867.000000</ele>
			</trkpt>
			<trkpt lat="46.954123" lon="10.995550">
				<ele>1868.000000</ele>
			</trkpt>
			<trkpt lat="46.954117" lon="10.995505">
				<ele>1868.000000</ele>
			</trkpt>
			<trkpt lat="46.954117" lon="10.995450">
				<ele>1868.000000</ele>
			</trkpt>
			<trkpt lat="46.954129" lon="10.995415">
				<ele>1868.000000</ele>
			</trkpt>
			<trkpt lat="46.954148" lon="10.995379">
				<ele>1869.000000</ele>
			</trkpt>
			<trkpt lat="46.954270" lon="10.995263">
				<ele>1870.000000</ele>
			</trkpt>
			<trkpt lat="46.954295" lon="10.995236">
				<ele>1871.000000</ele>
			</trkpt>
			<trkpt lat="46.954381" lon="10.995127">
				<ele>1872.000000</ele>
			</trkpt>
			<trkpt lat="46.954436" lon="10.995010">
				<ele>1873.000000</ele>
			</trkpt>
			<trkpt lat="46.954522" lon="10.994750">
				<ele>1876.000000</ele>
			</trkpt>
			<trkpt lat="46.954589" lon="10.994544">
				<ele>1878.000000</ele>
			</trkpt>
			<trkpt lat="46.954650" lon="10.994418">
				<ele>1879.000000</ele>
			</trkpt>
			<trkpt lat="46.954693" lon="10.994337">
				<ele>1880.000000</ele>
			</trkpt>
			<trkpt lat="46.954767" lon="10.994247">
				<ele>1882.000000</ele>
			</trkpt>
			<trkpt lat="46.954877" lon="10.994157">
				<ele>1883.000000</ele>
			</trkpt>
			<trkpt lat="46.956152" lon="10.993295">
				<ele>1902.000000</ele>
			</trkpt>
			<trkpt lat="46.956435" lon="10.993098">
				<ele>1906.000000</ele>
			</trkpt>
			<trkpt lat="46.956570" lon="10.992980">
				<ele>1908.000000</ele>
			</trkpt>
			<trkpt lat="46.956680" lon="10.992890">
				<ele>1910.000000</ele>
			</trkpt>
			<trkpt lat="46.956815" lon="10.992800">
				<ele>1912.000000</ele>
			</trkpt>
			<trkpt lat="46.957024" lon="10.992657">
				<ele>1915.000000</ele>
			</trkpt>
			<trkpt lat="46.957244" lon="10.992496">
				<ele>1918.000000</ele>
			</trkpt>
			<trkpt lat="46.957545" lon="10.992253">
				<ele>1923.000000</ele>
			</trkpt>
			<trkpt lat="46.957673" lon="10.992154">
				<ele>1925.000000</ele>
			</trkpt>
			<trkpt lat="46.957734" lon="10.992083">
				<ele>1926.000000</ele>
			</trkpt>
			<trkpt lat="46.957802" lon="10.991984">
				<ele>1927.000000</ele>
			</trkpt>
			<trkpt lat="46.957913" lon="10.991758">
				<ele>1930.000000</ele>
			</trkpt>
			<trkpt lat="46.958133" lon="10.991310">
				<ele>1935.000000</ele>
			</trkpt>
			<trkpt lat="46.958329" lon="10.990924">
				<ele>1940.000000</ele>
			</trkpt>
			<trkpt lat="46.958378" lon="10.990806">
				<ele>1941.000000</ele>
			</trkpt>
			<trkpt lat="46.958483" lon="10.990537">
				<ele>1944.000000</ele>
			</trkpt>
			<trkpt lat="46.958550" lon="10.990366">
				<ele>1945.000000</ele>
			</trkpt>
			<trkpt lat="46.958623" lon="10.990232">
				<ele>1947.000000</ele>
			</trkpt>
			<trkpt lat="46.958709" lon="10.990106">
				<ele>1949.000000</ele>
			</trkpt>
			<trkpt lat="46.958844" lon="10.989953">
				<ele>1951.000000</ele>
			</trkpt>
			<trkpt lat="46.958937" lon="10.989827">
				<ele>1952.000000</ele>
			</trkpt>
			<trkpt lat="46.959010" lon="10.989666">
				<ele>1954.000000</ele>
			</trkpt>
			<trkpt lat="46.959144" lon="10.989324">
				<ele>1958.000000</ele>
			</trkpt>
			<trkpt lat="46.959212" lon="10.989181">
				<ele>1959.000000</ele>
			</trkpt>
			<trkpt lat="46.959341" lon="10.988929">
				<ele>1962.000000</ele>
			</trkpt>
			<trkpt lat="46.959439" lon="10.988777">
				<ele>1964.000000</ele>
			</trkpt>
			<trkpt lat="46.959525" lon="10.988695">
				<ele>1965.000000</ele>
			</trkpt>
			<trkpt lat="46.959604" lon="10.988651">
				<ele>1966.000000</ele>
			</trkpt>
			<trkpt lat="46.959721" lon="10.988597">
				<ele>1968.000000</ele>
			</trkpt>
			<trkpt lat="46.959788" lon="10.988542">
				<ele>1969.000000</ele>
			</trkpt>
			<trkpt lat="46.959862" lon="10.988471">
				<ele>1970.000000</ele>
			</trkpt>
			<trkpt lat="46.959960" lon="10.988336">
				<ele>1972.000000</ele>
			</trkpt>
			<trkpt lat="46.960040" lon="10.988246">
				<ele>1973.000000</ele>
			</trkpt>
			<trkpt lat="46.960174" lon="10.988148">
				<ele>1975.000000</ele>
			</trkpt>
			<trkpt lat="46.960439" lon="10.987950">
				<ele>1979.000000</ele>
			</trkpt>
			<trkpt lat="46.960592" lon="10.987789">
				<ele>1981.000000</ele>
			</trkpt>
			<trkpt lat="46.960769" lon="10.987573">
				<ele>1984.000000</ele>
			</trkpt>
			<trkpt lat="46.960862" lon="10.987473">
				<ele>1986.000000</ele>
			</trkpt>
			<trkpt lat="46.960991" lon="10.987384">
				<ele>1988.000000</ele>
			</trkpt>
			<trkpt lat="46.961082" lon="10.987339">
				<ele>1989.000000</ele>
			</trkpt>
			<trkpt lat="46.961198" lon="10.987321">
				<ele>1990.000000</ele>
			</trkpt>
			<trkpt lat="46.961628" lon="10.987267">
				<ele>1996.000000</ele>
			</trkpt>
			<trkpt lat="46.961769" lon="10.987213">
				<ele>1998.000000</ele>
			</trkpt>
			<trkpt lat="46.961904" lon="10.987123">
				<ele>2000.000000</ele>
			</trkpt>
			<trkpt lat="46.962051" lon="10.986989">
				<ele>2002.000000</ele>
			</trkpt>
			<trkpt lat="46.962149" lon="10.986890">
				<ele>2003.000000</ele>
			</trkpt>
			<trkpt lat="46.962413" lon="10.986620">
				<ele>2007.000000</ele>
			</trkpt>
			<trkpt lat="46.962897" lon="10.986234">
				<ele>2014.000000</ele>
			</trkpt>
			<trkpt lat="46.962940" lon="10.986181">
				<ele>2015.000000</ele>
			</trkpt>
			<trkpt lat="46.963117" lon="10.985955">
				<ele>2018.000000</ele>
			</trkpt>
			<trkpt lat="46.963228" lon="10.985821">
				<ele>2019.000000</ele>
			</trkpt>
			<trkpt lat="46.963363" lon="10.985668">
				<ele>2022.000000</ele>
			</trkpt>
			<trkpt lat="46.963461" lon="10.985525">
				<ele>2023.000000</ele>
			</trkpt>
			<trkpt lat="46.963516" lon="10.985389">
				<ele>2024.000000</ele>
			</trkpt>
			<trkpt lat="46.963547" lon="10.985265">
				<ele>2026.000000</ele>
			</trkpt>
			<trkpt lat="46.963584" lon="10.984995">
				<ele>2028.000000</ele>
			</trkpt>
			<trkpt lat="46.963602" lon="10.984860">
				<ele>2029.000000</ele>
			</trkpt>
			<trkpt lat="46.963626" lon="10.984760">
				<ele>2030.000000</ele>
			</trkpt>
			<trkpt lat="46.963675" lon="10.984563">
				<ele>2030.000000</ele>
			</trkpt>
			<trkpt lat="46.963687" lon="10.984473">
				<ele>2030.000000</ele>
			</trkpt>
			<trkpt lat="46.963687" lon="10.984393">
				<ele>2030.000000</ele>
			</trkpt>
			<trkpt lat="46.963675" lon="10.984276">
				<ele>2030.000000</ele>
			</trkpt>
			<trkpt lat="46.963663" lon="10.984150">
				<ele>2030.000000</ele>
			</trkpt>
			<trkpt lat="46.963657" lon="10.984015">
				<ele>2030.000000</ele>
			</trkpt>
			<trkpt lat="46.963657" lon="10.983863">
				<ele>2030.000000</ele>
			</trkpt>
			<trkpt lat="46.963657" lon="10.983485">
				<ele>2030.000000</ele>
			</trkpt>
			<trkpt lat="46.963645" lon="10.983242">
				<ele>2030.000000</ele>
			</trkpt>
			<trkpt lat="46.963596" lon="10.982919">
				<ele>2031.000000</ele>
			</trkpt>
			<trkpt lat="46.963577" lon="10.982785">
				<ele>2032.000000</ele>
			</trkpt>
			<trkpt lat="46.963535" lon="10.982462">
				<ele>2033.000000</ele>
			</trkpt>
			<trkpt lat="46.963516" lon="10.982110">
				<ele>2034.000000</ele>
			</trkpt>
			<trkpt lat="46.963473" lon="10.981383">
				<ele>2036.000000</ele>
			</trkpt>
			<trkpt lat="46.963461" lon="10.981114">
				<ele>2037.000000</ele>
			</trkpt>
			<trkpt lat="46.963437" lon="10.980521">
				<ele>2039.000000</ele>
			</trkpt>
			<trkpt lat="46.963437" lon="10.980171">
				<ele>2040.000000</ele>
			</trkpt>
			<trkpt lat="46.963437" lon="10.980045">
				<ele>2040.000000</ele>
			</trkpt>
			<trkpt lat="46.963443" lon="10.979425">
				<ele>2042.000000</ele>
			</trkpt>
			<trkpt lat="46.963449" lon="10.979362">
				<ele>2042.000000</ele>
			</trkpt>
			<trkpt lat="46.963449" lon="10.979309">
				<ele>2042.000000</ele>
			</trkpt>
			<trkpt lat="46.963449" lon="10.979263">
				<ele>2042.000000</ele>
			</trkpt>
			<trkpt lat="46.963443" lon="10.979156">
				<ele>2043.000000</ele>
			</trkpt>
			<trkpt lat="46.963430" lon="10.979012">
				<ele>2043.000000</ele>
			</trkpt>
			<trkpt lat="46.963412" lon="10.978868">
				<ele>2044.000000</ele>
			</trkpt>
			<trkpt lat="46.963289" lon="10.978248">
				<ele>2046.000000</ele>
			</trkpt>
			<trkpt lat="46.963252" lon="10.978095">
				<ele>2046.000000</ele>
			</trkpt>
			<trkpt lat="46.963209" lon="10.977961">
				<ele>2046.000000</ele>
			</trkpt>
			<trkpt lat="46.963154" lon="10.977745">
				<ele>2047.000000</ele>
			</trkpt>
			<trkpt lat="46.963136" lon="10.977701">
				<ele>2047.000000</ele>
			</trkpt>
			<trkpt lat="46.963056" lon="10.977439">
				<ele>2048.000000</ele>
			</trkpt>
			<trkpt lat="46.963014" lon="10.977225">
				<ele>2049.000000</ele>
			</trkpt>
			<trkpt lat="46.962971" lon="10.976990">
				<ele>2050.000000</ele>
			</trkpt>
			<trkpt lat="46.962928" lon="10.976659">
				<ele>2052.000000</ele>
			</trkpt>
			<trkpt lat="46.962891" lon="10.976263">
				<ele>2056.000000</ele>
			</trkpt>
			<trkpt lat="46.962829" lon="10.975921">
				<ele>2059.000000</ele>
			</trkpt>
			<trkpt lat="46.962713" lon="10.975625">
				<ele>2062.000000</ele>
			</trkpt>
			<trkpt lat="46.962308" lon="10.974952">
				<ele>2070.000000</ele>
			</trkpt>
			<trkpt lat="46.962063" lon="10.974691">
				<ele>2074.000000</ele>
			</trkpt>
			<trkpt lat="46.961824" lon="10.974439">
				<ele>2078.000000</ele>
			</trkpt>
			<trkpt lat="46.961518" lon="10.973990">
				<ele>2084.000000</ele>
			</trkpt>
			<trkpt lat="46.961364" lon="10.973667">
				<ele>2087.000000</ele>
			</trkpt>
			<trkpt lat="46.961229" lon="10.973307">
				<ele>2091.000000</ele>
			</trkpt>
			<trkpt lat="46.961174" lon="10.973083">
				<ele>2093.000000</ele>
			</trkpt>
			<trkpt lat="46.961125" lon="10.972841">
				<ele>2095.000000</ele>
			</trkpt>
			<trkpt lat="46.961076" lon="10.972401">
				<ele>2099.000000</ele>
			</trkpt>
			<trkpt lat="46.960972" lon="10.971986">
				<ele>2101.000000</ele>
			</trkpt>
			<trkpt lat="46.960892" lon="10.971546">
				<ele>2103.000000</ele>
			</trkpt>
			<trkpt lat="46.960862" lon="10.971331">
				<ele>2104.000000</ele>
			</trkpt>
			<trkpt lat="46.960862" lon="10.971296">
				<ele>2105.000000</ele>
			</trkpt>
			<trkpt lat="46.960837" lon="10.970990">
				<ele>2106.000000</ele>
			</trkpt>
			<trkpt lat="46.960819" lon="10.970757">
				<ele>2107.000000</ele>
			</trkpt>
			<trkpt lat="46.960794" lon="10.970594">
				<ele>2108.000000</ele>
			</trkpt>
			<trkpt lat="46.960763" lon="10.970451">
				<ele>2108.000000</ele>
			</trkpt>
			<trkpt lat="46.960726" lon="10.970325">
				<ele>2109.000000</ele>
			</trkpt>
			<trkpt lat="46.960463" lon="10.969633">
				<ele>2114.000000</ele>
			</trkpt>
			<trkpt lat="46.960432" lon="10.969525">
				<ele>2114.000000</ele>
			</trkpt>
			<trkpt lat="46.960303" lon="10.968833">
				<ele>2119.000000</ele>
			</trkpt>
			<trkpt lat="46.960242" lon="10.968600">
				<ele>2121.000000</ele>
			</trkpt>
			<trkpt lat="46.960174" lon="10.968420">
				<ele>2122.000000</ele>
			</trkpt>
			<trkpt lat="46.959924" lon="10.967971">
				<ele>2127.000000</ele>
			</trkpt>
			<trkpt lat="46.959764" lon="10.967711">
				<ele>2129.000000</ele>
			</trkpt>
			<trkpt lat="46.959684" lon="10.967594">
				<ele>2130.000000</ele>
			</trkpt>
			<trkpt lat="46.959629" lon="10.967541">
				<ele>2131.000000</ele>
			</trkpt>
			<trkpt lat="46.959574" lon="10.967478">
				<ele>2132.000000</ele>
			</trkpt>
			<trkpt lat="46.959537" lon="10.967424">
				<ele>2132.000000</ele>
			</trkpt>
			<trkpt lat="46.959501" lon="10.967334">
				<ele>2133.000000</ele>
			</trkpt>
			<trkpt lat="46.959482" lon="10.967262">
				<ele>2133.000000</ele>
			</trkpt>
			<trkpt lat="46.959464" lon="10.967109">
				<ele>2135.000000</ele>
			</trkpt>
			<trkpt lat="46.959452" lon="10.966992">
				<ele>2135.000000</ele>
			</trkpt>
			<trkpt lat="46.959439" lon="10.966795">
				<ele>2137.000000</ele>
			</trkpt>
			<trkpt lat="46.959433" lon="10.966723">
				<ele>2137.000000</ele>
			</trkpt>
			<trkpt lat="46.959409" lon="10.966372">
				<ele>2140.000000</ele>
			</trkpt>
			<trkpt lat="46.959372" lon="10.966183">
				<ele>2142.000000</ele>
			</trkpt>
			<trkpt lat="46.959304" lon="10.965950">
				<ele>2144.000000</ele>
			</trkpt>
			<trkpt lat="46.959200" lon="10.965734">
				<ele>2147.000000</ele>
			</trkpt>
			<trkpt lat="46.958992" lon="10.965357">
				<ele>2152.000000</ele>
			</trkpt>
			<trkpt lat="46.958869" lon="10.964872">
				<ele>2157.000000</ele>
			</trkpt>
			<trkpt lat="46.958642" lon="10.964361">
				<ele>2163.000000</ele>
			</trkpt>
			<trkpt lat="46.958501" lon="10.963722">
				<ele>2170.000000</ele>
			</trkpt>
			<trkpt lat="46.958151" lon="10.962725">
				<ele>2181.000000</ele>
			</trkpt>
			<trkpt lat="46.957919" lon="10.962214">
				<ele>2187.000000</ele>
			</trkpt>
			<trkpt lat="46.957587" lon="10.961325">
				<ele>2198.000000</ele>
			</trkpt>
			<trkpt lat="46.957422" lon="10.960946">
				<ele>2202.000000</ele>
			</trkpt>
			<trkpt lat="46.957287" lon="10.960713">
				<ele>2205.000000</ele>
			</trkpt>
			<trkpt lat="46.957189" lon="10.960461">
				<ele>2208.000000</ele>
			</trkpt>
			<trkpt lat="46.956975" lon="10.959717">
				<ele>2216.000000</ele>
			</trkpt>
			<trkpt lat="46.956673" lon="10.958881">
				<ele>2226.000000</ele>
			</trkpt>
			<trkpt lat="46.956226" lon="10.957973">
				<ele>2237.000000</ele>
			</trkpt>
			<trkpt lat="46.956171" lon="10.957803">
				<ele>2239.000000</ele>
			</trkpt>
			<trkpt lat="46.956042" lon="10.957461">
				<ele>2242.000000</ele>
			</trkpt>
			<trkpt lat="46.955864" lon="10.956931">
				<ele>2248.000000</ele>
			</trkpt>
			<trkpt lat="46.955619" lon="10.956428">
				<ele>2254.000000</ele>
			</trkpt>
			<trkpt lat="46.955435" lon="10.956086">
				<ele>2258.000000</ele>
			</trkpt>
			<trkpt lat="46.955300" lon="10.955853">
				<ele>2262.000000</ele>
			</trkpt>
			<trkpt lat="46.955116" lon="10.955593">
				<ele>2265.000000</ele>
			</trkpt>
			<trkpt lat="46.954963" lon="10.955413">
				<ele>2268.000000</ele>
			</trkpt>
			<trkpt lat="46.954387" lon="10.954730">
				<ele>2279.000000</ele>
			</trkpt>
			<trkpt lat="46.953908" lon="10.954075">
				<ele>2289.000000</ele>
			</trkpt>
			<trkpt lat="46.953706" lon="10.953805">
				<ele>2292.000000</ele>
			</trkpt>
			<trkpt lat="46.953602" lon="10.953589">
				<ele>2295.000000</ele>
			</trkpt>
			<trkpt lat="46.953529" lon="10.953436">
				<ele>2297.000000</ele>
			</trkpt>
			<trkpt lat="46.953430" lon="10.953275">
				<ele>2299.000000</ele>
			</trkpt>
			<trkpt lat="46.953252" lon="10.953050">
				<ele>2302.000000</ele>
			</trkpt>
			<trkpt lat="46.953166" lon="10.952853">
				<ele>2304.000000</ele>
			</trkpt>
			<trkpt lat="46.953105" lon="10.952664">
				<ele>2305.000000</ele>
			</trkpt>
			<trkpt lat="46.953050" lon="10.952511">
				<ele>2307.000000</ele>
			</trkpt>
			<trkpt lat="46.952995" lon="10.952413">
				<ele>2308.000000</ele>
			</trkpt>
			<trkpt lat="46.952884" lon="10.952260">
				<ele>2310.000000</ele>
			</trkpt>
			<trkpt lat="46.952792" lon="10.952107">
				<ele>2311.000000</ele>
			</trkpt>
			<trkpt lat="46.952719" lon="10.951954">
				<ele>2312.000000</ele>
			</trkpt>
			<trkpt lat="46.952535" lon="10.951451">
				<ele>2316.000000</ele>
			</trkpt>
			<trkpt lat="46.952381" lon="10.951119">
				<ele>2318.000000</ele>
			</trkpt>
			<trkpt lat="46.952137" lon="10.950635">
				<ele>2322.000000</ele>
			</trkpt>
			<trkpt lat="46.951860" lon="10.950077">
				<ele>2326.000000</ele>
			</trkpt>
			<trkpt lat="46.951462" lon="10.949314">
				<ele>2332.000000</ele>
			</trkpt>
			<trkpt lat="46.951413" lon="10.949214">
				<ele>2333.000000</ele>
			</trkpt>
			<trkpt lat="46.951388" lon="10.949151">
				<ele>2333.000000</ele>
			</trkpt>
			<trkpt lat="46.951370" lon="10.949071">
				<ele>2334.000000</ele>
			</trkpt>
			<trkpt lat="46.951370" lon="10.948998">
				<ele>2334.000000</ele>
			</trkpt>
			<trkpt lat="46.951382" lon="10.948964">
				<ele>2335.000000</ele>
			</trkpt>
			<trkpt lat="46.951406" lon="10.948937">
				<ele>2335.000000</ele>
			</trkpt>
			<trkpt lat="46.951443" lon="10.948937">
				<ele>2335.000000</ele>
			</trkpt>
			<trkpt lat="46.951480" lon="10.948964">
				<ele>2336.000000</ele>
			</trkpt>
			<trkpt lat="46.951523" lon="10.948990">
				<ele>2336.000000</ele>
			</trkpt>
			<trkpt lat="46.951560" lon="10.949044">
				<ele>2337.000000</ele>
			</trkpt>
			<trkpt lat="46.951829" lon="10.949538">
				<ele>2341.000000</ele>
			</trkpt>
			<trkpt lat="46.951959" lon="10.949717">
				<ele>2343.000000</ele>
			</trkpt>
			<trkpt lat="46.952161" lon="10.949979">
				<ele>2347.000000</ele>
			</trkpt>
			<trkpt lat="46.952351" lon="10.950220">
				<ele>2350.000000</ele>
			</trkpt>
			<trkpt lat="46.952761" lon="10.950635">
				<ele>2357.000000</ele>
			</trkpt>
			<trkpt lat="46.953387" lon="10.951344">
				<ele>2368.000000</ele>
			</trkpt>
			<trkpt lat="46.953964" lon="10.952008">
				<ele>2378.000000</ele>
			</trkpt>
			<trkpt lat="46.954381" lon="10.952260">
				<ele>2384.000000</ele>
			</trkpt>
			<trkpt lat="46.954656" lon="10.952511">
				<ele>2388.000000</ele>
			</trkpt>
			<trkpt lat="46.954742" lon="10.952574">
				<ele>2390.000000</ele>
			</trkpt>
			<trkpt lat="46.954816" lon="10.952619">
				<ele>2391.000000</ele>
			</trkpt>
			<trkpt lat="46.954896" lon="10.952646">
				<ele>2392.000000</ele>
			</trkpt>
			<trkpt lat="46.954945" lon="10.952656">
				<ele>2392.000000</ele>
			</trkpt>
			<trkpt lat="46.954982" lon="10.952656">
				<ele>2393.000000</ele>
			</trkpt>
			<trkpt lat="46.955012" lon="10.952637">
				<ele>2393.000000</ele>
			</trkpt>
			<trkpt lat="46.955037" lon="10.952619">
				<ele>2394.000000</ele>
			</trkpt>
			<trkpt lat="46.955049" lon="10.952574">
				<ele>2394.000000</ele>
			</trkpt>
			<trkpt lat="46.955049" lon="10.952520">
				<ele>2394.000000</ele>
			</trkpt>
			<trkpt lat="46.955031" lon="10.952467">
				<ele>2395.000000</ele>
			</trkpt>
			<trkpt lat="46.955006" lon="10.952430">
				<ele>2395.000000</ele>
			</trkpt>
			<trkpt lat="46.954969" lon="10.952404">
				<ele>2396.000000</ele>
			</trkpt>
			<trkpt lat="46.954810" lon="10.952296">
				<ele>2398.000000</ele>
			</trkpt>
			<trkpt lat="46.954742" lon="10.952243">
				<ele>2399.000000</ele>
			</trkpt>
			<trkpt lat="46.954693" lon="10.952170">
				<ele>2400.000000</ele>
			</trkpt>
			<trkpt lat="46.954632" lon="10.952035">
				<ele>2401.000000</ele>
			</trkpt>
			<trkpt lat="46.954424" lon="10.951434">
				<ele>2408.000000</ele>
			</trkpt>
			<trkpt lat="46.954307" lon="10.951111">
				<ele>2411.000000</ele>
			</trkpt>
			<trkpt lat="46.954080" lon="10.950759">
				<ele>2416.000000</ele>
			</trkpt>
			<trkpt lat="46.953694" lon="10.950337">
				<ele>2423.000000</ele>
			</trkpt>
			<trkpt lat="46.953541" lon="10.950069">
				<ele>2427.000000</ele>
			</trkpt>
			<trkpt lat="46.953430" lon="10.949780">
				<ele>2430.000000</ele>
			</trkpt>
			<trkpt lat="46.953332" lon="10.949583">
				<ele>2432.000000</ele>
			</trkpt>
			<trkpt lat="46.953203" lon="10.949287">
				<ele>2436.000000</ele>
			</trkpt>
			<trkpt lat="46.953148" lon="10.949143">
				<ele>2437.000000</ele>
			</trkpt>
			<trkpt lat="46.953056" lon="10.948811">
				<ele>2441.000000</ele>
			</trkpt>
			<trkpt lat="46.952989" lon="10.948631">
				<ele>2443.000000</ele>
			</trkpt>
			<trkpt lat="46.952774" lon="10.948155">
				<ele>2449.000000</ele>
			</trkpt>
			<trkpt lat="46.952694" lon="10.947966">
				<ele>2451.000000</ele>
			</trkpt>
			<trkpt lat="46.952621" lon="10.947777">
				<ele>2452.000000</ele>
			</trkpt>
			<trkpt lat="46.952517" lon="10.947543">
				<ele>2454.000000</ele>
			</trkpt>
			<trkpt lat="46.952492" lon="10.947490">
				<ele>2455.000000</ele>
			</trkpt>
			<trkpt lat="46.952474" lon="10.947427">
				<ele>2455.000000</ele>
			</trkpt>
			<trkpt lat="46.952474" lon="10.947382">
				<ele>2456.000000</ele>
			</trkpt>
			<trkpt lat="46.952486" lon="10.947329">
				<ele>2456.000000</ele>
			</trkpt>
			<trkpt lat="46.952511" lon="10.947310">
				<ele>2456.000000</ele>
			</trkpt>
			<trkpt lat="46.952541" lon="10.947301">
				<ele>2457.000000</ele>
			</trkpt>
			<trkpt lat="46.952578" lon="10.947293">
				<ele>2457.000000</ele>
			</trkpt>
			<trkpt lat="46.952603" lon="10.947319">
				<ele>2457.000000</ele>
			</trkpt>
			<trkpt lat="46.952645" lon="10.947364">
				<ele>2458.000000</ele>
			</trkpt>
			<trkpt lat="46.952707" lon="10.947472">
				<ele>2459.000000</ele>
			</trkpt>
			<trkpt lat="46.952786" lon="10.947616">
				<ele>2460.000000</ele>
			</trkpt>
			<trkpt lat="46.952934" lon="10.947849">
				<ele>2463.000000</ele>
			</trkpt>
			<trkpt lat="46.953160" lon="10.948146">
				<ele>2467.000000</ele>
			</trkpt>
			<trkpt lat="46.953307" lon="10.948335">
				<ele>2469.000000</ele>
			</trkpt>
			<trkpt lat="46.953890" lon="10.949053">
				<ele>2478.000000</ele>
			</trkpt>
			<trkpt lat="46.954001" lon="10.949151">
				<ele>2480.000000</ele>
			</trkpt>
			<trkpt lat="46.954044" lon="10.949170">
				<ele>2480.000000</ele>
			</trkpt>
			<trkpt lat="46.954074" lon="10.949161">
				<ele>2480.000000</ele>
			</trkpt>
			<trkpt lat="46.954099" lon="10.949151">
				<ele>2481.000000</ele>
			</trkpt>
			<trkpt lat="46.954117" lon="10.949116">
				<ele>2481.000000</ele>
			</trkpt>
			<trkpt lat="46.954117" lon="10.949071">
				<ele>2481.000000</ele>
			</trkpt>
			<trkpt lat="46.954111" lon="10.949035">
				<ele>2482.000000</ele>
			</trkpt>
			<trkpt lat="46.954099" lon="10.948990">
				<ele>2482.000000</ele>
			</trkpt>
			<trkpt lat="46.954062" lon="10.948937">
				<ele>2483.000000</ele>
			</trkpt>
			<trkpt lat="46.953994" lon="10.948874">
				<ele>2484.000000</ele>
			</trkpt>
			<trkpt lat="46.953939" lon="10.948801">
				<ele>2484.000000</ele>
			</trkpt>
			<trkpt lat="46.953878" lon="10.948711">
				<ele>2485.000000</ele>
			</trkpt>
			<trkpt lat="46.953773" lon="10.948496">
				<ele>2487.000000</ele>
			</trkpt>
			<trkpt lat="46.953706" lon="10.948308">
				<ele>2489.000000</ele>
			</trkpt>
			<trkpt lat="46.953553" lon="10.947813">
				<ele>2493.000000</ele>
			</trkpt>
			<trkpt lat="46.953406" lon="10.947319">
				<ele>2498.000000</ele>
			</trkpt>
			<trkpt lat="46.953307" lon="10.947086">
				<ele>2500.000000</ele>
			</trkpt>
			<trkpt lat="46.953191" lon="10.946798">
				<ele>2502.000000</ele>
			</trkpt>
			<trkpt lat="46.953136" lon="10.946610">
				<ele>2504.000000</ele>
			</trkpt>
			<trkpt lat="46.953069" lon="10.946340">
				<ele>2506.000000</ele>
			</trkpt>
			<trkpt lat="46.953038" lon="10.946178">
				<ele>2507.000000</ele>
			</trkpt>
			<trkpt lat="46.952927" lon="10.945272">
				<ele>2513.000000</ele>
			</trkpt>
			<trkpt lat="46.952890" lon="10.945073">
				<ele>2515.000000</ele>
			</trkpt>
			<trkpt lat="46.952841" lon="10.944930">
				<ele>2516.000000</ele>
			</trkpt>
			<trkpt lat="46.952768" lon="10.944740">
				<ele>2517.000000</ele>
			</trkpt>
			<trkpt lat="46.952713" lon="10.944597">
				<ele>2518.000000</ele>
			</trkpt>
			<trkpt lat="46.952406" lon="10.943987">
				<ele>2524.000000</ele>
			</trkpt>
			<trkpt lat="46.952075" lon="10.943178">
				<ele>2530.000000</ele>
			</trkpt>
			<trkpt lat="46.952002" lon="10.943088">
				<ele>2531.000000</ele>
			</trkpt>
			<trkpt lat="46.951719" lon="10.942828">
				<ele>2535.000000</ele>
			</trkpt>
			<trkpt lat="46.951609" lon="10.942630">
				<ele>2536.000000</ele>
			</trkpt>
			<trkpt lat="46.951265" lon="10.941794">
				<ele>2543.000000</ele>
			</trkpt>
			<trkpt lat="46.951100" lon="10.941570">
				<ele>2545.000000</ele>
			</trkpt>
			<trkpt lat="46.950714" lon="10.941301">
				<ele>2549.000000</ele>
			</trkpt>
			<trkpt lat="46.950530" lon="10.941138">
				<ele>2551.000000</ele>
			</trkpt>
			<trkpt lat="46.950419" lon="10.940968">
				<ele>2553.000000</ele>
			</trkpt>
			<trkpt lat="46.950327" lon="10.940645">
				<ele>2555.000000</ele>
			</trkpt>
			<trkpt lat="46.950284" lon="10.940169">
				<ele>2558.000000</ele>
			</trkpt>
			<trkpt lat="46.950236" lon="10.939945">
				<ele>2560.000000</ele>
			</trkpt>
			<trkpt lat="46.950156" lon="10.939800">
				<ele>2561.000000</ele>
			</trkpt>
			<trkpt lat="46.950021" lon="10.939693">
				<ele>2563.000000</ele>
			</trkpt>
			<trkpt lat="46.949910" lon="10.939639">
				<ele>2564.000000</ele>
			</trkpt>
			<trkpt lat="46.949512" lon="10.939612">
				<ele>2569.000000</ele>
			</trkpt>
			<trkpt lat="46.949432" lon="10.939593">
				<ele>2569.000000</ele>
			</trkpt>
			<trkpt lat="46.949364" lon="10.939549">
				<ele>2570.000000</ele>
			</trkpt>
			<trkpt lat="46.949138" lon="10.939253">
				<ele>2573.000000</ele>
			</trkpt>
			<trkpt lat="46.948776" lon="10.938974">
				<ele>2578.000000</ele>
			</trkpt>
			<trkpt lat="46.948567" lon="10.938723">
				<ele>2580.000000</ele>
			</trkpt>
			<trkpt lat="46.948083" lon="10.938148">
				<ele>2587.000000</ele>
			</trkpt>
			<trkpt lat="46.947972" lon="10.937932">
				<ele>2588.000000</ele>
			</trkpt>
			<trkpt lat="46.947764" lon="10.937429">
				<ele>2592.000000</ele>
			</trkpt>
			<trkpt lat="46.947678" lon="10.937266">
				<ele>2594.000000</ele>
			</trkpt>
			<trkpt lat="46.947157" lon="10.936611">
				<ele>2600.000000</ele>
			</trkpt>
			<trkpt lat="46.946808" lon="10.936306">
				<ele>2604.000000</ele>
			</trkpt>
			<trkpt lat="46.946549" lon="10.936027">
				<ele>2607.000000</ele>
			</trkpt>
			<trkpt lat="46.946397" lon="10.935937">
				<ele>2609.000000</ele>
			</trkpt>
			<trkpt lat="46.945434" lon="10.935605">
				<ele>2618.000000</ele>
			</trkpt>
			<trkpt lat="46.945182" lon="10.935498">
				<ele>2621.000000</ele>
			</trkpt>
			<trkpt lat="46.945017" lon="10.935408">
				<ele>2623.000000</ele>
			</trkpt>
			<trkpt lat="46.944808" lon="10.935291">
				<ele>2626.000000</ele>
			</trkpt>
			<trkpt lat="46.944311" lon="10.934869">
				<ele>2633.000000</ele>
			</trkpt>
			<trkpt lat="46.944152" lon="10.934725">
				<ele>2635.000000</ele>
			</trkpt>
			<trkpt lat="46.943925" lon="10.934645">
				<ele>2634.000000</ele>
			</trkpt>
			<trkpt lat="46.943851" lon="10.934599">
				<ele>2634.000000</ele>
			</trkpt>
			<trkpt lat="46.943802" lon="10.934563">
				<ele>2634.000000</ele>
			</trkpt>
			<trkpt lat="46.943747" lon="10.934500">
				<ele>2634.000000</ele>
			</trkpt>
			<trkpt lat="46.943667" lon="10.934329">
				<ele>2633.000000</ele>
			</trkpt>
			<trkpt lat="46.943484" lon="10.933836">
				<ele>2632.000000</ele>
			</trkpt>
			<trkpt lat="46.943447" lon="10.933754">
				<ele>2632.000000</ele>
			</trkpt>
			<trkpt lat="46.943391" lon="10.933683">
				<ele>2632.000000</ele>
			</trkpt>
			<trkpt lat="46.943305" lon="10.933611">
				<ele>2631.000000</ele>
			</trkpt>
			<trkpt lat="46.943177" lon="10.933548">
				<ele>2631.000000</ele>
			</trkpt>
			<trkpt lat="46.943073" lon="10.933540">
				<ele>2630.000000</ele>
			</trkpt>
			<trkpt lat="46.942981" lon="10.933566">
				<ele>2630.000000</ele>
			</trkpt>
			<trkpt lat="46.942851" lon="10.933637">
				<ele>2628.000000</ele>
			</trkpt>
			<trkpt lat="46.942753" lon="10.933746">
				<ele>2626.000000</ele>
			</trkpt>
			<trkpt lat="46.942674" lon="10.933863">
				<ele>2624.000000</ele>
			</trkpt>
			<trkpt lat="46.942650" lon="10.933961">
				<ele>2623.000000</ele>
			</trkpt>
			<trkpt lat="46.942625" lon="10.934033">
				<ele>2624.000000</ele>
			</trkpt>
			<trkpt lat="46.942318" lon="10.935857">
				<ele>2633.000000</ele>
			</trkpt>
			<trkpt lat="46.942318" lon="10.936045">
				<ele>2634.000000</ele>
			</trkpt>
			<trkpt lat="46.942324" lon="10.936234">
				<ele>2635.000000</ele>
			</trkpt>
			<trkpt lat="46.942459" lon="10.937150">
				<ele>2639.000000</ele>
			</trkpt>
			<trkpt lat="46.942465" lon="10.937321">
				<ele>2640.000000</ele>
			</trkpt>
			<trkpt lat="46.942404" lon="10.937806">
				<ele>2644.000000</ele>
			</trkpt>
			<trkpt lat="46.942245" lon="10.938507">
				<ele>2652.000000</ele>
			</trkpt>
			<trkpt lat="46.942202" lon="10.938633">
				<ele>2654.000000</ele>
			</trkpt>
			<trkpt lat="46.942140" lon="10.938777">
				<ele>2657.000000</ele>
			</trkpt>
			<trkpt lat="46.941821" lon="10.939117">
				<ele>2666.000000</ele>
			</trkpt>
			<trkpt lat="46.941582" lon="10.939289">
				<ele>2667.000000</ele>
			</trkpt>
			<trkpt lat="46.941527" lon="10.939316">
				<ele>2667.000000</ele>
			</trkpt>
			<trkpt lat="46.941422" lon="10.939343">
				<ele>2667.000000</ele>
			</trkpt>
			<trkpt lat="46.941196" lon="10.939369">
				<ele>2667.000000</ele>
			</trkpt>
			<trkpt lat="46.941085" lon="10.939360">
				<ele>2667.000000</ele>
			</trkpt>
			<trkpt lat="46.940656" lon="10.939279">
				<ele>2668.000000</ele>
			</trkpt>
			<trkpt lat="46.940478" lon="10.939270">
				<ele>2668.000000</ele>
			</trkpt>
			<trkpt lat="46.939914" lon="10.939343">
				<ele>2669.000000</ele>
			</trkpt>
			<trkpt lat="46.939779" lon="10.939360">
				<ele>2670.000000</ele>
			</trkpt>
			<trkpt lat="46.939362" lon="10.939450">
				<ele>2672.000000</ele>
			</trkpt>
			<trkpt lat="46.924407" lon="10.944526">
				<ele>2819.000000</ele>
			</trkpt>
			<trkpt lat="46.924345" lon="10.944553">
				<ele>2820.000000</ele>
			</trkpt>
			<trkpt lat="46.924327" lon="10.944580">
				<ele>2820.000000</ele>
			</trkpt>
			<trkpt lat="46.924309" lon="10.944624">
				<ele>2820.000000</ele>
			</trkpt>
			<trkpt lat="46.924290" lon="10.944714">
				<ele>2819.000000</ele>
			</trkpt>
			<trkpt lat="46.924241" lon="10.945056">
				<ele>2817.000000</ele>
			</trkpt>
			<trkpt lat="46.924210" lon="10.945155">
				<ele>2816.000000</ele>
			</trkpt>
			<trkpt lat="46.924186" lon="10.945253">
				<ele>2816.000000</ele>
			</trkpt>
			<trkpt lat="46.924099" lon="10.945451">
				<ele>2814.000000</ele>
			</trkpt>
			<trkpt lat="46.924014" lon="10.945612">
				<ele>2813.000000</ele>
			</trkpt>
			<trkpt lat="46.923487" lon="10.946430">
				<ele>2806.000000</ele>
			</trkpt>
			<trkpt lat="46.923450" lon="10.946501">
				<ele>2806.000000</ele>
			</trkpt>
			<trkpt lat="46.923388" lon="10.946645">
				<ele>2805.000000</ele>
			</trkpt>
			<trkpt lat="46.923234" lon="10.947094">
				<ele>2802.000000</ele>
			</trkpt>
			<trkpt lat="46.923198" lon="10.947203">
				<ele>2801.000000</ele>
			</trkpt>
			<trkpt lat="46.922922" lon="10.947723">
				<ele>2797.000000</ele>
			</trkpt>
			<trkpt lat="46.922511" lon="10.948379">
				<ele>2791.000000</ele>
			</trkpt>
			<trkpt lat="46.922468" lon="10.948478">
				<ele>2790.000000</ele>
			</trkpt>
			<trkpt lat="46.922431" lon="10.948585">
				<ele>2788.000000</ele>
			</trkpt>
			<trkpt lat="46.922394" lon="10.948721">
				<ele>2786.000000</ele>
			</trkpt>
			<trkpt lat="46.922369" lon="10.948828">
				<ele>2785.000000</ele>
			</trkpt>
			<trkpt lat="46.922357" lon="10.948891">
				<ele>2784.000000</ele>
			</trkpt>
			<trkpt lat="46.922339" lon="10.948927">
				<ele>2783.000000</ele>
			</trkpt>
			<trkpt lat="46.922302" lon="10.948964">
				<ele>2782.000000</ele>
			</trkpt>
			<trkpt lat="46.922271" lon="10.948972">
				<ele>2782.000000</ele>
			</trkpt>
			<trkpt lat="46.922229" lon="10.948964">
				<ele>2782.000000</ele>
			</trkpt>
			<trkpt lat="46.922192" lon="10.948937">
				<ele>2783.000000</ele>
			</trkpt>
			<trkpt lat="46.922155" lon="10.948891">
				<ele>2783.000000</ele>
			</trkpt>
			<trkpt lat="46.922155" lon="10.948882">
				<ele>2783.000000</ele>
			</trkpt>
			<trkpt lat="46.922130" lon="10.948819">
				<ele>2784.000000</ele>
			</trkpt>
			<trkpt lat="46.922112" lon="10.948721">
				<ele>2784.000000</ele>
			</trkpt>
			<trkpt lat="46.922106" lon="10.948604">
				<ele>2785.000000</ele>
			</trkpt>
			<trkpt lat="46.922106" lon="10.948496">
				<ele>2786.000000</ele>
			</trkpt>
			<trkpt lat="46.922100" lon="10.948433">
				<ele>2786.000000</ele>
			</trkpt>
			<trkpt lat="46.922167" lon="10.948272">
				<ele>2786.000000</ele>
			</trkpt>
			<trkpt lat="46.922241" lon="10.948136">
				<ele>2787.000000</ele>
			</trkpt>
			<trkpt lat="46.922345" lon="10.947966">
				<ele>2787.000000</ele>
			</trkpt>
			<trkpt lat="46.922431" lon="10.947832">
				<ele>2787.000000</ele>
			</trkpt>
			<trkpt lat="46.922548" lon="10.947669">
				<ele>2787.000000</ele>
			</trkpt>
			<trkpt lat="46.922597" lon="10.947606">
				<ele>2788.000000</ele>
			</trkpt>
			<trkpt lat="46.922640" lon="10.947517">
				<ele>2788.000000</ele>
			</trkpt>
			<trkpt lat="46.922713" lon="10.947337">
				<ele>2788.000000</ele>
			</trkpt>
			<trkpt lat="46.922786" lon="10.947167">
				<ele>2788.000000</ele>
			</trkpt>
			<trkpt lat="46.922848" lon="10.946969">
				<ele>2788.000000</ele>
			</trkpt>
			<trkpt lat="46.922891" lon="10.946780">
				<ele>2788.000000</ele>
			</trkpt>
			<trkpt lat="46.922934" lon="10.946601">
				<ele>2789.000000</ele>
			</trkpt>
			<trkpt lat="46.922983" lon="10.946411">
				<ele>2789.000000</ele>
			</trkpt>
			<trkpt lat="46.923045" lon="10.946224">
				<ele>2789.000000</ele>
			</trkpt>
			<trkpt lat="46.923106" lon="10.946025">
				<ele>2789.000000</ele>
			</trkpt>
			<trkpt lat="46.923173" lon="10.945819">
				<ele>2789.000000</ele>
			</trkpt>
			<trkpt lat="46.923216" lon="10.945658">
				<ele>2789.000000</ele>
			</trkpt>
			<trkpt lat="46.923216" lon="10.945585">
				<ele>2790.000000</ele>
			</trkpt>
			<trkpt lat="46.923185" lon="10.945406">
				<ele>2790.000000</ele>
			</trkpt>
			<trkpt lat="46.923106" lon="10.945325">
				<ele>2790.000000</ele>
			</trkpt>
			<trkpt lat="46.922996" lon="10.945272">
				<ele>2790.000000</ele>
			</trkpt>
			<trkpt lat="46.922996" lon="10.945272">
				<ele>2790.000000</ele>
			</trkpt>
			<trkpt lat="46.922916" lon="10.945361">
				<ele>2790.000000</ele>
			</trkpt>
			<trkpt lat="46.922854" lon="10.945442">
				<ele>2790.000000</ele>
			</trkpt>
			<trkpt lat="46.922793" lon="10.945522">
				<ele>2790.000000</ele>
			</trkpt>
			<trkpt lat="46.922731" lon="10.945648">
				<ele>2790.000000</ele>
			</trkpt>
			<trkpt lat="46.922695" lon="10.945729">
				<ele>2790.000000</ele>
			</trkpt>
			<trkpt lat="46.922676" lon="10.945756">
				<ele>2790.000000</ele>
			</trkpt>
			<trkpt lat="46.922621" lon="10.945918">
				<ele>2790.000000</ele>
			</trkpt>
			<trkpt lat="46.922560" lon="10.946088">
				<ele>2790.000000</ele>
			</trkpt>
			<trkpt lat="46.922498" lon="10.946268">
				<ele>2790.000000</ele>
			</trkpt>
			<trkpt lat="46.922431" lon="10.946457">
				<ele>2790.000000</ele>
			</trkpt>
			<trkpt lat="46.922369" lon="10.946627">
				<ele>2790.000000</ele>
			</trkpt>
			<trkpt lat="46.922302" lon="10.946807">
				<ele>2790.000000</ele>
			</trkpt>
			<trkpt lat="46.922235" lon="10.946996">
				<ele>2790.000000</ele>
			</trkpt>
			<trkpt lat="46.922173" lon="10.947167">
				<ele>2790.000000</ele>
			</trkpt>
			<trkpt lat="46.922112" lon="10.947346">
				<ele>2790.000000</ele>
			</trkpt>
			<trkpt lat="46.922044" lon="10.947535">
				<ele>2790.000000</ele>
			</trkpt>
			<trkpt lat="46.921983" lon="10.947706">
				<ele>2790.000000</ele>
			</trkpt>
			<trkpt lat="46.921915" lon="10.947895">
				<ele>2790.000000</ele>
			</trkpt>
			<trkpt lat="46.922241" lon="10.948136">
				<ele>2787.000000</ele>
			</trkpt>
			<trkpt lat="46.922167" lon="10.948272">
				<ele>2786.000000</ele>
			</trkpt>
			<trkpt lat="46.922100" lon="10.948433">
				<ele>2786.000000</ele>
			</trkpt>
			<trkpt lat="46.922106" lon="10.948496">
				<ele>2786.000000</ele>
			</trkpt>
			<trkpt lat="46.922106" lon="10.948604">
				<ele>2785.000000</ele>
			</trkpt>
			<trkpt lat="46.922112" lon="10.948721">
				<ele>2784.000000</ele>
			</trkpt>
			<trkpt lat="46.922130" lon="10.948819">
				<ele>2784.000000</ele>
			</trkpt>
			<trkpt lat="46.922155" lon="10.948882">
				<ele>2783.000000</ele>
			</trkpt>
			<trkpt lat="46.922155" lon="10.948891">
				<ele>2783.000000</ele>
			</trkpt>
			<trkpt lat="46.922192" lon="10.948937">
				<ele>2783.000000</ele>
			</trkpt>
			<trkpt lat="46.922229" lon="10.948964">
				<ele>2782.000000</ele>
			</trkpt>
			<trkpt lat="46.922271" lon="10.948972">
				<ele>2782.000000</ele>
			</trkpt>
			<trkpt lat="46.922302" lon="10.948964">
				<ele>2782.000000</ele>
			</trkpt>
			<trkpt lat="46.922339" lon="10.948927">
				<ele>2783.000000</ele>
			</trkpt>
			<trkpt lat="46.922357" lon="10.948891">
				<ele>2784.000000</ele>
			</trkpt>
			<trkpt lat="46.922369" lon="10.948828">
				<ele>2785.000000</ele>
			</trkpt>
			<trkpt lat="46.922394" lon="10.948721">
				<ele>2786.000000</ele>
			</trkpt>
			<trkpt lat="46.922431" lon="10.948585">
				<ele>2788.000000</ele>
			</trkpt>
			<trkpt lat="46.922468" lon="10.948478">
				<ele>2790.000000</ele>
			</trkpt>
			<trkpt lat="46.922511" lon="10.948379">
				<ele>2791.000000</ele>
			</trkpt>
			<trkpt lat="46.922922" lon="10.947723">
				<ele>2797.000000</ele>
			</trkpt>
			<trkpt lat="46.923198" lon="10.947203">
				<ele>2801.000000</ele>
			</trkpt>
			<trkpt lat="46.923234" lon="10.947094">
				<ele>2802.000000</ele>
			</trkpt>
			<trkpt lat="46.923388" lon="10.946645">
				<ele>2805.000000</ele>
			</trkpt>
			<trkpt lat="46.923450" lon="10.946501">
				<ele>2806.000000</ele>
			</trkpt>
			<trkpt lat="46.923487" lon="10.946430">
				<ele>2806.000000</ele>
			</trkpt>
			<trkpt lat="46.924014" lon="10.945612">
				<ele>2813.000000</ele>
			</trkpt>
			<trkpt lat="46.924099" lon="10.945451">
				<ele>2814.000000</ele>
			</trkpt>
			<trkpt lat="46.924186" lon="10.945253">
				<ele>2816.000000</ele>
			</trkpt>
			<trkpt lat="46.924210" lon="10.945155">
				<ele>2816.000000</ele>
			</trkpt>
			<trkpt lat="46.924241" lon="10.945056">
				<ele>2817.000000</ele>
			</trkpt>
			<trkpt lat="46.924290" lon="10.944714">
				<ele>2819.000000</ele>
			</trkpt>
			<trkpt lat="46.924309" lon="10.944624">
				<ele>2820.000000</ele>
			</trkpt>
			<trkpt lat="46.924327" lon="10.944580">
				<ele>2820.000000</ele>
			</trkpt>
			<trkpt lat="46.924345" lon="10.944553">
				<ele>2820.000000</ele>
			</trkpt>
			<trkpt lat="46.924407" lon="10.944526">
				<ele>2819.000000</ele>
			</trkpt>
			<trkpt lat="46.939362" lon="10.939450">
				<ele>2672.000000</ele>
			</trkpt>
			<trkpt lat="46.939779" lon="10.939360">
				<ele>2670.000000</ele>
			</trkpt>
			<trkpt lat="46.939914" lon="10.939343">
				<ele>2669.000000</ele>
			</trkpt>
			<trkpt lat="46.940478" lon="10.939270">
				<ele>2668.000000</ele>
			</trkpt>
			<trkpt lat="46.940656" lon="10.939279">
				<ele>2668.000000</ele>
			</trkpt>
			<trkpt lat="46.941085" lon="10.939360">
				<ele>2667.000000</ele>
			</trkpt>
			<trkpt lat="46.941196" lon="10.939369">
				<ele>2667.000000</ele>
			</trkpt>
			<trkpt lat="46.941422" lon="10.939343">
				<ele>2667.000000</ele>
			</trkpt>
			<trkpt lat="46.941527" lon="10.939316">
				<ele>2667.000000</ele>
			</trkpt>
			<trkpt lat="46.941582" lon="10.939289">
				<ele>2667.000000</ele>
			</trkpt>
			<trkpt lat="46.941821" lon="10.939117">
				<ele>2666.000000</ele>
			</trkpt>
			<trkpt lat="46.941772" lon="10.938884">
				<ele>2666.000000</ele>
			</trkpt>
			<trkpt lat="46.941717" lon="10.938614">
				<ele>2665.000000</ele>
			</trkpt>
			<trkpt lat="46.941496" lon="10.937635">
				<ele>2664.000000</ele>
			</trkpt>
			<trkpt lat="46.941478" lon="10.937482">
				<ele>2664.000000</ele>
			</trkpt>
			<trkpt lat="46.941478" lon="10.937312">
				<ele>2664.000000</ele>
			</trkpt>
			<trkpt lat="46.941527" lon="10.935920">
				<ele>2662.000000</ele>
			</trkpt>
			<trkpt lat="46.941533" lon="10.935641">
				<ele>2662.000000</ele>
			</trkpt>
			<trkpt lat="46.941527" lon="10.935479">
				<ele>2662.000000</ele>
			</trkpt>
			<trkpt lat="46.941515" lon="10.935345">
				<ele>2662.000000</ele>
			</trkpt>
			<trkpt lat="46.941490" lon="10.935182">
				<ele>2661.000000</ele>
			</trkpt>
			<trkpt lat="46.941447" lon="10.934958">
				<ele>2661.000000</ele>
			</trkpt>
			<trkpt lat="46.941380" lon="10.934716">
				<ele>2661.000000</ele>
			</trkpt>
			<trkpt lat="46.941331" lon="10.934545">
				<ele>2661.000000</ele>
			</trkpt>
			<trkpt lat="46.941294" lon="10.934383">
				<ele>2660.000000</ele>
			</trkpt>
			<trkpt lat="46.941257" lon="10.934177">
				<ele>2660.000000</ele>
			</trkpt>
			<trkpt lat="46.941227" lon="10.933934">
				<ele>2660.000000</ele>
			</trkpt>
			<trkpt lat="46.941221" lon="10.933809">
				<ele>2660.000000</ele>
			</trkpt>
			<trkpt lat="46.941221" lon="10.933727">
				<ele>2660.000000</ele>
			</trkpt>
			<trkpt lat="46.941227" lon="10.933637">
				<ele>2660.000000</ele>
			</trkpt>
			<trkpt lat="46.941251" lon="10.933540">
				<ele>2660.000000</ele>
			</trkpt>
			<trkpt lat="46.941276" lon="10.933477">
				<ele>2660.000000</ele>
			</trkpt>
			<trkpt lat="46.941312" lon="10.933395">
				<ele>2660.000000</ele>
			</trkpt>
			<trkpt lat="46.941349" lon="10.933324">
				<ele>2660.000000</ele>
			</trkpt>
			<trkpt lat="46.941398" lon="10.933251">
				<ele>2660.000000</ele>
			</trkpt>
			<trkpt lat="46.941447" lon="10.933188">
				<ele>2660.000000</ele>
			</trkpt>
			<trkpt lat="46.941588" lon="10.933045">
				<ele>2660.000000</ele>
			</trkpt>
			<trkpt lat="46.941736" lon="10.932937">
				<ele>2660.000000</ele>
			</trkpt>
			<trkpt lat="46.941876" lon="10.932857">
				<ele>2660.000000</ele>
			</trkpt>
			<trkpt lat="46.941987" lon="10.932785">
				<ele>2660.000000</ele>
			</trkpt>
			<trkpt lat="46.942067" lon="10.932739">
				<ele>2660.000000</ele>
			</trkpt>
			<trkpt lat="46.942147" lon="10.932685">
				<ele>2660.000000</ele>
			</trkpt>
			<trkpt lat="46.942214" lon="10.932614">
				<ele>2660.000000</ele>
			</trkpt>
			<trkpt lat="46.942275" lon="10.932551">
				<ele>2660.000000</ele>
			</trkpt>
			<trkpt lat="46.942416" lon="10.932408">
				<ele>2660.000000</ele>
			</trkpt>
			<trkpt lat="46.942521" lon="10.932291">
				<ele>2660.000000</ele>
			</trkpt>
			<trkpt lat="46.942631" lon="10.932182">
				<ele>2660.000000</ele>
			</trkpt>
			<trkpt lat="46.942705" lon="10.932119">
				<ele>2660.000000</ele>
			</trkpt>
			<trkpt lat="46.942753" lon="10.932093">
				<ele>2660.000000</ele>
			</trkpt>
			<trkpt lat="46.942815" lon="10.932093">
				<ele>2660.000000</ele>
			</trkpt>
			<trkpt lat="46.942870" lon="10.932102">
				<ele>2660.000000</ele>
			</trkpt>
			<trkpt lat="46.942956" lon="10.932146">
				<ele>2660.000000</ele>
			</trkpt>
			<trkpt lat="46.943079" lon="10.932209">
				<ele>2660.000000</ele>
			</trkpt>
			<trkpt lat="46.943226" lon="10.932299">
				<ele>2660.000000</ele>
			</trkpt>
			<trkpt lat="46.943385" lon="10.932398">
				<ele>2660.000000</ele>
			</trkpt>
			<trkpt lat="46.943625" lon="10.932578">
				<ele>2657.000000</ele>
			</trkpt>
			<trkpt lat="46.943692" lon="10.932685">
				<ele>2656.000000</ele>
			</trkpt>
			<trkpt lat="46.943741" lon="10.932802">
				<ele>2655.000000</ele>
			</trkpt>
			<trkpt lat="46.943771" lon="10.932928">
				<ele>2653.000000</ele>
			</trkpt>
			<trkpt lat="46.943790" lon="10.933081">
				<ele>2652.000000</ele>
			</trkpt>
			<trkpt lat="46.943790" lon="10.933261">
				<ele>2650.000000</ele>
			</trkpt>
			<trkpt lat="46.943765" lon="10.933620">
				<ele>2647.000000</ele>
			</trkpt>
			<trkpt lat="46.943765" lon="10.933844">
				<ele>2645.000000</ele>
			</trkpt>
			<trkpt lat="46.943808" lon="10.934087">
				<ele>2642.000000</ele>
			</trkpt>
			<trkpt lat="46.943882" lon="10.934293">
				<ele>2640.000000</ele>
			</trkpt>
			<trkpt lat="46.943987" lon="10.934500">
				<ele>2638.000000</ele>
			</trkpt>
			<trkpt lat="46.944042" lon="10.934590">
				<ele>2637.000000</ele>
			</trkpt>
			<trkpt lat="46.944152" lon="10.934725">
				<ele>2635.000000</ele>
			</trkpt>
			<trkpt lat="46.944311" lon="10.934869">
				<ele>2633.000000</ele>
			</trkpt>
			<trkpt lat="46.944808" lon="10.935291">
				<ele>2626.000000</ele>
			</trkpt>
			<trkpt lat="46.945017" lon="10.935408">
				<ele>2623.000000</ele>
			</trkpt>
			<trkpt lat="46.945182" lon="10.935498">
				<ele>2621.000000</ele>
			</trkpt>
			<trkpt lat="46.945434" lon="10.935605">
				<ele>2618.000000</ele>
			</trkpt>
			<trkpt lat="46.946397" lon="10.935937">
				<ele>2609.000000</ele>
			</trkpt>
			<trkpt lat="46.946549" lon="10.936027">
				<ele>2607.000000</ele>
			</trkpt>
			<trkpt lat="46.946808" lon="10.936306">
				<ele>2604.000000</ele>
			</trkpt>
			<trkpt lat="46.947157" lon="10.936611">
				<ele>2600.000000</ele>
			</trkpt>
			<trkpt lat="46.947678" lon="10.937266">
				<ele>2594.000000</ele>
			</trkpt>
			<trkpt lat="46.947764" lon="10.937429">
				<ele>2592.000000</ele>
			</trkpt>
			<trkpt lat="46.947972" lon="10.937932">
				<ele>2588.000000</ele>
			</trkpt>
			<trkpt lat="46.948083" lon="10.938148">
				<ele>2587.000000</ele>
			</trkpt>
			<trkpt lat="46.948567" lon="10.938723">
				<ele>2580.000000</ele>
			</trkpt>
			<trkpt lat="46.948776" lon="10.938974">
				<ele>2578.000000</ele>
			</trkpt>
			<trkpt lat="46.949138" lon="10.939253">
				<ele>2573.000000</ele>
			</trkpt>
			<trkpt lat="46.949364" lon="10.939549">
				<ele>2570.000000</ele>
			</trkpt>
			<trkpt lat="46.949432" lon="10.939593">
				<ele>2569.000000</ele>
			</trkpt>
			<trkpt lat="46.949512" lon="10.939612">
				<ele>2569.000000</ele>
			</trkpt>
			<trkpt lat="46.949910" lon="10.939639">
				<ele>2564.000000</ele>
			</trkpt>
			<trkpt lat="46.950021" lon="10.939693">
				<ele>2563.000000</ele>
			</trkpt>
			<trkpt lat="46.950156" lon="10.939800">
				<ele>2561.000000</ele>
			</trkpt>
			<trkpt lat="46.950236" lon="10.939945">
				<ele>2560.000000</ele>
			</trkpt>
			<trkpt lat="46.950284" lon="10.940169">
				<ele>2558.000000</ele>
			</trkpt>
			<trkpt lat="46.950327" lon="10.940645">
				<ele>2555.000000</ele>
			</trkpt>
			<trkpt lat="46.950419" lon="10.940968">
				<ele>2553.000000</ele>
			</trkpt>
			<trkpt lat="46.950530" lon="10.941138">
				<ele>2551.000000</ele>
			</trkpt>
			<trkpt lat="46.950714" lon="10.941301">
				<ele>2549.000000</ele>
			</trkpt>
			<trkpt lat="46.951100" lon="10.941570">
				<ele>2545.000000</ele>
			</trkpt>
			<trkpt lat="46.951265" lon="10.941794">
				<ele>2543.000000</ele>
			</trkpt>
			<trkpt lat="46.951609" lon="10.942630">
				<ele>2536.000000</ele>
			</trkpt>
			<trkpt lat="46.951719" lon="10.942828">
				<ele>2535.000000</ele>
			</trkpt>
			<trkpt lat="46.952002" lon="10.943088">
				<ele>2531.000000</ele>
			</trkpt>
			<trkpt lat="46.952075" lon="10.943178">
				<ele>2530.000000</ele>
			</trkpt>
			<trkpt lat="46.952406" lon="10.943987">
				<ele>2524.000000</ele>
			</trkpt>
			<trkpt lat="46.952713" lon="10.944597">
				<ele>2518.000000</ele>
			</trkpt>
			<trkpt lat="46.952768" lon="10.944740">
				<ele>2517.000000</ele>
			</trkpt>
			<trkpt lat="46.952841" lon="10.944930">
				<ele>2516.000000</ele>
			</trkpt>
			<trkpt lat="46.952890" lon="10.945073">
				<ele>2515.000000</ele>
			</trkpt>
			<trkpt lat="46.952927" lon="10.945272">
				<ele>2513.000000</ele>
			</trkpt>
			<trkpt lat="46.953038" lon="10.946178">
				<ele>2507.000000</ele>
			</trkpt>
			<trkpt lat="46.953069" lon="10.946340">
				<ele>2506.000000</ele>
			</trkpt>
			<trkpt lat="46.953136" lon="10.946610">
				<ele>2504.000000</ele>
			</trkpt>
			<trkpt lat="46.953191" lon="10.946798">
				<ele>2502.000000</ele>
			</trkpt>
			<trkpt lat="46.953307" lon="10.947086">
				<ele>2500.000000</ele>
			</trkpt>
			<trkpt lat="46.953406" lon="10.947319">
				<ele>2498.000000</ele>
			</trkpt>
			<trkpt lat="46.953553" lon="10.947813">
				<ele>2493.000000</ele>
			</trkpt>
			<trkpt lat="46.953706" lon="10.948308">
				<ele>2489.000000</ele>
			</trkpt>
			<trkpt lat="46.953773" lon="10.948496">
				<ele>2487.000000</ele>
			</trkpt>
			<trkpt lat="46.953878" lon="10.948711">
				<ele>2485.000000</ele>
			</trkpt>
			<trkpt lat="46.953939" lon="10.948801">
				<ele>2484.000000</ele>
			</trkpt>
			<trkpt lat="46.953994" lon="10.948874">
				<ele>2484.000000</ele>
			</trkpt>
			<trkpt lat="46.954062" lon="10.948937">
				<ele>2483.000000</ele>
			</trkpt>
			<trkpt lat="46.954099" lon="10.948990">
				<ele>2482.000000</ele>
			</trkpt>
			<trkpt lat="46.954111" lon="10.949035">
				<ele>2482.000000</ele>
			</trkpt>
			<trkpt lat="46.954117" lon="10.949071">
				<ele>2481.000000</ele>
			</trkpt>
			<trkpt lat="46.954117" lon="10.949116">
				<ele>2481.000000</ele>
			</trkpt>
			<trkpt lat="46.954099" lon="10.949151">
				<ele>2481.000000</ele>
			</trkpt>
			<trkpt lat="46.954074" lon="10.949161">
				<ele>2480.000000</ele>
			</trkpt>
			<trkpt lat="46.954044" lon="10.949170">
				<ele>2480.000000</ele>
			</trkpt>
			<trkpt lat="46.954001" lon="10.949151">
				<ele>2480.000000</ele>
			</trkpt>
			<trkpt lat="46.953890" lon="10.949053">
				<ele>2478.000000</ele>
			</trkpt>
			<trkpt lat="46.953307" lon="10.948335">
				<ele>2469.000000</ele>
			</trkpt>
			<trkpt lat="46.953160" lon="10.948146">
				<ele>2467.000000</ele>
			</trkpt>
			<trkpt lat="46.952934" lon="10.947849">
				<ele>2463.000000</ele>
			</trkpt>
			<trkpt lat="46.952786" lon="10.947616">
				<ele>2460.000000</ele>
			</trkpt>
			<trkpt lat="46.952707" lon="10.947472">
				<ele>2459.000000</ele>
			</trkpt>
			<trkpt lat="46.952645" lon="10.947364">
				<ele>2458.000000</ele>
			</trkpt>
			<trkpt lat="46.952603" lon="10.947319">
				<ele>2457.000000</ele>
			</trkpt>
			<trkpt lat="46.952578" lon="10.947293">
				<ele>2457.000000</ele>
			</trkpt>
			<trkpt lat="46.952541" lon="10.947301">
				<ele>2457.000000</ele>
			</trkpt>
			<trkpt lat="46.952511" lon="10.947310">
				<ele>2456.000000</ele>
			</trkpt>
			<trkpt lat="46.952486" lon="10.947329">
				<ele>2456.000000</ele>
			</trkpt>
			<trkpt lat="46.952474" lon="10.947382">
				<ele>2456.000000</ele>
			</trkpt>
			<trkpt lat="46.952474" lon="10.947427">
				<ele>2455.000000</ele>
			</trkpt>
			<trkpt lat="46.952492" lon="10.947490">
				<ele>2455.000000</ele>
			</trkpt>
			<trkpt lat="46.952517" lon="10.947543">
				<ele>2454.000000</ele>
			</trkpt>
			<trkpt lat="46.952621" lon="10.947777">
				<ele>2452.000000</ele>
			</trkpt>
			<trkpt lat="46.952694" lon="10.947966">
				<ele>2451.000000</ele>
			</trkpt>
			<trkpt lat="46.952774" lon="10.948155">
				<ele>2449.000000</ele>
			</trkpt>
			<trkpt lat="46.952989" lon="10.948631">
				<ele>2443.000000</ele>
			</trkpt>
			<trkpt lat="46.953056" lon="10.948811">
				<ele>2441.000000</ele>
			</trkpt>
			<trkpt lat="46.953148" lon="10.949143">
				<ele>2437.000000</ele>
			</trkpt>
			<trkpt lat="46.953203" lon="10.949287">
				<ele>2436.000000</ele>
			</trkpt>
			<trkpt lat="46.953332" lon="10.949583">
				<ele>2432.000000</ele>
			</trkpt>
			<trkpt lat="46.953430" lon="10.949780">
				<ele>2430.000000</ele>
			</trkpt>
			<trkpt lat="46.953541" lon="10.950069">
				<ele>2427.000000</ele>
			</trkpt>
			<trkpt lat="46.953694" lon="10.950337">
				<ele>2423.000000</ele>
			</trkpt>
			<trkpt lat="46.954080" lon="10.950759">
				<ele>2416.000000</ele>
			</trkpt>
			<trkpt lat="46.954307" lon="10.951111">
				<ele>2411.000000</ele>
			</trkpt>
			<trkpt lat="46.954424" lon="10.951434">
				<ele>2408.000000</ele>
			</trkpt>
			<trkpt lat="46.954632" lon="10.952035">
				<ele>2401.000000</ele>
			</trkpt>
			<trkpt lat="46.954693" lon="10.952170">
				<ele>2400.000000</ele>
			</trkpt>
			<trkpt lat="46.954742" lon="10.952243">
				<ele>2399.000000</ele>
			</trkpt>
			<trkpt lat="46.954810" lon="10.952296">
				<ele>2398.000000</ele>
			</trkpt>
			<trkpt lat="46.954969" lon="10.952404">
				<ele>2396.000000</ele>
			</trkpt>
			<trkpt lat="46.955006" lon="10.952430">
				<ele>2395.000000</ele>
			</trkpt>
			<trkpt lat="46.955031" lon="10.952467">
				<ele>2395.000000</ele>
			</trkpt>
			<trkpt lat="46.955049" lon="10.952520">
				<ele>2394.000000</ele>
			</trkpt>
			<trkpt lat="46.955049" lon="10.952574">
				<ele>2394.000000</ele>
			</trkpt>
			<trkpt lat="46.955037" lon="10.952619">
				<ele>2394.000000</ele>
			</trkpt>
			<trkpt lat="46.955012" lon="10.952637">
				<ele>2393.000000</ele>
			</trkpt>
			<trkpt lat="46.954982" lon="10.952656">
				<ele>2393.000000</ele>
			</trkpt>
			<trkpt lat="46.954945" lon="10.952656">
				<ele>2392.000000</ele>
			</trkpt>
			<trkpt lat="46.954896" lon="10.952646">
				<ele>2392.000000</ele>
			</trkpt>
			<trkpt lat="46.954816" lon="10.952619">
				<ele>2391.000000</ele>
			</trkpt>
			<trkpt lat="46.954742" lon="10.952574">
				<ele>2390.000000</ele>
			</trkpt>
			<trkpt lat="46.954656" lon="10.952511">
				<ele>2388.000000</ele>
			</trkpt>
			<trkpt lat="46.954381" lon="10.952260">
				<ele>2384.000000</ele>
			</trkpt>
			<trkpt lat="46.953964" lon="10.952008">
				<ele>2378.000000</ele>
			</trkpt>
			<trkpt lat="46.953387" lon="10.951344">
				<ele>2368.000000</ele>
			</trkpt>
			<trkpt lat="46.952761" lon="10.950635">
				<ele>2357.000000</ele>
			</trkpt>
			<trkpt lat="46.952351" lon="10.950220">
				<ele>2350.000000</ele>
			</trkpt>
			<trkpt lat="46.952161" lon="10.949979">
				<ele>2347.000000</ele>
			</trkpt>
			<trkpt lat="46.951959" lon="10.949717">
				<ele>2343.000000</ele>
			</trkpt>
			<trkpt lat="46.951829" lon="10.949538">
				<ele>2341.000000</ele>
			</trkpt>
			<trkpt lat="46.951560" lon="10.949044">
				<ele>2337.000000</ele>
			</trkpt>
			<trkpt lat="46.951523" lon="10.948990">
				<ele>2336.000000</ele>
			</trkpt>
			<trkpt lat="46.951480" lon="10.948964">
				<ele>2336.000000</ele>
			</trkpt>
			<trkpt lat="46.951443" lon="10.948937">
				<ele>2335.000000</ele>
			</trkpt>
			<trkpt lat="46.951406" lon="10.948937">
				<ele>2335.000000</ele>
			</trkpt>
			<trkpt lat="46.951382" lon="10.948964">
				<ele>2335.000000</ele>
			</trkpt>
			<trkpt lat="46.951370" lon="10.948998">
				<ele>2334.000000</ele>
			</trkpt>
			<trkpt lat="46.951370" lon="10.949071">
				<ele>2334.000000</ele>
			</trkpt>
			<trkpt lat="46.951388" lon="10.949151">
				<ele>2333.000000</ele>
			</trkpt>
			<trkpt lat="46.951413" lon="10.949214">
				<ele>2333.000000</ele>
			</trkpt>
			<trkpt lat="46.951462" lon="10.949314">
				<ele>2332.000000</ele>
			</trkpt>
			<trkpt lat="46.951860" lon="10.950077">
				<ele>2326.000000</ele>
			</trkpt>
			<trkpt lat="46.952137" lon="10.950635">
				<ele>2322.000000</ele>
			</trkpt>
			<trkpt lat="46.952381" lon="10.951119">
				<ele>2318.000000</ele>
			</trkpt>
			<trkpt lat="46.952535" lon="10.951451">
				<ele>2316.000000</ele>
			</trkpt>
			<trkpt lat="46.952719" lon="10.951954">
				<ele>2312.000000</ele>
			</trkpt>
			<trkpt lat="46.952792" lon="10.952107">
				<ele>2311.000000</ele>
			</trkpt>
			<trkpt lat="46.952884" lon="10.952260">
				<ele>2310.000000</ele>
			</trkpt>
			<trkpt lat="46.952995" lon="10.952413">
				<ele>2308.000000</ele>
			</trkpt>
			<trkpt lat="46.953050" lon="10.952511">
				<ele>2307.000000</ele>
			</trkpt>
			<trkpt lat="46.953105" lon="10.952664">
				<ele>2305.000000</ele>
			</trkpt>
			<trkpt lat="46.953166" lon="10.952853">
				<ele>2304.000000</ele>
			</trkpt>
			<trkpt lat="46.953252" lon="10.953050">
				<ele>2302.000000</ele>
			</trkpt>
			<trkpt lat="46.953430" lon="10.953275">
				<ele>2299.000000</ele>
			</trkpt>
			<trkpt lat="46.953529" lon="10.953436">
				<ele>2297.000000</ele>
			</trkpt>
			<trkpt lat="46.953602" lon="10.953589">
				<ele>2295.000000</ele>
			</trkpt>
			<trkpt lat="46.953706" lon="10.953805">
				<ele>2292.000000</ele>
			</trkpt>
			<trkpt lat="46.953908" lon="10.954075">
				<ele>2289.000000</ele>
			</trkpt>
			<trkpt lat="46.954387" lon="10.954730">
				<ele>2279.000000</ele>
			</trkpt>
			<trkpt lat="46.954963" lon="10.955413">
				<ele>2268.000000</ele>
			</trkpt>
			<trkpt lat="46.955116" lon="10.955593">
				<ele>2265.000000</ele>
			</trkpt>
			<trkpt lat="46.955300" lon="10.955853">
				<ele>2262.000000</ele>
			</trkpt>
			<trkpt lat="46.955435" lon="10.956086">
				<ele>2258.000000</ele>
			</trkpt>
			<trkpt lat="46.955619" lon="10.956428">
				<ele>2254.000000</ele>
			</trkpt>
			<trkpt lat="46.955864" lon="10.956931">
				<ele>2248.000000</ele>
			</trkpt>
			<trkpt lat="46.956042" lon="10.957461">
				<ele>2242.000000</ele>
			</trkpt>
			<trkpt lat="46.956171" lon="10.957803">
				<ele>2239.000000</ele>
			</trkpt>
			<trkpt lat="46.956226" lon="10.957973">
				<ele>2237.000000</ele>
			</trkpt>
			<trkpt lat="46.956673" lon="10.958881">
				<ele>2226.000000</ele>
			</trkpt>
			<trkpt lat="46.956975" lon="10.959717">
				<ele>2216.000000</ele>
			</trkpt>
			<trkpt lat="46.957189" lon="10.960461">
				<ele>2208.000000</ele>
			</trkpt>
			<trkpt lat="46.957287" lon="10.960713">
				<ele>2205.000000</ele>
			</trkpt>
			<trkpt lat="46.957422" lon="10.960946">
				<ele>2202.000000</ele>
			</trkpt>
			<trkpt lat="46.957587" lon="10.961325">
				<ele>2198.000000</ele>
			</trkpt>
			<trkpt lat="46.957919" lon="10.962214">
				<ele>2187.000000</ele>
			</trkpt>
			<trkpt lat="46.958151" lon="10.962725">
				<ele>2181.000000</ele>
			</trkpt>
			<trkpt lat="46.958501" lon="10.963722">
				<ele>2170.000000</ele>
			</trkpt>
			<trkpt lat="46.958642" lon="10.964361">
				<ele>2163.000000</ele>
			</trkpt>
			<trkpt lat="46.958869" lon="10.964872">
				<ele>2157.000000</ele>
			</trkpt>
			<trkpt lat="46.958992" lon="10.965357">
				<ele>2152.000000</ele>
			</trkpt>
			<trkpt lat="46.959200" lon="10.965734">
				<ele>2147.000000</ele>
			</trkpt>
			<trkpt lat="46.959304" lon="10.965950">
				<ele>2144.000000</ele>
			</trkpt>
			<trkpt lat="46.959372" lon="10.966183">
				<ele>2142.000000</ele>
			</trkpt>
			<trkpt lat="46.959409" lon="10.966372">
				<ele>2140.000000</ele>
			</trkpt>
			<trkpt lat="46.959433" lon="10.966723">
				<ele>2137.000000</ele>
			</trkpt>
			<trkpt lat="46.959439" lon="10.966795">
				<ele>2137.000000</ele>
			</trkpt>
			<trkpt lat="46.959452" lon="10.966992">
				<ele>2135.000000</ele>
			</trkpt>
			<trkpt lat="46.959464" lon="10.967109">
				<ele>2135.000000</ele>
			</trkpt>
			<trkpt lat="46.959482" lon="10.967262">
				<ele>2133.000000</ele>
			</trkpt>
			<trkpt lat="46.959501" lon="10.967334">
				<ele>2133.000000</ele>
			</trkpt>
			<trkpt lat="46.959537" lon="10.967424">
				<ele>2132.000000</ele>
			</trkpt>
			<trkpt lat="46.959574" lon="10.967478">
				<ele>2132.000000</ele>
			</trkpt>
			<trkpt lat="46.959629" lon="10.967541">
				<ele>2131.000000</ele>
			</trkpt>
			<trkpt lat="46.959684" lon="10.967594">
				<ele>2130.000000</ele>
			</trkpt>
			<trkpt lat="46.959764" lon="10.967711">
				<ele>2129.000000</ele>
			</trkpt>
			<trkpt lat="46.959924" lon="10.967971">
				<ele>2127.000000</ele>
			</trkpt>
			<trkpt lat="46.960174" lon="10.968420">
				<ele>2122.000000</ele>
			</trkpt>
			<trkpt lat="46.960242" lon="10.968600">
				<ele>2121.000000</ele>
			</trkpt>
			<trkpt lat="46.960303" lon="10.968833">
				<ele>2119.000000</ele>
			</trkpt>
			<trkpt lat="46.960432" lon="10.969525">
				<ele>2114.000000</ele>
			</trkpt>
			<trkpt lat="46.960463" lon="10.969633">
				<ele>2114.000000</ele>
			</trkpt>
			<trkpt lat="46.960726" lon="10.970325">
				<ele>2109.000000</ele>
			</trkpt>
			<trkpt lat="46.960763" lon="10.970451">
				<ele>2108.000000</ele>
			</trkpt>
			<trkpt lat="46.960794" lon="10.970594">
				<ele>2108.000000</ele>
			</trkpt>
			<trkpt lat="46.960819" lon="10.970757">
				<ele>2107.000000</ele>
			</trkpt>
			<trkpt lat="46.960837" lon="10.970990">
				<ele>2106.000000</ele>
			</trkpt>
			<trkpt lat="46.960862" lon="10.971296">
				<ele>2105.000000</ele>
			</trkpt>
			<trkpt lat="46.960862" lon="10.971331">
				<ele>2104.000000</ele>
			</trkpt>
			<trkpt lat="46.960892" lon="10.971546">
				<ele>2103.000000</ele>
			</trkpt>
			<trkpt lat="46.960972" lon="10.971986">
				<ele>2101.000000</ele>
			</trkpt>
			<trkpt lat="46.961076" lon="10.972401">
				<ele>2099.000000</ele>
			</trkpt>
			<trkpt lat="46.961125" lon="10.972841">
				<ele>2095.000000</ele>
			</trkpt>
			<trkpt lat="46.961174" lon="10.973083">
				<ele>2093.000000</ele>
			</trkpt>
			<trkpt lat="46.961229" lon="10.973307">
				<ele>2091.000000</ele>
			</trkpt>
			<trkpt lat="46.961364" lon="10.973667">
				<ele>2087.000000</ele>
			</trkpt>
			<trkpt lat="46.961518" lon="10.973990">
				<ele>2084.000000</ele>
			</trkpt>
			<trkpt lat="46.961824" lon="10.974439">
				<ele>2078.000000</ele>
			</trkpt>
			<trkpt lat="46.962063" lon="10.974691">
				<ele>2074.000000</ele>
			</trkpt>
			<trkpt lat="46.962308" lon="10.974952">
				<ele>2070.000000</ele>
			</trkpt>
			<trkpt lat="46.962713" lon="10.975625">
				<ele>2062.000000</ele>
			</trkpt>
			<trkpt lat="46.962829" lon="10.975921">
				<ele>2059.000000</ele>
			</trkpt>
			<trkpt lat="46.962891" lon="10.976263">
				<ele>2056.000000</ele>
			</trkpt>
			<trkpt lat="46.962928" lon="10.976659">
				<ele>2052.000000</ele>
			</trkpt>
			<trkpt lat="46.962971" lon="10.976990">
				<ele>2050.000000</ele>
			</trkpt>
			<trkpt lat="46.963014" lon="10.977225">
				<ele>2049.000000</ele>
			</trkpt>
			<trkpt lat="46.963056" lon="10.977439">
				<ele>2048.000000</ele>
			</trkpt>
			<trkpt lat="46.963136" lon="10.977701">
				<ele>2047.000000</ele>
			</trkpt>
			<trkpt lat="46.963154" lon="10.977745">
				<ele>2047.000000</ele>
			</trkpt>
			<trkpt lat="46.963209" lon="10.977961">
				<ele>2046.000000</ele>
			</trkpt>
			<trkpt lat="46.963252" lon="10.978095">
				<ele>2046.000000</ele>
			</trkpt>
			<trkpt lat="46.963289" lon="10.978248">
				<ele>2046.000000</ele>
			</trkpt>
			<trkpt lat="46.963412" lon="10.978868">
				<ele>2044.000000</ele>
			</trkpt>
			<trkpt lat="46.963430" lon="10.979012">
				<ele>2043.000000</ele>
			</trkpt>
			<trkpt lat="46.963443" lon="10.979156">
				<ele>2043.000000</ele>
			</trkpt>
			<trkpt lat="46.963449" lon="10.979263">
				<ele>2042.000000</ele>
			</trkpt>
			<trkpt lat="46.963449" lon="10.979309">
				<ele>2042.000000</ele>
			</trkpt>
			<trkpt lat="46.963449" lon="10.979362">
				<ele>2042.000000</ele>
			</trkpt>
			<trkpt lat="46.963443" lon="10.979425">
				<ele>2042.000000</ele>
			</trkpt>
			<trkpt lat="46.963437" lon="10.980045">
				<ele>2040.000000</ele>
			</trkpt>
			<trkpt lat="46.963437" lon="10.980171">
				<ele>2040.000000</ele>
			</trkpt>
			<trkpt lat="46.963437" lon="10.980521">
				<ele>2039.000000</ele>
			</trkpt>
			<trkpt lat="46.963461" lon="10.981114">
				<ele>2037.000000</ele>
			</trkpt>
			<trkpt lat="46.963473" lon="10.981383">
				<ele>2036.000000</ele>
			</trkpt>
			<trkpt lat="46.963516" lon="10.982110">
				<ele>2034.000000</ele>
			</trkpt>
			<trkpt lat="46.963535" lon="10.982462">
				<ele>2033.000000</ele>
			</trkpt>
			<trkpt lat="46.963577" lon="10.982785">
				<ele>2032.000000</ele>
			</trkpt>
			<trkpt lat="46.963596" lon="10.982919">
				<ele>2031.000000</ele>
			</trkpt>
			<trkpt lat="46.963645" lon="10.983242">
				<ele>2030.000000</ele>
			</trkpt>
			<trkpt lat="46.963657" lon="10.983485">
				<ele>2030.000000</ele>
			</trkpt>
			<trkpt lat="46.963657" lon="10.983863">
				<ele>2030.000000</ele>
			</trkpt>
			<trkpt lat="46.963657" lon="10.984015">
				<ele>2030.000000</ele>
			</trkpt>
			<trkpt lat="46.963663" lon="10.984150">
				<ele>2030.000000</ele>
			</trkpt>
			<trkpt lat="46.963675" lon="10.984276">
				<ele>2030.000000</ele>
			</trkpt>
			<trkpt lat="46.963687" lon="10.984393">
				<ele>2030.000000</ele>
			</trkpt>
			<trkpt lat="46.963687" lon="10.984473">
				<ele>2030.000000</ele>
			</trkpt>
			<trkpt lat="46.963675" lon="10.984563">
				<ele>2030.000000</ele>
			</trkpt>
			<trkpt lat="46.963626" lon="10.984760">
				<ele>2030.000000</ele>
			</trkpt>
			<trkpt lat="46.963602" lon="10.984860">
				<ele>2029.000000</ele>
			</trkpt>
			<trkpt lat="46.963584" lon="10.984995">
				<ele>2028.000000</ele>
			</trkpt>
			<trkpt lat="46.963547" lon="10.985265">
				<ele>2026.000000</ele>
			</trkpt>
			<trkpt lat="46.963516" lon="10.985389">
				<ele>2024.000000</ele>
			</trkpt>
			<trkpt lat="46.963461" lon="10.985525">
				<ele>2023.000000</ele>
			</trkpt>
			<trkpt lat="46.963363" lon="10.985668">
				<ele>2022.000000</ele>
			</trkpt>
			<trkpt lat="46.963228" lon="10.985821">
				<ele>2019.000000</ele>
			</trkpt>
			<trkpt lat="46.963117" lon="10.985955">
				<ele>2018.000000</ele>
			</trkpt>
			<trkpt lat="46.962940" lon="10.986181">
				<ele>2015.000000</ele>
			</trkpt>
			<trkpt lat="46.962897" lon="10.986234">
				<ele>2014.000000</ele>
			</trkpt>
			<trkpt lat="46.962413" lon="10.986620">
				<ele>2007.000000</ele>
			</trkpt>
			<trkpt lat="46.962149" lon="10.986890">
				<ele>2003.000000</ele>
			</trkpt>
			<trkpt lat="46.962051" lon="10.986989">
				<ele>2002.000000</ele>
			</trkpt>
			<trkpt lat="46.961904" lon="10.987123">
				<ele>2000.000000</ele>
			</trkpt>
			<trkpt lat="46.961769" lon="10.987213">
				<ele>1998.000000</ele>
			</trkpt>
			<trkpt lat="46.961628" lon="10.987267">
				<ele>1996.000000</ele>
			</trkpt>
			<trkpt lat="46.961198" lon="10.987321">
				<ele>1990.000000</ele>
			</trkpt>
			<trkpt lat="46.961082" lon="10.987339">
				<ele>1989.000000</ele>
			</trkpt>
			<trkpt lat="46.960991" lon="10.987384">
				<ele>1988.000000</ele>
			</trkpt>
			<trkpt lat="46.960862" lon="10.987473">
				<ele>1986.000000</ele>
			</trkpt>
			<trkpt lat="46.960769" lon="10.987573">
				<ele>1984.000000</ele>
			</trkpt>
			<trkpt lat="46.960592" lon="10.987789">
				<ele>1981.000000</ele>
			</trkpt>
			<trkpt lat="46.960439" lon="10.987950">
				<ele>1979.000000</ele>
			</trkpt>
			<trkpt lat="46.960174" lon="10.988148">
				<ele>1975.000000</ele>
			</trkpt>
			<trkpt lat="46.960040" lon="10.988246">
				<ele>1973.000000</ele>
			</trkpt>
			<trkpt lat="46.959960" lon="10.988336">
				<ele>1972.000000</ele>
			</trkpt>
			<trkpt lat="46.959862" lon="10.988471">
				<ele>1970.000000</ele>
			</trkpt>
			<trkpt lat="46.959788" lon="10.988542">
				<ele>1969.000000</ele>
			</trkpt>
			<trkpt lat="46.959721" lon="10.988597">
				<ele>1968.000000</ele>
			</trkpt>
			<trkpt lat="46.959604" lon="10.988651">
				<ele>1966.000000</ele>
			</trkpt>
			<trkpt lat="46.959525" lon="10.988695">
				<ele>1965.000000</ele>
			</trkpt>
			<trkpt lat="46.959439" lon="10.988777">
				<ele>1964.000000</ele>
			</trkpt>
			<trkpt lat="46.959341" lon="10.988929">
				<ele>1962.000000</ele>
			</trkpt>
			<trkpt lat="46.959212" lon="10.989181">
				<ele>1959.000000</ele>
			</trkpt>
			<trkpt lat="46.959144" lon="10.989324">
				<ele>1958.000000</ele>
			</trkpt>
			<trkpt lat="46.959010" lon="10.989666">
				<ele>1954.000000</ele>
			</trkpt>
			<trkpt lat="46.958937" lon="10.989827">
				<ele>1952.000000</ele>
			</trkpt>
			<trkpt lat="46.958844" lon="10.989953">
				<ele>1951.000000</ele>
			</trkpt>
			<trkpt lat="46.958709" lon="10.990106">
				<ele>1949.000000</ele>
			</trkpt>
			<trkpt lat="46.958623" lon="10.990232">
				<ele>1947.000000</ele>
			</trkpt>
			<trkpt lat="46.958550" lon="10.990366">
				<ele>1945.000000</ele>
			</trkpt>
			<trkpt lat="46.958483" lon="10.990537">
				<ele>1944.000000</ele>
			</trkpt>
			<trkpt lat="46.958378" lon="10.990806">
				<ele>1941.000000</ele>
			</trkpt>
			<trkpt lat="46.958329" lon="10.990924">
				<ele>1940.000000</ele>
			</trkpt>
			<trkpt lat="46.958133" lon="10.991310">
				<ele>1935.000000</ele>
			</trkpt>
			<trkpt lat="46.957913" lon="10.991758">
				<ele>1930.000000</ele>
			</trkpt>
			<trkpt lat="46.957802" lon="10.991984">
				<ele>1927.000000</ele>
			</trkpt>
			<trkpt lat="46.957734" lon="10.992083">
				<ele>1926.000000</ele>
			</trkpt>
			<trkpt lat="46.957673" lon="10.992154">
				<ele>1925.000000</ele>
			</trkpt>
			<trkpt lat="46.957545" lon="10.992253">
				<ele>1923.000000</ele>
			</trkpt>
			<trkpt lat="46.957244" lon="10.992496">
				<ele>1918.000000</ele>
			</trkpt>
			<trkpt lat="46.957024" lon="10.992657">
				<ele>1915.000000</ele>
			</trkpt>
			<trkpt lat="46.956815" lon="10.992800">
				<ele>1912.000000</ele>
			</trkpt>
			<trkpt lat="46.956680" lon="10.992890">
				<ele>1910.000000</ele>
			</trkpt>
			<trkpt lat="46.956570" lon="10.992980">
				<ele>1908.000000</ele>
			</trkpt>
			<trkpt lat="46.956435" lon="10.993098">
				<ele>1906.000000</ele>
			</trkpt>
			<trkpt lat="46.956152" lon="10.993295">
				<ele>1902.000000</ele>
			</trkpt>
			<trkpt lat="46.954877" lon="10.994157">
				<ele>1883.000000</ele>
			</trkpt>
			<trkpt lat="46.954767" lon="10.994247">
				<ele>1882.000000</ele>
			</trkpt>
			<trkpt lat="46.954693" lon="10.994337">
				<ele>1880.000000</ele>
			</trkpt>
			<trkpt lat="46.954650" lon="10.994418">
				<ele>1879.000000</ele>
			</trkpt>
			<trkpt lat="46.954589" lon="10.994544">
				<ele>1878.000000</ele>
			</trkpt>
			<trkpt lat="46.954522" lon="10.994750">
				<ele>1876.000000</ele>
			</trkpt>
			<trkpt lat="46.954436" lon="10.995010">
				<ele>1873.000000</ele>
			</trkpt>
			<trkpt lat="46.954381" lon="10.995127">
				<ele>1872.000000</ele>
			</trkpt>
			<trkpt lat="46.954295" lon="10.995236">
				<ele>1871.000000</ele>
			</trkpt>
			<trkpt lat="46.954270" lon="10.995263">
				<ele>1870.000000</ele>
			</trkpt>
			<trkpt lat="46.954148" lon="10.995379">
				<ele>1869.000000</ele>
			</trkpt>
			<trkpt lat="46.954129" lon="10.995415">
				<ele>1868.000000</ele>
			</trkpt>
			<trkpt lat="46.954117" lon="10.995450">
				<ele>1868.000000</ele>
			</trkpt>
			<trkpt lat="46.954117" lon="10.995505">
				<ele>1868.000000</ele>
			</trkpt>
			<trkpt lat="46.954123" lon="10.995550">
				<ele>1868.000000</ele>
			</trkpt>
			<trkpt lat="46.954135" lon="10.995576">
				<ele>1867.000000</ele>
			</trkpt>
			<trkpt lat="46.954148" lon="10.995595">
				<ele>1867.000000</ele>
			</trkpt>
			<trkpt lat="46.954184" lon="10.995603">
				<ele>1867.000000</ele>
			</trkpt>
			<trkpt lat="46.954215" lon="10.995603">
				<ele>1867.000000</ele>
			</trkpt>
			<trkpt lat="46.954252" lon="10.995568">
				<ele>1866.000000</ele>
			</trkpt>
			<trkpt lat="46.954356" lon="10.995450">
				<ele>1865.000000</ele>
			</trkpt>
			<trkpt lat="46.954473" lon="10.995326">
				<ele>1864.000000</ele>
			</trkpt>
			<trkpt lat="46.954559" lon="10.995253">
				<ele>1863.000000</ele>
			</trkpt>
			<trkpt lat="46.954650" lon="10.995209">
				<ele>1862.000000</ele>
			</trkpt>
			<trkpt lat="46.954767" lon="10.995190">
				<ele>1861.000000</ele>
			</trkpt>
			<trkpt lat="46.954890" lon="10.995217">
				<ele>1859.000000</ele>
			</trkpt>
			<trkpt lat="46.955068" lon="10.995360">
				<ele>1857.000000</ele>
			</trkpt>
			<trkpt lat="46.955257" lon="10.995505">
				<ele>1854.000000</ele>
			</trkpt>
			<trkpt lat="46.955399" lon="10.995613">
				<ele>1852.000000</ele>
			</trkpt>
			<trkpt lat="46.955497" lon="10.995658">
				<ele>1850.000000</ele>
			</trkpt>
			<trkpt lat="46.955595" lon="10.995712">
				<ele>1849.000000</ele>
			</trkpt>
			<trkpt lat="46.955699" lon="10.995729">
				<ele>1848.000000</ele>
			</trkpt>
			<trkpt lat="46.955797" lon="10.995720">
				<ele>1846.000000</ele>
			</trkpt>
			<trkpt lat="46.955883" lon="10.995702">
				<ele>1845.000000</ele>
			</trkpt>
			<trkpt lat="46.955944" lon="10.995676">
				<ele>1844.000000</ele>
			</trkpt>
			<trkpt lat="46.956000" lon="10.995658">
				<ele>1843.000000</ele>
			</trkpt>
			<trkpt lat="46.956055" lon="10.995622">
				<ele>1842.000000</ele>
			</trkpt>
			<trkpt lat="46.956104" lon="10.995576">
				<ele>1842.000000</ele>
			</trkpt>
			<trkpt lat="46.956146" lon="10.995523">
				<ele>1841.000000</ele>
			</trkpt>
			<trkpt lat="46.956183" lon="10.995469">
				<ele>1840.000000</ele>
			</trkpt>
			<trkpt lat="46.956318" lon="10.995263">
				<ele>1837.000000</ele>
			</trkpt>
			<trkpt lat="46.956459" lon="10.995083">
				<ele>1835.000000</ele>
			</trkpt>
			<trkpt lat="46.956570" lon="10.994993">
				<ele>1833.000000</ele>
			</trkpt>
			<trkpt lat="46.956852" lon="10.994813">
				<ele>1829.000000</ele>
			</trkpt>
			<trkpt lat="46.956981" lon="10.994714">
				<ele>1827.000000</ele>
			</trkpt>
			<trkpt lat="46.957182" lon="10.994561">
				<ele>1824.000000</ele>
			</trkpt>
			<trkpt lat="46.957275" lon="10.994517">
				<ele>1822.000000</ele>
			</trkpt>
			<trkpt lat="46.957410" lon="10.994508">
				<ele>1820.000000</ele>
			</trkpt>
			<trkpt lat="46.957857" lon="10.994481">
				<ele>1814.000000</ele>
			</trkpt>
			<trkpt lat="46.958096" lon="10.994454">
				<ele>1811.000000</ele>
			</trkpt>
			<trkpt lat="46.958286" lon="10.994408">
				<ele>1808.000000</ele>
			</trkpt>
			<trkpt lat="46.958495" lon="10.994318">
				<ele>1805.000000</ele>
			</trkpt>
			<trkpt lat="46.958623" lon="10.994247">
				<ele>1803.000000</ele>
			</trkpt>
			<trkpt lat="46.959230" lon="10.993951">
				<ele>1794.000000</ele>
			</trkpt>
			<trkpt lat="46.959476" lon="10.993816">
				<ele>1790.000000</ele>
			</trkpt>
			<trkpt lat="46.959899" lon="10.993565">
				<ele>1784.000000</ele>
			</trkpt>
			<trkpt lat="46.960150" lon="10.993429">
				<ele>1781.000000</ele>
			</trkpt>
			<trkpt lat="46.960402" lon="10.993313">
				<ele>1777.000000</ele>
			</trkpt>
			<trkpt lat="46.960524" lon="10.993295">
				<ele>1775.000000</ele>
			</trkpt>
			<trkpt lat="46.960647" lon="10.993322">
				<ele>1773.000000</ele>
			</trkpt>
			<trkpt lat="46.960726" lon="10.993448">
				<ele>1772.000000</ele>
			</trkpt>
			<trkpt lat="46.960806" lon="10.993645">
				<ele>1770.000000</ele>
			</trkpt>
			<trkpt lat="46.960874" lon="10.993915">
				<ele>1767.000000</ele>
			</trkpt>
			<trkpt lat="46.960954" lon="10.994112">
				<ele>1765.000000</ele>
			</trkpt>
			<trkpt lat="46.961058" lon="10.994221">
				<ele>1763.000000</ele>
			</trkpt>
			<trkpt lat="46.961174" lon="10.994284">
				<ele>1762.000000</ele>
			</trkpt>
			<trkpt lat="46.961505" lon="10.994284">
				<ele>1757.000000</ele>
			</trkpt>
			<trkpt lat="46.961713" lon="10.994292">
				<ele>1754.000000</ele>
			</trkpt>
			<trkpt lat="46.961928" lon="10.994229">
				<ele>1751.000000</ele>
			</trkpt>
			<trkpt lat="46.962094" lon="10.994085">
				<ele>1749.000000</ele>
			</trkpt>
			<trkpt lat="46.962149" lon="10.994068">
				<ele>1748.000000</ele>
			</trkpt>
			<trkpt lat="46.962241" lon="10.994068">
				<ele>1747.000000</ele>
			</trkpt>
			<trkpt lat="46.962314" lon="10.994085">
				<ele>1746.000000</ele>
			</trkpt>
			<trkpt lat="46.962388" lon="10.994157">
				<ele>1744.000000</ele>
			</trkpt>
			<trkpt lat="46.962560" lon="10.994391">
				<ele>1741.000000</ele>
			</trkpt>
			<trkpt lat="46.962633" lon="10.994471">
				<ele>1740.000000</ele>
			</trkpt>
			<trkpt lat="46.962725" lon="10.994526">
				<ele>1738.000000</ele>
			</trkpt>
			<trkpt lat="46.962922" lon="10.994616">
				<ele>1736.000000</ele>
			</trkpt>
			<trkpt lat="46.962934" lon="10.994624">
				<ele>1735.000000</ele>
			</trkpt>
			<trkpt lat="46.963142" lon="10.994687">
				<ele>1732.000000</ele>
			</trkpt>
			<trkpt lat="46.963308" lon="10.994723">
				<ele>1730.000000</ele>
			</trkpt>
			<trkpt lat="46.963394" lon="10.994714">
				<ele>1729.000000</ele>
			</trkpt>
			<trkpt lat="46.963480" lon="10.994687">
				<ele>1728.000000</ele>
			</trkpt>
			<trkpt lat="46.963584" lon="10.994624">
				<ele>1726.000000</ele>
			</trkpt>
			<trkpt lat="46.963694" lon="10.994561">
				<ele>1725.000000</ele>
			</trkpt>
			<trkpt lat="46.963767" lon="10.994534">
				<ele>1723.000000</ele>
			</trkpt>
			<trkpt lat="46.963847" lon="10.994526">
				<ele>1722.000000</ele>
			</trkpt>
			<trkpt lat="46.963927" lon="10.994526">
				<ele>1721.000000</ele>
			</trkpt>
			<trkpt lat="46.964178" lon="10.994553">
				<ele>1718.000000</ele>
			</trkpt>
			<trkpt lat="46.964479" lon="10.994634">
				<ele>1714.000000</ele>
			</trkpt>
			<trkpt lat="46.964656" lon="10.994723">
				<ele>1711.000000</ele>
			</trkpt>
			<trkpt lat="46.964730" lon="10.994777">
				<ele>1710.000000</ele>
			</trkpt>
			<trkpt lat="46.964810" lon="10.994850">
				<ele>1709.000000</ele>
			</trkpt>
			<trkpt lat="46.964896" lon="10.994921">
				<ele>1708.000000</ele>
			</trkpt>
			<trkpt lat="46.965012" lon="10.994993">
				<ele>1706.000000</ele>
			</trkpt>
			<trkpt lat="46.965128" lon="10.995037">
				<ele>1704.000000</ele>
			</trkpt>
			<trkpt lat="46.965214" lon="10.995047">
				<ele>1703.000000</ele>
			</trkpt>
			<trkpt lat="46.965417" lon="10.995073">
				<ele>1701.000000</ele>
			</trkpt>
			<trkpt lat="46.965515" lon="10.995110">
				<ele>1699.000000</ele>
			</trkpt>
			<trkpt lat="46.965552" lon="10.995146">
				<ele>1699.000000</ele>
			</trkpt>
			<trkpt lat="46.965564" lon="10.995173">
				<ele>1699.000000</ele>
			</trkpt>
			<trkpt lat="46.965576" lon="10.995226">
				<ele>1698.000000</ele>
			</trkpt>
			<trkpt lat="46.965570" lon="10.995289">
				<ele>1698.000000</ele>
			</trkpt>
			<trkpt lat="46.965552" lon="10.995343">
				<ele>1697.000000</ele>
			</trkpt>
			<trkpt lat="46.965509" lon="10.995379">
				<ele>1697.000000</ele>
			</trkpt>
			<trkpt lat="46.965447" lon="10.995406">
				<ele>1696.000000</ele>
			</trkpt>
			<trkpt lat="46.965380" lon="10.995415">
				<ele>1695.000000</ele>
			</trkpt>
			<trkpt lat="46.964920" lon="10.995389">
				<ele>1690.000000</ele>
			</trkpt>
			<trkpt lat="46.964773" lon="10.995406">
				<ele>1688.000000</ele>
			</trkpt>
			<trkpt lat="46.964510" lon="10.995469">
				<ele>1685.000000</ele>
			</trkpt>
			<trkpt lat="46.964374" lon="10.995505">
				<ele>1683.000000</ele>
			</trkpt>
			<trkpt lat="46.964282" lon="10.995532">
				<ele>1681.000000</ele>
			</trkpt>
			<trkpt lat="46.964129" lon="10.995630">
				<ele>1679.000000</ele>
			</trkpt>
			<trkpt lat="46.964013" lon="10.995720">
				<ele>1677.000000</ele>
			</trkpt>
			<trkpt lat="46.963626" lon="10.996106">
				<ele>1670.000000</ele>
			</trkpt>
			<trkpt lat="46.963516" lon="10.996196">
				<ele>1668.000000</ele>
			</trkpt>
			<trkpt lat="46.963338" lon="10.996331">
				<ele>1665.000000</ele>
			</trkpt>
			<trkpt lat="46.963197" lon="10.996385">
				<ele>1663.000000</ele>
			</trkpt>
			<trkpt lat="46.963087" lon="10.996421">
				<ele>1661.000000</ele>
			</trkpt>
			<trkpt lat="46.963014" lon="10.996457">
				<ele>1660.000000</ele>
			</trkpt>
			<trkpt lat="46.962934" lon="10.996538">
				<ele>1659.000000</ele>
			</trkpt>
			<trkpt lat="46.962823" lon="10.996618">
				<ele>1657.000000</ele>
			</trkpt>
			<trkpt lat="46.962688" lon="10.996645">
				<ele>1655.000000</ele>
			</trkpt>
			<trkpt lat="46.962511" lon="10.996681">
				<ele>1652.000000</ele>
			</trkpt>
			<trkpt lat="46.962413" lon="10.996708">
				<ele>1651.000000</ele>
			</trkpt>
			<trkpt lat="46.962210" lon="10.996844">
				<ele>1647.000000</ele>
			</trkpt>
			<trkpt lat="46.962106" lon="10.996897">
				<ele>1646.000000</ele>
			</trkpt>
			<trkpt lat="46.962014" lon="10.996915">
				<ele>1645.000000</ele>
			</trkpt>
			<trkpt lat="46.961836" lon="10.996934">
				<ele>1642.000000</ele>
			</trkpt>
			<trkpt lat="46.961677" lon="10.996951">
				<ele>1640.000000</ele>
			</trkpt>
			<trkpt lat="46.961573" lon="10.996960">
				<ele>1639.000000</ele>
			</trkpt>
			<trkpt lat="46.961512" lon="10.996997">
				<ele>1638.000000</ele>
			</trkpt>
			<trkpt lat="46.961450" lon="10.997058">
				<ele>1637.000000</ele>
			</trkpt>
			<trkpt lat="46.961254" lon="10.997347">
				<ele>1633.000000</ele>
			</trkpt>
			<trkpt lat="46.961192" lon="10.997410">
				<ele>1632.000000</ele>
			</trkpt>
			<trkpt lat="46.960991" lon="10.997508">
				<ele>1629.000000</ele>
			</trkpt>
			<trkpt lat="46.960769" lon="10.997652">
				<ele>1625.000000</ele>
			</trkpt>
			<trkpt lat="46.960683" lon="10.997723">
				<ele>1624.000000</ele>
			</trkpt>
			<trkpt lat="46.960616" lon="10.997850">
				<ele>1623.000000</ele>
			</trkpt>
			<trkpt lat="46.960506" lon="10.998146">
				<ele>1619.000000</ele>
			</trkpt>
			<trkpt lat="46.960439" lon="10.998299">
				<ele>1618.000000</ele>
			</trkpt>
			<trkpt lat="46.960359" lon="10.998433">
				<ele>1616.000000</ele>
			</trkpt>
			<trkpt lat="46.960138" lon="10.998676">
				<ele>1612.000000</ele>
			</trkpt>
			<trkpt lat="46.959788" lon="10.999071">
				<ele>1606.000000</ele>
			</trkpt>
			<trkpt lat="46.959439" lon="10.999385">
				<ele>1600.000000</ele>
			</trkpt>
			<trkpt lat="46.959267" lon="10.999565">
				<ele>1597.000000</ele>
			</trkpt>
			<trkpt lat="46.959096" lon="10.999844">
				<ele>1593.000000</ele>
			</trkpt>
			<trkpt lat="46.958887" lon="11.000310">
				<ele>1588.000000</ele>
			</trkpt>
			<trkpt lat="46.958838" lon="11.000463">
				<ele>1587.000000</ele>
			</trkpt>
			<trkpt lat="46.958611" lon="11.001218">
				<ele>1579.000000</ele>
			</trkpt>
			<trkpt lat="46.958520" lon="11.001505">
				<ele>1576.000000</ele>
			</trkpt>
			<trkpt lat="46.958385" lon="11.001838">
				<ele>1573.000000</ele>
			</trkpt>
			<trkpt lat="46.958280" lon="11.002098">
				<ele>1570.000000</ele>
			</trkpt>
			<trkpt lat="46.958231" lon="11.002234">
				<ele>1568.000000</ele>
			</trkpt>
			<trkpt lat="46.958200" lon="11.002377">
				<ele>1567.000000</ele>
			</trkpt>
			<trkpt lat="46.958182" lon="11.002547">
				<ele>1565.000000</ele>
			</trkpt>
			<trkpt lat="46.958182" lon="11.002727">
				<ele>1564.000000</ele>
			</trkpt>
			<trkpt lat="46.958188" lon="11.002924">
				<ele>1562.000000</ele>
			</trkpt>
			<trkpt lat="46.958200" lon="11.003096">
				<ele>1560.000000</ele>
			</trkpt>
			<trkpt lat="46.958200" lon="11.003222">
				<ele>1559.000000</ele>
			</trkpt>
			<trkpt lat="46.958188" lon="11.003410">
				<ele>1557.000000</ele>
			</trkpt>
			<trkpt lat="46.958145" lon="11.003779">
				<ele>1554.000000</ele>
			</trkpt>
			<trkpt lat="46.958127" lon="11.003958">
				<ele>1552.000000</ele>
			</trkpt>
			<trkpt lat="46.958115" lon="11.004119">
				<ele>1551.000000</ele>
			</trkpt>
			<trkpt lat="46.958115" lon="11.004236">
				<ele>1550.000000</ele>
			</trkpt>
			<trkpt lat="46.958127" lon="11.004578">
				<ele>1547.000000</ele>
			</trkpt>
			<trkpt lat="46.958127" lon="11.004677">
				<ele>1546.000000</ele>
			</trkpt>
			<trkpt lat="46.958108" lon="11.004830">
				<ele>1545.000000</ele>
			</trkpt>
			<trkpt lat="46.958072" lon="11.004991">
				<ele>1543.000000</ele>
			</trkpt>
			<trkpt lat="46.958017" lon="11.005134">
				<ele>1542.000000</ele>
			</trkpt>
			<trkpt lat="46.957962" lon="11.005224">
				<ele>1541.000000</ele>
			</trkpt>
			<trkpt lat="46.957851" lon="11.005368">
				<ele>1539.000000</ele>
			</trkpt>
			<trkpt lat="46.957740" lon="11.005494">
				<ele>1537.000000</ele>
			</trkpt>
			<trkpt lat="46.957275" lon="11.005916">
				<ele>1530.000000</ele>
			</trkpt>
			<trkpt lat="46.956447" lon="11.006645">
				<ele>1518.000000</ele>
			</trkpt>
			<trkpt lat="46.956152" lon="11.006905">
				<ele>1513.000000</ele>
			</trkpt>
			<trkpt lat="46.955858" lon="11.007147">
				<ele>1509.000000</ele>
			</trkpt>
			<trkpt lat="46.955692" lon="11.007318">
				<ele>1506.000000</ele>
			</trkpt>
			<trkpt lat="46.955631" lon="11.007381">
				<ele>1505.000000</ele>
			</trkpt>
			<trkpt lat="46.955558" lon="11.007524">
				<ele>1503.000000</ele>
			</trkpt>
			<trkpt lat="46.955423" lon="11.007901">
				<ele>1500.000000</ele>
			</trkpt>
			<trkpt lat="46.955374" lon="11.008000">
				<ele>1499.000000</ele>
			</trkpt>
			<trkpt lat="46.955331" lon="11.008081">
				<ele>1498.000000</ele>
			</trkpt>
			<trkpt lat="46.955282" lon="11.008171">
				<ele>1497.000000</ele>
			</trkpt>
			<trkpt lat="46.955257" lon="11.008224">
				<ele>1496.000000</ele>
			</trkpt>
			<trkpt lat="46.955257" lon="11.008279">
				<ele>1496.000000</ele>
			</trkpt>
			<trkpt lat="46.955263" lon="11.008333">
				<ele>1495.000000</ele>
			</trkpt>
			<trkpt lat="46.955294" lon="11.008369">
				<ele>1495.000000</ele>
			</trkpt>
			<trkpt lat="46.955325" lon="11.008387">
				<ele>1494.000000</ele>
			</trkpt>
			<trkpt lat="46.955362" lon="11.008387">
				<ele>1494.000000</ele>
			</trkpt>
			<trkpt lat="46.955405" lon="11.008369">
				<ele>1494.000000</ele>
			</trkpt>
			<trkpt lat="46.955448" lon="11.008306">
				<ele>1493.000000</ele>
			</trkpt>
			<trkpt lat="46.955540" lon="11.008180">
				<ele>1491.000000</ele>
			</trkpt>
			<trkpt lat="46.955735" lon="11.007964">
				<ele>1488.000000</ele>
			</trkpt>
			<trkpt lat="46.955815" lon="11.007874">
				<ele>1487.000000</ele>
			</trkpt>
			<trkpt lat="46.955895" lon="11.007811">
				<ele>1486.000000</ele>
			</trkpt>
			<trkpt lat="46.956000" lon="11.007767">
				<ele>1484.000000</ele>
			</trkpt>
			<trkpt lat="46.956312" lon="11.007740">
				<ele>1480.000000</ele>
			</trkpt>
			<trkpt lat="46.956600" lon="11.007704">
				<ele>1477.000000</ele>
			</trkpt>
			<trkpt lat="46.956833" lon="11.007677">
				<ele>1474.000000</ele>
			</trkpt>
			<trkpt lat="46.956870" lon="11.007677">
				<ele>1474.000000</ele>
			</trkpt>
			<trkpt lat="46.956901" lon="11.007704">
				<ele>1473.000000</ele>
			</trkpt>
			<trkpt lat="46.956919" lon="11.007740">
				<ele>1473.000000</ele>
			</trkpt>
			<trkpt lat="46.956932" lon="11.007784">
				<ele>1472.000000</ele>
			</trkpt>
			<trkpt lat="46.957281" lon="11.007570">
				<ele>1475.000000</ele>
			</trkpt>
			<trkpt lat="46.957318" lon="11.007687">
				<ele>1473.000000</ele>
			</trkpt>
		</trkseg>
	</trk>
</gpx>

