<?xml version="1.0" encoding="utf-8"?>
<gpx xmlns="http://www.topografix.com/GPX/1/1" version="1.1" creator="https://mapy.com/">
	<trk>
		<name>Trasa z Parkoviště do Parkoviště</name>
		<trkseg>
			<trkpt lat="46.617837" lon="10.595368">
				<ele>907.000000</ele>
			</trkpt>
			<trkpt lat="46.617696" lon="10.595467">
				<ele>905.000000</ele>
			</trkpt>
			<trkpt lat="46.617628" lon="10.594964">
				<ele>906.000000</ele>
			</trkpt>
			<trkpt lat="46.617609" lon="10.594848">
				<ele>906.000000</ele>
			</trkpt>
			<trkpt lat="46.617597" lon="10.594785">
				<ele>906.000000</ele>
			</trkpt>
			<trkpt lat="46.617628" lon="10.594758">
				<ele>906.000000</ele>
			</trkpt>
			<trkpt lat="46.617689" lon="10.594685">
				<ele>906.000000</ele>
			</trkpt>
			<trkpt lat="46.617727" lon="10.594649">
				<ele>906.000000</ele>
			</trkpt>
			<trkpt lat="46.617640" lon="10.594290">
				<ele>906.000000</ele>
			</trkpt>
			<trkpt lat="46.617597" lon="10.594012">
				<ele>907.000000</ele>
			</trkpt>
			<trkpt lat="46.617523" lon="10.593482">
				<ele>907.000000</ele>
			</trkpt>
			<trkpt lat="46.617504" lon="10.593356">
				<ele>907.000000</ele>
			</trkpt>
			<trkpt lat="46.617486" lon="10.593240">
				<ele>907.000000</ele>
			</trkpt>
			<trkpt lat="46.617442" lon="10.592701">
				<ele>908.000000</ele>
			</trkpt>
			<trkpt lat="46.617418" lon="10.592467">
				<ele>908.000000</ele>
			</trkpt>
			<trkpt lat="46.617375" lon="10.592269">
				<ele>908.000000</ele>
			</trkpt>
			<trkpt lat="46.617363" lon="10.592198">
				<ele>908.000000</ele>
			</trkpt>
			<trkpt lat="46.617301" lon="10.591928">
				<ele>909.000000</ele>
			</trkpt>
			<trkpt lat="46.617276" lon="10.591856">
				<ele>909.000000</ele>
			</trkpt>
			<trkpt lat="46.617251" lon="10.591819">
				<ele>909.000000</ele>
			</trkpt>
			<trkpt lat="46.617233" lon="10.591785">
				<ele>909.000000</ele>
			</trkpt>
			<trkpt lat="46.617190" lon="10.591703">
				<ele>909.000000</ele>
			</trkpt>
			<trkpt lat="46.617159" lon="10.591622">
				<ele>909.000000</ele>
			</trkpt>
			<trkpt lat="46.617103" lon="10.591460">
				<ele>909.000000</ele>
			</trkpt>
			<trkpt lat="46.617041" lon="10.591253">
				<ele>909.000000</ele>
			</trkpt>
			<trkpt lat="46.616844" lon="10.590913">
				<ele>910.000000</ele>
			</trkpt>
			<trkpt lat="46.616776" lon="10.590714">
				<ele>910.000000</ele>
			</trkpt>
			<trkpt lat="46.616696" lon="10.590464">
				<ele>910.000000</ele>
			</trkpt>
			<trkpt lat="46.616640" lon="10.590266">
				<ele>911.000000</ele>
			</trkpt>
			<trkpt lat="46.616517" lon="10.590032">
				<ele>911.000000</ele>
			</trkpt>
			<trkpt lat="46.616264" lon="10.589637">
				<ele>912.000000</ele>
			</trkpt>
			<trkpt lat="46.616073" lon="10.589349">
				<ele>912.000000</ele>
			</trkpt>
			<trkpt lat="46.615956" lon="10.589179">
				<ele>913.000000</ele>
			</trkpt>
			<trkpt lat="46.615931" lon="10.589143">
				<ele>913.000000</ele>
			</trkpt>
			<trkpt lat="46.615573" lon="10.588569">
				<ele>914.000000</ele>
			</trkpt>
			<trkpt lat="46.615542" lon="10.588514">
				<ele>914.000000</ele>
			</trkpt>
			<trkpt lat="46.615499" lon="10.588460">
				<ele>914.000000</ele>
			</trkpt>
			<trkpt lat="46.615295" lon="10.588146">
				<ele>915.000000</ele>
			</trkpt>
			<trkpt lat="46.615264" lon="10.588101">
				<ele>915.000000</ele>
			</trkpt>
			<trkpt lat="46.615037" lon="10.587733">
				<ele>915.000000</ele>
			</trkpt>
			<trkpt lat="46.614833" lon="10.587409">
				<ele>916.000000</ele>
			</trkpt>
			<trkpt lat="46.614802" lon="10.587364">
				<ele>916.000000</ele>
			</trkpt>
			<trkpt lat="46.614678" lon="10.587140">
				<ele>916.000000</ele>
			</trkpt>
			<trkpt lat="46.614648" lon="10.587005">
				<ele>917.000000</ele>
			</trkpt>
			<trkpt lat="46.614511" lon="10.586358">
				<ele>918.000000</ele>
			</trkpt>
			<trkpt lat="46.614444" lon="10.586026">
				<ele>918.000000</ele>
			</trkpt>
			<trkpt lat="46.614382" lon="10.585712">
				<ele>919.000000</ele>
			</trkpt>
			<trkpt lat="46.614240" lon="10.585001">
				<ele>920.000000</ele>
			</trkpt>
			<trkpt lat="46.614147" lon="10.584634">
				<ele>920.000000</ele>
			</trkpt>
			<trkpt lat="46.614110" lon="10.584517">
				<ele>920.000000</ele>
			</trkpt>
			<trkpt lat="46.614074" lon="10.584382">
				<ele>921.000000</ele>
			</trkpt>
			<trkpt lat="46.614031" lon="10.584238">
				<ele>921.000000</ele>
			</trkpt>
			<trkpt lat="46.613889" lon="10.583852">
				<ele>922.000000</ele>
			</trkpt>
			<trkpt lat="46.613783" lon="10.583619">
				<ele>922.000000</ele>
			</trkpt>
			<trkpt lat="46.613752" lon="10.583546">
				<ele>923.000000</ele>
			</trkpt>
			<trkpt lat="46.613734" lon="10.583510">
				<ele>923.000000</ele>
			</trkpt>
			<trkpt lat="46.613580" lon="10.583179">
				<ele>923.000000</ele>
			</trkpt>
			<trkpt lat="46.613549" lon="10.583124">
				<ele>924.000000</ele>
			</trkpt>
			<trkpt lat="46.613197" lon="10.582577">
				<ele>925.000000</ele>
			</trkpt>
			<trkpt lat="46.613037" lon="10.582316">
				<ele>926.000000</ele>
			</trkpt>
			<trkpt lat="46.613012" lon="10.582271">
				<ele>926.000000</ele>
			</trkpt>
			<trkpt lat="46.613000" lon="10.582253">
				<ele>926.000000</ele>
			</trkpt>
			<trkpt lat="46.612611" lon="10.581642">
				<ele>927.000000</ele>
			</trkpt>
			<trkpt lat="46.611580" lon="10.579980">
				<ele>932.000000</ele>
			</trkpt>
			<trkpt lat="46.611488" lon="10.579837">
				<ele>932.000000</ele>
			</trkpt>
			<trkpt lat="46.611463" lon="10.579791">
				<ele>932.000000</ele>
			</trkpt>
			<trkpt lat="46.611395" lon="10.579693">
				<ele>933.000000</ele>
			</trkpt>
			<trkpt lat="46.611192" lon="10.579361">
				<ele>934.000000</ele>
			</trkpt>
			<trkpt lat="46.611099" lon="10.579064">
				<ele>934.000000</ele>
			</trkpt>
			<trkpt lat="46.611013" lon="10.578516">
				<ele>935.000000</ele>
			</trkpt>
			<trkpt lat="46.610914" lon="10.577869">
				<ele>937.000000</ele>
			</trkpt>
			<trkpt lat="46.610834" lon="10.577321">
				<ele>938.000000</ele>
			</trkpt>
			<trkpt lat="46.610778" lon="10.576961">
				<ele>939.000000</ele>
			</trkpt>
			<trkpt lat="46.610544" lon="10.575938">
				<ele>941.000000</ele>
			</trkpt>
			<trkpt lat="46.610365" lon="10.575147">
				<ele>944.000000</ele>
			</trkpt>
			<trkpt lat="46.610174" lon="10.574491">
				<ele>946.000000</ele>
			</trkpt>
			<trkpt lat="46.610168" lon="10.574348">
				<ele>946.000000</ele>
			</trkpt>
			<trkpt lat="46.610131" lon="10.574221">
				<ele>946.000000</ele>
			</trkpt>
			<trkpt lat="46.609914" lon="10.573638">
				<ele>947.000000</ele>
			</trkpt>
			<trkpt lat="46.609877" lon="10.573548">
				<ele>947.000000</ele>
			</trkpt>
			<trkpt lat="46.609840" lon="10.573485">
				<ele>948.000000</ele>
			</trkpt>
			<trkpt lat="46.609797" lon="10.573386">
				<ele>948.000000</ele>
			</trkpt>
			<trkpt lat="46.609742" lon="10.573279">
				<ele>948.000000</ele>
			</trkpt>
			<trkpt lat="46.609673" lon="10.573153">
				<ele>948.000000</ele>
			</trkpt>
			<trkpt lat="46.609600" lon="10.573027">
				<ele>949.000000</ele>
			</trkpt>
			<trkpt lat="46.609328" lon="10.572569">
				<ele>950.000000</ele>
			</trkpt>
			<trkpt lat="46.609087" lon="10.572174">
				<ele>951.000000</ele>
			</trkpt>
			<trkpt lat="46.608717" lon="10.571571">
				<ele>954.000000</ele>
			</trkpt>
			<trkpt lat="46.608631" lon="10.571428">
				<ele>955.000000</ele>
			</trkpt>
			<trkpt lat="46.608563" lon="10.571311">
				<ele>956.000000</ele>
			</trkpt>
			<trkpt lat="46.608526" lon="10.571231">
				<ele>956.000000</ele>
			</trkpt>
			<trkpt lat="46.608483" lon="10.571150">
				<ele>956.000000</ele>
			</trkpt>
			<trkpt lat="46.608446" lon="10.571078">
				<ele>957.000000</ele>
			</trkpt>
			<trkpt lat="46.608415" lon="10.571005">
				<ele>957.000000</ele>
			</trkpt>
			<trkpt lat="46.608359" lon="10.570862">
				<ele>957.000000</ele>
			</trkpt>
			<trkpt lat="46.608205" lon="10.570476">
				<ele>959.000000</ele>
			</trkpt>
			<trkpt lat="46.608125" lon="10.570269">
				<ele>960.000000</ele>
			</trkpt>
			<trkpt lat="46.608045" lon="10.570080">
				<ele>961.000000</ele>
			</trkpt>
			<trkpt lat="46.607977" lon="10.569937">
				<ele>962.000000</ele>
			</trkpt>
			<trkpt lat="46.607854" lon="10.569730">
				<ele>963.000000</ele>
			</trkpt>
			<trkpt lat="46.607773" lon="10.569587">
				<ele>964.000000</ele>
			</trkpt>
			<trkpt lat="46.607711" lon="10.569470">
				<ele>965.000000</ele>
			</trkpt>
			<trkpt lat="46.607681" lon="10.569407">
				<ele>965.000000</ele>
			</trkpt>
			<trkpt lat="46.607656" lon="10.569344">
				<ele>965.000000</ele>
			</trkpt>
			<trkpt lat="46.607625" lon="10.569245">
				<ele>966.000000</ele>
			</trkpt>
			<trkpt lat="46.607594" lon="10.569137">
				<ele>967.000000</ele>
			</trkpt>
			<trkpt lat="46.607569" lon="10.569021">
				<ele>967.000000</ele>
			</trkpt>
			<trkpt lat="46.607538" lon="10.568887">
				<ele>968.000000</ele>
			</trkpt>
			<trkpt lat="46.607514" lon="10.568778">
				<ele>968.000000</ele>
			</trkpt>
			<trkpt lat="46.607495" lon="10.568734">
				<ele>969.000000</ele>
			</trkpt>
			<trkpt lat="46.607471" lon="10.568679">
				<ele>969.000000</ele>
			</trkpt>
			<trkpt lat="46.607428" lon="10.568598">
				<ele>969.000000</ele>
			</trkpt>
			<trkpt lat="46.607365" lon="10.568508">
				<ele>970.000000</ele>
			</trkpt>
			<trkpt lat="46.607286" lon="10.568374">
				<ele>971.000000</ele>
			</trkpt>
			<trkpt lat="46.607242" lon="10.568321">
				<ele>971.000000</ele>
			</trkpt>
			<trkpt lat="46.607174" lon="10.568221">
				<ele>972.000000</ele>
			</trkpt>
			<trkpt lat="46.607094" lon="10.568095">
				<ele>972.000000</ele>
			</trkpt>
			<trkpt lat="46.607051" lon="10.568032">
				<ele>973.000000</ele>
			</trkpt>
			<trkpt lat="46.607008" lon="10.567961">
				<ele>973.000000</ele>
			</trkpt>
			<trkpt lat="46.606970" lon="10.567898">
				<ele>973.000000</ele>
			</trkpt>
			<trkpt lat="46.606934" lon="10.567826">
				<ele>974.000000</ele>
			</trkpt>
			<trkpt lat="46.606860" lon="10.567665">
				<ele>975.000000</ele>
			</trkpt>
			<trkpt lat="46.606693" lon="10.567323">
				<ele>976.000000</ele>
			</trkpt>
			<trkpt lat="46.606533" lon="10.566990">
				<ele>978.000000</ele>
			</trkpt>
			<trkpt lat="46.606490" lon="10.566892">
				<ele>979.000000</ele>
			</trkpt>
			<trkpt lat="46.606440" lon="10.566766">
				<ele>979.000000</ele>
			</trkpt>
			<trkpt lat="46.606409" lon="10.566667">
				<ele>980.000000</ele>
			</trkpt>
			<trkpt lat="46.606390" lon="10.566595">
				<ele>980.000000</ele>
			</trkpt>
			<trkpt lat="46.606378" lon="10.566514">
				<ele>980.000000</ele>
			</trkpt>
			<trkpt lat="46.606366" lon="10.566424">
				<ele>981.000000</ele>
			</trkpt>
			<trkpt lat="46.606360" lon="10.566334">
				<ele>981.000000</ele>
			</trkpt>
			<trkpt lat="46.606354" lon="10.566263">
				<ele>982.000000</ele>
			</trkpt>
			<trkpt lat="46.606354" lon="10.566182">
				<ele>982.000000</ele>
			</trkpt>
			<trkpt lat="46.606354" lon="10.566021">
				<ele>983.000000</ele>
			</trkpt>
			<trkpt lat="46.606347" lon="10.565948">
				<ele>983.000000</ele>
			</trkpt>
			<trkpt lat="46.606347" lon="10.565868">
				<ele>984.000000</ele>
			</trkpt>
			<trkpt lat="46.606335" lon="10.565778">
				<ele>984.000000</ele>
			</trkpt>
			<trkpt lat="46.606323" lon="10.565661">
				<ele>984.000000</ele>
			</trkpt>
			<trkpt lat="46.606311" lon="10.565545">
				<ele>985.000000</ele>
			</trkpt>
			<trkpt lat="46.606298" lon="10.565463">
				<ele>985.000000</ele>
			</trkpt>
			<trkpt lat="46.606286" lon="10.565382">
				<ele>986.000000</ele>
			</trkpt>
			<trkpt lat="46.606261" lon="10.565266">
				<ele>986.000000</ele>
			</trkpt>
			<trkpt lat="46.606205" lon="10.565105">
				<ele>987.000000</ele>
			</trkpt>
			<trkpt lat="46.606150" lon="10.564916">
				<ele>988.000000</ele>
			</trkpt>
			<trkpt lat="46.606138" lon="10.564862">
				<ele>988.000000</ele>
			</trkpt>
			<trkpt lat="46.606132" lon="10.564807">
				<ele>989.000000</ele>
			</trkpt>
			<trkpt lat="46.606126" lon="10.564736">
				<ele>989.000000</ele>
			</trkpt>
			<trkpt lat="46.606119" lon="10.564673">
				<ele>989.000000</ele>
			</trkpt>
			<trkpt lat="46.606107" lon="10.564493">
				<ele>990.000000</ele>
			</trkpt>
			<trkpt lat="46.606101" lon="10.564421">
				<ele>991.000000</ele>
			</trkpt>
			<trkpt lat="46.606088" lon="10.564376">
				<ele>991.000000</ele>
			</trkpt>
			<trkpt lat="46.606082" lon="10.564350">
				<ele>991.000000</ele>
			</trkpt>
			<trkpt lat="46.606070" lon="10.564304">
				<ele>992.000000</ele>
			</trkpt>
			<trkpt lat="46.606045" lon="10.564250">
				<ele>992.000000</ele>
			</trkpt>
			<trkpt lat="46.605983" lon="10.564134">
				<ele>993.000000</ele>
			</trkpt>
			<trkpt lat="46.605940" lon="10.564044">
				<ele>994.000000</ele>
			</trkpt>
			<trkpt lat="46.605922" lon="10.564000">
				<ele>994.000000</ele>
			</trkpt>
			<trkpt lat="46.605909" lon="10.563963">
				<ele>994.000000</ele>
			</trkpt>
			<trkpt lat="46.605891" lon="10.563918">
				<ele>995.000000</ele>
			</trkpt>
			<trkpt lat="46.605872" lon="10.563855">
				<ele>995.000000</ele>
			</trkpt>
			<trkpt lat="46.605841" lon="10.563757">
				<ele>996.000000</ele>
			</trkpt>
			<trkpt lat="46.605816" lon="10.563648">
				<ele>997.000000</ele>
			</trkpt>
			<trkpt lat="46.605804" lon="10.563613">
				<ele>997.000000</ele>
			</trkpt>
			<trkpt lat="46.605792" lon="10.563558">
				<ele>997.000000</ele>
			</trkpt>
			<trkpt lat="46.605773" lon="10.563523">
				<ele>998.000000</ele>
			</trkpt>
			<trkpt lat="46.605731" lon="10.563424">
				<ele>998.000000</ele>
			</trkpt>
			<trkpt lat="46.605644" lon="10.563235">
				<ele>1000.000000</ele>
			</trkpt>
			<trkpt lat="46.605545" lon="10.563038">
				<ele>1001.000000</ele>
			</trkpt>
			<trkpt lat="46.605415" lon="10.562786">
				<ele>1003.000000</ele>
			</trkpt>
			<trkpt lat="46.605348" lon="10.562661">
				<ele>1004.000000</ele>
			</trkpt>
			<trkpt lat="46.605298" lon="10.562571">
				<ele>1005.000000</ele>
			</trkpt>
			<trkpt lat="46.605267" lon="10.562516">
				<ele>1005.000000</ele>
			</trkpt>
			<trkpt lat="46.605230" lon="10.562445">
				<ele>1006.000000</ele>
			</trkpt>
			<trkpt lat="46.605206" lon="10.562392">
				<ele>1006.000000</ele>
			</trkpt>
			<trkpt lat="46.605175" lon="10.562329">
				<ele>1006.000000</ele>
			</trkpt>
			<trkpt lat="46.605144" lon="10.562266">
				<ele>1007.000000</ele>
			</trkpt>
			<trkpt lat="46.605101" lon="10.562149">
				<ele>1007.000000</ele>
			</trkpt>
			<trkpt lat="46.605064" lon="10.562050">
				<ele>1008.000000</ele>
			</trkpt>
			<trkpt lat="46.605014" lon="10.561889">
				<ele>1009.000000</ele>
			</trkpt>
			<trkpt lat="46.604996" lon="10.561799">
				<ele>1010.000000</ele>
			</trkpt>
			<trkpt lat="46.604978" lon="10.561709">
				<ele>1010.000000</ele>
			</trkpt>
			<trkpt lat="46.604953" lon="10.561627">
				<ele>1011.000000</ele>
			</trkpt>
			<trkpt lat="46.604916" lon="10.561474">
				<ele>1011.000000</ele>
			</trkpt>
			<trkpt lat="46.604866" lon="10.561295">
				<ele>1012.000000</ele>
			</trkpt>
			<trkpt lat="46.604847" lon="10.561241">
				<ele>1013.000000</ele>
			</trkpt>
			<trkpt lat="46.604829" lon="10.561197">
				<ele>1013.000000</ele>
			</trkpt>
			<trkpt lat="46.604805" lon="10.561151">
				<ele>1013.000000</ele>
			</trkpt>
			<trkpt lat="46.604786" lon="10.561115">
				<ele>1013.000000</ele>
			</trkpt>
			<trkpt lat="46.604762" lon="10.561088">
				<ele>1014.000000</ele>
			</trkpt>
			<trkpt lat="46.604718" lon="10.561044">
				<ele>1014.000000</ele>
			</trkpt>
			<trkpt lat="46.604662" lon="10.560990">
				<ele>1014.000000</ele>
			</trkpt>
			<trkpt lat="46.604589" lon="10.560936">
				<ele>1015.000000</ele>
			</trkpt>
			<trkpt lat="46.604465" lon="10.560828">
				<ele>1016.000000</ele>
			</trkpt>
			<trkpt lat="46.604335" lon="10.560721">
				<ele>1017.000000</ele>
			</trkpt>
			<trkpt lat="46.604267" lon="10.560648">
				<ele>1018.000000</ele>
			</trkpt>
			<trkpt lat="46.604194" lon="10.560577">
				<ele>1018.000000</ele>
			</trkpt>
			<trkpt lat="46.604132" lon="10.560505">
				<ele>1019.000000</ele>
			</trkpt>
			<trkpt lat="46.604076" lon="10.560432">
				<ele>1019.000000</ele>
			</trkpt>
			<trkpt lat="46.604009" lon="10.560342">
				<ele>1020.000000</ele>
			</trkpt>
			<trkpt lat="46.603928" lon="10.560235">
				<ele>1021.000000</ele>
			</trkpt>
			<trkpt lat="46.603891" lon="10.560172">
				<ele>1021.000000</ele>
			</trkpt>
			<trkpt lat="46.603848" lon="10.560101">
				<ele>1022.000000</ele>
			</trkpt>
			<trkpt lat="46.603817" lon="10.560029">
				<ele>1022.000000</ele>
			</trkpt>
			<trkpt lat="46.603780" lon="10.559948">
				<ele>1022.000000</ele>
			</trkpt>
			<trkpt lat="46.603743" lon="10.559876">
				<ele>1023.000000</ele>
			</trkpt>
			<trkpt lat="46.603724" lon="10.559822">
				<ele>1023.000000</ele>
			</trkpt>
			<trkpt lat="46.603706" lon="10.559768">
				<ele>1023.000000</ele>
			</trkpt>
			<trkpt lat="46.603693" lon="10.559715">
				<ele>1024.000000</ele>
			</trkpt>
			<trkpt lat="46.603681" lon="10.559642">
				<ele>1024.000000</ele>
			</trkpt>
			<trkpt lat="46.603675" lon="10.559597">
				<ele>1024.000000</ele>
			</trkpt>
			<trkpt lat="46.603669" lon="10.559562">
				<ele>1024.000000</ele>
			</trkpt>
			<trkpt lat="46.603657" lon="10.559436">
				<ele>1025.000000</ele>
			</trkpt>
			<trkpt lat="46.603638" lon="10.559220">
				<ele>1026.000000</ele>
			</trkpt>
			<trkpt lat="46.603620" lon="10.559040">
				<ele>1027.000000</ele>
			</trkpt>
			<trkpt lat="46.603601" lon="10.558906">
				<ele>1027.000000</ele>
			</trkpt>
			<trkpt lat="46.603583" lon="10.558843">
				<ele>1028.000000</ele>
			</trkpt>
			<trkpt lat="46.603564" lon="10.558780">
				<ele>1028.000000</ele>
			</trkpt>
			<trkpt lat="46.603539" lon="10.558734">
				<ele>1028.000000</ele>
			</trkpt>
			<trkpt lat="46.603521" lon="10.558700">
				<ele>1028.000000</ele>
			</trkpt>
			<trkpt lat="46.603496" lon="10.558673">
				<ele>1029.000000</ele>
			</trkpt>
			<trkpt lat="46.603471" lon="10.558654">
				<ele>1029.000000</ele>
			</trkpt>
			<trkpt lat="46.603441" lon="10.558627">
				<ele>1029.000000</ele>
			</trkpt>
			<trkpt lat="46.603404" lon="10.558610">
				<ele>1029.000000</ele>
			</trkpt>
			<trkpt lat="46.603280" lon="10.558555">
				<ele>1030.000000</ele>
			</trkpt>
			<trkpt lat="46.603188" lon="10.558520">
				<ele>1031.000000</ele>
			</trkpt>
			<trkpt lat="46.603107" lon="10.558484">
				<ele>1032.000000</ele>
			</trkpt>
			<trkpt lat="46.603046" lon="10.558457">
				<ele>1032.000000</ele>
			</trkpt>
			<trkpt lat="46.602996" lon="10.558430">
				<ele>1033.000000</ele>
			</trkpt>
			<trkpt lat="46.602959" lon="10.558403">
				<ele>1033.000000</ele>
			</trkpt>
			<trkpt lat="46.602910" lon="10.558358">
				<ele>1034.000000</ele>
			</trkpt>
			<trkpt lat="46.602867" lon="10.558304">
				<ele>1034.000000</ele>
			</trkpt>
			<trkpt lat="46.602817" lon="10.558250">
				<ele>1035.000000</ele>
			</trkpt>
			<trkpt lat="46.602780" lon="10.558197">
				<ele>1035.000000</ele>
			</trkpt>
			<trkpt lat="46.602743" lon="10.558134">
				<ele>1035.000000</ele>
			</trkpt>
			<trkpt lat="46.602706" lon="10.558071">
				<ele>1036.000000</ele>
			</trkpt>
			<trkpt lat="46.602638" lon="10.557927">
				<ele>1037.000000</ele>
			</trkpt>
			<trkpt lat="46.602601" lon="10.557845">
				<ele>1037.000000</ele>
			</trkpt>
			<trkpt lat="46.602570" lon="10.557774">
				<ele>1038.000000</ele>
			</trkpt>
			<trkpt lat="46.602527" lon="10.557702">
				<ele>1038.000000</ele>
			</trkpt>
			<trkpt lat="46.602497" lon="10.557639">
				<ele>1039.000000</ele>
			</trkpt>
			<trkpt lat="46.602466" lon="10.557585">
				<ele>1039.000000</ele>
			</trkpt>
			<trkpt lat="46.602441" lon="10.557549">
				<ele>1040.000000</ele>
			</trkpt>
			<trkpt lat="46.602410" lon="10.557522">
				<ele>1040.000000</ele>
			</trkpt>
			<trkpt lat="46.602379" lon="10.557486">
				<ele>1040.000000</ele>
			</trkpt>
			<trkpt lat="46.602317" lon="10.557442">
				<ele>1041.000000</ele>
			</trkpt>
			<trkpt lat="46.602218" lon="10.557369">
				<ele>1042.000000</ele>
			</trkpt>
			<trkpt lat="46.602157" lon="10.557333">
				<ele>1043.000000</ele>
			</trkpt>
			<trkpt lat="46.602089" lon="10.557279">
				<ele>1044.000000</ele>
			</trkpt>
			<trkpt lat="46.602040" lon="10.557235">
				<ele>1044.000000</ele>
			</trkpt>
			<trkpt lat="46.601996" lon="10.557189">
				<ele>1045.000000</ele>
			</trkpt>
			<trkpt lat="46.601929" lon="10.557118">
				<ele>1045.000000</ele>
			</trkpt>
			<trkpt lat="46.601861" lon="10.557055">
				<ele>1046.000000</ele>
			</trkpt>
			<trkpt lat="46.601823" lon="10.557029">
				<ele>1047.000000</ele>
			</trkpt>
			<trkpt lat="46.601780" lon="10.557002">
				<ele>1047.000000</ele>
			</trkpt>
			<trkpt lat="46.601737" lon="10.556975">
				<ele>1048.000000</ele>
			</trkpt>
			<trkpt lat="46.601700" lon="10.556965">
				<ele>1048.000000</ele>
			</trkpt>
			<trkpt lat="46.601657" lon="10.556947">
				<ele>1048.000000</ele>
			</trkpt>
			<trkpt lat="46.601546" lon="10.556939">
				<ele>1050.000000</ele>
			</trkpt>
			<trkpt lat="46.601422" lon="10.556920">
				<ele>1050.000000</ele>
			</trkpt>
			<trkpt lat="46.601293" lon="10.556912">
				<ele>1051.000000</ele>
			</trkpt>
			<trkpt lat="46.601262" lon="10.556902">
				<ele>1051.000000</ele>
			</trkpt>
			<trkpt lat="46.601200" lon="10.556876">
				<ele>1051.000000</ele>
			</trkpt>
			<trkpt lat="46.601133" lon="10.556839">
				<ele>1052.000000</ele>
			</trkpt>
			<trkpt lat="46.601070" lon="10.556795">
				<ele>1052.000000</ele>
			</trkpt>
			<trkpt lat="46.600996" lon="10.556723">
				<ele>1052.000000</ele>
			</trkpt>
			<trkpt lat="46.600954" lon="10.556669">
				<ele>1053.000000</ele>
			</trkpt>
			<trkpt lat="46.600910" lon="10.556615">
				<ele>1053.000000</ele>
			</trkpt>
			<trkpt lat="46.600811" lon="10.556499">
				<ele>1054.000000</ele>
			</trkpt>
			<trkpt lat="46.600719" lon="10.556409">
				<ele>1054.000000</ele>
			</trkpt>
			<trkpt lat="46.600602" lon="10.556283">
				<ele>1055.000000</ele>
			</trkpt>
			<trkpt lat="46.600496" lon="10.556174">
				<ele>1055.000000</ele>
			</trkpt>
			<trkpt lat="46.600447" lon="10.556121">
				<ele>1056.000000</ele>
			</trkpt>
			<trkpt lat="46.600355" lon="10.556049">
				<ele>1056.000000</ele>
			</trkpt>
			<trkpt lat="46.600256" lon="10.555986">
				<ele>1057.000000</ele>
			</trkpt>
			<trkpt lat="46.600126" lon="10.555914">
				<ele>1057.000000</ele>
			</trkpt>
			<trkpt lat="46.599991" lon="10.555851">
				<ele>1058.000000</ele>
			</trkpt>
			<trkpt lat="46.599922" lon="10.555815">
				<ele>1058.000000</ele>
			</trkpt>
			<trkpt lat="46.599861" lon="10.555788">
				<ele>1059.000000</ele>
			</trkpt>
			<trkpt lat="46.599799" lon="10.555761">
				<ele>1059.000000</ele>
			</trkpt>
			<trkpt lat="46.599737" lon="10.555744">
				<ele>1059.000000</ele>
			</trkpt>
			<trkpt lat="46.599657" lon="10.555725">
				<ele>1060.000000</ele>
			</trkpt>
			<trkpt lat="46.599596" lon="10.555708">
				<ele>1060.000000</ele>
			</trkpt>
			<trkpt lat="46.599546" lon="10.555681">
				<ele>1060.000000</ele>
			</trkpt>
			<trkpt lat="46.599484" lon="10.555636">
				<ele>1061.000000</ele>
			</trkpt>
			<trkpt lat="46.599448" lon="10.555600">
				<ele>1061.000000</ele>
			</trkpt>
			<trkpt lat="46.599410" lon="10.555555">
				<ele>1061.000000</ele>
			</trkpt>
			<trkpt lat="46.599379" lon="10.555537">
				<ele>1061.000000</ele>
			</trkpt>
			<trkpt lat="46.599293" lon="10.555484">
				<ele>1062.000000</ele>
			</trkpt>
			<trkpt lat="46.599225" lon="10.555438">
				<ele>1062.000000</ele>
			</trkpt>
			<trkpt lat="46.599151" lon="10.555411">
				<ele>1063.000000</ele>
			</trkpt>
			<trkpt lat="46.599101" lon="10.555375">
				<ele>1063.000000</ele>
			</trkpt>
			<trkpt lat="46.599065" lon="10.555348">
				<ele>1063.000000</ele>
			</trkpt>
			<trkpt lat="46.599034" lon="10.555331">
				<ele>1064.000000</ele>
			</trkpt>
			<trkpt lat="46.598984" lon="10.555312">
				<ele>1064.000000</ele>
			</trkpt>
			<trkpt lat="46.598910" lon="10.555304">
				<ele>1064.000000</ele>
			</trkpt>
			<trkpt lat="46.598830" lon="10.555294">
				<ele>1065.000000</ele>
			</trkpt>
			<trkpt lat="46.598670" lon="10.555294">
				<ele>1066.000000</ele>
			</trkpt>
			<trkpt lat="46.598595" lon="10.555294">
				<ele>1066.000000</ele>
			</trkpt>
			<trkpt lat="46.598571" lon="10.555294">
				<ele>1066.000000</ele>
			</trkpt>
			<trkpt lat="46.598546" lon="10.555304">
				<ele>1067.000000</ele>
			</trkpt>
			<trkpt lat="46.598521" lon="10.555312">
				<ele>1067.000000</ele>
			</trkpt>
			<trkpt lat="46.598485" lon="10.555312">
				<ele>1067.000000</ele>
			</trkpt>
			<trkpt lat="46.598423" lon="10.555285">
				<ele>1067.000000</ele>
			</trkpt>
			<trkpt lat="46.598293" lon="10.555222">
				<ele>1068.000000</ele>
			</trkpt>
			<trkpt lat="46.598127" lon="10.555151">
				<ele>1069.000000</ele>
			</trkpt>
			<trkpt lat="46.597917" lon="10.555042">
				<ele>1071.000000</ele>
			</trkpt>
			<trkpt lat="46.597867" lon="10.555025">
				<ele>1071.000000</ele>
			</trkpt>
			<trkpt lat="46.597805" lon="10.554998">
				<ele>1071.000000</ele>
			</trkpt>
			<trkpt lat="46.597713" lon="10.554962">
				<ele>1072.000000</ele>
			</trkpt>
			<trkpt lat="46.597583" lon="10.554881">
				<ele>1073.000000</ele>
			</trkpt>
			<trkpt lat="46.597546" lon="10.554855">
				<ele>1073.000000</ele>
			</trkpt>
			<trkpt lat="46.597509" lon="10.554828">
				<ele>1073.000000</ele>
			</trkpt>
			<trkpt lat="46.597460" lon="10.554765">
				<ele>1074.000000</ele>
			</trkpt>
			<trkpt lat="46.597435" lon="10.554729">
				<ele>1074.000000</ele>
			</trkpt>
			<trkpt lat="46.597398" lon="10.554675">
				<ele>1074.000000</ele>
			</trkpt>
			<trkpt lat="46.597373" lon="10.554629">
				<ele>1074.000000</ele>
			</trkpt>
			<trkpt lat="46.597343" lon="10.554539">
				<ele>1075.000000</ele>
			</trkpt>
			<trkpt lat="46.597324" lon="10.554476">
				<ele>1075.000000</ele>
			</trkpt>
			<trkpt lat="46.597306" lon="10.554387">
				<ele>1075.000000</ele>
			</trkpt>
			<trkpt lat="46.597299" lon="10.554306">
				<ele>1076.000000</ele>
			</trkpt>
			<trkpt lat="46.597299" lon="10.554136">
				<ele>1076.000000</ele>
			</trkpt>
			<trkpt lat="46.597306" lon="10.553902">
				<ele>1077.000000</ele>
			</trkpt>
			<trkpt lat="46.597293" lon="10.553786">
				<ele>1078.000000</ele>
			</trkpt>
			<trkpt lat="46.597256" lon="10.553660">
				<ele>1078.000000</ele>
			</trkpt>
			<trkpt lat="46.597207" lon="10.553534">
				<ele>1079.000000</ele>
			</trkpt>
			<trkpt lat="46.597182" lon="10.553489">
				<ele>1079.000000</ele>
			</trkpt>
			<trkpt lat="46.597158" lon="10.553463">
				<ele>1080.000000</ele>
			</trkpt>
			<trkpt lat="46.597127" lon="10.553434">
				<ele>1080.000000</ele>
			</trkpt>
			<trkpt lat="46.597089" lon="10.553417">
				<ele>1080.000000</ele>
			</trkpt>
			<trkpt lat="46.596985" lon="10.553381">
				<ele>1081.000000</ele>
			</trkpt>
			<trkpt lat="46.596799" lon="10.553327">
				<ele>1083.000000</ele>
			</trkpt>
			<trkpt lat="46.596602" lon="10.553264">
				<ele>1085.000000</ele>
			</trkpt>
			<trkpt lat="46.596565" lon="10.553255">
				<ele>1085.000000</ele>
			</trkpt>
			<trkpt lat="46.596528" lon="10.553255">
				<ele>1085.000000</ele>
			</trkpt>
			<trkpt lat="46.596484" lon="10.553255">
				<ele>1086.000000</ele>
			</trkpt>
			<trkpt lat="46.596435" lon="10.553264">
				<ele>1086.000000</ele>
			</trkpt>
			<trkpt lat="46.596367" lon="10.553291">
				<ele>1087.000000</ele>
			</trkpt>
			<trkpt lat="46.596299" lon="10.553318">
				<ele>1088.000000</ele>
			</trkpt>
			<trkpt lat="46.596238" lon="10.553344">
				<ele>1088.000000</ele>
			</trkpt>
			<trkpt lat="46.596176" lon="10.553354">
				<ele>1089.000000</ele>
			</trkpt>
			<trkpt lat="46.596102" lon="10.553363">
				<ele>1090.000000</ele>
			</trkpt>
			<trkpt lat="46.596028" lon="10.553354">
				<ele>1090.000000</ele>
			</trkpt>
			<trkpt lat="46.595972" lon="10.553336">
				<ele>1091.000000</ele>
			</trkpt>
			<trkpt lat="46.595916" lon="10.553310">
				<ele>1091.000000</ele>
			</trkpt>
			<trkpt lat="46.595879" lon="10.553291">
				<ele>1091.000000</ele>
			</trkpt>
			<trkpt lat="46.595843" lon="10.553264">
				<ele>1091.000000</ele>
			</trkpt>
			<trkpt lat="46.595793" lon="10.553220">
				<ele>1092.000000</ele>
			</trkpt>
			<trkpt lat="46.595762" lon="10.553174">
				<ele>1092.000000</ele>
			</trkpt>
			<trkpt lat="46.595731" lon="10.553138">
				<ele>1092.000000</ele>
			</trkpt>
			<trkpt lat="46.595706" lon="10.553111">
				<ele>1092.000000</ele>
			</trkpt>
			<trkpt lat="46.595682" lon="10.553084">
				<ele>1093.000000</ele>
			</trkpt>
			<trkpt lat="46.595658" lon="10.553067">
				<ele>1093.000000</ele>
			</trkpt>
			<trkpt lat="46.595627" lon="10.553057">
				<ele>1093.000000</ele>
			</trkpt>
			<trkpt lat="46.595589" lon="10.553048">
				<ele>1093.000000</ele>
			</trkpt>
			<trkpt lat="46.595552" lon="10.553048">
				<ele>1093.000000</ele>
			</trkpt>
			<trkpt lat="46.595521" lon="10.553040">
				<ele>1094.000000</ele>
			</trkpt>
			<trkpt lat="46.595460" lon="10.553021">
				<ele>1094.000000</ele>
			</trkpt>
			<trkpt lat="46.595355" lon="10.552977">
				<ele>1095.000000</ele>
			</trkpt>
			<trkpt lat="46.595263" lon="10.552941">
				<ele>1095.000000</ele>
			</trkpt>
			<trkpt lat="46.595182" lon="10.552905">
				<ele>1096.000000</ele>
			</trkpt>
			<trkpt lat="46.595145" lon="10.552887">
				<ele>1096.000000</ele>
			</trkpt>
			<trkpt lat="46.595102" lon="10.552860">
				<ele>1096.000000</ele>
			</trkpt>
			<trkpt lat="46.595053" lon="10.552824">
				<ele>1097.000000</ele>
			</trkpt>
			<trkpt lat="46.594997" lon="10.552779">
				<ele>1097.000000</ele>
			</trkpt>
			<trkpt lat="46.594935" lon="10.552717">
				<ele>1098.000000</ele>
			</trkpt>
			<trkpt lat="46.594892" lon="10.552662">
				<ele>1098.000000</ele>
			</trkpt>
			<trkpt lat="46.594830" lon="10.552581">
				<ele>1098.000000</ele>
			</trkpt>
			<trkpt lat="46.594750" lon="10.552474">
				<ele>1099.000000</ele>
			</trkpt>
			<trkpt lat="46.594528" lon="10.552159">
				<ele>1102.000000</ele>
			</trkpt>
			<trkpt lat="46.594447" lon="10.552052">
				<ele>1103.000000</ele>
			</trkpt>
			<trkpt lat="46.594349" lon="10.551916">
				<ele>1105.000000</ele>
			</trkpt>
			<trkpt lat="46.594281" lon="10.551836">
				<ele>1106.000000</ele>
			</trkpt>
			<trkpt lat="46.594164" lon="10.551683">
				<ele>1107.000000</ele>
			</trkpt>
			<trkpt lat="46.594108" lon="10.551612">
				<ele>1107.000000</ele>
			</trkpt>
			<trkpt lat="46.594034" lon="10.551513">
				<ele>1107.000000</ele>
			</trkpt>
			<trkpt lat="46.593942" lon="10.551405">
				<ele>1108.000000</ele>
			</trkpt>
			<trkpt lat="46.593898" lon="10.551360">
				<ele>1108.000000</ele>
			</trkpt>
			<trkpt lat="46.593842" lon="10.551306">
				<ele>1108.000000</ele>
			</trkpt>
			<trkpt lat="46.593793" lon="10.551270">
				<ele>1108.000000</ele>
			</trkpt>
			<trkpt lat="46.593725" lon="10.551226">
				<ele>1109.000000</ele>
			</trkpt>
			<trkpt lat="46.593620" lon="10.551171">
				<ele>1109.000000</ele>
			</trkpt>
			<trkpt lat="46.593534" lon="10.551126">
				<ele>1109.000000</ele>
			</trkpt>
			<trkpt lat="46.593460" lon="10.551090">
				<ele>1110.000000</ele>
			</trkpt>
			<trkpt lat="46.593250" lon="10.551000">
				<ele>1112.000000</ele>
			</trkpt>
			<trkpt lat="46.593195" lon="10.550983">
				<ele>1112.000000</ele>
			</trkpt>
			<trkpt lat="46.593170" lon="10.551036">
				<ele>1113.000000</ele>
			</trkpt>
			<trkpt lat="46.592954" lon="10.550947">
				<ele>1114.000000</ele>
			</trkpt>
			<trkpt lat="46.592916" lon="10.550929">
				<ele>1114.000000</ele>
			</trkpt>
			<trkpt lat="46.592756" lon="10.550866">
				<ele>1115.000000</ele>
			</trkpt>
			<trkpt lat="46.592651" lon="10.550803">
				<ele>1116.000000</ele>
			</trkpt>
			<trkpt lat="46.592577" lon="10.550749">
				<ele>1116.000000</ele>
			</trkpt>
			<trkpt lat="46.592515" lon="10.550686">
				<ele>1117.000000</ele>
			</trkpt>
			<trkpt lat="46.592484" lon="10.550623">
				<ele>1117.000000</ele>
			</trkpt>
			<trkpt lat="46.592460" lon="10.550570">
				<ele>1117.000000</ele>
			</trkpt>
			<trkpt lat="46.592429" lon="10.550453">
				<ele>1118.000000</ele>
			</trkpt>
			<trkpt lat="46.592355" lon="10.549968">
				<ele>1120.000000</ele>
			</trkpt>
			<trkpt lat="46.592336" lon="10.549905">
				<ele>1120.000000</ele>
			</trkpt>
			<trkpt lat="46.592311" lon="10.549824">
				<ele>1120.000000</ele>
			</trkpt>
			<trkpt lat="46.592287" lon="10.549761">
				<ele>1121.000000</ele>
			</trkpt>
			<trkpt lat="46.592250" lon="10.549698">
				<ele>1121.000000</ele>
			</trkpt>
			<trkpt lat="46.592213" lon="10.549644">
				<ele>1121.000000</ele>
			</trkpt>
			<trkpt lat="46.592182" lon="10.549608">
				<ele>1122.000000</ele>
			</trkpt>
			<trkpt lat="46.592120" lon="10.549563">
				<ele>1122.000000</ele>
			</trkpt>
			<trkpt lat="46.592015" lon="10.549473">
				<ele>1123.000000</ele>
			</trkpt>
			<trkpt lat="46.591756" lon="10.549285">
				<ele>1125.000000</ele>
			</trkpt>
			<trkpt lat="46.591639" lon="10.549195">
				<ele>1126.000000</ele>
			</trkpt>
			<trkpt lat="46.591509" lon="10.549115">
				<ele>1127.000000</ele>
			</trkpt>
			<trkpt lat="46.591404" lon="10.549069">
				<ele>1128.000000</ele>
			</trkpt>
			<trkpt lat="46.591219" lon="10.549033">
				<ele>1129.000000</ele>
			</trkpt>
			<trkpt lat="46.590867" lon="10.548970">
				<ele>1132.000000</ele>
			</trkpt>
			<trkpt lat="46.589891" lon="10.548826">
				<ele>1138.000000</ele>
			</trkpt>
			<trkpt lat="46.589768" lon="10.548782">
				<ele>1139.000000</ele>
			</trkpt>
			<trkpt lat="46.589639" lon="10.548683">
				<ele>1140.000000</ele>
			</trkpt>
			<trkpt lat="46.589490" lon="10.548584">
				<ele>1141.000000</ele>
			</trkpt>
			<trkpt lat="46.589256" lon="10.548467">
				<ele>1143.000000</ele>
			</trkpt>
			<trkpt lat="46.589021" lon="10.548369">
				<ele>1145.000000</ele>
			</trkpt>
			<trkpt lat="46.588786" lon="10.548251">
				<ele>1147.000000</ele>
			</trkpt>
			<trkpt lat="46.588620" lon="10.548134">
				<ele>1148.000000</ele>
			</trkpt>
			<trkpt lat="46.588453" lon="10.548000">
				<ele>1150.000000</ele>
			</trkpt>
			<trkpt lat="46.588293" lon="10.547803">
				<ele>1151.000000</ele>
			</trkpt>
			<trkpt lat="46.588249" lon="10.547748">
				<ele>1151.000000</ele>
			</trkpt>
			<trkpt lat="46.588176" lon="10.547685">
				<ele>1152.000000</ele>
			</trkpt>
			<trkpt lat="46.588139" lon="10.547658">
				<ele>1152.000000</ele>
			</trkpt>
			<trkpt lat="46.588095" lon="10.547641">
				<ele>1153.000000</ele>
			</trkpt>
			<trkpt lat="46.588033" lon="10.547623">
				<ele>1153.000000</ele>
			</trkpt>
			<trkpt lat="46.587978" lon="10.547605">
				<ele>1153.000000</ele>
			</trkpt>
			<trkpt lat="46.587860" lon="10.547578">
				<ele>1154.000000</ele>
			</trkpt>
			<trkpt lat="46.587762" lon="10.547568">
				<ele>1155.000000</ele>
			</trkpt>
			<trkpt lat="46.587688" lon="10.547568">
				<ele>1155.000000</ele>
			</trkpt>
			<trkpt lat="46.587663" lon="10.547568">
				<ele>1155.000000</ele>
			</trkpt>
			<trkpt lat="46.587509" lon="10.547568">
				<ele>1156.000000</ele>
			</trkpt>
			<trkpt lat="46.587311" lon="10.547578">
				<ele>1158.000000</ele>
			</trkpt>
			<trkpt lat="46.587188" lon="10.547605">
				<ele>1159.000000</ele>
			</trkpt>
			<trkpt lat="46.587083" lon="10.547658">
				<ele>1159.000000</ele>
			</trkpt>
			<trkpt lat="46.586836" lon="10.547775">
				<ele>1162.000000</ele>
			</trkpt>
			<trkpt lat="46.586780" lon="10.547784">
				<ele>1162.000000</ele>
			</trkpt>
			<trkpt lat="46.586737" lon="10.547784">
				<ele>1163.000000</ele>
			</trkpt>
			<trkpt lat="46.586638" lon="10.547757">
				<ele>1164.000000</ele>
			</trkpt>
			<trkpt lat="46.586206" lon="10.547605">
				<ele>1169.000000</ele>
			</trkpt>
			<trkpt lat="46.586015" lon="10.547551">
				<ele>1171.000000</ele>
			</trkpt>
			<trkpt lat="46.585823" lon="10.547470">
				<ele>1172.000000</ele>
			</trkpt>
			<trkpt lat="46.585385" lon="10.547281">
				<ele>1176.000000</ele>
			</trkpt>
			<trkpt lat="46.585230" lon="10.547209">
				<ele>1177.000000</ele>
			</trkpt>
			<trkpt lat="46.585051" lon="10.547147">
				<ele>1178.000000</ele>
			</trkpt>
			<trkpt lat="46.584706" lon="10.547021">
				<ele>1181.000000</ele>
			</trkpt>
			<trkpt lat="46.584632" lon="10.546985">
				<ele>1182.000000</ele>
			</trkpt>
			<trkpt lat="46.584539" lon="10.546905">
				<ele>1183.000000</ele>
			</trkpt>
			<trkpt lat="46.583879" lon="10.546212">
				<ele>1190.000000</ele>
			</trkpt>
			<trkpt lat="46.583742" lon="10.545943">
				<ele>1192.000000</ele>
			</trkpt>
			<trkpt lat="46.583650" lon="10.545790">
				<ele>1194.000000</ele>
			</trkpt>
			<trkpt lat="46.583551" lon="10.545656">
				<ele>1195.000000</ele>
			</trkpt>
			<trkpt lat="46.583255" lon="10.545287">
				<ele>1198.000000</ele>
			</trkpt>
			<trkpt lat="46.582947" lon="10.544981">
				<ele>1202.000000</ele>
			</trkpt>
			<trkpt lat="46.582643" lon="10.544685">
				<ele>1205.000000</ele>
			</trkpt>
			<trkpt lat="46.582495" lon="10.544541">
				<ele>1207.000000</ele>
			</trkpt>
			<trkpt lat="46.582082" lon="10.544281">
				<ele>1211.000000</ele>
			</trkpt>
			<trkpt lat="46.581650" lon="10.543993">
				<ele>1216.000000</ele>
			</trkpt>
			<trkpt lat="46.581396" lon="10.543823">
				<ele>1219.000000</ele>
			</trkpt>
			<trkpt lat="46.581119" lon="10.543635">
				<ele>1221.000000</ele>
			</trkpt>
			<trkpt lat="46.580859" lon="10.543455">
				<ele>1224.000000</ele>
			</trkpt>
			<trkpt lat="46.580785" lon="10.543410">
				<ele>1224.000000</ele>
			</trkpt>
			<trkpt lat="46.580575" lon="10.543284">
				<ele>1226.000000</ele>
			</trkpt>
			<trkpt lat="46.580335" lon="10.543140">
				<ele>1229.000000</ele>
			</trkpt>
			<trkpt lat="46.580168" lon="10.543060">
				<ele>1230.000000</ele>
			</trkpt>
			<trkpt lat="46.579662" lon="10.542853">
				<ele>1235.000000</ele>
			</trkpt>
			<trkpt lat="46.579575" lon="10.542817">
				<ele>1236.000000</ele>
			</trkpt>
			<trkpt lat="46.579507" lon="10.542790">
				<ele>1236.000000</ele>
			</trkpt>
			<trkpt lat="46.579390" lon="10.542736">
				<ele>1237.000000</ele>
			</trkpt>
			<trkpt lat="46.578963" lon="10.542457">
				<ele>1241.000000</ele>
			</trkpt>
			<trkpt lat="46.578853" lon="10.542413">
				<ele>1242.000000</ele>
			</trkpt>
			<trkpt lat="46.578464" lon="10.542331">
				<ele>1246.000000</ele>
			</trkpt>
			<trkpt lat="46.578278" lon="10.542287">
				<ele>1248.000000</ele>
			</trkpt>
			<trkpt lat="46.578149" lon="10.542233">
				<ele>1249.000000</ele>
			</trkpt>
			<trkpt lat="46.578062" lon="10.542188">
				<ele>1250.000000</ele>
			</trkpt>
			<trkpt lat="46.577797" lon="10.542054">
				<ele>1252.000000</ele>
			</trkpt>
			<trkpt lat="46.577469" lon="10.541882">
				<ele>1256.000000</ele>
			</trkpt>
			<trkpt lat="46.577296" lon="10.541721">
				<ele>1258.000000</ele>
			</trkpt>
			<trkpt lat="46.576840" lon="10.541236">
				<ele>1262.000000</ele>
			</trkpt>
			<trkpt lat="46.576710" lon="10.541110">
				<ele>1262.000000</ele>
			</trkpt>
			<trkpt lat="46.576383" lon="10.540867">
				<ele>1264.000000</ele>
			</trkpt>
			<trkpt lat="46.575920" lon="10.540490">
				<ele>1267.000000</ele>
			</trkpt>
			<trkpt lat="46.575815" lon="10.540383">
				<ele>1267.000000</ele>
			</trkpt>
			<trkpt lat="46.575722" lon="10.540257">
				<ele>1268.000000</ele>
			</trkpt>
			<trkpt lat="46.575518" lon="10.539951">
				<ele>1270.000000</ele>
			</trkpt>
			<trkpt lat="46.575426" lon="10.539807">
				<ele>1270.000000</ele>
			</trkpt>
			<trkpt lat="46.575197" lon="10.539467">
				<ele>1271.000000</ele>
			</trkpt>
			<trkpt lat="46.575123" lon="10.539331">
				<ele>1271.000000</ele>
			</trkpt>
			<trkpt lat="46.575062" lon="10.539215">
				<ele>1271.000000</ele>
			</trkpt>
			<trkpt lat="46.575012" lon="10.539115">
				<ele>1271.000000</ele>
			</trkpt>
			<trkpt lat="46.574771" lon="10.538478">
				<ele>1273.000000</ele>
			</trkpt>
			<trkpt lat="46.574234" lon="10.537094">
				<ele>1275.000000</ele>
			</trkpt>
			<trkpt lat="46.574005" lon="10.536528">
				<ele>1276.000000</ele>
			</trkpt>
			<trkpt lat="46.573326" lon="10.534840">
				<ele>1279.000000</ele>
			</trkpt>
			<trkpt lat="46.572980" lon="10.533941">
				<ele>1281.000000</ele>
			</trkpt>
			<trkpt lat="46.572782" lon="10.533502">
				<ele>1283.000000</ele>
			</trkpt>
			<trkpt lat="46.572628" lon="10.533205">
				<ele>1284.000000</ele>
			</trkpt>
			<trkpt lat="46.572326" lon="10.532639">
				<ele>1287.000000</ele>
			</trkpt>
			<trkpt lat="46.571955" lon="10.531974">
				<ele>1290.000000</ele>
			</trkpt>
			<trkpt lat="46.571591" lon="10.531301">
				<ele>1295.000000</ele>
			</trkpt>
			<trkpt lat="46.571331" lon="10.530771">
				<ele>1298.000000</ele>
			</trkpt>
			<trkpt lat="46.570973" lon="10.529944">
				<ele>1304.000000</ele>
			</trkpt>
			<trkpt lat="46.570911" lon="10.529773">
				<ele>1305.000000</ele>
			</trkpt>
			<trkpt lat="46.570856" lon="10.529594">
				<ele>1306.000000</ele>
			</trkpt>
			<trkpt lat="46.570702" lon="10.529010">
				<ele>1309.000000</ele>
			</trkpt>
			<trkpt lat="46.570621" lon="10.528714">
				<ele>1311.000000</ele>
			</trkpt>
			<trkpt lat="46.570535" lon="10.528452">
				<ele>1313.000000</ele>
			</trkpt>
			<trkpt lat="46.570171" lon="10.527752">
				<ele>1318.000000</ele>
			</trkpt>
			<trkpt lat="46.569967" lon="10.527375">
				<ele>1321.000000</ele>
			</trkpt>
			<trkpt lat="46.569861" lon="10.527150">
				<ele>1322.000000</ele>
			</trkpt>
			<trkpt lat="46.569782" lon="10.526944">
				<ele>1324.000000</ele>
			</trkpt>
			<trkpt lat="46.569726" lon="10.526728">
				<ele>1325.000000</ele>
			</trkpt>
			<trkpt lat="46.569695" lon="10.526504">
				<ele>1326.000000</ele>
			</trkpt>
			<trkpt lat="46.569639" lon="10.525838">
				<ele>1331.000000</ele>
			</trkpt>
			<trkpt lat="46.569590" lon="10.525399">
				<ele>1333.000000</ele>
			</trkpt>
			<trkpt lat="46.569503" lon="10.525012">
				<ele>1336.000000</ele>
			</trkpt>
			<trkpt lat="46.569349" lon="10.524644">
				<ele>1338.000000</ele>
			</trkpt>
			<trkpt lat="46.569139" lon="10.524204">
				<ele>1342.000000</ele>
			</trkpt>
			<trkpt lat="46.568954" lon="10.524015">
				<ele>1344.000000</ele>
			</trkpt>
			<trkpt lat="46.568812" lon="10.523854">
				<ele>1345.000000</ele>
			</trkpt>
			<trkpt lat="46.568522" lon="10.523674">
				<ele>1348.000000</ele>
			</trkpt>
			<trkpt lat="46.568231" lon="10.523494">
				<ele>1351.000000</ele>
			</trkpt>
			<trkpt lat="46.567898" lon="10.523234">
				<ele>1354.000000</ele>
			</trkpt>
			<trkpt lat="46.567533" lon="10.522919">
				<ele>1358.000000</ele>
			</trkpt>
			<trkpt lat="46.567262" lon="10.522676">
				<ele>1361.000000</ele>
			</trkpt>
			<trkpt lat="46.566891" lon="10.522425">
				<ele>1363.000000</ele>
			</trkpt>
			<trkpt lat="46.566879" lon="10.522399">
				<ele>1364.000000</ele>
			</trkpt>
			<trkpt lat="46.566867" lon="10.522362">
				<ele>1364.000000</ele>
			</trkpt>
			<trkpt lat="46.566860" lon="10.522317">
				<ele>1364.000000</ele>
			</trkpt>
			<trkpt lat="46.566873" lon="10.522282">
				<ele>1364.000000</ele>
			</trkpt>
			<trkpt lat="46.566891" lon="10.522272">
				<ele>1364.000000</ele>
			</trkpt>
			<trkpt lat="46.566916" lon="10.522263">
				<ele>1365.000000</ele>
			</trkpt>
			<trkpt lat="46.566940" lon="10.522282">
				<ele>1365.000000</ele>
			</trkpt>
			<trkpt lat="46.567064" lon="10.522416">
				<ele>1366.000000</ele>
			</trkpt>
			<trkpt lat="46.567329" lon="10.522613">
				<ele>1368.000000</ele>
			</trkpt>
			<trkpt lat="46.567435" lon="10.522722">
				<ele>1369.000000</ele>
			</trkpt>
			<trkpt lat="46.567466" lon="10.522722">
				<ele>1369.000000</ele>
			</trkpt>
			<trkpt lat="46.567490" lon="10.522712">
				<ele>1369.000000</ele>
			</trkpt>
			<trkpt lat="46.567508" lon="10.522685">
				<ele>1370.000000</ele>
			</trkpt>
			<trkpt lat="46.567515" lon="10.522659">
				<ele>1370.000000</ele>
			</trkpt>
			<trkpt lat="46.567508" lon="10.522605">
				<ele>1370.000000</ele>
			</trkpt>
			<trkpt lat="46.567490" lon="10.522569">
				<ele>1370.000000</ele>
			</trkpt>
			<trkpt lat="46.567187" lon="10.522317">
				<ele>1373.000000</ele>
			</trkpt>
			<trkpt lat="46.566607" lon="10.521779">
				<ele>1378.000000</ele>
			</trkpt>
			<trkpt lat="46.566421" lon="10.521599">
				<ele>1380.000000</ele>
			</trkpt>
			<trkpt lat="46.566298" lon="10.521491">
				<ele>1380.000000</ele>
			</trkpt>
			<trkpt lat="46.566206" lon="10.521383">
				<ele>1380.000000</ele>
			</trkpt>
			<trkpt lat="46.566113" lon="10.521221">
				<ele>1380.000000</ele>
			</trkpt>
			<trkpt lat="46.566051" lon="10.521141">
				<ele>1380.000000</ele>
			</trkpt>
			<trkpt lat="46.566020" lon="10.521123">
				<ele>1380.000000</ele>
			</trkpt>
			<trkpt lat="46.565977" lon="10.521095">
				<ele>1380.000000</ele>
			</trkpt>
			<trkpt lat="46.565761" lon="10.521078">
				<ele>1380.000000</ele>
			</trkpt>
			<trkpt lat="46.565711" lon="10.521068">
				<ele>1381.000000</ele>
			</trkpt>
			<trkpt lat="46.565662" lon="10.521041">
				<ele>1381.000000</ele>
			</trkpt>
			<trkpt lat="46.565576" lon="10.520961">
				<ele>1383.000000</ele>
			</trkpt>
			<trkpt lat="46.565119" lon="10.520314">
				<ele>1392.000000</ele>
			</trkpt>
			<trkpt lat="46.565051" lon="10.520233">
				<ele>1392.000000</ele>
			</trkpt>
			<trkpt lat="46.564982" lon="10.520162">
				<ele>1393.000000</ele>
			</trkpt>
			<trkpt lat="46.564909" lon="10.520099">
				<ele>1394.000000</ele>
			</trkpt>
			<trkpt lat="46.564736" lon="10.519982">
				<ele>1396.000000</ele>
			</trkpt>
			<trkpt lat="46.564365" lon="10.519757">
				<ele>1399.000000</ele>
			</trkpt>
			<trkpt lat="46.564136" lon="10.519622">
				<ele>1402.000000</ele>
			</trkpt>
			<trkpt lat="46.564013" lon="10.519515">
				<ele>1404.000000</ele>
			</trkpt>
			<trkpt lat="46.563828" lon="10.519335">
				<ele>1407.000000</ele>
			</trkpt>
			<trkpt lat="46.563692" lon="10.519263">
				<ele>1409.000000</ele>
			</trkpt>
			<trkpt lat="46.563519" lon="10.519227">
				<ele>1410.000000</ele>
			</trkpt>
			<trkpt lat="46.563401" lon="10.519164">
				<ele>1410.000000</ele>
			</trkpt>
			<trkpt lat="46.563284" lon="10.519056">
				<ele>1411.000000</ele>
			</trkpt>
			<trkpt lat="46.563185" lon="10.518913">
				<ele>1413.000000</ele>
			</trkpt>
			<trkpt lat="46.563056" lon="10.518680">
				<ele>1416.000000</ele>
			</trkpt>
			<trkpt lat="46.562926" lon="10.518535">
				<ele>1418.000000</ele>
			</trkpt>
			<trkpt lat="46.562753" lon="10.518454">
				<ele>1421.000000</ele>
			</trkpt>
			<trkpt lat="46.562358" lon="10.518320">
				<ele>1427.000000</ele>
			</trkpt>
			<trkpt lat="46.562259" lon="10.518265">
				<ele>1428.000000</ele>
			</trkpt>
			<trkpt lat="46.562185" lon="10.518122">
				<ele>1430.000000</ele>
			</trkpt>
			<trkpt lat="46.561999" lon="10.517619">
				<ele>1434.000000</ele>
			</trkpt>
			<trkpt lat="46.561734" lon="10.517125">
				<ele>1439.000000</ele>
			</trkpt>
			<trkpt lat="46.561561" lon="10.516747">
				<ele>1442.000000</ele>
			</trkpt>
			<trkpt lat="46.561462" lon="10.516487">
				<ele>1443.000000</ele>
			</trkpt>
			<trkpt lat="46.561425" lon="10.516370">
				<ele>1444.000000</ele>
			</trkpt>
			<trkpt lat="46.561370" lon="10.516217">
				<ele>1445.000000</ele>
			</trkpt>
			<trkpt lat="46.561209" lon="10.515957">
				<ele>1446.000000</ele>
			</trkpt>
			<trkpt lat="46.561067" lon="10.515751">
				<ele>1448.000000</ele>
			</trkpt>
			<trkpt lat="46.560956" lon="10.515625">
				<ele>1449.000000</ele>
			</trkpt>
			<trkpt lat="46.560838" lon="10.515535">
				<ele>1449.000000</ele>
			</trkpt>
			<trkpt lat="46.560671" lon="10.515445">
				<ele>1451.000000</ele>
			</trkpt>
			<trkpt lat="46.560498" lon="10.515364">
				<ele>1452.000000</ele>
			</trkpt>
			<trkpt lat="46.560412" lon="10.515338">
				<ele>1452.000000</ele>
			</trkpt>
			<trkpt lat="46.560122" lon="10.515328">
				<ele>1454.000000</ele>
			</trkpt>
			<trkpt lat="46.559875" lon="10.515347">
				<ele>1456.000000</ele>
			</trkpt>
			<trkpt lat="46.559751" lon="10.515355">
				<ele>1457.000000</ele>
			</trkpt>
			<trkpt lat="46.559461" lon="10.515338">
				<ele>1459.000000</ele>
			</trkpt>
			<trkpt lat="46.559183" lon="10.515311">
				<ele>1461.000000</ele>
			</trkpt>
			<trkpt lat="46.558973" lon="10.515275">
				<ele>1462.000000</ele>
			</trkpt>
			<trkpt lat="46.558862" lon="10.515257">
				<ele>1463.000000</ele>
			</trkpt>
			<trkpt lat="46.558763" lon="10.515221">
				<ele>1463.000000</ele>
			</trkpt>
			<trkpt lat="46.558534" lon="10.515112">
				<ele>1465.000000</ele>
			</trkpt>
			<trkpt lat="46.558188" lon="10.514915">
				<ele>1467.000000</ele>
			</trkpt>
			<trkpt lat="46.557818" lon="10.514772">
				<ele>1470.000000</ele>
			</trkpt>
			<trkpt lat="46.557694" lon="10.514699">
				<ele>1471.000000</ele>
			</trkpt>
			<trkpt lat="46.557577" lon="10.514609">
				<ele>1472.000000</ele>
			</trkpt>
			<trkpt lat="46.557558" lon="10.514601">
				<ele>1472.000000</ele>
			</trkpt>
			<trkpt lat="46.557502" lon="10.514556">
				<ele>1473.000000</ele>
			</trkpt>
			<trkpt lat="46.557447" lon="10.514502">
				<ele>1473.000000</ele>
			</trkpt>
			<trkpt lat="46.557398" lon="10.514466">
				<ele>1474.000000</ele>
			</trkpt>
			<trkpt lat="46.557342" lon="10.514430">
				<ele>1474.000000</ele>
			</trkpt>
			<trkpt lat="46.557293" lon="10.514395">
				<ele>1475.000000</ele>
			</trkpt>
			<trkpt lat="46.557250" lon="10.514376">
				<ele>1475.000000</ele>
			</trkpt>
			<trkpt lat="46.557213" lon="10.514349">
				<ele>1475.000000</ele>
			</trkpt>
			<trkpt lat="46.557138" lon="10.514305">
				<ele>1476.000000</ele>
			</trkpt>
			<trkpt lat="46.557064" lon="10.514269">
				<ele>1476.000000</ele>
			</trkpt>
			<trkpt lat="46.556965" lon="10.514206">
				<ele>1477.000000</ele>
			</trkpt>
			<trkpt lat="46.556873" lon="10.514143">
				<ele>1478.000000</ele>
			</trkpt>
			<trkpt lat="46.556817" lon="10.514097">
				<ele>1479.000000</ele>
			</trkpt>
			<trkpt lat="46.556719" lon="10.514035">
				<ele>1480.000000</ele>
			</trkpt>
			<trkpt lat="46.556650" lon="10.513990">
				<ele>1480.000000</ele>
			</trkpt>
			<trkpt lat="46.556595" lon="10.513954">
				<ele>1480.000000</ele>
			</trkpt>
			<trkpt lat="46.556552" lon="10.513927">
				<ele>1481.000000</ele>
			</trkpt>
			<trkpt lat="46.556477" lon="10.513864">
				<ele>1481.000000</ele>
			</trkpt>
			<trkpt lat="46.556397" lon="10.513801">
				<ele>1482.000000</ele>
			</trkpt>
			<trkpt lat="46.556292" lon="10.513711">
				<ele>1483.000000</ele>
			</trkpt>
			<trkpt lat="46.556218" lon="10.513630">
				<ele>1483.000000</ele>
			</trkpt>
			<trkpt lat="46.556076" lon="10.513487">
				<ele>1484.000000</ele>
			</trkpt>
			<trkpt lat="46.555971" lon="10.513380">
				<ele>1485.000000</ele>
			</trkpt>
			<trkpt lat="46.555848" lon="10.513235">
				<ele>1486.000000</ele>
			</trkpt>
			<trkpt lat="46.555779" lon="10.513137">
				<ele>1487.000000</ele>
			</trkpt>
			<trkpt lat="46.555705" lon="10.513047">
				<ele>1487.000000</ele>
			</trkpt>
			<trkpt lat="46.555656" lon="10.512993">
				<ele>1488.000000</ele>
			</trkpt>
			<trkpt lat="46.555594" lon="10.512938">
				<ele>1488.000000</ele>
			</trkpt>
			<trkpt lat="46.555514" lon="10.512894">
				<ele>1489.000000</ele>
			</trkpt>
			<trkpt lat="46.555409" lon="10.512840">
				<ele>1489.000000</ele>
			</trkpt>
			<trkpt lat="46.555341" lon="10.512795">
				<ele>1490.000000</ele>
			</trkpt>
			<trkpt lat="46.555267" lon="10.512751">
				<ele>1491.000000</ele>
			</trkpt>
			<trkpt lat="46.555198" lon="10.512714">
				<ele>1491.000000</ele>
			</trkpt>
			<trkpt lat="46.555174" lon="10.512705">
				<ele>1492.000000</ele>
			</trkpt>
			<trkpt lat="46.555143" lon="10.512688">
				<ele>1492.000000</ele>
			</trkpt>
			<trkpt lat="46.555063" lon="10.512661">
				<ele>1493.000000</ele>
			</trkpt>
			<trkpt lat="46.554989" lon="10.512642">
				<ele>1493.000000</ele>
			</trkpt>
			<trkpt lat="46.554902" lon="10.512634">
				<ele>1494.000000</ele>
			</trkpt>
			<trkpt lat="46.554846" lon="10.512625">
				<ele>1495.000000</ele>
			</trkpt>
			<trkpt lat="46.554785" lon="10.512607">
				<ele>1495.000000</ele>
			</trkpt>
			<trkpt lat="46.554723" lon="10.512588">
				<ele>1496.000000</ele>
			</trkpt>
			<trkpt lat="46.554680" lon="10.512571">
				<ele>1497.000000</ele>
			</trkpt>
			<trkpt lat="46.554643" lon="10.512552">
				<ele>1497.000000</ele>
			</trkpt>
			<trkpt lat="46.554594" lon="10.512517">
				<ele>1497.000000</ele>
			</trkpt>
			<trkpt lat="46.554556" lon="10.512472">
				<ele>1498.000000</ele>
			</trkpt>
			<trkpt lat="46.554519" lon="10.512409">
				<ele>1498.000000</ele>
			</trkpt>
			<trkpt lat="46.554470" lon="10.512338">
				<ele>1499.000000</ele>
			</trkpt>
			<trkpt lat="46.554421" lon="10.512248">
				<ele>1500.000000</ele>
			</trkpt>
			<trkpt lat="46.554359" lon="10.512158">
				<ele>1501.000000</ele>
			</trkpt>
			<trkpt lat="46.554272" lon="10.512049">
				<ele>1501.000000</ele>
			</trkpt>
			<trkpt lat="46.554124" lon="10.511888">
				<ele>1503.000000</ele>
			</trkpt>
			<trkpt lat="46.554037" lon="10.511806">
				<ele>1503.000000</ele>
			</trkpt>
			<trkpt lat="46.553951" lon="10.511735">
				<ele>1504.000000</ele>
			</trkpt>
			<trkpt lat="46.553833" lon="10.511663">
				<ele>1505.000000</ele>
			</trkpt>
			<trkpt lat="46.553771" lon="10.511636">
				<ele>1506.000000</ele>
			</trkpt>
			<trkpt lat="46.553525" lon="10.511556">
				<ele>1507.000000</ele>
			</trkpt>
			<trkpt lat="46.553425" lon="10.511510">
				<ele>1508.000000</ele>
			</trkpt>
			<trkpt lat="46.553383" lon="10.511493">
				<ele>1508.000000</ele>
			</trkpt>
			<trkpt lat="46.553321" lon="10.511447">
				<ele>1509.000000</ele>
			</trkpt>
			<trkpt lat="46.553216" lon="10.511376">
				<ele>1510.000000</ele>
			</trkpt>
			<trkpt lat="46.553098" lon="10.511277">
				<ele>1511.000000</ele>
			</trkpt>
			<trkpt lat="46.553061" lon="10.511250">
				<ele>1511.000000</ele>
			</trkpt>
			<trkpt lat="46.553012" lon="10.511206">
				<ele>1512.000000</ele>
			</trkpt>
			<trkpt lat="46.552876" lon="10.511089">
				<ele>1513.000000</ele>
			</trkpt>
			<trkpt lat="46.552808" lon="10.511034">
				<ele>1514.000000</ele>
			</trkpt>
			<trkpt lat="46.552758" lon="10.510999">
				<ele>1514.000000</ele>
			</trkpt>
			<trkpt lat="46.552703" lon="10.510980">
				<ele>1515.000000</ele>
			</trkpt>
			<trkpt lat="46.552654" lon="10.510971">
				<ele>1515.000000</ele>
			</trkpt>
			<trkpt lat="46.552554" lon="10.510963">
				<ele>1516.000000</ele>
			</trkpt>
			<trkpt lat="46.552388" lon="10.510954">
				<ele>1517.000000</ele>
			</trkpt>
			<trkpt lat="46.552308" lon="10.510936">
				<ele>1518.000000</ele>
			</trkpt>
			<trkpt lat="46.552246" lon="10.510927">
				<ele>1519.000000</ele>
			</trkpt>
			<trkpt lat="46.552178" lon="10.510900">
				<ele>1519.000000</ele>
			</trkpt>
			<trkpt lat="46.552104" lon="10.510854">
				<ele>1520.000000</ele>
			</trkpt>
			<trkpt lat="46.552042" lon="10.510819">
				<ele>1520.000000</ele>
			</trkpt>
			<trkpt lat="46.551950" lon="10.510774">
				<ele>1521.000000</ele>
			</trkpt>
			<trkpt lat="46.551863" lon="10.510747">
				<ele>1522.000000</ele>
			</trkpt>
			<trkpt lat="46.551702" lon="10.510711">
				<ele>1523.000000</ele>
			</trkpt>
			<trkpt lat="46.551554" lon="10.510684">
				<ele>1524.000000</ele>
			</trkpt>
			<trkpt lat="46.551437" lon="10.510648">
				<ele>1525.000000</ele>
			</trkpt>
			<trkpt lat="46.551375" lon="10.510621">
				<ele>1526.000000</ele>
			</trkpt>
			<trkpt lat="46.551301" lon="10.510577">
				<ele>1526.000000</ele>
			</trkpt>
			<trkpt lat="46.551004" lon="10.510361">
				<ele>1529.000000</ele>
			</trkpt>
			<trkpt lat="46.550955" lon="10.510325">
				<ele>1529.000000</ele>
			</trkpt>
			<trkpt lat="46.550906" lon="10.510280">
				<ele>1530.000000</ele>
			</trkpt>
			<trkpt lat="46.550775" lon="10.510208">
				<ele>1531.000000</ele>
			</trkpt>
			<trkpt lat="46.550683" lon="10.510172">
				<ele>1532.000000</ele>
			</trkpt>
			<trkpt lat="46.550646" lon="10.510145">
				<ele>1532.000000</ele>
			</trkpt>
			<trkpt lat="46.550615" lon="10.510118">
				<ele>1533.000000</ele>
			</trkpt>
			<trkpt lat="46.550590" lon="10.510074">
				<ele>1533.000000</ele>
			</trkpt>
			<trkpt lat="46.550578" lon="10.510019">
				<ele>1534.000000</ele>
			</trkpt>
			<trkpt lat="46.550578" lon="10.509965">
				<ele>1534.000000</ele>
			</trkpt>
			<trkpt lat="46.550584" lon="10.509921">
				<ele>1534.000000</ele>
			</trkpt>
			<trkpt lat="46.550609" lon="10.509867">
				<ele>1535.000000</ele>
			</trkpt>
			<trkpt lat="46.550670" lon="10.509812">
				<ele>1536.000000</ele>
			</trkpt>
			<trkpt lat="46.550757" lon="10.509795">
				<ele>1536.000000</ele>
			</trkpt>
			<trkpt lat="46.550819" lon="10.509795">
				<ele>1537.000000</ele>
			</trkpt>
			<trkpt lat="46.550899" lon="10.509785">
				<ele>1538.000000</ele>
			</trkpt>
			<trkpt lat="46.551004" lon="10.509741">
				<ele>1539.000000</ele>
			</trkpt>
			<trkpt lat="46.551121" lon="10.509705">
				<ele>1540.000000</ele>
			</trkpt>
			<trkpt lat="46.551196" lon="10.509678">
				<ele>1541.000000</ele>
			</trkpt>
			<trkpt lat="46.551276" lon="10.509669">
				<ele>1542.000000</ele>
			</trkpt>
			<trkpt lat="46.551406" lon="10.509642">
				<ele>1544.000000</ele>
			</trkpt>
			<trkpt lat="46.551498" lon="10.509642">
				<ele>1545.000000</ele>
			</trkpt>
			<trkpt lat="46.551573" lon="10.509642">
				<ele>1545.000000</ele>
			</trkpt>
			<trkpt lat="46.551647" lon="10.509651">
				<ele>1546.000000</ele>
			</trkpt>
			<trkpt lat="46.551721" lon="10.509669">
				<ele>1547.000000</ele>
			</trkpt>
			<trkpt lat="46.551783" lon="10.509688">
				<ele>1548.000000</ele>
			</trkpt>
			<trkpt lat="46.551850" lon="10.509705">
				<ele>1549.000000</ele>
			</trkpt>
			<trkpt lat="46.551856" lon="10.509705">
				<ele>1549.000000</ele>
			</trkpt>
			<trkpt lat="46.551863" lon="10.509705">
				<ele>1549.000000</ele>
			</trkpt>
			<trkpt lat="46.551869" lon="10.509705">
				<ele>1549.000000</ele>
			</trkpt>
			<trkpt lat="46.551875" lon="10.509705">
				<ele>1549.000000</ele>
			</trkpt>
			<trkpt lat="46.551881" lon="10.509705">
				<ele>1549.000000</ele>
			</trkpt>
			<trkpt lat="46.551881" lon="10.509696">
				<ele>1549.000000</ele>
			</trkpt>
			<trkpt lat="46.551887" lon="10.509696">
				<ele>1549.000000</ele>
			</trkpt>
			<trkpt lat="46.551894" lon="10.509696">
				<ele>1549.000000</ele>
			</trkpt>
			<trkpt lat="46.551900" lon="10.509688">
				<ele>1549.000000</ele>
			</trkpt>
			<trkpt lat="46.551900" lon="10.509678">
				<ele>1549.000000</ele>
			</trkpt>
			<trkpt lat="46.551906" lon="10.509678">
				<ele>1549.000000</ele>
			</trkpt>
			<trkpt lat="46.551912" lon="10.509669">
				<ele>1549.000000</ele>
			</trkpt>
			<trkpt lat="46.551919" lon="10.509659">
				<ele>1550.000000</ele>
			</trkpt>
			<trkpt lat="46.551919" lon="10.509651">
				<ele>1550.000000</ele>
			</trkpt>
			<trkpt lat="46.551925" lon="10.509642">
				<ele>1550.000000</ele>
			</trkpt>
			<trkpt lat="46.551925" lon="10.509633">
				<ele>1550.000000</ele>
			</trkpt>
			<trkpt lat="46.551925" lon="10.509624">
				<ele>1550.000000</ele>
			</trkpt>
			<trkpt lat="46.551925" lon="10.509615">
				<ele>1550.000000</ele>
			</trkpt>
			<trkpt lat="46.551925" lon="10.509606">
				<ele>1550.000000</ele>
			</trkpt>
			<trkpt lat="46.551919" lon="10.509598">
				<ele>1550.000000</ele>
			</trkpt>
			<trkpt lat="46.551919" lon="10.509588">
				<ele>1550.000000</ele>
			</trkpt>
			<trkpt lat="46.551919" lon="10.509579">
				<ele>1550.000000</ele>
			</trkpt>
			<trkpt lat="46.551912" lon="10.509579">
				<ele>1550.000000</ele>
			</trkpt>
			<trkpt lat="46.551912" lon="10.509571">
				<ele>1550.000000</ele>
			</trkpt>
			<trkpt lat="46.551912" lon="10.509561">
				<ele>1550.000000</ele>
			</trkpt>
			<trkpt lat="46.551906" lon="10.509561">
				<ele>1550.000000</ele>
			</trkpt>
			<trkpt lat="46.551906" lon="10.509552">
				<ele>1550.000000</ele>
			</trkpt>
			<trkpt lat="46.551900" lon="10.509552">
				<ele>1550.000000</ele>
			</trkpt>
			<trkpt lat="46.551894" lon="10.509543">
				<ele>1551.000000</ele>
			</trkpt>
			<trkpt lat="46.551875" lon="10.509525">
				<ele>1551.000000</ele>
			</trkpt>
			<trkpt lat="46.551844" lon="10.509516">
				<ele>1551.000000</ele>
			</trkpt>
			<trkpt lat="46.551801" lon="10.509516">
				<ele>1551.000000</ele>
			</trkpt>
			<trkpt lat="46.551727" lon="10.509508">
				<ele>1552.000000</ele>
			</trkpt>
			<trkpt lat="46.551708" lon="10.509508">
				<ele>1552.000000</ele>
			</trkpt>
			<trkpt lat="46.551671" lon="10.509508">
				<ele>1552.000000</ele>
			</trkpt>
			<trkpt lat="46.551616" lon="10.509498">
				<ele>1553.000000</ele>
			</trkpt>
			<trkpt lat="46.551560" lon="10.509481">
				<ele>1553.000000</ele>
			</trkpt>
			<trkpt lat="46.551504" lon="10.509453">
				<ele>1554.000000</ele>
			</trkpt>
			<trkpt lat="46.551443" lon="10.509418">
				<ele>1554.000000</ele>
			</trkpt>
			<trkpt lat="46.551350" lon="10.509372">
				<ele>1555.000000</ele>
			</trkpt>
			<trkpt lat="46.551282" lon="10.509336">
				<ele>1555.000000</ele>
			</trkpt>
			<trkpt lat="46.551220" lon="10.509292">
				<ele>1556.000000</ele>
			</trkpt>
			<trkpt lat="46.551134" lon="10.509229">
				<ele>1557.000000</ele>
			</trkpt>
			<trkpt lat="46.551060" lon="10.509166">
				<ele>1557.000000</ele>
			</trkpt>
			<trkpt lat="46.550992" lon="10.509103">
				<ele>1558.000000</ele>
			</trkpt>
			<trkpt lat="46.550912" lon="10.509022">
				<ele>1559.000000</ele>
			</trkpt>
			<trkpt lat="46.550850" lon="10.508950">
				<ele>1559.000000</ele>
			</trkpt>
			<trkpt lat="46.550782" lon="10.508879">
				<ele>1560.000000</ele>
			</trkpt>
			<trkpt lat="46.550720" lon="10.508797">
				<ele>1561.000000</ele>
			</trkpt>
			<trkpt lat="46.550670" lon="10.508726">
				<ele>1561.000000</ele>
			</trkpt>
			<trkpt lat="46.550615" lon="10.508636">
				<ele>1562.000000</ele>
			</trkpt>
			<trkpt lat="46.550547" lon="10.508527">
				<ele>1563.000000</ele>
			</trkpt>
			<trkpt lat="46.550473" lon="10.508403">
				<ele>1564.000000</ele>
			</trkpt>
			<trkpt lat="46.550423" lon="10.508294">
				<ele>1564.000000</ele>
			</trkpt>
			<trkpt lat="46.550368" lon="10.508187">
				<ele>1565.000000</ele>
			</trkpt>
			<trkpt lat="46.550331" lon="10.508088">
				<ele>1566.000000</ele>
			</trkpt>
			<trkpt lat="46.550287" lon="10.507971">
				<ele>1566.000000</ele>
			</trkpt>
			<trkpt lat="46.550262" lon="10.507890">
				<ele>1567.000000</ele>
			</trkpt>
			<trkpt lat="46.550035" lon="10.507271">
				<ele>1571.000000</ele>
			</trkpt>
			<trkpt lat="46.549991" lon="10.507162">
				<ele>1572.000000</ele>
			</trkpt>
			<trkpt lat="46.549960" lon="10.507082">
				<ele>1572.000000</ele>
			</trkpt>
			<trkpt lat="46.549929" lon="10.507019">
				<ele>1573.000000</ele>
			</trkpt>
			<trkpt lat="46.549916" lon="10.506992">
				<ele>1573.000000</ele>
			</trkpt>
			<trkpt lat="46.549898" lon="10.506965">
				<ele>1573.000000</ele>
			</trkpt>
			<trkpt lat="46.549868" lon="10.506919">
				<ele>1573.000000</ele>
			</trkpt>
			<trkpt lat="46.549793" lon="10.506839">
				<ele>1574.000000</ele>
			</trkpt>
			<trkpt lat="46.549713" lon="10.506749">
				<ele>1575.000000</ele>
			</trkpt>
			<trkpt lat="46.549614" lon="10.506651">
				<ele>1576.000000</ele>
			</trkpt>
			<trkpt lat="46.549460" lon="10.506489">
				<ele>1578.000000</ele>
			</trkpt>
			<trkpt lat="46.549361" lon="10.506399">
				<ele>1578.000000</ele>
			</trkpt>
			<trkpt lat="46.549305" lon="10.506355">
				<ele>1579.000000</ele>
			</trkpt>
			<trkpt lat="46.549249" lon="10.506309">
				<ele>1580.000000</ele>
			</trkpt>
			<trkpt lat="46.549200" lon="10.506282">
				<ele>1580.000000</ele>
			</trkpt>
			<trkpt lat="46.549139" lon="10.506265">
				<ele>1580.000000</ele>
			</trkpt>
			<trkpt lat="46.549058" lon="10.506237">
				<ele>1580.000000</ele>
			</trkpt>
			<trkpt lat="46.548966" lon="10.506210">
				<ele>1581.000000</ele>
			</trkpt>
			<trkpt lat="46.548891" lon="10.506183">
				<ele>1582.000000</ele>
			</trkpt>
			<trkpt lat="46.548823" lon="10.506147">
				<ele>1582.000000</ele>
			</trkpt>
			<trkpt lat="46.548724" lon="10.506085">
				<ele>1583.000000</ele>
			</trkpt>
			<trkpt lat="46.548620" lon="10.506013">
				<ele>1584.000000</ele>
			</trkpt>
			<trkpt lat="46.548520" lon="10.505940">
				<ele>1585.000000</ele>
			</trkpt>
			<trkpt lat="46.548441" lon="10.505877">
				<ele>1586.000000</ele>
			</trkpt>
			<trkpt lat="46.548268" lon="10.505734">
				<ele>1588.000000</ele>
			</trkpt>
			<trkpt lat="46.548144" lon="10.505617">
				<ele>1589.000000</ele>
			</trkpt>
			<trkpt lat="46.548076" lon="10.505564">
				<ele>1590.000000</ele>
			</trkpt>
			<trkpt lat="46.548014" lon="10.505527">
				<ele>1591.000000</ele>
			</trkpt>
			<trkpt lat="46.547971" lon="10.505501">
				<ele>1591.000000</ele>
			</trkpt>
			<trkpt lat="46.547903" lon="10.505483">
				<ele>1591.000000</ele>
			</trkpt>
			<trkpt lat="46.547872" lon="10.505483">
				<ele>1592.000000</ele>
			</trkpt>
			<trkpt lat="46.547563" lon="10.505501">
				<ele>1594.000000</ele>
			</trkpt>
			<trkpt lat="46.547482" lon="10.505501">
				<ele>1595.000000</ele>
			</trkpt>
			<trkpt lat="46.547403" lon="10.505501">
				<ele>1595.000000</ele>
			</trkpt>
			<trkpt lat="46.547372" lon="10.505510">
				<ele>1595.000000</ele>
			</trkpt>
			<trkpt lat="46.547303" lon="10.505519">
				<ele>1596.000000</ele>
			</trkpt>
			<trkpt lat="46.547143" lon="10.505573">
				<ele>1597.000000</ele>
			</trkpt>
			<trkpt lat="46.546865" lon="10.505671">
				<ele>1599.000000</ele>
			</trkpt>
			<trkpt lat="46.546611" lon="10.505753">
				<ele>1601.000000</ele>
			</trkpt>
			<trkpt lat="46.546420" lon="10.505816">
				<ele>1603.000000</ele>
			</trkpt>
			<trkpt lat="46.546309" lon="10.505843">
				<ele>1604.000000</ele>
			</trkpt>
			<trkpt lat="46.546204" lon="10.505843">
				<ele>1605.000000</ele>
			</trkpt>
			<trkpt lat="46.546092" lon="10.505843">
				<ele>1606.000000</ele>
			</trkpt>
			<trkpt lat="46.545919" lon="10.505816">
				<ele>1607.000000</ele>
			</trkpt>
			<trkpt lat="46.545759" lon="10.505789">
				<ele>1608.000000</ele>
			</trkpt>
			<trkpt lat="46.545500" lon="10.505761">
				<ele>1610.000000</ele>
			</trkpt>
			<trkpt lat="46.545302" lon="10.505734">
				<ele>1612.000000</ele>
			</trkpt>
			<trkpt lat="46.545011" lon="10.505690">
				<ele>1616.000000</ele>
			</trkpt>
			<trkpt lat="46.544820" lon="10.505671">
				<ele>1618.000000</ele>
			</trkpt>
			<trkpt lat="46.544653" lon="10.505653">
				<ele>1619.000000</ele>
			</trkpt>
			<trkpt lat="46.544579" lon="10.505644">
				<ele>1620.000000</ele>
			</trkpt>
			<trkpt lat="46.544535" lon="10.505636">
				<ele>1621.000000</ele>
			</trkpt>
			<trkpt lat="46.544480" lon="10.505617">
				<ele>1621.000000</ele>
			</trkpt>
			<trkpt lat="46.544418" lon="10.505581">
				<ele>1622.000000</ele>
			</trkpt>
			<trkpt lat="46.544313" lon="10.505527">
				<ele>1623.000000</ele>
			</trkpt>
			<trkpt lat="46.544239" lon="10.505483">
				<ele>1624.000000</ele>
			</trkpt>
			<trkpt lat="46.544097" lon="10.505411">
				<ele>1626.000000</ele>
			</trkpt>
			<trkpt lat="46.543837" lon="10.505258">
				<ele>1628.000000</ele>
			</trkpt>
			<trkpt lat="46.543739" lon="10.505214">
				<ele>1630.000000</ele>
			</trkpt>
			<trkpt lat="46.543627" lon="10.505141">
				<ele>1631.000000</ele>
			</trkpt>
			<trkpt lat="46.543497" lon="10.505061">
				<ele>1632.000000</ele>
			</trkpt>
			<trkpt lat="46.543399" lon="10.505015">
				<ele>1633.000000</ele>
			</trkpt>
			<trkpt lat="46.543281" lon="10.504953">
				<ele>1635.000000</ele>
			</trkpt>
			<trkpt lat="46.543183" lon="10.504890">
				<ele>1636.000000</ele>
			</trkpt>
			<trkpt lat="46.543176" lon="10.504890">
				<ele>1636.000000</ele>
			</trkpt>
			<trkpt lat="46.543170" lon="10.504890">
				<ele>1636.000000</ele>
			</trkpt>
			<trkpt lat="46.543170" lon="10.504881">
				<ele>1636.000000</ele>
			</trkpt>
			<trkpt lat="46.543164" lon="10.504881">
				<ele>1636.000000</ele>
			</trkpt>
			<trkpt lat="46.543164" lon="10.504872">
				<ele>1636.000000</ele>
			</trkpt>
			<trkpt lat="46.543158" lon="10.504872">
				<ele>1636.000000</ele>
			</trkpt>
			<trkpt lat="46.543158" lon="10.504864">
				<ele>1636.000000</ele>
			</trkpt>
			<trkpt lat="46.543151" lon="10.504864">
				<ele>1636.000000</ele>
			</trkpt>
			<trkpt lat="46.543151" lon="10.504854">
				<ele>1636.000000</ele>
			</trkpt>
			<trkpt lat="46.543145" lon="10.504845">
				<ele>1636.000000</ele>
			</trkpt>
			<trkpt lat="46.543145" lon="10.504835">
				<ele>1636.000000</ele>
			</trkpt>
			<trkpt lat="46.543145" lon="10.504827">
				<ele>1636.000000</ele>
			</trkpt>
			<trkpt lat="46.543145" lon="10.504818">
				<ele>1637.000000</ele>
			</trkpt>
			<trkpt lat="46.543145" lon="10.504809">
				<ele>1637.000000</ele>
			</trkpt>
			<trkpt lat="46.543151" lon="10.504809">
				<ele>1637.000000</ele>
			</trkpt>
			<trkpt lat="46.543151" lon="10.504801">
				<ele>1637.000000</ele>
			</trkpt>
			<trkpt lat="46.543151" lon="10.504791">
				<ele>1637.000000</ele>
			</trkpt>
			<trkpt lat="46.543158" lon="10.504782">
				<ele>1637.000000</ele>
			</trkpt>
			<trkpt lat="46.543158" lon="10.504774">
				<ele>1637.000000</ele>
			</trkpt>
			<trkpt lat="46.543164" lon="10.504774">
				<ele>1637.000000</ele>
			</trkpt>
			<trkpt lat="46.543170" lon="10.504764">
				<ele>1637.000000</ele>
			</trkpt>
			<trkpt lat="46.543176" lon="10.504764">
				<ele>1637.000000</ele>
			</trkpt>
			<trkpt lat="46.543183" lon="10.504764">
				<ele>1637.000000</ele>
			</trkpt>
			<trkpt lat="46.543189" lon="10.504755">
				<ele>1637.000000</ele>
			</trkpt>
			<trkpt lat="46.543195" lon="10.504755">
				<ele>1637.000000</ele>
			</trkpt>
			<trkpt lat="46.543195" lon="10.504764">
				<ele>1637.000000</ele>
			</trkpt>
			<trkpt lat="46.543201" lon="10.504764">
				<ele>1637.000000</ele>
			</trkpt>
			<trkpt lat="46.543263" lon="10.504782">
				<ele>1638.000000</ele>
			</trkpt>
			<trkpt lat="46.543318" lon="10.504809">
				<ele>1639.000000</ele>
			</trkpt>
			<trkpt lat="46.543368" lon="10.504827">
				<ele>1639.000000</ele>
			</trkpt>
			<trkpt lat="46.543479" lon="10.504864">
				<ele>1640.000000</ele>
			</trkpt>
			<trkpt lat="46.543591" lon="10.504898">
				<ele>1641.000000</ele>
			</trkpt>
			<trkpt lat="46.543683" lon="10.504935">
				<ele>1642.000000</ele>
			</trkpt>
			<trkpt lat="46.543733" lon="10.504944">
				<ele>1643.000000</ele>
			</trkpt>
			<trkpt lat="46.543788" lon="10.504953">
				<ele>1643.000000</ele>
			</trkpt>
			<trkpt lat="46.543837" lon="10.504953">
				<ele>1644.000000</ele>
			</trkpt>
			<trkpt lat="46.543893" lon="10.504944">
				<ele>1644.000000</ele>
			</trkpt>
			<trkpt lat="46.543943" lon="10.504935">
				<ele>1645.000000</ele>
			</trkpt>
			<trkpt lat="46.543979" lon="10.504935">
				<ele>1645.000000</ele>
			</trkpt>
			<trkpt lat="46.544016" lon="10.504944">
				<ele>1645.000000</ele>
			</trkpt>
			<trkpt lat="46.544066" lon="10.504961">
				<ele>1646.000000</ele>
			</trkpt>
			<trkpt lat="46.544134" lon="10.504998">
				<ele>1646.000000</ele>
			</trkpt>
			<trkpt lat="46.544196" lon="10.505024">
				<ele>1647.000000</ele>
			</trkpt>
			<trkpt lat="46.544295" lon="10.505088">
				<ele>1648.000000</ele>
			</trkpt>
			<trkpt lat="46.544362" lon="10.505124">
				<ele>1649.000000</ele>
			</trkpt>
			<trkpt lat="46.544406" lon="10.505133">
				<ele>1649.000000</ele>
			</trkpt>
			<trkpt lat="46.544474" lon="10.505141">
				<ele>1650.000000</ele>
			</trkpt>
			<trkpt lat="46.544535" lon="10.505124">
				<ele>1650.000000</ele>
			</trkpt>
			<trkpt lat="46.544604" lon="10.505105">
				<ele>1651.000000</ele>
			</trkpt>
			<trkpt lat="46.544677" lon="10.505088">
				<ele>1652.000000</ele>
			</trkpt>
			<trkpt lat="46.544739" lon="10.505070">
				<ele>1652.000000</ele>
			</trkpt>
			<trkpt lat="46.544820" lon="10.505043">
				<ele>1653.000000</ele>
			</trkpt>
			<trkpt lat="46.544937" lon="10.505015">
				<ele>1654.000000</ele>
			</trkpt>
			<trkpt lat="46.545085" lon="10.504988">
				<ele>1656.000000</ele>
			</trkpt>
			<trkpt lat="46.545092" lon="10.504988">
				<ele>1656.000000</ele>
			</trkpt>
			<trkpt lat="46.545098" lon="10.504980">
				<ele>1656.000000</ele>
			</trkpt>
			<trkpt lat="46.545104" lon="10.504980">
				<ele>1656.000000</ele>
			</trkpt>
			<trkpt lat="46.545110" lon="10.504980">
				<ele>1656.000000</ele>
			</trkpt>
			<trkpt lat="46.545110" lon="10.504971">
				<ele>1656.000000</ele>
			</trkpt>
			<trkpt lat="46.545117" lon="10.504971">
				<ele>1656.000000</ele>
			</trkpt>
			<trkpt lat="46.545123" lon="10.504961">
				<ele>1656.000000</ele>
			</trkpt>
			<trkpt lat="46.545129" lon="10.504953">
				<ele>1656.000000</ele>
			</trkpt>
			<trkpt lat="46.545129" lon="10.504944">
				<ele>1657.000000</ele>
			</trkpt>
			<trkpt lat="46.545129" lon="10.504935">
				<ele>1657.000000</ele>
			</trkpt>
			<trkpt lat="46.545129" lon="10.504925">
				<ele>1657.000000</ele>
			</trkpt>
			<trkpt lat="46.545129" lon="10.504917">
				<ele>1657.000000</ele>
			</trkpt>
			<trkpt lat="46.545129" lon="10.504908">
				<ele>1657.000000</ele>
			</trkpt>
			<trkpt lat="46.545129" lon="10.504898">
				<ele>1657.000000</ele>
			</trkpt>
			<trkpt lat="46.545123" lon="10.504890">
				<ele>1657.000000</ele>
			</trkpt>
			<trkpt lat="46.545123" lon="10.504881">
				<ele>1657.000000</ele>
			</trkpt>
			<trkpt lat="46.545117" lon="10.504881">
				<ele>1657.000000</ele>
			</trkpt>
			<trkpt lat="46.545110" lon="10.504872">
				<ele>1657.000000</ele>
			</trkpt>
			<trkpt lat="46.545104" lon="10.504872">
				<ele>1657.000000</ele>
			</trkpt>
			<trkpt lat="46.545098" lon="10.504872">
				<ele>1657.000000</ele>
			</trkpt>
			<trkpt lat="46.545092" lon="10.504872">
				<ele>1657.000000</ele>
			</trkpt>
			<trkpt lat="46.545085" lon="10.504872">
				<ele>1657.000000</ele>
			</trkpt>
			<trkpt lat="46.545036" lon="10.504872">
				<ele>1658.000000</ele>
			</trkpt>
			<trkpt lat="46.544950" lon="10.504881">
				<ele>1659.000000</ele>
			</trkpt>
			<trkpt lat="46.544888" lon="10.504881">
				<ele>1659.000000</ele>
			</trkpt>
			<trkpt lat="46.544764" lon="10.504890">
				<ele>1661.000000</ele>
			</trkpt>
			<trkpt lat="46.544554" lon="10.504898">
				<ele>1663.000000</ele>
			</trkpt>
			<trkpt lat="46.544498" lon="10.504898">
				<ele>1664.000000</ele>
			</trkpt>
			<trkpt lat="46.544449" lon="10.504890">
				<ele>1664.000000</ele>
			</trkpt>
			<trkpt lat="46.544425" lon="10.504881">
				<ele>1664.000000</ele>
			</trkpt>
			<trkpt lat="46.544394" lon="10.504854">
				<ele>1665.000000</ele>
			</trkpt>
			<trkpt lat="46.544350" lon="10.504809">
				<ele>1665.000000</ele>
			</trkpt>
			<trkpt lat="46.544313" lon="10.504764">
				<ele>1666.000000</ele>
			</trkpt>
			<trkpt lat="46.544264" lon="10.504684">
				<ele>1667.000000</ele>
			</trkpt>
			<trkpt lat="46.544214" lon="10.504629">
				<ele>1667.000000</ele>
			</trkpt>
			<trkpt lat="46.544171" lon="10.504567">
				<ele>1668.000000</ele>
			</trkpt>
			<trkpt lat="46.544128" lon="10.504531">
				<ele>1668.000000</ele>
			</trkpt>
			<trkpt lat="46.544079" lon="10.504495">
				<ele>1669.000000</ele>
			</trkpt>
			<trkpt lat="46.544010" lon="10.504477">
				<ele>1670.000000</ele>
			</trkpt>
			<trkpt lat="46.543949" lon="10.504468">
				<ele>1670.000000</ele>
			</trkpt>
			<trkpt lat="46.543862" lon="10.504459">
				<ele>1671.000000</ele>
			</trkpt>
			<trkpt lat="46.543831" lon="10.504449">
				<ele>1672.000000</ele>
			</trkpt>
			<trkpt lat="46.543794" lon="10.504441">
				<ele>1672.000000</ele>
			</trkpt>
			<trkpt lat="46.543751" lon="10.504414">
				<ele>1672.000000</ele>
			</trkpt>
			<trkpt lat="46.543708" lon="10.504369">
				<ele>1673.000000</ele>
			</trkpt>
			<trkpt lat="46.543652" lon="10.504324">
				<ele>1674.000000</ele>
			</trkpt>
			<trkpt lat="46.543603" lon="10.504279">
				<ele>1674.000000</ele>
			</trkpt>
			<trkpt lat="46.543560" lon="10.504243">
				<ele>1675.000000</ele>
			</trkpt>
			<trkpt lat="46.543497" lon="10.504216">
				<ele>1676.000000</ele>
			</trkpt>
			<trkpt lat="46.543387" lon="10.504162">
				<ele>1677.000000</ele>
			</trkpt>
			<trkpt lat="46.543312" lon="10.504126">
				<ele>1678.000000</ele>
			</trkpt>
			<trkpt lat="46.543244" lon="10.504091">
				<ele>1678.000000</ele>
			</trkpt>
			<trkpt lat="46.543189" lon="10.504063">
				<ele>1679.000000</ele>
			</trkpt>
			<trkpt lat="46.543133" lon="10.504028">
				<ele>1680.000000</ele>
			</trkpt>
			<trkpt lat="46.543090" lon="10.503992">
				<ele>1680.000000</ele>
			</trkpt>
			<trkpt lat="46.543041" lon="10.503946">
				<ele>1681.000000</ele>
			</trkpt>
			<trkpt lat="46.542991" lon="10.503883">
				<ele>1681.000000</ele>
			</trkpt>
			<trkpt lat="46.542947" lon="10.503839">
				<ele>1682.000000</ele>
			</trkpt>
			<trkpt lat="46.542892" lon="10.503785">
				<ele>1682.000000</ele>
			</trkpt>
			<trkpt lat="46.542830" lon="10.503740">
				<ele>1683.000000</ele>
			</trkpt>
			<trkpt lat="46.542774" lon="10.503704">
				<ele>1683.000000</ele>
			</trkpt>
			<trkpt lat="46.542725" lon="10.503686">
				<ele>1684.000000</ele>
			</trkpt>
			<trkpt lat="46.542682" lon="10.503650">
				<ele>1684.000000</ele>
			</trkpt>
			<trkpt lat="46.542645" lon="10.503623">
				<ele>1685.000000</ele>
			</trkpt>
			<trkpt lat="46.542608" lon="10.503579">
				<ele>1685.000000</ele>
			</trkpt>
			<trkpt lat="46.542577" lon="10.503533">
				<ele>1685.000000</ele>
			</trkpt>
			<trkpt lat="46.542552" lon="10.503470">
				<ele>1686.000000</ele>
			</trkpt>
			<trkpt lat="46.542515" lon="10.503390">
				<ele>1686.000000</ele>
			</trkpt>
			<trkpt lat="46.542484" lon="10.503309">
				<ele>1687.000000</ele>
			</trkpt>
			<trkpt lat="46.542453" lon="10.503227">
				<ele>1687.000000</ele>
			</trkpt>
			<trkpt lat="46.542435" lon="10.503174">
				<ele>1688.000000</ele>
			</trkpt>
			<trkpt lat="46.542404" lon="10.503130">
				<ele>1688.000000</ele>
			</trkpt>
			<trkpt lat="46.542373" lon="10.503093">
				<ele>1689.000000</ele>
			</trkpt>
			<trkpt lat="46.542349" lon="10.503066">
				<ele>1689.000000</ele>
			</trkpt>
			<trkpt lat="46.542318" lon="10.503049">
				<ele>1689.000000</ele>
			</trkpt>
			<trkpt lat="46.542280" lon="10.503040">
				<ele>1689.000000</ele>
			</trkpt>
			<trkpt lat="46.542213" lon="10.503030">
				<ele>1690.000000</ele>
			</trkpt>
			<trkpt lat="46.542151" lon="10.503030">
				<ele>1691.000000</ele>
			</trkpt>
			<trkpt lat="46.542040" lon="10.503030">
				<ele>1692.000000</ele>
			</trkpt>
			<trkpt lat="46.541984" lon="10.503030">
				<ele>1692.000000</ele>
			</trkpt>
			<trkpt lat="46.541947" lon="10.503030">
				<ele>1692.000000</ele>
			</trkpt>
			<trkpt lat="46.541909" lon="10.503030">
				<ele>1693.000000</ele>
			</trkpt>
			<trkpt lat="46.541885" lon="10.503040">
				<ele>1693.000000</ele>
			</trkpt>
			<trkpt lat="46.541836" lon="10.503049">
				<ele>1693.000000</ele>
			</trkpt>
			<trkpt lat="46.541786" lon="10.503066">
				<ele>1694.000000</ele>
			</trkpt>
			<trkpt lat="46.541755" lon="10.503084">
				<ele>1694.000000</ele>
			</trkpt>
			<trkpt lat="46.541718" lon="10.503120">
				<ele>1694.000000</ele>
			</trkpt>
			<trkpt lat="46.541681" lon="10.503166">
				<ele>1695.000000</ele>
			</trkpt>
			<trkpt lat="46.541650" lon="10.503227">
				<ele>1695.000000</ele>
			</trkpt>
			<trkpt lat="46.541632" lon="10.503282">
				<ele>1696.000000</ele>
			</trkpt>
			<trkpt lat="46.541607" lon="10.503317">
				<ele>1696.000000</ele>
			</trkpt>
			<trkpt lat="46.541576" lon="10.503363">
				<ele>1696.000000</ele>
			</trkpt>
			<trkpt lat="46.541551" lon="10.503390">
				<ele>1697.000000</ele>
			</trkpt>
			<trkpt lat="46.541508" lon="10.503407">
				<ele>1697.000000</ele>
			</trkpt>
			<trkpt lat="46.541378" lon="10.503489">
				<ele>1698.000000</ele>
			</trkpt>
			<trkpt lat="46.541304" lon="10.503525">
				<ele>1699.000000</ele>
			</trkpt>
			<trkpt lat="46.541230" lon="10.503543">
				<ele>1700.000000</ele>
			</trkpt>
			<trkpt lat="46.541168" lon="10.503543">
				<ele>1700.000000</ele>
			</trkpt>
			<trkpt lat="46.541113" lon="10.503533">
				<ele>1701.000000</ele>
			</trkpt>
			<trkpt lat="46.541032" lon="10.503525">
				<ele>1701.000000</ele>
			</trkpt>
			<trkpt lat="46.540983" lon="10.503516">
				<ele>1702.000000</ele>
			</trkpt>
			<trkpt lat="46.540946" lon="10.503489">
				<ele>1702.000000</ele>
			</trkpt>
			<trkpt lat="46.540896" lon="10.503453">
				<ele>1703.000000</ele>
			</trkpt>
			<trkpt lat="46.540859" lon="10.503399">
				<ele>1703.000000</ele>
			</trkpt>
			<trkpt lat="46.540810" lon="10.503317">
				<ele>1704.000000</ele>
			</trkpt>
			<trkpt lat="46.540767" lon="10.503256">
				<ele>1704.000000</ele>
			</trkpt>
			<trkpt lat="46.540711" lon="10.503201">
				<ele>1705.000000</ele>
			</trkpt>
			<trkpt lat="46.540631" lon="10.503139">
				<ele>1706.000000</ele>
			</trkpt>
			<trkpt lat="46.540569" lon="10.503111">
				<ele>1706.000000</ele>
			</trkpt>
			<trkpt lat="46.540495" lon="10.503076">
				<ele>1707.000000</ele>
			</trkpt>
			<trkpt lat="46.540402" lon="10.503049">
				<ele>1708.000000</ele>
			</trkpt>
			<trkpt lat="46.540334" lon="10.503021">
				<ele>1708.000000</ele>
			</trkpt>
			<trkpt lat="46.540328" lon="10.503021">
				<ele>1708.000000</ele>
			</trkpt>
			<trkpt lat="46.540322" lon="10.503021">
				<ele>1708.000000</ele>
			</trkpt>
			<trkpt lat="46.540322" lon="10.503013">
				<ele>1708.000000</ele>
			</trkpt>
			<trkpt lat="46.540316" lon="10.503013">
				<ele>1708.000000</ele>
			</trkpt>
			<trkpt lat="46.540309" lon="10.503013">
				<ele>1708.000000</ele>
			</trkpt>
			<trkpt lat="46.540309" lon="10.503003">
				<ele>1708.000000</ele>
			</trkpt>
			<trkpt lat="46.540303" lon="10.503003">
				<ele>1709.000000</ele>
			</trkpt>
			<trkpt lat="46.540297" lon="10.502994">
				<ele>1709.000000</ele>
			</trkpt>
			<trkpt lat="46.540291" lon="10.502994">
				<ele>1709.000000</ele>
			</trkpt>
			<trkpt lat="46.540291" lon="10.502986">
				<ele>1709.000000</ele>
			</trkpt>
			<trkpt lat="46.540285" lon="10.502977">
				<ele>1709.000000</ele>
			</trkpt>
			<trkpt lat="46.540285" lon="10.502967">
				<ele>1709.000000</ele>
			</trkpt>
			<trkpt lat="46.540285" lon="10.502959">
				<ele>1709.000000</ele>
			</trkpt>
			<trkpt lat="46.540285" lon="10.502950">
				<ele>1709.000000</ele>
			</trkpt>
			<trkpt lat="46.540285" lon="10.502940">
				<ele>1709.000000</ele>
			</trkpt>
			<trkpt lat="46.540285" lon="10.502931">
				<ele>1709.000000</ele>
			</trkpt>
			<trkpt lat="46.540285" lon="10.502923">
				<ele>1709.000000</ele>
			</trkpt>
			<trkpt lat="46.540291" lon="10.502914">
				<ele>1709.000000</ele>
			</trkpt>
			<trkpt lat="46.540291" lon="10.502904">
				<ele>1709.000000</ele>
			</trkpt>
			<trkpt lat="46.540297" lon="10.502896">
				<ele>1709.000000</ele>
			</trkpt>
			<trkpt lat="46.540303" lon="10.502887">
				<ele>1709.000000</ele>
			</trkpt>
			<trkpt lat="46.540309" lon="10.502887">
				<ele>1709.000000</ele>
			</trkpt>
			<trkpt lat="46.540316" lon="10.502877">
				<ele>1710.000000</ele>
			</trkpt>
			<trkpt lat="46.540322" lon="10.502877">
				<ele>1710.000000</ele>
			</trkpt>
			<trkpt lat="46.540328" lon="10.502877">
				<ele>1710.000000</ele>
			</trkpt>
			<trkpt lat="46.540334" lon="10.502877">
				<ele>1710.000000</ele>
			</trkpt>
			<trkpt lat="46.540340" lon="10.502877">
				<ele>1710.000000</ele>
			</trkpt>
			<trkpt lat="46.540346" lon="10.502877">
				<ele>1710.000000</ele>
			</trkpt>
			<trkpt lat="46.540352" lon="10.502877">
				<ele>1710.000000</ele>
			</trkpt>
			<trkpt lat="46.540408" lon="10.502896">
				<ele>1710.000000</ele>
			</trkpt>
			<trkpt lat="46.540482" lon="10.502923">
				<ele>1711.000000</ele>
			</trkpt>
			<trkpt lat="46.540550" lon="10.502940">
				<ele>1712.000000</ele>
			</trkpt>
			<trkpt lat="46.540618" lon="10.502967">
				<ele>1712.000000</ele>
			</trkpt>
			<trkpt lat="46.540698" lon="10.503003">
				<ele>1713.000000</ele>
			</trkpt>
			<trkpt lat="46.540779" lon="10.503040">
				<ele>1714.000000</ele>
			</trkpt>
			<trkpt lat="46.540847" lon="10.503084">
				<ele>1714.000000</ele>
			</trkpt>
			<trkpt lat="46.540896" lon="10.503139">
				<ele>1715.000000</ele>
			</trkpt>
			<trkpt lat="46.540965" lon="10.503201">
				<ele>1716.000000</ele>
			</trkpt>
			<trkpt lat="46.541001" lon="10.503219">
				<ele>1716.000000</ele>
			</trkpt>
			<trkpt lat="46.541044" lon="10.503237">
				<ele>1716.000000</ele>
			</trkpt>
			<trkpt lat="46.541106" lon="10.503246">
				<ele>1717.000000</ele>
			</trkpt>
			<trkpt lat="46.541150" lon="10.503246">
				<ele>1717.000000</ele>
			</trkpt>
			<trkpt lat="46.541187" lon="10.503237">
				<ele>1718.000000</ele>
			</trkpt>
			<trkpt lat="46.541217" lon="10.503210">
				<ele>1718.000000</ele>
			</trkpt>
			<trkpt lat="46.541248" lon="10.503166">
				<ele>1718.000000</ele>
			</trkpt>
			<trkpt lat="46.541267" lon="10.503103">
				<ele>1719.000000</ele>
			</trkpt>
			<trkpt lat="46.541267" lon="10.503030">
				<ele>1719.000000</ele>
			</trkpt>
			<trkpt lat="46.541273" lon="10.502931">
				<ele>1720.000000</ele>
			</trkpt>
			<trkpt lat="46.541279" lon="10.502797">
				<ele>1721.000000</ele>
			</trkpt>
			<trkpt lat="46.541286" lon="10.502690">
				<ele>1722.000000</ele>
			</trkpt>
			<trkpt lat="46.541304" lon="10.502581">
				<ele>1723.000000</ele>
			</trkpt>
			<trkpt lat="46.541323" lon="10.502464">
				<ele>1724.000000</ele>
			</trkpt>
			<trkpt lat="46.541348" lon="10.502365">
				<ele>1725.000000</ele>
			</trkpt>
			<trkpt lat="46.541384" lon="10.502222">
				<ele>1727.000000</ele>
			</trkpt>
			<trkpt lat="46.541403" lon="10.502124">
				<ele>1728.000000</ele>
			</trkpt>
			<trkpt lat="46.541409" lon="10.502114">
				<ele>1728.000000</ele>
			</trkpt>
			<trkpt lat="46.541409" lon="10.502105">
				<ele>1728.000000</ele>
			</trkpt>
			<trkpt lat="46.541409" lon="10.502096">
				<ele>1728.000000</ele>
			</trkpt>
			<trkpt lat="46.541409" lon="10.502087">
				<ele>1728.000000</ele>
			</trkpt>
			<trkpt lat="46.541409" lon="10.502078">
				<ele>1728.000000</ele>
			</trkpt>
			<trkpt lat="46.541409" lon="10.502069">
				<ele>1728.000000</ele>
			</trkpt>
			<trkpt lat="46.541409" lon="10.502061">
				<ele>1728.000000</ele>
			</trkpt>
			<trkpt lat="46.541403" lon="10.502051">
				<ele>1728.000000</ele>
			</trkpt>
			<trkpt lat="46.541403" lon="10.502042">
				<ele>1728.000000</ele>
			</trkpt>
			<trkpt lat="46.541397" lon="10.502034">
				<ele>1729.000000</ele>
			</trkpt>
			<trkpt lat="46.541397" lon="10.502024">
				<ele>1729.000000</ele>
			</trkpt>
			<trkpt lat="46.541390" lon="10.502024">
				<ele>1729.000000</ele>
			</trkpt>
			<trkpt lat="46.541390" lon="10.502015">
				<ele>1729.000000</ele>
			</trkpt>
			<trkpt lat="46.541384" lon="10.502015">
				<ele>1729.000000</ele>
			</trkpt>
			<trkpt lat="46.541378" lon="10.502007">
				<ele>1729.000000</ele>
			</trkpt>
			<trkpt lat="46.541372" lon="10.502007">
				<ele>1729.000000</ele>
			</trkpt>
			<trkpt lat="46.541366" lon="10.502007">
				<ele>1729.000000</ele>
			</trkpt>
			<trkpt lat="46.541360" lon="10.502007">
				<ele>1729.000000</ele>
			</trkpt>
			<trkpt lat="46.541354" lon="10.502007">
				<ele>1729.000000</ele>
			</trkpt>
			<trkpt lat="46.541348" lon="10.502007">
				<ele>1729.000000</ele>
			</trkpt>
			<trkpt lat="46.541341" lon="10.502007">
				<ele>1730.000000</ele>
			</trkpt>
			<trkpt lat="46.541341" lon="10.502015">
				<ele>1730.000000</ele>
			</trkpt>
			<trkpt lat="46.541335" lon="10.502015">
				<ele>1730.000000</ele>
			</trkpt>
			<trkpt lat="46.541329" lon="10.502015">
				<ele>1730.000000</ele>
			</trkpt>
			<trkpt lat="46.541329" lon="10.502024">
				<ele>1730.000000</ele>
			</trkpt>
			<trkpt lat="46.541323" lon="10.502024">
				<ele>1730.000000</ele>
			</trkpt>
			<trkpt lat="46.541323" lon="10.502034">
				<ele>1730.000000</ele>
			</trkpt>
			<trkpt lat="46.541317" lon="10.502034">
				<ele>1730.000000</ele>
			</trkpt>
			<trkpt lat="46.541317" lon="10.502042">
				<ele>1730.000000</ele>
			</trkpt>
			<trkpt lat="46.541311" lon="10.502051">
				<ele>1730.000000</ele>
			</trkpt>
			<trkpt lat="46.541298" lon="10.502141">
				<ele>1730.000000</ele>
			</trkpt>
			<trkpt lat="46.541279" lon="10.502231">
				<ele>1730.000000</ele>
			</trkpt>
			<trkpt lat="46.541255" lon="10.502311">
				<ele>1730.000000</ele>
			</trkpt>
			<trkpt lat="46.541211" lon="10.502483">
				<ele>1730.000000</ele>
			</trkpt>
			<trkpt lat="46.541150" lon="10.502690">
				<ele>1730.000000</ele>
			</trkpt>
			<trkpt lat="46.541119" lon="10.502806">
				<ele>1730.000000</ele>
			</trkpt>
			<trkpt lat="46.541088" lon="10.502940">
				<ele>1730.000000</ele>
			</trkpt>
			<trkpt lat="46.541088" lon="10.502950">
				<ele>1730.000000</ele>
			</trkpt>
			<trkpt lat="46.541082" lon="10.502950">
				<ele>1730.000000</ele>
			</trkpt>
			<trkpt lat="46.541082" lon="10.502959">
				<ele>1730.000000</ele>
			</trkpt>
			<trkpt lat="46.541075" lon="10.502967">
				<ele>1730.000000</ele>
			</trkpt>
			<trkpt lat="46.541069" lon="10.502977">
				<ele>1730.000000</ele>
			</trkpt>
			<trkpt lat="46.541063" lon="10.502986">
				<ele>1730.000000</ele>
			</trkpt>
			<trkpt lat="46.541057" lon="10.502986">
				<ele>1730.000000</ele>
			</trkpt>
			<trkpt lat="46.541057" lon="10.502994">
				<ele>1730.000000</ele>
			</trkpt>
			<trkpt lat="46.541051" lon="10.502994">
				<ele>1730.000000</ele>
			</trkpt>
			<trkpt lat="46.541044" lon="10.502994">
				<ele>1730.000000</ele>
			</trkpt>
			<trkpt lat="46.541038" lon="10.502994">
				<ele>1730.000000</ele>
			</trkpt>
			<trkpt lat="46.541032" lon="10.502994">
				<ele>1730.000000</ele>
			</trkpt>
			<trkpt lat="46.541026" lon="10.502994">
				<ele>1730.000000</ele>
			</trkpt>
			<trkpt lat="46.541020" lon="10.502994">
				<ele>1730.000000</ele>
			</trkpt>
			<trkpt lat="46.541014" lon="10.502986">
				<ele>1730.000000</ele>
			</trkpt>
			<trkpt lat="46.541008" lon="10.502977">
				<ele>1730.000000</ele>
			</trkpt>
			<trkpt lat="46.541001" lon="10.502977">
				<ele>1730.000000</ele>
			</trkpt>
			<trkpt lat="46.541001" lon="10.502967">
				<ele>1730.000000</ele>
			</trkpt>
			<trkpt lat="46.540995" lon="10.502959">
				<ele>1730.000000</ele>
			</trkpt>
			<trkpt lat="46.540995" lon="10.502950">
				<ele>1730.000000</ele>
			</trkpt>
			<trkpt lat="46.540995" lon="10.502940">
				<ele>1730.000000</ele>
			</trkpt>
			<trkpt lat="46.540989" lon="10.502931">
				<ele>1730.000000</ele>
			</trkpt>
			<trkpt lat="46.540995" lon="10.502923">
				<ele>1730.000000</ele>
			</trkpt>
			<trkpt lat="46.540995" lon="10.502914">
				<ele>1730.000000</ele>
			</trkpt>
			<trkpt lat="46.540995" lon="10.502904">
				<ele>1730.000000</ele>
			</trkpt>
			<trkpt lat="46.540995" lon="10.502896">
				<ele>1730.000000</ele>
			</trkpt>
			<trkpt lat="46.541001" lon="10.502896">
				<ele>1731.000000</ele>
			</trkpt>
			<trkpt lat="46.541001" lon="10.502887">
				<ele>1731.000000</ele>
			</trkpt>
			<trkpt lat="46.541020" lon="10.502814">
				<ele>1731.000000</ele>
			</trkpt>
			<trkpt lat="46.541044" lon="10.502724">
				<ele>1732.000000</ele>
			</trkpt>
			<trkpt lat="46.541069" lon="10.502627">
				<ele>1733.000000</ele>
			</trkpt>
			<trkpt lat="46.541094" lon="10.502501">
				<ele>1734.000000</ele>
			</trkpt>
			<trkpt lat="46.541119" lon="10.502365">
				<ele>1736.000000</ele>
			</trkpt>
			<trkpt lat="46.541138" lon="10.502258">
				<ele>1737.000000</ele>
			</trkpt>
			<trkpt lat="46.541162" lon="10.502124">
				<ele>1738.000000</ele>
			</trkpt>
			<trkpt lat="46.541181" lon="10.502034">
				<ele>1739.000000</ele>
			</trkpt>
			<trkpt lat="46.541205" lon="10.501944">
				<ele>1740.000000</ele>
			</trkpt>
			<trkpt lat="46.541236" lon="10.501845">
				<ele>1740.000000</ele>
			</trkpt>
			<trkpt lat="46.541261" lon="10.501755">
				<ele>1741.000000</ele>
			</trkpt>
			<trkpt lat="46.541286" lon="10.501665">
				<ele>1741.000000</ele>
			</trkpt>
			<trkpt lat="46.541298" lon="10.501585">
				<ele>1742.000000</ele>
			</trkpt>
			<trkpt lat="46.541323" lon="10.501485">
				<ele>1743.000000</ele>
			</trkpt>
			<trkpt lat="46.541341" lon="10.501378">
				<ele>1743.000000</ele>
			</trkpt>
			<trkpt lat="46.541366" lon="10.501233">
				<ele>1744.000000</ele>
			</trkpt>
			<trkpt lat="46.541384" lon="10.501143">
				<ele>1745.000000</ele>
			</trkpt>
			<trkpt lat="46.541384" lon="10.501135">
				<ele>1745.000000</ele>
			</trkpt>
			<trkpt lat="46.541384" lon="10.501126">
				<ele>1745.000000</ele>
			</trkpt>
			<trkpt lat="46.541390" lon="10.501126">
				<ele>1745.000000</ele>
			</trkpt>
			<trkpt lat="46.541390" lon="10.501117">
				<ele>1745.000000</ele>
			</trkpt>
			<trkpt lat="46.541390" lon="10.501108">
				<ele>1745.000000</ele>
			</trkpt>
			<trkpt lat="46.541384" lon="10.501099">
				<ele>1745.000000</ele>
			</trkpt>
			<trkpt lat="46.541384" lon="10.501090">
				<ele>1745.000000</ele>
			</trkpt>
			<trkpt lat="46.541384" lon="10.501082">
				<ele>1745.000000</ele>
			</trkpt>
			<trkpt lat="46.541378" lon="10.501072">
				<ele>1745.000000</ele>
			</trkpt>
			<trkpt lat="46.541372" lon="10.501063">
				<ele>1745.000000</ele>
			</trkpt>
			<trkpt lat="46.541366" lon="10.501063">
				<ele>1745.000000</ele>
			</trkpt>
			<trkpt lat="46.541360" lon="10.501053">
				<ele>1745.000000</ele>
			</trkpt>
			<trkpt lat="46.541354" lon="10.501053">
				<ele>1745.000000</ele>
			</trkpt>
			<trkpt lat="46.541348" lon="10.501053">
				<ele>1745.000000</ele>
			</trkpt>
			<trkpt lat="46.541341" lon="10.501053">
				<ele>1745.000000</ele>
			</trkpt>
			<trkpt lat="46.541335" lon="10.501053">
				<ele>1746.000000</ele>
			</trkpt>
			<trkpt lat="46.541329" lon="10.501063">
				<ele>1746.000000</ele>
			</trkpt>
			<trkpt lat="46.541323" lon="10.501063">
				<ele>1746.000000</ele>
			</trkpt>
			<trkpt lat="46.541323" lon="10.501072">
				<ele>1746.000000</ele>
			</trkpt>
			<trkpt lat="46.541317" lon="10.501072">
				<ele>1746.000000</ele>
			</trkpt>
			<trkpt lat="46.541317" lon="10.501082">
				<ele>1746.000000</ele>
			</trkpt>
			<trkpt lat="46.541311" lon="10.501082">
				<ele>1746.000000</ele>
			</trkpt>
			<trkpt lat="46.541311" lon="10.501090">
				<ele>1746.000000</ele>
			</trkpt>
			<trkpt lat="46.541292" lon="10.501143">
				<ele>1746.000000</ele>
			</trkpt>
			<trkpt lat="46.541242" lon="10.501306">
				<ele>1747.000000</ele>
			</trkpt>
			<trkpt lat="46.541199" lon="10.501432">
				<ele>1748.000000</ele>
			</trkpt>
			<trkpt lat="46.541113" lon="10.501665">
				<ele>1750.000000</ele>
			</trkpt>
			<trkpt lat="46.541063" lon="10.501809">
				<ele>1751.000000</ele>
			</trkpt>
			<trkpt lat="46.540977" lon="10.502061">
				<ele>1752.000000</ele>
			</trkpt>
			<trkpt lat="46.540946" lon="10.502141">
				<ele>1753.000000</ele>
			</trkpt>
			<trkpt lat="46.540921" lon="10.502258">
				<ele>1753.000000</ele>
			</trkpt>
			<trkpt lat="46.540915" lon="10.502267">
				<ele>1753.000000</ele>
			</trkpt>
			<trkpt lat="46.540915" lon="10.502275">
				<ele>1754.000000</ele>
			</trkpt>
			<trkpt lat="46.540909" lon="10.502275">
				<ele>1754.000000</ele>
			</trkpt>
			<trkpt lat="46.540909" lon="10.502285">
				<ele>1754.000000</ele>
			</trkpt>
			<trkpt lat="46.540902" lon="10.502294">
				<ele>1754.000000</ele>
			</trkpt>
			<trkpt lat="46.540896" lon="10.502303">
				<ele>1754.000000</ele>
			</trkpt>
			<trkpt lat="46.540890" lon="10.502311">
				<ele>1754.000000</ele>
			</trkpt>
			<trkpt lat="46.540884" lon="10.502311">
				<ele>1754.000000</ele>
			</trkpt>
			<trkpt lat="46.540878" lon="10.502311">
				<ele>1754.000000</ele>
			</trkpt>
			<trkpt lat="46.540871" lon="10.502321">
				<ele>1754.000000</ele>
			</trkpt>
			<trkpt lat="46.540865" lon="10.502311">
				<ele>1754.000000</ele>
			</trkpt>
			<trkpt lat="46.540859" lon="10.502311">
				<ele>1754.000000</ele>
			</trkpt>
			<trkpt lat="46.540853" lon="10.502311">
				<ele>1754.000000</ele>
			</trkpt>
			<trkpt lat="46.540847" lon="10.502303">
				<ele>1754.000000</ele>
			</trkpt>
			<trkpt lat="46.540841" lon="10.502303">
				<ele>1754.000000</ele>
			</trkpt>
			<trkpt lat="46.540841" lon="10.502294">
				<ele>1754.000000</ele>
			</trkpt>
			<trkpt lat="46.540835" lon="10.502294">
				<ele>1754.000000</ele>
			</trkpt>
			<trkpt lat="46.540835" lon="10.502285">
				<ele>1754.000000</ele>
			</trkpt>
			<trkpt lat="46.540828" lon="10.502275">
				<ele>1755.000000</ele>
			</trkpt>
			<trkpt lat="46.540828" lon="10.502267">
				<ele>1755.000000</ele>
			</trkpt>
			<trkpt lat="46.540828" lon="10.502258">
				<ele>1755.000000</ele>
			</trkpt>
			<trkpt lat="46.540828" lon="10.502248">
				<ele>1755.000000</ele>
			</trkpt>
			<trkpt lat="46.540835" lon="10.502240">
				<ele>1755.000000</ele>
			</trkpt>
			<trkpt lat="46.540835" lon="10.502231">
				<ele>1755.000000</ele>
			</trkpt>
			<trkpt lat="46.540847" lon="10.502185">
				<ele>1755.000000</ele>
			</trkpt>
			<trkpt lat="46.540865" lon="10.502132">
				<ele>1755.000000</ele>
			</trkpt>
			<trkpt lat="46.540890" lon="10.502061">
				<ele>1756.000000</ele>
			</trkpt>
			<trkpt lat="46.540915" lon="10.501971">
				<ele>1756.000000</ele>
			</trkpt>
			<trkpt lat="46.540933" lon="10.501881">
				<ele>1757.000000</ele>
			</trkpt>
			<trkpt lat="46.540952" lon="10.501799">
				<ele>1758.000000</ele>
			</trkpt>
			<trkpt lat="46.540958" lon="10.501709">
				<ele>1758.000000</ele>
			</trkpt>
			<trkpt lat="46.540958" lon="10.501611">
				<ele>1759.000000</ele>
			</trkpt>
			<trkpt lat="46.540952" lon="10.501522">
				<ele>1759.000000</ele>
			</trkpt>
			<trkpt lat="46.540952" lon="10.501413">
				<ele>1760.000000</ele>
			</trkpt>
			<trkpt lat="46.540958" lon="10.501332">
				<ele>1760.000000</ele>
			</trkpt>
			<trkpt lat="46.540971" lon="10.501216">
				<ele>1761.000000</ele>
			</trkpt>
			<trkpt lat="46.540977" lon="10.501126">
				<ele>1761.000000</ele>
			</trkpt>
			<trkpt lat="46.540977" lon="10.501117">
				<ele>1761.000000</ele>
			</trkpt>
			<trkpt lat="46.540977" lon="10.501108">
				<ele>1761.000000</ele>
			</trkpt>
			<trkpt lat="46.540977" lon="10.501099">
				<ele>1761.000000</ele>
			</trkpt>
			<trkpt lat="46.540977" lon="10.501090">
				<ele>1761.000000</ele>
			</trkpt>
			<trkpt lat="46.540977" lon="10.501082">
				<ele>1761.000000</ele>
			</trkpt>
			<trkpt lat="46.540977" lon="10.501072">
				<ele>1761.000000</ele>
			</trkpt>
			<trkpt lat="46.540971" lon="10.501063">
				<ele>1761.000000</ele>
			</trkpt>
			<trkpt lat="46.540971" lon="10.501053">
				<ele>1761.000000</ele>
			</trkpt>
			<trkpt lat="46.540965" lon="10.501053">
				<ele>1761.000000</ele>
			</trkpt>
			<trkpt lat="46.540965" lon="10.501045">
				<ele>1761.000000</ele>
			</trkpt>
			<trkpt lat="46.540958" lon="10.501036">
				<ele>1762.000000</ele>
			</trkpt>
			<trkpt lat="46.540952" lon="10.501036">
				<ele>1762.000000</ele>
			</trkpt>
			<trkpt lat="46.540946" lon="10.501027">
				<ele>1762.000000</ele>
			</trkpt>
			<trkpt lat="46.540940" lon="10.501027">
				<ele>1762.000000</ele>
			</trkpt>
			<trkpt lat="46.540933" lon="10.501027">
				<ele>1762.000000</ele>
			</trkpt>
			<trkpt lat="46.540927" lon="10.501027">
				<ele>1762.000000</ele>
			</trkpt>
			<trkpt lat="46.540921" lon="10.501027">
				<ele>1762.000000</ele>
			</trkpt>
			<trkpt lat="46.540915" lon="10.501027">
				<ele>1762.000000</ele>
			</trkpt>
			<trkpt lat="46.540909" lon="10.501027">
				<ele>1762.000000</ele>
			</trkpt>
			<trkpt lat="46.540902" lon="10.501036">
				<ele>1762.000000</ele>
			</trkpt>
			<trkpt lat="46.540896" lon="10.501036">
				<ele>1762.000000</ele>
			</trkpt>
			<trkpt lat="46.540896" lon="10.501045">
				<ele>1762.000000</ele>
			</trkpt>
			<trkpt lat="46.540890" lon="10.501045">
				<ele>1762.000000</ele>
			</trkpt>
			<trkpt lat="46.540884" lon="10.501053">
				<ele>1762.000000</ele>
			</trkpt>
			<trkpt lat="46.540884" lon="10.501063">
				<ele>1762.000000</ele>
			</trkpt>
			<trkpt lat="46.540878" lon="10.501063">
				<ele>1762.000000</ele>
			</trkpt>
			<trkpt lat="46.540878" lon="10.501072">
				<ele>1762.000000</ele>
			</trkpt>
			<trkpt lat="46.540878" lon="10.501082">
				<ele>1762.000000</ele>
			</trkpt>
			<trkpt lat="46.540878" lon="10.501090">
				<ele>1762.000000</ele>
			</trkpt>
			<trkpt lat="46.540871" lon="10.501126">
				<ele>1762.000000</ele>
			</trkpt>
			<trkpt lat="46.540871" lon="10.501216">
				<ele>1763.000000</ele>
			</trkpt>
			<trkpt lat="46.540865" lon="10.501332">
				<ele>1763.000000</ele>
			</trkpt>
			<trkpt lat="46.540847" lon="10.501476">
				<ele>1764.000000</ele>
			</trkpt>
			<trkpt lat="46.540841" lon="10.501566">
				<ele>1764.000000</ele>
			</trkpt>
			<trkpt lat="46.540828" lon="10.501701">
				<ele>1765.000000</ele>
			</trkpt>
			<trkpt lat="46.540810" lon="10.501791">
				<ele>1765.000000</ele>
			</trkpt>
			<trkpt lat="46.540791" lon="10.501908">
				<ele>1766.000000</ele>
			</trkpt>
			<trkpt lat="46.540767" lon="10.502015">
				<ele>1766.000000</ele>
			</trkpt>
			<trkpt lat="46.540767" lon="10.502024">
				<ele>1766.000000</ele>
			</trkpt>
			<trkpt lat="46.540767" lon="10.502034">
				<ele>1766.000000</ele>
			</trkpt>
			<trkpt lat="46.540760" lon="10.502042">
				<ele>1766.000000</ele>
			</trkpt>
			<trkpt lat="46.540754" lon="10.502051">
				<ele>1766.000000</ele>
			</trkpt>
			<trkpt lat="46.540754" lon="10.502061">
				<ele>1767.000000</ele>
			</trkpt>
			<trkpt lat="46.540748" lon="10.502069">
				<ele>1767.000000</ele>
			</trkpt>
			<trkpt lat="46.540742" lon="10.502078">
				<ele>1767.000000</ele>
			</trkpt>
			<trkpt lat="46.540736" lon="10.502087">
				<ele>1767.000000</ele>
			</trkpt>
			<trkpt lat="46.540729" lon="10.502087">
				<ele>1767.000000</ele>
			</trkpt>
			<trkpt lat="46.540723" lon="10.502087">
				<ele>1767.000000</ele>
			</trkpt>
			<trkpt lat="46.540723" lon="10.502096">
				<ele>1767.000000</ele>
			</trkpt>
			<trkpt lat="46.540717" lon="10.502096">
				<ele>1767.000000</ele>
			</trkpt>
			<trkpt lat="46.540711" lon="10.502096">
				<ele>1767.000000</ele>
			</trkpt>
			<trkpt lat="46.540704" lon="10.502087">
				<ele>1767.000000</ele>
			</trkpt>
			<trkpt lat="46.540698" lon="10.502087">
				<ele>1767.000000</ele>
			</trkpt>
			<trkpt lat="46.540692" lon="10.502078">
				<ele>1767.000000</ele>
			</trkpt>
			<trkpt lat="46.540686" lon="10.502078">
				<ele>1767.000000</ele>
			</trkpt>
			<trkpt lat="46.540686" lon="10.502069">
				<ele>1767.000000</ele>
			</trkpt>
			<trkpt lat="46.540680" lon="10.502061">
				<ele>1767.000000</ele>
			</trkpt>
			<trkpt lat="46.540674" lon="10.502061">
				<ele>1767.000000</ele>
			</trkpt>
			<trkpt lat="46.540674" lon="10.502051">
				<ele>1767.000000</ele>
			</trkpt>
			<trkpt lat="46.540674" lon="10.502042">
				<ele>1767.000000</ele>
			</trkpt>
			<trkpt lat="46.540674" lon="10.502034">
				<ele>1767.000000</ele>
			</trkpt>
			<trkpt lat="46.540668" lon="10.502034">
				<ele>1767.000000</ele>
			</trkpt>
			<trkpt lat="46.540668" lon="10.502024">
				<ele>1767.000000</ele>
			</trkpt>
			<trkpt lat="46.540668" lon="10.502015">
				<ele>1767.000000</ele>
			</trkpt>
			<trkpt lat="46.540674" lon="10.502015">
				<ele>1767.000000</ele>
			</trkpt>
			<trkpt lat="46.540674" lon="10.502007">
				<ele>1768.000000</ele>
			</trkpt>
			<trkpt lat="46.540674" lon="10.501998">
				<ele>1768.000000</ele>
			</trkpt>
			<trkpt lat="46.540674" lon="10.501988">
				<ele>1768.000000</ele>
			</trkpt>
			<trkpt lat="46.540680" lon="10.501979">
				<ele>1768.000000</ele>
			</trkpt>
			<trkpt lat="46.540686" lon="10.501952">
				<ele>1768.000000</ele>
			</trkpt>
			<trkpt lat="46.540711" lon="10.501881">
				<ele>1768.000000</ele>
			</trkpt>
			<trkpt lat="46.540736" lon="10.501799">
				<ele>1769.000000</ele>
			</trkpt>
			<trkpt lat="46.540742" lon="10.501728">
				<ele>1769.000000</ele>
			</trkpt>
			<trkpt lat="46.540742" lon="10.501665">
				<ele>1769.000000</ele>
			</trkpt>
			<trkpt lat="46.540729" lon="10.501566">
				<ele>1770.000000</ele>
			</trkpt>
			<trkpt lat="46.540711" lon="10.501449">
				<ele>1770.000000</ele>
			</trkpt>
			<trkpt lat="46.540698" lon="10.501342">
				<ele>1771.000000</ele>
			</trkpt>
			<trkpt lat="46.540692" lon="10.501261">
				<ele>1772.000000</ele>
			</trkpt>
			<trkpt lat="46.540698" lon="10.501153">
				<ele>1773.000000</ele>
			</trkpt>
			<trkpt lat="46.540704" lon="10.501009">
				<ele>1774.000000</ele>
			</trkpt>
			<trkpt lat="46.540723" lon="10.500902">
				<ele>1775.000000</ele>
			</trkpt>
			<trkpt lat="46.540748" lon="10.500812">
				<ele>1776.000000</ele>
			</trkpt>
			<trkpt lat="46.540773" lon="10.500713">
				<ele>1777.000000</ele>
			</trkpt>
			<trkpt lat="46.540810" lon="10.500614">
				<ele>1777.000000</ele>
			</trkpt>
			<trkpt lat="46.540847" lon="10.500543">
				<ele>1778.000000</ele>
			</trkpt>
			<trkpt lat="46.540902" lon="10.500453">
				<ele>1779.000000</ele>
			</trkpt>
			<trkpt lat="46.540958" lon="10.500353">
				<ele>1780.000000</ele>
			</trkpt>
			<trkpt lat="46.541020" lon="10.500273">
				<ele>1781.000000</ele>
			</trkpt>
			<trkpt lat="46.541082" lon="10.500191">
				<ele>1782.000000</ele>
			</trkpt>
			<trkpt lat="46.541125" lon="10.500129">
				<ele>1782.000000</ele>
			</trkpt>
			<trkpt lat="46.541248" lon="10.499950">
				<ele>1784.000000</ele>
			</trkpt>
			<trkpt lat="46.541335" lon="10.499841">
				<ele>1785.000000</ele>
			</trkpt>
			<trkpt lat="46.541390" lon="10.499761">
				<ele>1786.000000</ele>
			</trkpt>
			<trkpt lat="46.541428" lon="10.499707">
				<ele>1786.000000</ele>
			</trkpt>
			<trkpt lat="46.541428" lon="10.499698">
				<ele>1786.000000</ele>
			</trkpt>
			<trkpt lat="46.541434" lon="10.499698">
				<ele>1786.000000</ele>
			</trkpt>
			<trkpt lat="46.541434" lon="10.499688">
				<ele>1786.000000</ele>
			</trkpt>
			<trkpt lat="46.541440" lon="10.499688">
				<ele>1786.000000</ele>
			</trkpt>
			<trkpt lat="46.541440" lon="10.499680">
				<ele>1786.000000</ele>
			</trkpt>
			<trkpt lat="46.541446" lon="10.499671">
				<ele>1786.000000</ele>
			</trkpt>
			<trkpt lat="46.541446" lon="10.499661">
				<ele>1786.000000</ele>
			</trkpt>
			<trkpt lat="46.541446" lon="10.499653">
				<ele>1786.000000</ele>
			</trkpt>
			<trkpt lat="46.541446" lon="10.499644">
				<ele>1787.000000</ele>
			</trkpt>
			<trkpt lat="46.541446" lon="10.499635">
				<ele>1787.000000</ele>
			</trkpt>
			<trkpt lat="46.541440" lon="10.499625">
				<ele>1787.000000</ele>
			</trkpt>
			<trkpt lat="46.541440" lon="10.499617">
				<ele>1787.000000</ele>
			</trkpt>
			<trkpt lat="46.541434" lon="10.499617">
				<ele>1787.000000</ele>
			</trkpt>
			<trkpt lat="46.541434" lon="10.499608">
				<ele>1787.000000</ele>
			</trkpt>
			<trkpt lat="46.541428" lon="10.499608">
				<ele>1787.000000</ele>
			</trkpt>
			<trkpt lat="46.541421" lon="10.499598">
				<ele>1787.000000</ele>
			</trkpt>
			<trkpt lat="46.541415" lon="10.499598">
				<ele>1787.000000</ele>
			</trkpt>
			<trkpt lat="46.541409" lon="10.499598">
				<ele>1787.000000</ele>
			</trkpt>
			<trkpt lat="46.541403" lon="10.499598">
				<ele>1787.000000</ele>
			</trkpt>
			<trkpt lat="46.541397" lon="10.499608">
				<ele>1787.000000</ele>
			</trkpt>
			<trkpt lat="46.541390" lon="10.499608">
				<ele>1787.000000</ele>
			</trkpt>
			<trkpt lat="46.541384" lon="10.499608">
				<ele>1787.000000</ele>
			</trkpt>
			<trkpt lat="46.541384" lon="10.499617">
				<ele>1787.000000</ele>
			</trkpt>
			<trkpt lat="46.541378" lon="10.499617">
				<ele>1787.000000</ele>
			</trkpt>
			<trkpt lat="46.541354" lon="10.499644">
				<ele>1788.000000</ele>
			</trkpt>
			<trkpt lat="46.541311" lon="10.499707">
				<ele>1788.000000</ele>
			</trkpt>
			<trkpt lat="46.541242" lon="10.499787">
				<ele>1789.000000</ele>
			</trkpt>
			<trkpt lat="46.541187" lon="10.499860">
				<ele>1790.000000</ele>
			</trkpt>
			<trkpt lat="46.541131" lon="10.499914">
				<ele>1790.000000</ele>
			</trkpt>
			<trkpt lat="46.541026" lon="10.500003">
				<ele>1791.000000</ele>
			</trkpt>
			<trkpt lat="46.540847" lon="10.500138">
				<ele>1793.000000</ele>
			</trkpt>
			<trkpt lat="46.540704" lon="10.500237">
				<ele>1795.000000</ele>
			</trkpt>
			<trkpt lat="46.540631" lon="10.500300">
				<ele>1795.000000</ele>
			</trkpt>
			<trkpt lat="46.540550" lon="10.500371">
				<ele>1796.000000</ele>
			</trkpt>
			<trkpt lat="46.540476" lon="10.500479">
				<ele>1797.000000</ele>
			</trkpt>
			<trkpt lat="46.540414" lon="10.500560">
				<ele>1798.000000</ele>
			</trkpt>
			<trkpt lat="46.540358" lon="10.500632">
				<ele>1798.000000</ele>
			</trkpt>
			<trkpt lat="46.540322" lon="10.500677">
				<ele>1799.000000</ele>
			</trkpt>
			<trkpt lat="46.540266" lon="10.500730">
				<ele>1800.000000</ele>
			</trkpt>
			<trkpt lat="46.540223" lon="10.500757">
				<ele>1800.000000</ele>
			</trkpt>
			<trkpt lat="46.540167" lon="10.500776">
				<ele>1801.000000</ele>
			</trkpt>
			<trkpt lat="46.540087" lon="10.500776">
				<ele>1801.000000</ele>
			</trkpt>
			<trkpt lat="46.540025" lon="10.500785">
				<ele>1802.000000</ele>
			</trkpt>
			<trkpt lat="46.539970" lon="10.500812">
				<ele>1803.000000</ele>
			</trkpt>
			<trkpt lat="46.539926" lon="10.500830">
				<ele>1803.000000</ele>
			</trkpt>
			<trkpt lat="46.539846" lon="10.500875">
				<ele>1804.000000</ele>
			</trkpt>
			<trkpt lat="46.539710" lon="10.500946">
				<ele>1806.000000</ele>
			</trkpt>
			<trkpt lat="46.539611" lon="10.501000">
				<ele>1807.000000</ele>
			</trkpt>
			<trkpt lat="46.539389" lon="10.501117">
				<ele>1809.000000</ele>
			</trkpt>
			<trkpt lat="46.539271" lon="10.501180">
				<ele>1811.000000</ele>
			</trkpt>
			<trkpt lat="46.539203" lon="10.501216">
				<ele>1811.000000</ele>
			</trkpt>
			<trkpt lat="46.539111" lon="10.501252">
				<ele>1812.000000</ele>
			</trkpt>
			<trkpt lat="46.539018" lon="10.501288">
				<ele>1813.000000</ele>
			</trkpt>
			<trkpt lat="46.538950" lon="10.501306">
				<ele>1813.000000</ele>
			</trkpt>
			<trkpt lat="46.538876" lon="10.501323">
				<ele>1814.000000</ele>
			</trkpt>
			<trkpt lat="46.538703" lon="10.501359">
				<ele>1815.000000</ele>
			</trkpt>
			<trkpt lat="46.538653" lon="10.501369">
				<ele>1815.000000</ele>
			</trkpt>
			<trkpt lat="46.538616" lon="10.501395">
				<ele>1816.000000</ele>
			</trkpt>
			<trkpt lat="46.538573" lon="10.501405">
				<ele>1816.000000</ele>
			</trkpt>
			<trkpt lat="46.538524" lon="10.501413">
				<ele>1816.000000</ele>
			</trkpt>
			<trkpt lat="46.538480" lon="10.501422">
				<ele>1817.000000</ele>
			</trkpt>
			<trkpt lat="46.538394" lon="10.501422">
				<ele>1817.000000</ele>
			</trkpt>
			<trkpt lat="46.538190" lon="10.501422">
				<ele>1819.000000</ele>
			</trkpt>
			<trkpt lat="46.538042" lon="10.501422">
				<ele>1820.000000</ele>
			</trkpt>
			<trkpt lat="46.537967" lon="10.501422">
				<ele>1821.000000</ele>
			</trkpt>
			<trkpt lat="46.537856" lon="10.501432">
				<ele>1822.000000</ele>
			</trkpt>
			<trkpt lat="46.537788" lon="10.501441">
				<ele>1823.000000</ele>
			</trkpt>
			<trkpt lat="46.537727" lon="10.501441">
				<ele>1824.000000</ele>
			</trkpt>
			<trkpt lat="46.537665" lon="10.501449">
				<ele>1825.000000</ele>
			</trkpt>
			<trkpt lat="46.537603" lon="10.501449">
				<ele>1825.000000</ele>
			</trkpt>
			<trkpt lat="46.537541" lon="10.501458">
				<ele>1826.000000</ele>
			</trkpt>
			<trkpt lat="46.537492" lon="10.501458">
				<ele>1827.000000</ele>
			</trkpt>
			<trkpt lat="46.537430" lon="10.501458">
				<ele>1828.000000</ele>
			</trkpt>
			<trkpt lat="46.537387" lon="10.501458">
				<ele>1828.000000</ele>
			</trkpt>
			<trkpt lat="46.537356" lon="10.501449">
				<ele>1828.000000</ele>
			</trkpt>
			<trkpt lat="46.537350" lon="10.501449">
				<ele>1829.000000</ele>
			</trkpt>
			<trkpt lat="46.537344" lon="10.501441">
				<ele>1829.000000</ele>
			</trkpt>
			<trkpt lat="46.537337" lon="10.501441">
				<ele>1829.000000</ele>
			</trkpt>
			<trkpt lat="46.537337" lon="10.501432">
				<ele>1829.000000</ele>
			</trkpt>
			<trkpt lat="46.537331" lon="10.501432">
				<ele>1829.000000</ele>
			</trkpt>
			<trkpt lat="46.537325" lon="10.501432">
				<ele>1829.000000</ele>
			</trkpt>
			<trkpt lat="46.537319" lon="10.501422">
				<ele>1829.000000</ele>
			</trkpt>
			<trkpt lat="46.537319" lon="10.501413">
				<ele>1829.000000</ele>
			</trkpt>
			<trkpt lat="46.537312" lon="10.501413">
				<ele>1829.000000</ele>
			</trkpt>
			<trkpt lat="46.537312" lon="10.501405">
				<ele>1829.000000</ele>
			</trkpt>
			<trkpt lat="46.537306" lon="10.501395">
				<ele>1829.000000</ele>
			</trkpt>
			<trkpt lat="46.537306" lon="10.501386">
				<ele>1829.000000</ele>
			</trkpt>
			<trkpt lat="46.537300" lon="10.501378">
				<ele>1830.000000</ele>
			</trkpt>
			<trkpt lat="46.537300" lon="10.501369">
				<ele>1830.000000</ele>
			</trkpt>
			<trkpt lat="46.537300" lon="10.501359">
				<ele>1830.000000</ele>
			</trkpt>
			<trkpt lat="46.537306" lon="10.501351">
				<ele>1830.000000</ele>
			</trkpt>
			<trkpt lat="46.537306" lon="10.501342">
				<ele>1830.000000</ele>
			</trkpt>
			<trkpt lat="46.537306" lon="10.501332">
				<ele>1830.000000</ele>
			</trkpt>
			<trkpt lat="46.537312" lon="10.501323">
				<ele>1830.000000</ele>
			</trkpt>
			<trkpt lat="46.537312" lon="10.501315">
				<ele>1830.000000</ele>
			</trkpt>
			<trkpt lat="46.537319" lon="10.501315">
				<ele>1830.000000</ele>
			</trkpt>
			<trkpt lat="46.537325" lon="10.501306">
				<ele>1830.000000</ele>
			</trkpt>
			<trkpt lat="46.537331" lon="10.501296">
				<ele>1830.000000</ele>
			</trkpt>
			<trkpt lat="46.537337" lon="10.501296">
				<ele>1830.000000</ele>
			</trkpt>
			<trkpt lat="46.537344" lon="10.501296">
				<ele>1831.000000</ele>
			</trkpt>
			<trkpt lat="46.537350" lon="10.501296">
				<ele>1831.000000</ele>
			</trkpt>
			<trkpt lat="46.537350" lon="10.501288">
				<ele>1831.000000</ele>
			</trkpt>
			<trkpt lat="46.537356" lon="10.501288">
				<ele>1831.000000</ele>
			</trkpt>
			<trkpt lat="46.537362" lon="10.501288">
				<ele>1831.000000</ele>
			</trkpt>
			<trkpt lat="46.537362" lon="10.501296">
				<ele>1831.000000</ele>
			</trkpt>
			<trkpt lat="46.537368" lon="10.501296">
				<ele>1831.000000</ele>
			</trkpt>
			<trkpt lat="46.537381" lon="10.501296">
				<ele>1831.000000</ele>
			</trkpt>
			<trkpt lat="46.537411" lon="10.501306">
				<ele>1831.000000</ele>
			</trkpt>
			<trkpt lat="46.537442" lon="10.501315">
				<ele>1832.000000</ele>
			</trkpt>
			<trkpt lat="46.537498" lon="10.501323">
				<ele>1832.000000</ele>
			</trkpt>
			<trkpt lat="46.537547" lon="10.501323">
				<ele>1833.000000</ele>
			</trkpt>
			<trkpt lat="46.537584" lon="10.501315">
				<ele>1833.000000</ele>
			</trkpt>
			<trkpt lat="46.537627" lon="10.501296">
				<ele>1834.000000</ele>
			</trkpt>
			<trkpt lat="46.537671" lon="10.501269">
				<ele>1834.000000</ele>
			</trkpt>
			<trkpt lat="46.537720" lon="10.501233">
				<ele>1835.000000</ele>
			</trkpt>
			<trkpt lat="46.537776" lon="10.501198">
				<ele>1835.000000</ele>
			</trkpt>
			<trkpt lat="46.537819" lon="10.501171">
				<ele>1836.000000</ele>
			</trkpt>
			<trkpt lat="46.537881" lon="10.501135">
				<ele>1837.000000</ele>
			</trkpt>
			<trkpt lat="46.537936" lon="10.501117">
				<ele>1837.000000</ele>
			</trkpt>
			<trkpt lat="46.537992" lon="10.501099">
				<ele>1838.000000</ele>
			</trkpt>
			<trkpt lat="46.538048" lon="10.501082">
				<ele>1839.000000</ele>
			</trkpt>
			<trkpt lat="46.538122" lon="10.501053">
				<ele>1839.000000</ele>
			</trkpt>
			<trkpt lat="46.538165" lon="10.501045">
				<ele>1840.000000</ele>
			</trkpt>
			<trkpt lat="46.538252" lon="10.501019">
				<ele>1841.000000</ele>
			</trkpt>
			<trkpt lat="46.538307" lon="10.501000">
				<ele>1841.000000</ele>
			</trkpt>
			<trkpt lat="46.538363" lon="10.500982">
				<ele>1842.000000</ele>
			</trkpt>
			<trkpt lat="46.538419" lon="10.500965">
				<ele>1843.000000</ele>
			</trkpt>
			<trkpt lat="46.538480" lon="10.500946">
				<ele>1843.000000</ele>
			</trkpt>
			<trkpt lat="46.538530" lon="10.500929">
				<ele>1844.000000</ele>
			</trkpt>
			<trkpt lat="46.538567" lon="10.500919">
				<ele>1844.000000</ele>
			</trkpt>
			<trkpt lat="46.538592" lon="10.500910">
				<ele>1845.000000</ele>
			</trkpt>
			<trkpt lat="46.538622" lon="10.500893">
				<ele>1845.000000</ele>
			</trkpt>
			<trkpt lat="46.538653" lon="10.500866">
				<ele>1845.000000</ele>
			</trkpt>
			<trkpt lat="46.538678" lon="10.500830">
				<ele>1846.000000</ele>
			</trkpt>
			<trkpt lat="46.538709" lon="10.500776">
				<ele>1846.000000</ele>
			</trkpt>
			<trkpt lat="46.538746" lon="10.500722">
				<ele>1847.000000</ele>
			</trkpt>
			<trkpt lat="46.538801" lon="10.500623">
				<ele>1848.000000</ele>
			</trkpt>
			<trkpt lat="46.538839" lon="10.500560">
				<ele>1848.000000</ele>
			</trkpt>
			<trkpt lat="46.538876" lon="10.500506">
				<ele>1849.000000</ele>
			</trkpt>
			<trkpt lat="46.538938" lon="10.500434">
				<ele>1850.000000</ele>
			</trkpt>
			<trkpt lat="46.538993" lon="10.500380">
				<ele>1850.000000</ele>
			</trkpt>
			<trkpt lat="46.539043" lon="10.500327">
				<ele>1851.000000</ele>
			</trkpt>
			<trkpt lat="46.539105" lon="10.500273">
				<ele>1851.000000</ele>
			</trkpt>
			<trkpt lat="46.539160" lon="10.500227">
				<ele>1852.000000</ele>
			</trkpt>
			<trkpt lat="46.539222" lon="10.500174">
				<ele>1852.000000</ele>
			</trkpt>
			<trkpt lat="46.539278" lon="10.500138">
				<ele>1853.000000</ele>
			</trkpt>
			<trkpt lat="46.539284" lon="10.500129">
				<ele>1853.000000</ele>
			</trkpt>
			<trkpt lat="46.539290" lon="10.500129">
				<ele>1853.000000</ele>
			</trkpt>
			<trkpt lat="46.539290" lon="10.500120">
				<ele>1853.000000</ele>
			</trkpt>
			<trkpt lat="46.539296" lon="10.500120">
				<ele>1853.000000</ele>
			</trkpt>
			<trkpt lat="46.539296" lon="10.500111">
				<ele>1853.000000</ele>
			</trkpt>
			<trkpt lat="46.539302" lon="10.500111">
				<ele>1853.000000</ele>
			</trkpt>
			<trkpt lat="46.539302" lon="10.500101">
				<ele>1853.000000</ele>
			</trkpt>
			<trkpt lat="46.539308" lon="10.500093">
				<ele>1853.000000</ele>
			</trkpt>
			<trkpt lat="46.539308" lon="10.500084">
				<ele>1853.000000</ele>
			</trkpt>
			<trkpt lat="46.539308" lon="10.500074">
				<ele>1853.000000</ele>
			</trkpt>
			<trkpt lat="46.539308" lon="10.500066">
				<ele>1853.000000</ele>
			</trkpt>
			<trkpt lat="46.539308" lon="10.500057">
				<ele>1854.000000</ele>
			</trkpt>
			<trkpt lat="46.539308" lon="10.500048">
				<ele>1854.000000</ele>
			</trkpt>
			<trkpt lat="46.539302" lon="10.500040">
				<ele>1854.000000</ele>
			</trkpt>
			<trkpt lat="46.539302" lon="10.500030">
				<ele>1854.000000</ele>
			</trkpt>
			<trkpt lat="46.539296" lon="10.500021">
				<ele>1854.000000</ele>
			</trkpt>
			<trkpt lat="46.539290" lon="10.500011">
				<ele>1854.000000</ele>
			</trkpt>
			<trkpt lat="46.539290" lon="10.500003">
				<ele>1854.000000</ele>
			</trkpt>
			<trkpt lat="46.539284" lon="10.500003">
				<ele>1854.000000</ele>
			</trkpt>
			<trkpt lat="46.539278" lon="10.500003">
				<ele>1854.000000</ele>
			</trkpt>
			<trkpt lat="46.539271" lon="10.499994">
				<ele>1854.000000</ele>
			</trkpt>
			<trkpt lat="46.539265" lon="10.499994">
				<ele>1854.000000</ele>
			</trkpt>
			<trkpt lat="46.539259" lon="10.499994">
				<ele>1854.000000</ele>
			</trkpt>
			<trkpt lat="46.539259" lon="10.500003">
				<ele>1854.000000</ele>
			</trkpt>
			<trkpt lat="46.539253" lon="10.500003">
				<ele>1854.000000</ele>
			</trkpt>
			<trkpt lat="46.539247" lon="10.500003">
				<ele>1854.000000</ele>
			</trkpt>
			<trkpt lat="46.539241" lon="10.500011">
				<ele>1854.000000</ele>
			</trkpt>
			<trkpt lat="46.539191" lon="10.500057">
				<ele>1855.000000</ele>
			</trkpt>
			<trkpt lat="46.539154" lon="10.500093">
				<ele>1855.000000</ele>
			</trkpt>
			<trkpt lat="46.539105" lon="10.500138">
				<ele>1856.000000</ele>
			</trkpt>
			<trkpt lat="46.539055" lon="10.500174">
				<ele>1856.000000</ele>
			</trkpt>
			<trkpt lat="46.538999" lon="10.500210">
				<ele>1857.000000</ele>
			</trkpt>
			<trkpt lat="46.538901" lon="10.500273">
				<ele>1857.000000</ele>
			</trkpt>
			<trkpt lat="46.538709" lon="10.500407">
				<ele>1859.000000</ele>
			</trkpt>
			<trkpt lat="46.538641" lon="10.500453">
				<ele>1860.000000</ele>
			</trkpt>
			<trkpt lat="46.538592" lon="10.500488">
				<ele>1860.000000</ele>
			</trkpt>
			<trkpt lat="46.538536" lon="10.500516">
				<ele>1861.000000</ele>
			</trkpt>
			<trkpt lat="46.538455" lon="10.500516">
				<ele>1861.000000</ele>
			</trkpt>
			<trkpt lat="46.538394" lon="10.500524">
				<ele>1862.000000</ele>
			</trkpt>
			<trkpt lat="46.538307" lon="10.500524">
				<ele>1863.000000</ele>
			</trkpt>
			<trkpt lat="46.538221" lon="10.500506">
				<ele>1864.000000</ele>
			</trkpt>
			<trkpt lat="46.538128" lon="10.500506">
				<ele>1865.000000</ele>
			</trkpt>
			<trkpt lat="46.537906" lon="10.500497">
				<ele>1868.000000</ele>
			</trkpt>
			<trkpt lat="46.537677" lon="10.500488">
				<ele>1871.000000</ele>
			</trkpt>
			<trkpt lat="46.537523" lon="10.500479">
				<ele>1873.000000</ele>
			</trkpt>
			<trkpt lat="46.537442" lon="10.500479">
				<ele>1874.000000</ele>
			</trkpt>
			<trkpt lat="46.537393" lon="10.500470">
				<ele>1875.000000</ele>
			</trkpt>
			<trkpt lat="46.537263" lon="10.500390">
				<ele>1876.000000</ele>
			</trkpt>
			<trkpt lat="46.537139" lon="10.500300">
				<ele>1878.000000</ele>
			</trkpt>
			<trkpt lat="46.537115" lon="10.500273">
				<ele>1879.000000</ele>
			</trkpt>
			<trkpt lat="46.537090" lon="10.500246">
				<ele>1879.000000</ele>
			</trkpt>
			<trkpt lat="46.537065" lon="10.500210">
				<ele>1879.000000</ele>
			</trkpt>
			<trkpt lat="46.537041" lon="10.500138">
				<ele>1880.000000</ele>
			</trkpt>
			<trkpt lat="46.536997" lon="10.500040">
				<ele>1882.000000</ele>
			</trkpt>
			<trkpt lat="46.536960" lon="10.499940">
				<ele>1883.000000</ele>
			</trkpt>
			<trkpt lat="46.536929" lon="10.499851">
				<ele>1885.000000</ele>
			</trkpt>
			<trkpt lat="46.536880" lon="10.499707">
				<ele>1887.000000</ele>
			</trkpt>
			<trkpt lat="46.536831" lon="10.499617">
				<ele>1889.000000</ele>
			</trkpt>
			<trkpt lat="46.536787" lon="10.499545">
				<ele>1890.000000</ele>
			</trkpt>
			<trkpt lat="46.536762" lon="10.499500">
				<ele>1890.000000</ele>
			</trkpt>
			<trkpt lat="46.536731" lon="10.499474">
				<ele>1890.000000</ele>
			</trkpt>
			<trkpt lat="46.536701" lon="10.499455">
				<ele>1891.000000</ele>
			</trkpt>
			<trkpt lat="46.536658" lon="10.499428">
				<ele>1891.000000</ele>
			</trkpt>
			<trkpt lat="46.536571" lon="10.499384">
				<ele>1891.000000</ele>
			</trkpt>
			<trkpt lat="46.536491" lon="10.499348">
				<ele>1892.000000</ele>
			</trkpt>
			<trkpt lat="46.536435" lon="10.499311">
				<ele>1892.000000</ele>
			</trkpt>
			<trkpt lat="46.536385" lon="10.499267">
				<ele>1893.000000</ele>
			</trkpt>
			<trkpt lat="46.536324" lon="10.499204">
				<ele>1893.000000</ele>
			</trkpt>
			<trkpt lat="46.536262" lon="10.499095">
				<ele>1894.000000</ele>
			</trkpt>
			<trkpt lat="46.536200" lon="10.498979">
				<ele>1894.000000</ele>
			</trkpt>
			<trkpt lat="46.536157" lon="10.498916">
				<ele>1895.000000</ele>
			</trkpt>
			<trkpt lat="46.536114" lon="10.498862">
				<ele>1895.000000</ele>
			</trkpt>
			<trkpt lat="46.536064" lon="10.498808">
				<ele>1895.000000</ele>
			</trkpt>
			<trkpt lat="46.536021" lon="10.498763">
				<ele>1896.000000</ele>
			</trkpt>
			<trkpt lat="46.535978" lon="10.498709">
				<ele>1896.000000</ele>
			</trkpt>
			<trkpt lat="46.535934" lon="10.498619">
				<ele>1897.000000</ele>
			</trkpt>
			<trkpt lat="46.535903" lon="10.498530">
				<ele>1897.000000</ele>
			</trkpt>
			<trkpt lat="46.535872" lon="10.498413">
				<ele>1898.000000</ele>
			</trkpt>
			<trkpt lat="46.535842" lon="10.498306">
				<ele>1898.000000</ele>
			</trkpt>
			<trkpt lat="46.535792" lon="10.498116">
				<ele>1899.000000</ele>
			</trkpt>
			<trkpt lat="46.535768" lon="10.497937">
				<ele>1900.000000</ele>
			</trkpt>
			<trkpt lat="46.535737" lon="10.497703">
				<ele>1901.000000</ele>
			</trkpt>
			<trkpt lat="46.535705" lon="10.497551">
				<ele>1902.000000</ele>
			</trkpt>
			<trkpt lat="46.535675" lon="10.497443">
				<ele>1902.000000</ele>
			</trkpt>
			<trkpt lat="46.535650" lon="10.497371">
				<ele>1903.000000</ele>
			</trkpt>
			<trkpt lat="46.535613" lon="10.497300">
				<ele>1903.000000</ele>
			</trkpt>
			<trkpt lat="46.535576" lon="10.497218">
				<ele>1904.000000</ele>
			</trkpt>
			<trkpt lat="46.535409" lon="10.496931">
				<ele>1905.000000</ele>
			</trkpt>
			<trkpt lat="46.535323" lon="10.496787">
				<ele>1906.000000</ele>
			</trkpt>
			<trkpt lat="46.535267" lon="10.496688">
				<ele>1907.000000</ele>
			</trkpt>
			<trkpt lat="46.535211" lon="10.496598">
				<ele>1908.000000</ele>
			</trkpt>
			<trkpt lat="46.535113" lon="10.496464">
				<ele>1909.000000</ele>
			</trkpt>
			<trkpt lat="46.535020" lon="10.496348">
				<ele>1910.000000</ele>
			</trkpt>
			<trkpt lat="46.534915" lon="10.496203">
				<ele>1911.000000</ele>
			</trkpt>
			<trkpt lat="46.534822" lon="10.496059">
				<ele>1913.000000</ele>
			</trkpt>
			<trkpt lat="46.534754" lon="10.495952">
				<ele>1915.000000</ele>
			</trkpt>
			<trkpt lat="46.534698" lon="10.495835">
				<ele>1916.000000</ele>
			</trkpt>
			<trkpt lat="46.534643" lon="10.495709">
				<ele>1917.000000</ele>
			</trkpt>
			<trkpt lat="46.534575" lon="10.495529">
				<ele>1919.000000</ele>
			</trkpt>
			<trkpt lat="46.534421" lon="10.495143">
				<ele>1923.000000</ele>
			</trkpt>
			<trkpt lat="46.534377" lon="10.495044">
				<ele>1924.000000</ele>
			</trkpt>
			<trkpt lat="46.534352" lon="10.494990">
				<ele>1925.000000</ele>
			</trkpt>
			<trkpt lat="46.534346" lon="10.494973">
				<ele>1925.000000</ele>
			</trkpt>
			<trkpt lat="46.534291" lon="10.494856">
				<ele>1926.000000</ele>
			</trkpt>
			<trkpt lat="46.534241" lon="10.494740">
				<ele>1927.000000</ele>
			</trkpt>
			<trkpt lat="46.534130" lon="10.494541">
				<ele>1929.000000</ele>
			</trkpt>
			<trkpt lat="46.533815" lon="10.493939">
				<ele>1935.000000</ele>
			</trkpt>
			<trkpt lat="46.533753" lon="10.493822">
				<ele>1937.000000</ele>
			</trkpt>
			<trkpt lat="46.533716" lon="10.493715">
				<ele>1938.000000</ele>
			</trkpt>
			<trkpt lat="46.533679" lon="10.493571">
				<ele>1939.000000</ele>
			</trkpt>
			<trkpt lat="46.533605" lon="10.493275">
				<ele>1941.000000</ele>
			</trkpt>
			<trkpt lat="46.533543" lon="10.493006">
				<ele>1943.000000</ele>
			</trkpt>
			<trkpt lat="46.533506" lon="10.492870">
				<ele>1944.000000</ele>
			</trkpt>
			<trkpt lat="46.533462" lon="10.492673">
				<ele>1945.000000</ele>
			</trkpt>
			<trkpt lat="46.533426" lon="10.492566">
				<ele>1946.000000</ele>
			</trkpt>
			<trkpt lat="46.533395" lon="10.492457">
				<ele>1947.000000</ele>
			</trkpt>
			<trkpt lat="46.533345" lon="10.492331">
				<ele>1948.000000</ele>
			</trkpt>
			<trkpt lat="46.533308" lon="10.492214">
				<ele>1949.000000</ele>
			</trkpt>
			<trkpt lat="46.533271" lon="10.492124">
				<ele>1949.000000</ele>
			</trkpt>
			<trkpt lat="46.533234" lon="10.492017">
				<ele>1950.000000</ele>
			</trkpt>
			<trkpt lat="46.533228" lon="10.492017">
				<ele>1950.000000</ele>
			</trkpt>
			<trkpt lat="46.533228" lon="10.492008">
				<ele>1950.000000</ele>
			</trkpt>
			<trkpt lat="46.533228" lon="10.492000">
				<ele>1950.000000</ele>
			</trkpt>
			<trkpt lat="46.533228" lon="10.491990">
				<ele>1951.000000</ele>
			</trkpt>
			<trkpt lat="46.533228" lon="10.491981">
				<ele>1951.000000</ele>
			</trkpt>
			<trkpt lat="46.533228" lon="10.491972">
				<ele>1951.000000</ele>
			</trkpt>
			<trkpt lat="46.533228" lon="10.491963">
				<ele>1951.000000</ele>
			</trkpt>
			<trkpt lat="46.533228" lon="10.491954">
				<ele>1951.000000</ele>
			</trkpt>
			<trkpt lat="46.533228" lon="10.491945">
				<ele>1951.000000</ele>
			</trkpt>
			<trkpt lat="46.533234" lon="10.491937">
				<ele>1951.000000</ele>
			</trkpt>
			<trkpt lat="46.533234" lon="10.491927">
				<ele>1951.000000</ele>
			</trkpt>
			<trkpt lat="46.533240" lon="10.491927">
				<ele>1951.000000</ele>
			</trkpt>
			<trkpt lat="46.533247" lon="10.491918">
				<ele>1951.000000</ele>
			</trkpt>
			<trkpt lat="46.533253" lon="10.491910">
				<ele>1951.000000</ele>
			</trkpt>
			<trkpt lat="46.533259" lon="10.491910">
				<ele>1951.000000</ele>
			</trkpt>
			<trkpt lat="46.533271" lon="10.491910">
				<ele>1951.000000</ele>
			</trkpt>
			<trkpt lat="46.533277" lon="10.491900">
				<ele>1951.000000</ele>
			</trkpt>
			<trkpt lat="46.533283" lon="10.491900">
				<ele>1952.000000</ele>
			</trkpt>
			<trkpt lat="46.533289" lon="10.491900">
				<ele>1952.000000</ele>
			</trkpt>
			<trkpt lat="46.533296" lon="10.491910">
				<ele>1952.000000</ele>
			</trkpt>
			<trkpt lat="46.533302" lon="10.491910">
				<ele>1952.000000</ele>
			</trkpt>
			<trkpt lat="46.533308" lon="10.491918">
				<ele>1952.000000</ele>
			</trkpt>
			<trkpt lat="46.533314" lon="10.491918">
				<ele>1952.000000</ele>
			</trkpt>
			<trkpt lat="46.533314" lon="10.491927">
				<ele>1952.000000</ele>
			</trkpt>
			<trkpt lat="46.533320" lon="10.491927">
				<ele>1952.000000</ele>
			</trkpt>
			<trkpt lat="46.533320" lon="10.491937">
				<ele>1952.000000</ele>
			</trkpt>
			<trkpt lat="46.533326" lon="10.491945">
				<ele>1952.000000</ele>
			</trkpt>
			<trkpt lat="46.533326" lon="10.491954">
				<ele>1952.000000</ele>
			</trkpt>
			<trkpt lat="46.533326" lon="10.491963">
				<ele>1952.000000</ele>
			</trkpt>
			<trkpt lat="46.533351" lon="10.492053">
				<ele>1953.000000</ele>
			</trkpt>
			<trkpt lat="46.533382" lon="10.492134">
				<ele>1954.000000</ele>
			</trkpt>
			<trkpt lat="46.533413" lon="10.492224">
				<ele>1954.000000</ele>
			</trkpt>
			<trkpt lat="46.533456" lon="10.492323">
				<ele>1955.000000</ele>
			</trkpt>
			<trkpt lat="46.533493" lon="10.492403">
				<ele>1956.000000</ele>
			</trkpt>
			<trkpt lat="46.533537" lon="10.492493">
				<ele>1957.000000</ele>
			</trkpt>
			<trkpt lat="46.533605" lon="10.492619">
				<ele>1958.000000</ele>
			</trkpt>
			<trkpt lat="46.533697" lon="10.492790">
				<ele>1959.000000</ele>
			</trkpt>
			<trkpt lat="46.533778" lon="10.492916">
				<ele>1960.000000</ele>
			</trkpt>
			<trkpt lat="46.533778" lon="10.492925">
				<ele>1960.000000</ele>
			</trkpt>
			<trkpt lat="46.533784" lon="10.492925">
				<ele>1960.000000</ele>
			</trkpt>
			<trkpt lat="46.533790" lon="10.492933">
				<ele>1961.000000</ele>
			</trkpt>
			<trkpt lat="46.533796" lon="10.492942">
				<ele>1961.000000</ele>
			</trkpt>
			<trkpt lat="46.533802" lon="10.492942">
				<ele>1961.000000</ele>
			</trkpt>
			<trkpt lat="46.533808" lon="10.492952">
				<ele>1961.000000</ele>
			</trkpt>
			<trkpt lat="46.533815" lon="10.492952">
				<ele>1961.000000</ele>
			</trkpt>
			<trkpt lat="46.533821" lon="10.492952">
				<ele>1961.000000</ele>
			</trkpt>
			<trkpt lat="46.533827" lon="10.492952">
				<ele>1961.000000</ele>
			</trkpt>
			<trkpt lat="46.533833" lon="10.492952">
				<ele>1961.000000</ele>
			</trkpt>
			<trkpt lat="46.533839" lon="10.492952">
				<ele>1961.000000</ele>
			</trkpt>
			<trkpt lat="46.533845" lon="10.492952">
				<ele>1961.000000</ele>
			</trkpt>
			<trkpt lat="46.533852" lon="10.492942">
				<ele>1961.000000</ele>
			</trkpt>
			<trkpt lat="46.533858" lon="10.492942">
				<ele>1961.000000</ele>
			</trkpt>
			<trkpt lat="46.533864" lon="10.492933">
				<ele>1961.000000</ele>
			</trkpt>
			<trkpt lat="46.533864" lon="10.492925">
				<ele>1961.000000</ele>
			</trkpt>
			<trkpt lat="46.533870" lon="10.492916">
				<ele>1962.000000</ele>
			</trkpt>
			<trkpt lat="46.533870" lon="10.492906">
				<ele>1962.000000</ele>
			</trkpt>
			<trkpt lat="46.533870" lon="10.492897">
				<ele>1962.000000</ele>
			</trkpt>
			<trkpt lat="46.533870" lon="10.492889">
				<ele>1962.000000</ele>
			</trkpt>
			<trkpt lat="46.533870" lon="10.492879">
				<ele>1962.000000</ele>
			</trkpt>
			<trkpt lat="46.533870" lon="10.492870">
				<ele>1962.000000</ele>
			</trkpt>
			<trkpt lat="46.533864" lon="10.492862">
				<ele>1962.000000</ele>
			</trkpt>
			<trkpt lat="46.533864" lon="10.492853">
				<ele>1962.000000</ele>
			</trkpt>
			<trkpt lat="46.533858" lon="10.492843">
				<ele>1962.000000</ele>
			</trkpt>
			<trkpt lat="46.533858" lon="10.492835">
				<ele>1962.000000</ele>
			</trkpt>
			<trkpt lat="46.533852" lon="10.492835">
				<ele>1962.000000</ele>
			</trkpt>
			<trkpt lat="46.533852" lon="10.492826">
				<ele>1962.000000</ele>
			</trkpt>
			<trkpt lat="46.533778" lon="10.492690">
				<ele>1963.000000</ele>
			</trkpt>
			<trkpt lat="46.533697" lon="10.492511">
				<ele>1965.000000</ele>
			</trkpt>
			<trkpt lat="46.533629" lon="10.492340">
				<ele>1966.000000</ele>
			</trkpt>
			<trkpt lat="46.533593" lon="10.492241">
				<ele>1967.000000</ele>
			</trkpt>
			<trkpt lat="46.533580" lon="10.492161">
				<ele>1968.000000</ele>
			</trkpt>
			<trkpt lat="46.533580" lon="10.492080">
				<ele>1968.000000</ele>
			</trkpt>
			<trkpt lat="46.533574" lon="10.492000">
				<ele>1969.000000</ele>
			</trkpt>
			<trkpt lat="46.533568" lon="10.491927">
				<ele>1969.000000</ele>
			</trkpt>
			<trkpt lat="46.533549" lon="10.491864">
				<ele>1970.000000</ele>
			</trkpt>
			<trkpt lat="46.533518" lon="10.491784">
				<ele>1970.000000</ele>
			</trkpt>
			<trkpt lat="46.533481" lon="10.491703">
				<ele>1971.000000</ele>
			</trkpt>
			<trkpt lat="46.533432" lon="10.491621">
				<ele>1972.000000</ele>
			</trkpt>
			<trkpt lat="46.533370" lon="10.491532">
				<ele>1973.000000</ele>
			</trkpt>
			<trkpt lat="46.533283" lon="10.491398">
				<ele>1974.000000</ele>
			</trkpt>
			<trkpt lat="46.533222" lon="10.491308">
				<ele>1975.000000</ele>
			</trkpt>
			<trkpt lat="46.533166" lon="10.491218">
				<ele>1976.000000</ele>
			</trkpt>
			<trkpt lat="46.533110" lon="10.491119">
				<ele>1976.000000</ele>
			</trkpt>
			<trkpt lat="46.533073" lon="10.491048">
				<ele>1977.000000</ele>
			</trkpt>
			<trkpt lat="46.533030" lon="10.490948">
				<ele>1978.000000</ele>
			</trkpt>
			<trkpt lat="46.532974" lon="10.490822">
				<ele>1979.000000</ele>
			</trkpt>
			<trkpt lat="46.532931" lon="10.490732">
				<ele>1980.000000</ele>
			</trkpt>
			<trkpt lat="46.532888" lon="10.490633">
				<ele>1980.000000</ele>
			</trkpt>
			<trkpt lat="46.532844" lon="10.490553">
				<ele>1981.000000</ele>
			</trkpt>
			<trkpt lat="46.532795" lon="10.490445">
				<ele>1982.000000</ele>
			</trkpt>
			<trkpt lat="46.532740" lon="10.490337">
				<ele>1983.000000</ele>
			</trkpt>
			<trkpt lat="46.532703" lon="10.490247">
				<ele>1983.000000</ele>
			</trkpt>
			<trkpt lat="46.532665" lon="10.490157">
				<ele>1984.000000</ele>
			</trkpt>
			<trkpt lat="46.532622" lon="10.490032">
				<ele>1985.000000</ele>
			</trkpt>
			<trkpt lat="46.532591" lon="10.489950">
				<ele>1985.000000</ele>
			</trkpt>
			<trkpt lat="46.532567" lon="10.489861">
				<ele>1986.000000</ele>
			</trkpt>
			<trkpt lat="46.532542" lon="10.489753">
				<ele>1986.000000</ele>
			</trkpt>
			<trkpt lat="46.532517" lon="10.489654">
				<ele>1987.000000</ele>
			</trkpt>
			<trkpt lat="46.532498" lon="10.489574">
				<ele>1988.000000</ele>
			</trkpt>
			<trkpt lat="46.532480" lon="10.489520">
				<ele>1988.000000</ele>
			</trkpt>
			<trkpt lat="46.532449" lon="10.489466">
				<ele>1988.000000</ele>
			</trkpt>
			<trkpt lat="46.532412" lon="10.489394">
				<ele>1989.000000</ele>
			</trkpt>
			<trkpt lat="46.532388" lon="10.489331">
				<ele>1989.000000</ele>
			</trkpt>
			<trkpt lat="46.532375" lon="10.489295">
				<ele>1990.000000</ele>
			</trkpt>
			<trkpt lat="46.532369" lon="10.489250">
				<ele>1990.000000</ele>
			</trkpt>
			<trkpt lat="46.532350" lon="10.489151">
				<ele>1990.000000</ele>
			</trkpt>
			<trkpt lat="46.532325" lon="10.488945">
				<ele>1992.000000</ele>
			</trkpt>
			<trkpt lat="46.532294" lon="10.488792">
				<ele>1992.000000</ele>
			</trkpt>
			<trkpt lat="46.532264" lon="10.488639">
				<ele>1993.000000</ele>
			</trkpt>
			<trkpt lat="46.532221" lon="10.488495">
				<ele>1994.000000</ele>
			</trkpt>
			<trkpt lat="46.532183" lon="10.488369">
				<ele>1995.000000</ele>
			</trkpt>
			<trkpt lat="46.532127" lon="10.488190">
				<ele>1996.000000</ele>
			</trkpt>
			<trkpt lat="46.532091" lon="10.488073">
				<ele>1997.000000</ele>
			</trkpt>
			<trkpt lat="46.532048" lon="10.487966">
				<ele>1997.000000</ele>
			</trkpt>
			<trkpt lat="46.532023" lon="10.487893">
				<ele>1998.000000</ele>
			</trkpt>
			<trkpt lat="46.531973" lon="10.487803">
				<ele>1998.000000</ele>
			</trkpt>
			<trkpt lat="46.531936" lon="10.487705">
				<ele>1999.000000</ele>
			</trkpt>
			<trkpt lat="46.531930" lon="10.487696">
				<ele>1999.000000</ele>
			</trkpt>
			<trkpt lat="46.531930" lon="10.487687">
				<ele>1999.000000</ele>
			</trkpt>
			<trkpt lat="46.531930" lon="10.487679">
				<ele>1999.000000</ele>
			</trkpt>
			<trkpt lat="46.531930" lon="10.487669">
				<ele>1999.000000</ele>
			</trkpt>
			<trkpt lat="46.531930" lon="10.487660">
				<ele>1999.000000</ele>
			</trkpt>
			<trkpt lat="46.531930" lon="10.487652">
				<ele>1999.000000</ele>
			</trkpt>
			<trkpt lat="46.531930" lon="10.487642">
				<ele>1999.000000</ele>
			</trkpt>
			<trkpt lat="46.531930" lon="10.487633">
				<ele>1999.000000</ele>
			</trkpt>
			<trkpt lat="46.531930" lon="10.487624">
				<ele>2000.000000</ele>
			</trkpt>
			<trkpt lat="46.531930" lon="10.487616">
				<ele>2000.000000</ele>
			</trkpt>
			<trkpt lat="46.531930" lon="10.487606">
				<ele>2000.000000</ele>
			</trkpt>
			<trkpt lat="46.531936" lon="10.487597">
				<ele>2000.000000</ele>
			</trkpt>
			<trkpt lat="46.531936" lon="10.487589">
				<ele>2000.000000</ele>
			</trkpt>
			<trkpt lat="46.531942" lon="10.487579">
				<ele>2000.000000</ele>
			</trkpt>
			<trkpt lat="46.531948" lon="10.487579">
				<ele>2000.000000</ele>
			</trkpt>
			<trkpt lat="46.531948" lon="10.487570">
				<ele>2000.000000</ele>
			</trkpt>
			<trkpt lat="46.531954" lon="10.487562">
				<ele>2000.000000</ele>
			</trkpt>
			<trkpt lat="46.531961" lon="10.487562">
				<ele>2000.000000</ele>
			</trkpt>
			<trkpt lat="46.531967" lon="10.487553">
				<ele>2000.000000</ele>
			</trkpt>
			<trkpt lat="46.531973" lon="10.487553">
				<ele>2000.000000</ele>
			</trkpt>
			<trkpt lat="46.531985" lon="10.487553">
				<ele>2000.000000</ele>
			</trkpt>
			<trkpt lat="46.531992" lon="10.487553">
				<ele>2000.000000</ele>
			</trkpt>
			<trkpt lat="46.531998" lon="10.487553">
				<ele>2001.000000</ele>
			</trkpt>
			<trkpt lat="46.532004" lon="10.487562">
				<ele>2001.000000</ele>
			</trkpt>
			<trkpt lat="46.532010" lon="10.487562">
				<ele>2001.000000</ele>
			</trkpt>
			<trkpt lat="46.532017" lon="10.487562">
				<ele>2001.000000</ele>
			</trkpt>
			<trkpt lat="46.532017" lon="10.487570">
				<ele>2001.000000</ele>
			</trkpt>
			<trkpt lat="46.532023" lon="10.487579">
				<ele>2001.000000</ele>
			</trkpt>
			<trkpt lat="46.532029" lon="10.487589">
				<ele>2001.000000</ele>
			</trkpt>
			<trkpt lat="46.532035" lon="10.487597">
				<ele>2001.000000</ele>
			</trkpt>
			<trkpt lat="46.532035" lon="10.487606">
				<ele>2001.000000</ele>
			</trkpt>
			<trkpt lat="46.532035" lon="10.487616">
				<ele>2001.000000</ele>
			</trkpt>
			<trkpt lat="46.532041" lon="10.487616">
				<ele>2001.000000</ele>
			</trkpt>
			<trkpt lat="46.532041" lon="10.487642">
				<ele>2002.000000</ele>
			</trkpt>
			<trkpt lat="46.532066" lon="10.487723">
				<ele>2002.000000</ele>
			</trkpt>
			<trkpt lat="46.532084" lon="10.487769">
				<ele>2003.000000</ele>
			</trkpt>
			<trkpt lat="46.532121" lon="10.487849">
				<ele>2004.000000</ele>
			</trkpt>
			<trkpt lat="46.532165" lon="10.487939">
				<ele>2005.000000</ele>
			</trkpt>
			<trkpt lat="46.532208" lon="10.488029">
				<ele>2005.000000</ele>
			</trkpt>
			<trkpt lat="46.532270" lon="10.488119">
				<ele>2007.000000</ele>
			</trkpt>
			<trkpt lat="46.532338" lon="10.488218">
				<ele>2008.000000</ele>
			</trkpt>
			<trkpt lat="46.532449" lon="10.488352">
				<ele>2009.000000</ele>
			</trkpt>
			<trkpt lat="46.532548" lon="10.488478">
				<ele>2011.000000</ele>
			</trkpt>
			<trkpt lat="46.532616" lon="10.488568">
				<ele>2012.000000</ele>
			</trkpt>
			<trkpt lat="46.532653" lon="10.488621">
				<ele>2012.000000</ele>
			</trkpt>
			<trkpt lat="46.532684" lon="10.488694">
				<ele>2013.000000</ele>
			</trkpt>
			<trkpt lat="46.532752" lon="10.488845">
				<ele>2014.000000</ele>
			</trkpt>
			<trkpt lat="46.532863" lon="10.489088">
				<ele>2016.000000</ele>
			</trkpt>
			<trkpt lat="46.532913" lon="10.489197">
				<ele>2017.000000</ele>
			</trkpt>
			<trkpt lat="46.532962" lon="10.489277">
				<ele>2017.000000</ele>
			</trkpt>
			<trkpt lat="46.533055" lon="10.489411">
				<ele>2019.000000</ele>
			</trkpt>
			<trkpt lat="46.533172" lon="10.489591">
				<ele>2020.000000</ele>
			</trkpt>
			<trkpt lat="46.533283" lon="10.489753">
				<ele>2022.000000</ele>
			</trkpt>
			<trkpt lat="46.533438" lon="10.489987">
				<ele>2024.000000</ele>
			</trkpt>
			<trkpt lat="46.533568" lon="10.490176">
				<ele>2026.000000</ele>
			</trkpt>
			<trkpt lat="46.533654" lon="10.490283">
				<ele>2027.000000</ele>
			</trkpt>
			<trkpt lat="46.533747" lon="10.490427">
				<ele>2029.000000</ele>
			</trkpt>
			<trkpt lat="46.533753" lon="10.490427">
				<ele>2029.000000</ele>
			</trkpt>
			<trkpt lat="46.533753" lon="10.490436">
				<ele>2029.000000</ele>
			</trkpt>
			<trkpt lat="46.533759" lon="10.490436">
				<ele>2029.000000</ele>
			</trkpt>
			<trkpt lat="46.533759" lon="10.490445">
				<ele>2029.000000</ele>
			</trkpt>
			<trkpt lat="46.533766" lon="10.490445">
				<ele>2029.000000</ele>
			</trkpt>
			<trkpt lat="46.533772" lon="10.490445">
				<ele>2029.000000</ele>
			</trkpt>
			<trkpt lat="46.533778" lon="10.490453">
				<ele>2029.000000</ele>
			</trkpt>
			<trkpt lat="46.533784" lon="10.490453">
				<ele>2029.000000</ele>
			</trkpt>
			<trkpt lat="46.533790" lon="10.490453">
				<ele>2029.000000</ele>
			</trkpt>
			<trkpt lat="46.533796" lon="10.490453">
				<ele>2030.000000</ele>
			</trkpt>
			<trkpt lat="46.533802" lon="10.490445">
				<ele>2030.000000</ele>
			</trkpt>
			<trkpt lat="46.533808" lon="10.490445">
				<ele>2030.000000</ele>
			</trkpt>
			<trkpt lat="46.533808" lon="10.490436">
				<ele>2030.000000</ele>
			</trkpt>
			<trkpt lat="46.533815" lon="10.490436">
				<ele>2030.000000</ele>
			</trkpt>
			<trkpt lat="46.533821" lon="10.490427">
				<ele>2030.000000</ele>
			</trkpt>
			<trkpt lat="46.533821" lon="10.490419">
				<ele>2030.000000</ele>
			</trkpt>
			<trkpt lat="46.533827" lon="10.490409">
				<ele>2030.000000</ele>
			</trkpt>
			<trkpt lat="46.533827" lon="10.490400">
				<ele>2030.000000</ele>
			</trkpt>
			<trkpt lat="46.533827" lon="10.490392">
				<ele>2030.000000</ele>
			</trkpt>
			<trkpt lat="46.533827" lon="10.490382">
				<ele>2030.000000</ele>
			</trkpt>
			<trkpt lat="46.533827" lon="10.490373">
				<ele>2030.000000</ele>
			</trkpt>
			<trkpt lat="46.533821" lon="10.490364">
				<ele>2030.000000</ele>
			</trkpt>
			<trkpt lat="46.533821" lon="10.490355">
				<ele>2030.000000</ele>
			</trkpt>
			<trkpt lat="46.533815" lon="10.490346">
				<ele>2031.000000</ele>
			</trkpt>
			<trkpt lat="46.533815" lon="10.490337">
				<ele>2031.000000</ele>
			</trkpt>
			<trkpt lat="46.533808" lon="10.490337">
				<ele>2031.000000</ele>
			</trkpt>
			<trkpt lat="46.533808" lon="10.490329">
				<ele>2031.000000</ele>
			</trkpt>
			<trkpt lat="46.533747" lon="10.490220">
				<ele>2032.000000</ele>
			</trkpt>
			<trkpt lat="46.533654" lon="10.490077">
				<ele>2033.000000</ele>
			</trkpt>
			<trkpt lat="46.533599" lon="10.489960">
				<ele>2034.000000</ele>
			</trkpt>
			<trkpt lat="46.533555" lon="10.489897">
				<ele>2034.000000</ele>
			</trkpt>
			<trkpt lat="46.533524" lon="10.489798">
				<ele>2035.000000</ele>
			</trkpt>
			<trkpt lat="46.533462" lon="10.489591">
				<ele>2036.000000</ele>
			</trkpt>
			<trkpt lat="46.533407" lon="10.489411">
				<ele>2038.000000</ele>
			</trkpt>
			<trkpt lat="46.533357" lon="10.489241">
				<ele>2039.000000</ele>
			</trkpt>
			<trkpt lat="46.533326" lon="10.489124">
				<ele>2039.000000</ele>
			</trkpt>
			<trkpt lat="46.533296" lon="10.489008">
				<ele>2040.000000</ele>
			</trkpt>
			<trkpt lat="46.533222" lon="10.488648">
				<ele>2044.000000</ele>
			</trkpt>
			<trkpt lat="46.533197" lon="10.488541">
				<ele>2044.000000</ele>
			</trkpt>
			<trkpt lat="46.533172" lon="10.488442">
				<ele>2045.000000</ele>
			</trkpt>
			<trkpt lat="46.533141" lon="10.488352">
				<ele>2046.000000</ele>
			</trkpt>
			<trkpt lat="46.533110" lon="10.488271">
				<ele>2047.000000</ele>
			</trkpt>
			<trkpt lat="46.533067" lon="10.488182">
				<ele>2048.000000</ele>
			</trkpt>
			<trkpt lat="46.533005" lon="10.488038">
				<ele>2049.000000</ele>
			</trkpt>
			<trkpt lat="46.532950" lon="10.487912">
				<ele>2051.000000</ele>
			</trkpt>
			<trkpt lat="46.532907" lon="10.487822">
				<ele>2051.000000</ele>
			</trkpt>
			<trkpt lat="46.532876" lon="10.487732">
				<ele>2052.000000</ele>
			</trkpt>
			<trkpt lat="46.532857" lon="10.487633">
				<ele>2053.000000</ele>
			</trkpt>
			<trkpt lat="46.532832" lon="10.487526">
				<ele>2054.000000</ele>
			</trkpt>
			<trkpt lat="46.532752" lon="10.487140">
				<ele>2057.000000</ele>
			</trkpt>
			<trkpt lat="46.532703" lon="10.486870">
				<ele>2059.000000</ele>
			</trkpt>
			<trkpt lat="46.532628" lon="10.486501">
				<ele>2061.000000</ele>
			</trkpt>
			<trkpt lat="46.532597" lon="10.486331">
				<ele>2063.000000</ele>
			</trkpt>
			<trkpt lat="46.532579" lon="10.486232">
				<ele>2063.000000</ele>
			</trkpt>
			<trkpt lat="46.532554" lon="10.486124">
				<ele>2064.000000</ele>
			</trkpt>
			<trkpt lat="46.532523" lon="10.486008">
				<ele>2065.000000</ele>
			</trkpt>
			<trkpt lat="46.532480" lon="10.485855">
				<ele>2066.000000</ele>
			</trkpt>
			<trkpt lat="46.532449" lon="10.485756">
				<ele>2067.000000</ele>
			</trkpt>
			<trkpt lat="46.532418" lon="10.485658">
				<ele>2068.000000</ele>
			</trkpt>
			<trkpt lat="46.532369" lon="10.485549">
				<ele>2069.000000</ele>
			</trkpt>
			<trkpt lat="46.532369" lon="10.485540">
				<ele>2069.000000</ele>
			</trkpt>
			<trkpt lat="46.532369" lon="10.485532">
				<ele>2069.000000</ele>
			</trkpt>
			<trkpt lat="46.532363" lon="10.485532">
				<ele>2069.000000</ele>
			</trkpt>
			<trkpt lat="46.532363" lon="10.485522">
				<ele>2069.000000</ele>
			</trkpt>
			<trkpt lat="46.532363" lon="10.485513">
				<ele>2069.000000</ele>
			</trkpt>
			<trkpt lat="46.532363" lon="10.485505">
				<ele>2069.000000</ele>
			</trkpt>
			<trkpt lat="46.532363" lon="10.485495">
				<ele>2069.000000</ele>
			</trkpt>
			<trkpt lat="46.532363" lon="10.485486">
				<ele>2069.000000</ele>
			</trkpt>
			<trkpt lat="46.532369" lon="10.485478">
				<ele>2069.000000</ele>
			</trkpt>
			<trkpt lat="46.532369" lon="10.485469">
				<ele>2070.000000</ele>
			</trkpt>
			<trkpt lat="46.532375" lon="10.485469">
				<ele>2070.000000</ele>
			</trkpt>
			<trkpt lat="46.532375" lon="10.485459">
				<ele>2070.000000</ele>
			</trkpt>
			<trkpt lat="46.532381" lon="10.485459">
				<ele>2070.000000</ele>
			</trkpt>
			<trkpt lat="46.532388" lon="10.485451">
				<ele>2070.000000</ele>
			</trkpt>
			<trkpt lat="46.532394" lon="10.485451">
				<ele>2070.000000</ele>
			</trkpt>
			<trkpt lat="46.532400" lon="10.485442">
				<ele>2070.000000</ele>
			</trkpt>
			<trkpt lat="46.532406" lon="10.485442">
				<ele>2070.000000</ele>
			</trkpt>
			<trkpt lat="46.532412" lon="10.485442">
				<ele>2070.000000</ele>
			</trkpt>
			<trkpt lat="46.532418" lon="10.485442">
				<ele>2070.000000</ele>
			</trkpt>
			<trkpt lat="46.532424" lon="10.485442">
				<ele>2070.000000</ele>
			</trkpt>
			<trkpt lat="46.532430" lon="10.485451">
				<ele>2070.000000</ele>
			</trkpt>
			<trkpt lat="46.532437" lon="10.485459">
				<ele>2070.000000</ele>
			</trkpt>
			<trkpt lat="46.532443" lon="10.485469">
				<ele>2070.000000</ele>
			</trkpt>
			<trkpt lat="46.532443" lon="10.485478">
				<ele>2071.000000</ele>
			</trkpt>
			<trkpt lat="46.532449" lon="10.485478">
				<ele>2071.000000</ele>
			</trkpt>
			<trkpt lat="46.532449" lon="10.485486">
				<ele>2071.000000</ele>
			</trkpt>
			<trkpt lat="46.532461" lon="10.485522">
				<ele>2071.000000</ele>
			</trkpt>
			<trkpt lat="46.532492" lon="10.485603">
				<ele>2072.000000</ele>
			</trkpt>
			<trkpt lat="46.532523" lon="10.485675">
				<ele>2072.000000</ele>
			</trkpt>
			<trkpt lat="46.532604" lon="10.485864">
				<ele>2074.000000</ele>
			</trkpt>
			<trkpt lat="46.532801" lon="10.486321">
				<ele>2077.000000</ele>
			</trkpt>
			<trkpt lat="46.533042" lon="10.486879">
				<ele>2082.000000</ele>
			</trkpt>
			<trkpt lat="46.533129" lon="10.487076">
				<ele>2084.000000</ele>
			</trkpt>
			<trkpt lat="46.533228" lon="10.487310">
				<ele>2086.000000</ele>
			</trkpt>
			<trkpt lat="46.533296" lon="10.487472">
				<ele>2087.000000</ele>
			</trkpt>
			<trkpt lat="46.533351" lon="10.487589">
				<ele>2088.000000</ele>
			</trkpt>
			<trkpt lat="46.533382" lon="10.487660">
				<ele>2089.000000</ele>
			</trkpt>
			<trkpt lat="46.533420" lon="10.487705">
				<ele>2089.000000</ele>
			</trkpt>
			<trkpt lat="46.533481" lon="10.487759">
				<ele>2090.000000</ele>
			</trkpt>
			<trkpt lat="46.533537" lon="10.487813">
				<ele>2091.000000</ele>
			</trkpt>
			<trkpt lat="46.533586" lon="10.487858">
				<ele>2091.000000</ele>
			</trkpt>
			<trkpt lat="46.533629" lon="10.487903">
				<ele>2092.000000</ele>
			</trkpt>
			<trkpt lat="46.533666" lon="10.487966">
				<ele>2092.000000</ele>
			</trkpt>
			<trkpt lat="46.533704" lon="10.488019">
				<ele>2093.000000</ele>
			</trkpt>
			<trkpt lat="46.533735" lon="10.488092">
				<ele>2093.000000</ele>
			</trkpt>
			<trkpt lat="46.533839" lon="10.488308">
				<ele>2095.000000</ele>
			</trkpt>
			<trkpt lat="46.533839" lon="10.488316">
				<ele>2095.000000</ele>
			</trkpt>
			<trkpt lat="46.533845" lon="10.488325">
				<ele>2095.000000</ele>
			</trkpt>
			<trkpt lat="46.533852" lon="10.488334">
				<ele>2095.000000</ele>
			</trkpt>
			<trkpt lat="46.533858" lon="10.488342">
				<ele>2095.000000</ele>
			</trkpt>
			<trkpt lat="46.533864" lon="10.488352">
				<ele>2096.000000</ele>
			</trkpt>
			<trkpt lat="46.533870" lon="10.488352">
				<ele>2096.000000</ele>
			</trkpt>
			<trkpt lat="46.533870" lon="10.488361">
				<ele>2096.000000</ele>
			</trkpt>
			<trkpt lat="46.533877" lon="10.488361">
				<ele>2096.000000</ele>
			</trkpt>
			<trkpt lat="46.533883" lon="10.488361">
				<ele>2096.000000</ele>
			</trkpt>
			<trkpt lat="46.533889" lon="10.488361">
				<ele>2096.000000</ele>
			</trkpt>
			<trkpt lat="46.533895" lon="10.488361">
				<ele>2096.000000</ele>
			</trkpt>
			<trkpt lat="46.533901" lon="10.488352">
				<ele>2096.000000</ele>
			</trkpt>
			<trkpt lat="46.533908" lon="10.488352">
				<ele>2096.000000</ele>
			</trkpt>
			<trkpt lat="46.533914" lon="10.488342">
				<ele>2096.000000</ele>
			</trkpt>
			<trkpt lat="46.533914" lon="10.488334">
				<ele>2096.000000</ele>
			</trkpt>
			<trkpt lat="46.533920" lon="10.488325">
				<ele>2096.000000</ele>
			</trkpt>
			<trkpt lat="46.533920" lon="10.488316">
				<ele>2096.000000</ele>
			</trkpt>
			<trkpt lat="46.533920" lon="10.488308">
				<ele>2096.000000</ele>
			</trkpt>
			<trkpt lat="46.533920" lon="10.488298">
				<ele>2096.000000</ele>
			</trkpt>
			<trkpt lat="46.533920" lon="10.488289">
				<ele>2097.000000</ele>
			</trkpt>
			<trkpt lat="46.533914" lon="10.488279">
				<ele>2097.000000</ele>
			</trkpt>
			<trkpt lat="46.533914" lon="10.488271">
				<ele>2097.000000</ele>
			</trkpt>
			<trkpt lat="46.533914" lon="10.488262">
				<ele>2097.000000</ele>
			</trkpt>
			<trkpt lat="46.533908" lon="10.488262">
				<ele>2097.000000</ele>
			</trkpt>
			<trkpt lat="46.533908" lon="10.488253">
				<ele>2097.000000</ele>
			</trkpt>
			<trkpt lat="46.533901" lon="10.488245">
				<ele>2097.000000</ele>
			</trkpt>
			<trkpt lat="46.533858" lon="10.488155">
				<ele>2098.000000</ele>
			</trkpt>
			<trkpt lat="46.533821" lon="10.488065">
				<ele>2098.000000</ele>
			</trkpt>
			<trkpt lat="46.533784" lon="10.487975">
				<ele>2099.000000</ele>
			</trkpt>
			<trkpt lat="46.533741" lon="10.487885">
				<ele>2100.000000</ele>
			</trkpt>
			<trkpt lat="46.533691" lon="10.487795">
				<ele>2101.000000</ele>
			</trkpt>
			<trkpt lat="46.533648" lon="10.487714">
				<ele>2101.000000</ele>
			</trkpt>
			<trkpt lat="46.533599" lon="10.487633">
				<ele>2102.000000</ele>
			</trkpt>
			<trkpt lat="46.533568" lon="10.487570">
				<ele>2103.000000</ele>
			</trkpt>
			<trkpt lat="46.533537" lon="10.487472">
				<ele>2103.000000</ele>
			</trkpt>
			<trkpt lat="46.533512" lon="10.487327">
				<ele>2104.000000</ele>
			</trkpt>
			<trkpt lat="46.533493" lon="10.487220">
				<ele>2105.000000</ele>
			</trkpt>
			<trkpt lat="46.533450" lon="10.486987">
				<ele>2107.000000</ele>
			</trkpt>
			<trkpt lat="46.533432" lon="10.486870">
				<ele>2108.000000</ele>
			</trkpt>
			<trkpt lat="46.533401" lon="10.486771">
				<ele>2108.000000</ele>
			</trkpt>
			<trkpt lat="46.533370" lon="10.486690">
				<ele>2109.000000</ele>
			</trkpt>
			<trkpt lat="46.533333" lon="10.486582">
				<ele>2110.000000</ele>
			</trkpt>
			<trkpt lat="46.533289" lon="10.486465">
				<ele>2111.000000</ele>
			</trkpt>
			<trkpt lat="46.533247" lon="10.486348">
				<ele>2111.000000</ele>
			</trkpt>
			<trkpt lat="46.533203" lon="10.486214">
				<ele>2112.000000</ele>
			</trkpt>
			<trkpt lat="46.533184" lon="10.486106">
				<ele>2113.000000</ele>
			</trkpt>
			<trkpt lat="46.533135" lon="10.485918">
				<ele>2114.000000</ele>
			</trkpt>
			<trkpt lat="46.533092" lon="10.485765">
				<ele>2115.000000</ele>
			</trkpt>
			<trkpt lat="46.533049" lon="10.485585">
				<ele>2116.000000</ele>
			</trkpt>
			<trkpt lat="46.533024" lon="10.485486">
				<ele>2117.000000</ele>
			</trkpt>
			<trkpt lat="46.532999" lon="10.485423">
				<ele>2117.000000</ele>
			</trkpt>
			<trkpt lat="46.532968" lon="10.485333">
				<ele>2118.000000</ele>
			</trkpt>
			<trkpt lat="46.532919" lon="10.485190">
				<ele>2119.000000</ele>
			</trkpt>
			<trkpt lat="46.532919" lon="10.485182">
				<ele>2119.000000</ele>
			</trkpt>
			<trkpt lat="46.532913" lon="10.485182">
				<ele>2119.000000</ele>
			</trkpt>
			<trkpt lat="46.532913" lon="10.485172">
				<ele>2119.000000</ele>
			</trkpt>
			<trkpt lat="46.532913" lon="10.485163">
				<ele>2119.000000</ele>
			</trkpt>
			<trkpt lat="46.532913" lon="10.485153">
				<ele>2119.000000</ele>
			</trkpt>
			<trkpt lat="46.532913" lon="10.485145">
				<ele>2119.000000</ele>
			</trkpt>
			<trkpt lat="46.532913" lon="10.485136">
				<ele>2119.000000</ele>
			</trkpt>
			<trkpt lat="46.532913" lon="10.485127">
				<ele>2119.000000</ele>
			</trkpt>
			<trkpt lat="46.532913" lon="10.485118">
				<ele>2120.000000</ele>
			</trkpt>
			<trkpt lat="46.532919" lon="10.485118">
				<ele>2120.000000</ele>
			</trkpt>
			<trkpt lat="46.532925" lon="10.485109">
				<ele>2120.000000</ele>
			</trkpt>
			<trkpt lat="46.532931" lon="10.485100">
				<ele>2120.000000</ele>
			</trkpt>
			<trkpt lat="46.532937" lon="10.485100">
				<ele>2120.000000</ele>
			</trkpt>
			<trkpt lat="46.532943" lon="10.485092">
				<ele>2120.000000</ele>
			</trkpt>
			<trkpt lat="46.532950" lon="10.485092">
				<ele>2120.000000</ele>
			</trkpt>
			<trkpt lat="46.532956" lon="10.485092">
				<ele>2120.000000</ele>
			</trkpt>
			<trkpt lat="46.532962" lon="10.485092">
				<ele>2120.000000</ele>
			</trkpt>
			<trkpt lat="46.532968" lon="10.485092">
				<ele>2120.000000</ele>
			</trkpt>
			<trkpt lat="46.532974" lon="10.485100">
				<ele>2120.000000</ele>
			</trkpt>
			<trkpt lat="46.532980" lon="10.485100">
				<ele>2120.000000</ele>
			</trkpt>
			<trkpt lat="46.532980" lon="10.485109">
				<ele>2120.000000</ele>
			</trkpt>
			<trkpt lat="46.532986" lon="10.485109">
				<ele>2120.000000</ele>
			</trkpt>
			<trkpt lat="46.532986" lon="10.485118">
				<ele>2121.000000</ele>
			</trkpt>
			<trkpt lat="46.532993" lon="10.485127">
				<ele>2121.000000</ele>
			</trkpt>
			<trkpt lat="46.533018" lon="10.485208">
				<ele>2121.000000</ele>
			</trkpt>
			<trkpt lat="46.533049" lon="10.485289">
				<ele>2122.000000</ele>
			</trkpt>
			<trkpt lat="46.533086" lon="10.485388">
				<ele>2123.000000</ele>
			</trkpt>
			<trkpt lat="46.533135" lon="10.485495">
				<ele>2124.000000</ele>
			</trkpt>
			<trkpt lat="46.533172" lon="10.485595">
				<ele>2125.000000</ele>
			</trkpt>
			<trkpt lat="46.533222" lon="10.485702">
				<ele>2126.000000</ele>
			</trkpt>
			<trkpt lat="46.533289" lon="10.485872">
				<ele>2128.000000</ele>
			</trkpt>
			<trkpt lat="46.533339" lon="10.485989">
				<ele>2129.000000</ele>
			</trkpt>
			<trkpt lat="46.533401" lon="10.486124">
				<ele>2130.000000</ele>
			</trkpt>
			<trkpt lat="46.533438" lon="10.486224">
				<ele>2131.000000</ele>
			</trkpt>
			<trkpt lat="46.533481" lon="10.486340">
				<ele>2132.000000</ele>
			</trkpt>
			<trkpt lat="46.533518" lon="10.486411">
				<ele>2132.000000</ele>
			</trkpt>
			<trkpt lat="46.533580" lon="10.486520">
				<ele>2133.000000</ele>
			</trkpt>
			<trkpt lat="46.533623" lon="10.486582">
				<ele>2134.000000</ele>
			</trkpt>
			<trkpt lat="46.533666" lon="10.486654">
				<ele>2134.000000</ele>
			</trkpt>
			<trkpt lat="46.533704" lon="10.486735">
				<ele>2135.000000</ele>
			</trkpt>
			<trkpt lat="46.533735" lon="10.486798">
				<ele>2135.000000</ele>
			</trkpt>
			<trkpt lat="46.533735" lon="10.486807">
				<ele>2135.000000</ele>
			</trkpt>
			<trkpt lat="46.533741" lon="10.486807">
				<ele>2135.000000</ele>
			</trkpt>
			<trkpt lat="46.533741" lon="10.486816">
				<ele>2136.000000</ele>
			</trkpt>
			<trkpt lat="46.533747" lon="10.486824">
				<ele>2136.000000</ele>
			</trkpt>
			<trkpt lat="46.533753" lon="10.486834">
				<ele>2136.000000</ele>
			</trkpt>
			<trkpt lat="46.533759" lon="10.486834">
				<ele>2136.000000</ele>
			</trkpt>
			<trkpt lat="46.533766" lon="10.486843">
				<ele>2136.000000</ele>
			</trkpt>
			<trkpt lat="46.533772" lon="10.486843">
				<ele>2136.000000</ele>
			</trkpt>
			<trkpt lat="46.533778" lon="10.486851">
				<ele>2136.000000</ele>
			</trkpt>
			<trkpt lat="46.533784" lon="10.486851">
				<ele>2136.000000</ele>
			</trkpt>
			<trkpt lat="46.533790" lon="10.486843">
				<ele>2136.000000</ele>
			</trkpt>
			<trkpt lat="46.533796" lon="10.486843">
				<ele>2136.000000</ele>
			</trkpt>
			<trkpt lat="46.533802" lon="10.486834">
				<ele>2136.000000</ele>
			</trkpt>
			<trkpt lat="46.533802" lon="10.486824">
				<ele>2136.000000</ele>
			</trkpt>
			<trkpt lat="46.533808" lon="10.486824">
				<ele>2136.000000</ele>
			</trkpt>
			<trkpt lat="46.533808" lon="10.486816">
				<ele>2136.000000</ele>
			</trkpt>
			<trkpt lat="46.533808" lon="10.486807">
				<ele>2136.000000</ele>
			</trkpt>
			<trkpt lat="46.533815" lon="10.486807">
				<ele>2136.000000</ele>
			</trkpt>
			<trkpt lat="46.533815" lon="10.486798">
				<ele>2137.000000</ele>
			</trkpt>
			<trkpt lat="46.533815" lon="10.486789">
				<ele>2137.000000</ele>
			</trkpt>
			<trkpt lat="46.533808" lon="10.486789">
				<ele>2137.000000</ele>
			</trkpt>
			<trkpt lat="46.533808" lon="10.486780">
				<ele>2137.000000</ele>
			</trkpt>
			<trkpt lat="46.533808" lon="10.486771">
				<ele>2137.000000</ele>
			</trkpt>
			<trkpt lat="46.533808" lon="10.486761">
				<ele>2137.000000</ele>
			</trkpt>
			<trkpt lat="46.533802" lon="10.486753">
				<ele>2137.000000</ele>
			</trkpt>
			<trkpt lat="46.533802" lon="10.486744">
				<ele>2137.000000</ele>
			</trkpt>
			<trkpt lat="46.533796" lon="10.486735">
				<ele>2137.000000</ele>
			</trkpt>
			<trkpt lat="46.533784" lon="10.486708">
				<ele>2137.000000</ele>
			</trkpt>
			<trkpt lat="46.533735" lon="10.486591">
				<ele>2138.000000</ele>
			</trkpt>
			<trkpt lat="46.533691" lon="10.486501">
				<ele>2139.000000</ele>
			</trkpt>
			<trkpt lat="46.533648" lon="10.486411">
				<ele>2139.000000</ele>
			</trkpt>
			<trkpt lat="46.533599" lon="10.486268">
				<ele>2140.000000</ele>
			</trkpt>
			<trkpt lat="46.533543" lon="10.486106">
				<ele>2141.000000</ele>
			</trkpt>
			<trkpt lat="46.533499" lon="10.485945">
				<ele>2143.000000</ele>
			</trkpt>
			<trkpt lat="46.533456" lon="10.485801">
				<ele>2143.000000</ele>
			</trkpt>
			<trkpt lat="46.533382" lon="10.485495">
				<ele>2145.000000</ele>
			</trkpt>
			<trkpt lat="46.533345" lon="10.485361">
				<ele>2146.000000</ele>
			</trkpt>
			<trkpt lat="46.533302" lon="10.485190">
				<ele>2147.000000</ele>
			</trkpt>
			<trkpt lat="46.533283" lon="10.485109">
				<ele>2148.000000</ele>
			</trkpt>
			<trkpt lat="46.533271" lon="10.485029">
				<ele>2148.000000</ele>
			</trkpt>
			<trkpt lat="46.533271" lon="10.484966">
				<ele>2149.000000</ele>
			</trkpt>
			<trkpt lat="46.533271" lon="10.484893">
				<ele>2149.000000</ele>
			</trkpt>
			<trkpt lat="46.533289" lon="10.484813">
				<ele>2150.000000</ele>
			</trkpt>
			<trkpt lat="46.533314" lon="10.484642">
				<ele>2151.000000</ele>
			</trkpt>
			<trkpt lat="46.533326" lon="10.484543">
				<ele>2152.000000</ele>
			</trkpt>
			<trkpt lat="46.533320" lon="10.484444">
				<ele>2153.000000</ele>
			</trkpt>
			<trkpt lat="46.533308" lon="10.484346">
				<ele>2153.000000</ele>
			</trkpt>
			<trkpt lat="46.533283" lon="10.484256">
				<ele>2154.000000</ele>
			</trkpt>
			<trkpt lat="46.533253" lon="10.484174">
				<ele>2155.000000</ele>
			</trkpt>
			<trkpt lat="46.533222" lon="10.484121">
				<ele>2155.000000</ele>
			</trkpt>
			<trkpt lat="46.533191" lon="10.484076">
				<ele>2156.000000</ele>
			</trkpt>
			<trkpt lat="46.533160" lon="10.484021">
				<ele>2156.000000</ele>
			</trkpt>
			<trkpt lat="46.533123" lon="10.483968">
				<ele>2157.000000</ele>
			</trkpt>
			<trkpt lat="46.533086" lon="10.483914">
				<ele>2158.000000</ele>
			</trkpt>
			<trkpt lat="46.533061" lon="10.483861">
				<ele>2158.000000</ele>
			</trkpt>
			<trkpt lat="46.533042" lon="10.483815">
				<ele>2159.000000</ele>
			</trkpt>
			<trkpt lat="46.533018" lon="10.483725">
				<ele>2159.000000</ele>
			</trkpt>
			<trkpt lat="46.532993" lon="10.483591">
				<ele>2160.000000</ele>
			</trkpt>
			<trkpt lat="46.532956" lon="10.483358">
				<ele>2162.000000</ele>
			</trkpt>
			<trkpt lat="46.532919" lon="10.483178">
				<ele>2163.000000</ele>
			</trkpt>
			<trkpt lat="46.532863" lon="10.482908">
				<ele>2165.000000</ele>
			</trkpt>
			<trkpt lat="46.532838" lon="10.482738">
				<ele>2166.000000</ele>
			</trkpt>
			<trkpt lat="46.532820" lon="10.482656">
				<ele>2166.000000</ele>
			</trkpt>
			<trkpt lat="46.532801" lon="10.482549">
				<ele>2167.000000</ele>
			</trkpt>
			<trkpt lat="46.532783" lon="10.482432">
				<ele>2168.000000</ele>
			</trkpt>
			<trkpt lat="46.532758" lon="10.482316">
				<ele>2168.000000</ele>
			</trkpt>
			<trkpt lat="46.532746" lon="10.482243">
				<ele>2169.000000</ele>
			</trkpt>
			<trkpt lat="46.532740" lon="10.482235">
				<ele>2169.000000</ele>
			</trkpt>
			<trkpt lat="46.532740" lon="10.482226">
				<ele>2169.000000</ele>
			</trkpt>
			<trkpt lat="46.532740" lon="10.482216">
				<ele>2169.000000</ele>
			</trkpt>
			<trkpt lat="46.532740" lon="10.482207">
				<ele>2169.000000</ele>
			</trkpt>
			<trkpt lat="46.532740" lon="10.482199">
				<ele>2169.000000</ele>
			</trkpt>
			<trkpt lat="46.532740" lon="10.482190">
				<ele>2169.000000</ele>
			</trkpt>
			<trkpt lat="46.532746" lon="10.482180">
				<ele>2169.000000</ele>
			</trkpt>
			<trkpt lat="46.532746" lon="10.482172">
				<ele>2169.000000</ele>
			</trkpt>
			<trkpt lat="46.532752" lon="10.482172">
				<ele>2169.000000</ele>
			</trkpt>
			<trkpt lat="46.532752" lon="10.482163">
				<ele>2169.000000</ele>
			</trkpt>
			<trkpt lat="46.532758" lon="10.482163">
				<ele>2169.000000</ele>
			</trkpt>
			<trkpt lat="46.532764" lon="10.482153">
				<ele>2170.000000</ele>
			</trkpt>
			<trkpt lat="46.532770" lon="10.482153">
				<ele>2170.000000</ele>
			</trkpt>
			<trkpt lat="46.532777" lon="10.482153">
				<ele>2170.000000</ele>
			</trkpt>
			<trkpt lat="46.532783" lon="10.482153">
				<ele>2170.000000</ele>
			</trkpt>
			<trkpt lat="46.532789" lon="10.482153">
				<ele>2170.000000</ele>
			</trkpt>
			<trkpt lat="46.532795" lon="10.482163">
				<ele>2170.000000</ele>
			</trkpt>
			<trkpt lat="46.532801" lon="10.482163">
				<ele>2170.000000</ele>
			</trkpt>
			<trkpt lat="46.532801" lon="10.482172">
				<ele>2170.000000</ele>
			</trkpt>
			<trkpt lat="46.532807" lon="10.482180">
				<ele>2170.000000</ele>
			</trkpt>
			<trkpt lat="46.532813" lon="10.482190">
				<ele>2170.000000</ele>
			</trkpt>
			<trkpt lat="46.532813" lon="10.482199">
				<ele>2170.000000</ele>
			</trkpt>
			<trkpt lat="46.532813" lon="10.482207">
				<ele>2170.000000</ele>
			</trkpt>
			<trkpt lat="46.532820" lon="10.482207">
				<ele>2170.000000</ele>
			</trkpt>
			<trkpt lat="46.532826" lon="10.482253">
				<ele>2171.000000</ele>
			</trkpt>
			<trkpt lat="46.532838" lon="10.482306">
				<ele>2171.000000</ele>
			</trkpt>
			<trkpt lat="46.532851" lon="10.482369">
				<ele>2171.000000</ele>
			</trkpt>
			<trkpt lat="46.532876" lon="10.482459">
				<ele>2172.000000</ele>
			</trkpt>
			<trkpt lat="46.532907" lon="10.482558">
				<ele>2173.000000</ele>
			</trkpt>
			<trkpt lat="46.532931" lon="10.482629">
				<ele>2173.000000</ele>
			</trkpt>
			<trkpt lat="46.532974" lon="10.482755">
				<ele>2174.000000</ele>
			</trkpt>
			<trkpt lat="46.533018" lon="10.482872">
				<ele>2175.000000</ele>
			</trkpt>
			<trkpt lat="46.533080" lon="10.483025">
				<ele>2177.000000</ele>
			</trkpt>
			<trkpt lat="46.533123" lon="10.483151">
				<ele>2178.000000</ele>
			</trkpt>
			<trkpt lat="46.533184" lon="10.483304">
				<ele>2179.000000</ele>
			</trkpt>
			<trkpt lat="46.533184" lon="10.483312">
				<ele>2179.000000</ele>
			</trkpt>
			<trkpt lat="46.533191" lon="10.483312">
				<ele>2179.000000</ele>
			</trkpt>
			<trkpt lat="46.533191" lon="10.483321">
				<ele>2179.000000</ele>
			</trkpt>
			<trkpt lat="46.533197" lon="10.483331">
				<ele>2179.000000</ele>
			</trkpt>
			<trkpt lat="46.533197" lon="10.483339">
				<ele>2179.000000</ele>
			</trkpt>
			<trkpt lat="46.533203" lon="10.483339">
				<ele>2179.000000</ele>
			</trkpt>
			<trkpt lat="46.533209" lon="10.483348">
				<ele>2179.000000</ele>
			</trkpt>
			<trkpt lat="46.533215" lon="10.483348">
				<ele>2179.000000</ele>
			</trkpt>
			<trkpt lat="46.533222" lon="10.483348">
				<ele>2179.000000</ele>
			</trkpt>
			<trkpt lat="46.533222" lon="10.483358">
				<ele>2180.000000</ele>
			</trkpt>
			<trkpt lat="46.533228" lon="10.483358">
				<ele>2180.000000</ele>
			</trkpt>
			<trkpt lat="46.533234" lon="10.483358">
				<ele>2180.000000</ele>
			</trkpt>
			<trkpt lat="46.533234" lon="10.483348">
				<ele>2180.000000</ele>
			</trkpt>
			<trkpt lat="46.533240" lon="10.483348">
				<ele>2180.000000</ele>
			</trkpt>
			<trkpt lat="46.533247" lon="10.483348">
				<ele>2180.000000</ele>
			</trkpt>
			<trkpt lat="46.533247" lon="10.483339">
				<ele>2180.000000</ele>
			</trkpt>
			<trkpt lat="46.533253" lon="10.483339">
				<ele>2180.000000</ele>
			</trkpt>
			<trkpt lat="46.533259" lon="10.483331">
				<ele>2180.000000</ele>
			</trkpt>
			<trkpt lat="46.533259" lon="10.483321">
				<ele>2180.000000</ele>
			</trkpt>
			<trkpt lat="46.533265" lon="10.483312">
				<ele>2180.000000</ele>
			</trkpt>
			<trkpt lat="46.533265" lon="10.483304">
				<ele>2180.000000</ele>
			</trkpt>
			<trkpt lat="46.533265" lon="10.483295">
				<ele>2180.000000</ele>
			</trkpt>
			<trkpt lat="46.533265" lon="10.483285">
				<ele>2180.000000</ele>
			</trkpt>
			<trkpt lat="46.533265" lon="10.483277">
				<ele>2180.000000</ele>
			</trkpt>
			<trkpt lat="46.533265" lon="10.483268">
				<ele>2181.000000</ele>
			</trkpt>
			<trkpt lat="46.533259" lon="10.483258">
				<ele>2181.000000</ele>
			</trkpt>
			<trkpt lat="46.533259" lon="10.483249">
				<ele>2181.000000</ele>
			</trkpt>
			<trkpt lat="46.533259" lon="10.483241">
				<ele>2181.000000</ele>
			</trkpt>
			<trkpt lat="46.533234" lon="10.483169">
				<ele>2181.000000</ele>
			</trkpt>
			<trkpt lat="46.533203" lon="10.483088">
				<ele>2182.000000</ele>
			</trkpt>
			<trkpt lat="46.533147" lon="10.482882">
				<ele>2183.000000</ele>
			</trkpt>
			<trkpt lat="46.533123" lon="10.482792">
				<ele>2184.000000</ele>
			</trkpt>
			<trkpt lat="46.533104" lon="10.482702">
				<ele>2185.000000</ele>
			</trkpt>
			<trkpt lat="46.533092" lon="10.482603">
				<ele>2185.000000</ele>
			</trkpt>
			<trkpt lat="46.533092" lon="10.482522">
				<ele>2186.000000</ele>
			</trkpt>
			<trkpt lat="46.533086" lon="10.482405">
				<ele>2187.000000</ele>
			</trkpt>
			<trkpt lat="46.533092" lon="10.482306">
				<ele>2187.000000</ele>
			</trkpt>
			<trkpt lat="46.533092" lon="10.482153">
				<ele>2188.000000</ele>
			</trkpt>
			<trkpt lat="46.533098" lon="10.482019">
				<ele>2189.000000</ele>
			</trkpt>
			<trkpt lat="46.533098" lon="10.481929">
				<ele>2190.000000</ele>
			</trkpt>
			<trkpt lat="46.533092" lon="10.481857">
				<ele>2190.000000</ele>
			</trkpt>
			<trkpt lat="46.533073" lon="10.481740">
				<ele>2191.000000</ele>
			</trkpt>
			<trkpt lat="46.533049" lon="10.481614">
				<ele>2192.000000</ele>
			</trkpt>
			<trkpt lat="46.533030" lon="10.481516">
				<ele>2192.000000</ele>
			</trkpt>
			<trkpt lat="46.532999" lon="10.481408">
				<ele>2193.000000</ele>
			</trkpt>
			<trkpt lat="46.532974" lon="10.481318">
				<ele>2193.000000</ele>
			</trkpt>
			<trkpt lat="46.532974" lon="10.481310">
				<ele>2194.000000</ele>
			</trkpt>
			<trkpt lat="46.532974" lon="10.481300">
				<ele>2194.000000</ele>
			</trkpt>
			<trkpt lat="46.532974" lon="10.481291">
				<ele>2194.000000</ele>
			</trkpt>
			<trkpt lat="46.532974" lon="10.481282">
				<ele>2194.000000</ele>
			</trkpt>
			<trkpt lat="46.532974" lon="10.481274">
				<ele>2194.000000</ele>
			</trkpt>
			<trkpt lat="46.532974" lon="10.481264">
				<ele>2194.000000</ele>
			</trkpt>
			<trkpt lat="46.532974" lon="10.481255">
				<ele>2194.000000</ele>
			</trkpt>
			<trkpt lat="46.532980" lon="10.481247">
				<ele>2194.000000</ele>
			</trkpt>
			<trkpt lat="46.532980" lon="10.481237">
				<ele>2194.000000</ele>
			</trkpt>
			<trkpt lat="46.532986" lon="10.481237">
				<ele>2194.000000</ele>
			</trkpt>
			<trkpt lat="46.532986" lon="10.481228">
				<ele>2194.000000</ele>
			</trkpt>
			<trkpt lat="46.532993" lon="10.481228">
				<ele>2194.000000</ele>
			</trkpt>
			<trkpt lat="46.533011" lon="10.481220">
				<ele>2194.000000</ele>
			</trkpt>
			<trkpt lat="46.533024" lon="10.481220">
				<ele>2194.000000</ele>
			</trkpt>
			<trkpt lat="46.533036" lon="10.481228">
				<ele>2194.000000</ele>
			</trkpt>
			<trkpt lat="46.533049" lon="10.481255">
				<ele>2195.000000</ele>
			</trkpt>
			<trkpt lat="46.533110" lon="10.481453">
				<ele>2196.000000</ele>
			</trkpt>
			<trkpt lat="46.533191" lon="10.481687">
				<ele>2197.000000</ele>
			</trkpt>
			<trkpt lat="46.533240" lon="10.481866">
				<ele>2198.000000</ele>
			</trkpt>
			<trkpt lat="46.533283" lon="10.482037">
				<ele>2199.000000</ele>
			</trkpt>
			<trkpt lat="46.533302" lon="10.482153">
				<ele>2200.000000</ele>
			</trkpt>
			<trkpt lat="46.533320" lon="10.482270">
				<ele>2201.000000</ele>
			</trkpt>
			<trkpt lat="46.533345" lon="10.482387">
				<ele>2202.000000</ele>
			</trkpt>
			<trkpt lat="46.533364" lon="10.482477">
				<ele>2202.000000</ele>
			</trkpt>
			<trkpt lat="46.533389" lon="10.482558">
				<ele>2203.000000</ele>
			</trkpt>
			<trkpt lat="46.533407" lon="10.482629">
				<ele>2203.000000</ele>
			</trkpt>
			<trkpt lat="46.533487" lon="10.482855">
				<ele>2205.000000</ele>
			</trkpt>
			<trkpt lat="46.533524" lon="10.482953">
				<ele>2206.000000</ele>
			</trkpt>
			<trkpt lat="46.533549" lon="10.483052">
				<ele>2206.000000</ele>
			</trkpt>
			<trkpt lat="46.533568" lon="10.483187">
				<ele>2207.000000</ele>
			</trkpt>
			<trkpt lat="46.533574" lon="10.483195">
				<ele>2207.000000</ele>
			</trkpt>
			<trkpt lat="46.533580" lon="10.483222">
				<ele>2208.000000</ele>
			</trkpt>
			<trkpt lat="46.533586" lon="10.483232">
				<ele>2208.000000</ele>
			</trkpt>
			<trkpt lat="46.533599" lon="10.483232">
				<ele>2208.000000</ele>
			</trkpt>
			<trkpt lat="46.533617" lon="10.483241">
				<ele>2208.000000</ele>
			</trkpt>
			<trkpt lat="46.533635" lon="10.483232">
				<ele>2208.000000</ele>
			</trkpt>
			<trkpt lat="46.533642" lon="10.483222">
				<ele>2208.000000</ele>
			</trkpt>
			<trkpt lat="46.533654" lon="10.483214">
				<ele>2208.000000</ele>
			</trkpt>
			<trkpt lat="46.533660" lon="10.483187">
				<ele>2208.000000</ele>
			</trkpt>
			<trkpt lat="46.533660" lon="10.483159">
				<ele>2209.000000</ele>
			</trkpt>
			<trkpt lat="46.533660" lon="10.483124">
				<ele>2209.000000</ele>
			</trkpt>
			<trkpt lat="46.533654" lon="10.483115">
				<ele>2209.000000</ele>
			</trkpt>
			<trkpt lat="46.533605" lon="10.482926">
				<ele>2210.000000</ele>
			</trkpt>
			<trkpt lat="46.533562" lon="10.482782">
				<ele>2211.000000</ele>
			</trkpt>
			<trkpt lat="46.533524" lon="10.482603">
				<ele>2212.000000</ele>
			</trkpt>
			<trkpt lat="46.533518" lon="10.482513">
				<ele>2213.000000</ele>
			</trkpt>
			<trkpt lat="46.533512" lon="10.482423">
				<ele>2214.000000</ele>
			</trkpt>
			<trkpt lat="46.533518" lon="10.482153">
				<ele>2215.000000</ele>
			</trkpt>
			<trkpt lat="46.533518" lon="10.482019">
				<ele>2216.000000</ele>
			</trkpt>
			<trkpt lat="46.533518" lon="10.481903">
				<ele>2217.000000</ele>
			</trkpt>
			<trkpt lat="46.533506" lon="10.481786">
				<ele>2218.000000</ele>
			</trkpt>
			<trkpt lat="46.533487" lon="10.481624">
				<ele>2219.000000</ele>
			</trkpt>
			<trkpt lat="46.533426" lon="10.481201">
				<ele>2222.000000</ele>
			</trkpt>
			<trkpt lat="46.533401" lon="10.480995">
				<ele>2223.000000</ele>
			</trkpt>
			<trkpt lat="46.533376" lon="10.480834">
				<ele>2224.000000</ele>
			</trkpt>
			<trkpt lat="46.533351" lon="10.480654">
				<ele>2225.000000</ele>
			</trkpt>
			<trkpt lat="46.533339" lon="10.480528">
				<ele>2226.000000</ele>
			</trkpt>
			<trkpt lat="46.533333" lon="10.480339">
				<ele>2228.000000</ele>
			</trkpt>
			<trkpt lat="46.533320" lon="10.480142">
				<ele>2229.000000</ele>
			</trkpt>
			<trkpt lat="46.533296" lon="10.479702">
				<ele>2232.000000</ele>
			</trkpt>
			<trkpt lat="46.533283" lon="10.479486">
				<ele>2233.000000</ele>
			</trkpt>
			<trkpt lat="46.533271" lon="10.479226">
				<ele>2235.000000</ele>
			</trkpt>
			<trkpt lat="46.533253" lon="10.478901">
				<ele>2237.000000</ele>
			</trkpt>
			<trkpt lat="46.533247" lon="10.478713">
				<ele>2238.000000</ele>
			</trkpt>
			<trkpt lat="46.533247" lon="10.478551">
				<ele>2240.000000</ele>
			</trkpt>
			<trkpt lat="46.533259" lon="10.478264">
				<ele>2242.000000</ele>
			</trkpt>
			<trkpt lat="46.533296" lon="10.477976">
				<ele>2244.000000</ele>
			</trkpt>
			<trkpt lat="46.533296" lon="10.477859">
				<ele>2245.000000</ele>
			</trkpt>
			<trkpt lat="46.533289" lon="10.477761">
				<ele>2246.000000</ele>
			</trkpt>
			<trkpt lat="46.533271" lon="10.477626">
				<ele>2247.000000</ele>
			</trkpt>
			<trkpt lat="46.533253" lon="10.477536">
				<ele>2248.000000</ele>
			</trkpt>
			<trkpt lat="46.533141" lon="10.477132">
				<ele>2251.000000</ele>
			</trkpt>
			<trkpt lat="46.533036" lon="10.476763">
				<ele>2253.000000</ele>
			</trkpt>
			<trkpt lat="46.533005" lon="10.476656">
				<ele>2254.000000</ele>
			</trkpt>
			<trkpt lat="46.532980" lon="10.476566">
				<ele>2255.000000</ele>
			</trkpt>
			<trkpt lat="46.532900" lon="10.476333">
				<ele>2256.000000</ele>
			</trkpt>
			<trkpt lat="46.532900" lon="10.476306">
				<ele>2256.000000</ele>
			</trkpt>
			<trkpt lat="46.532900" lon="10.476287">
				<ele>2256.000000</ele>
			</trkpt>
			<trkpt lat="46.532907" lon="10.476270">
				<ele>2256.000000</ele>
			</trkpt>
			<trkpt lat="46.532913" lon="10.476260">
				<ele>2257.000000</ele>
			</trkpt>
			<trkpt lat="46.532925" lon="10.476243">
				<ele>2257.000000</ele>
			</trkpt>
			<trkpt lat="46.532931" lon="10.476243">
				<ele>2257.000000</ele>
			</trkpt>
			<trkpt lat="46.532943" lon="10.476234">
				<ele>2257.000000</ele>
			</trkpt>
			<trkpt lat="46.532956" lon="10.476234">
				<ele>2257.000000</ele>
			</trkpt>
			<trkpt lat="46.532968" lon="10.476243">
				<ele>2257.000000</ele>
			</trkpt>
			<trkpt lat="46.532980" lon="10.476251">
				<ele>2257.000000</ele>
			</trkpt>
			<trkpt lat="46.532986" lon="10.476270">
				<ele>2257.000000</ele>
			</trkpt>
			<trkpt lat="46.533061" lon="10.476486">
				<ele>2259.000000</ele>
			</trkpt>
			<trkpt lat="46.533098" lon="10.476584">
				<ele>2259.000000</ele>
			</trkpt>
			<trkpt lat="46.533141" lon="10.476692">
				<ele>2260.000000</ele>
			</trkpt>
			<trkpt lat="46.533184" lon="10.476782">
				<ele>2261.000000</ele>
			</trkpt>
			<trkpt lat="46.533413" lon="10.477249">
				<ele>2265.000000</ele>
			</trkpt>
			<trkpt lat="46.533450" lon="10.477339">
				<ele>2266.000000</ele>
			</trkpt>
			<trkpt lat="46.533487" lon="10.477429">
				<ele>2266.000000</ele>
			</trkpt>
			<trkpt lat="46.533499" lon="10.477518">
				<ele>2267.000000</ele>
			</trkpt>
			<trkpt lat="46.533524" lon="10.477645">
				<ele>2268.000000</ele>
			</trkpt>
			<trkpt lat="46.533555" lon="10.477815">
				<ele>2269.000000</ele>
			</trkpt>
			<trkpt lat="46.533555" lon="10.477832">
				<ele>2269.000000</ele>
			</trkpt>
			<trkpt lat="46.533568" lon="10.477851">
				<ele>2269.000000</ele>
			</trkpt>
			<trkpt lat="46.533580" lon="10.477859">
				<ele>2270.000000</ele>
			</trkpt>
			<trkpt lat="46.533593" lon="10.477868">
				<ele>2270.000000</ele>
			</trkpt>
			<trkpt lat="46.533605" lon="10.477868">
				<ele>2270.000000</ele>
			</trkpt>
			<trkpt lat="46.533623" lon="10.477859">
				<ele>2270.000000</ele>
			</trkpt>
			<trkpt lat="46.533629" lon="10.477851">
				<ele>2270.000000</ele>
			</trkpt>
			<trkpt lat="46.533642" lon="10.477842">
				<ele>2270.000000</ele>
			</trkpt>
			<trkpt lat="46.533642" lon="10.477824">
				<ele>2270.000000</ele>
			</trkpt>
			<trkpt lat="46.533642" lon="10.477815">
				<ele>2270.000000</ele>
			</trkpt>
			<trkpt lat="46.533648" lon="10.477788">
				<ele>2271.000000</ele>
			</trkpt>
			<trkpt lat="46.533642" lon="10.477769">
				<ele>2271.000000</ele>
			</trkpt>
			<trkpt lat="46.533543" lon="10.477239">
				<ele>2274.000000</ele>
			</trkpt>
			<trkpt lat="46.533506" lon="10.477042">
				<ele>2275.000000</ele>
			</trkpt>
			<trkpt lat="46.533450" lon="10.476826">
				<ele>2276.000000</ele>
			</trkpt>
			<trkpt lat="46.533413" lon="10.476674">
				<ele>2277.000000</ele>
			</trkpt>
			<trkpt lat="46.533333" lon="10.476360">
				<ele>2279.000000</ele>
			</trkpt>
			<trkpt lat="46.533333" lon="10.476350">
				<ele>2279.000000</ele>
			</trkpt>
			<trkpt lat="46.533333" lon="10.476324">
				<ele>2279.000000</ele>
			</trkpt>
			<trkpt lat="46.533333" lon="10.476306">
				<ele>2280.000000</ele>
			</trkpt>
			<trkpt lat="46.533345" lon="10.476287">
				<ele>2280.000000</ele>
			</trkpt>
			<trkpt lat="46.533351" lon="10.476279">
				<ele>2280.000000</ele>
			</trkpt>
			<trkpt lat="46.533364" lon="10.476279">
				<ele>2280.000000</ele>
			</trkpt>
			<trkpt lat="46.533376" lon="10.476270">
				<ele>2280.000000</ele>
			</trkpt>
			<trkpt lat="46.533389" lon="10.476279">
				<ele>2280.000000</ele>
			</trkpt>
			<trkpt lat="46.533401" lon="10.476287">
				<ele>2280.000000</ele>
			</trkpt>
			<trkpt lat="46.533413" lon="10.476314">
				<ele>2280.000000</ele>
			</trkpt>
			<trkpt lat="46.533450" lon="10.476458">
				<ele>2281.000000</ele>
			</trkpt>
			<trkpt lat="46.533506" lon="10.476629">
				<ele>2283.000000</ele>
			</trkpt>
			<trkpt lat="46.533593" lon="10.476889">
				<ele>2285.000000</ele>
			</trkpt>
			<trkpt lat="46.533635" lon="10.477006">
				<ele>2285.000000</ele>
			</trkpt>
			<trkpt lat="46.533710" lon="10.477222">
				<ele>2287.000000</ele>
			</trkpt>
			<trkpt lat="46.533728" lon="10.477293">
				<ele>2288.000000</ele>
			</trkpt>
			<trkpt lat="46.533759" lon="10.477419">
				<ele>2288.000000</ele>
			</trkpt>
			<trkpt lat="46.533845" lon="10.477797">
				<ele>2291.000000</ele>
			</trkpt>
			<trkpt lat="46.533845" lon="10.477805">
				<ele>2291.000000</ele>
			</trkpt>
			<trkpt lat="46.533858" lon="10.477832">
				<ele>2291.000000</ele>
			</trkpt>
			<trkpt lat="46.533870" lon="10.477851">
				<ele>2291.000000</ele>
			</trkpt>
			<trkpt lat="46.533883" lon="10.477859">
				<ele>2292.000000</ele>
			</trkpt>
			<trkpt lat="46.533895" lon="10.477859">
				<ele>2292.000000</ele>
			</trkpt>
			<trkpt lat="46.533908" lon="10.477851">
				<ele>2292.000000</ele>
			</trkpt>
			<trkpt lat="46.533914" lon="10.477842">
				<ele>2292.000000</ele>
			</trkpt>
			<trkpt lat="46.533920" lon="10.477824">
				<ele>2292.000000</ele>
			</trkpt>
			<trkpt lat="46.533926" lon="10.477797">
				<ele>2292.000000</ele>
			</trkpt>
			<trkpt lat="46.533920" lon="10.477761">
				<ele>2292.000000</ele>
			</trkpt>
			<trkpt lat="46.533877" lon="10.477563">
				<ele>2294.000000</ele>
			</trkpt>
			<trkpt lat="46.533858" lon="10.477446">
				<ele>2295.000000</ele>
			</trkpt>
			<trkpt lat="46.533827" lon="10.477249">
				<ele>2296.000000</ele>
			</trkpt>
			<trkpt lat="46.533747" lon="10.476683">
				<ele>2300.000000</ele>
			</trkpt>
			<trkpt lat="46.533722" lon="10.476503">
				<ele>2301.000000</ele>
			</trkpt>
			<trkpt lat="46.533710" lon="10.476387">
				<ele>2302.000000</ele>
			</trkpt>
			<trkpt lat="46.533710" lon="10.476297">
				<ele>2302.000000</ele>
			</trkpt>
			<trkpt lat="46.533710" lon="10.475964">
				<ele>2305.000000</ele>
			</trkpt>
			<trkpt lat="46.533710" lon="10.475874">
				<ele>2305.000000</ele>
			</trkpt>
			<trkpt lat="46.533704" lon="10.475803">
				<ele>2306.000000</ele>
			</trkpt>
			<trkpt lat="46.533629" lon="10.475308">
				<ele>2309.000000</ele>
			</trkpt>
			<trkpt lat="46.533593" lon="10.475075">
				<ele>2311.000000</ele>
			</trkpt>
			<trkpt lat="46.533549" lon="10.474815">
				<ele>2313.000000</ele>
			</trkpt>
			<trkpt lat="46.533543" lon="10.474742">
				<ele>2313.000000</ele>
			</trkpt>
			<trkpt lat="46.533543" lon="10.474671">
				<ele>2314.000000</ele>
			</trkpt>
			<trkpt lat="46.533543" lon="10.474599">
				<ele>2314.000000</ele>
			</trkpt>
			<trkpt lat="46.533537" lon="10.474536">
				<ele>2315.000000</ele>
			</trkpt>
			<trkpt lat="46.533524" lon="10.474455">
				<ele>2315.000000</ele>
			</trkpt>
			<trkpt lat="46.533506" lon="10.474383">
				<ele>2316.000000</ele>
			</trkpt>
			<trkpt lat="46.533475" lon="10.474302">
				<ele>2316.000000</ele>
			</trkpt>
			<trkpt lat="46.533438" lon="10.474230">
				<ele>2317.000000</ele>
			</trkpt>
			<trkpt lat="46.533382" lon="10.474132">
				<ele>2318.000000</ele>
			</trkpt>
			<trkpt lat="46.533339" lon="10.474060">
				<ele>2318.000000</ele>
			</trkpt>
			<trkpt lat="46.533283" lon="10.473952">
				<ele>2319.000000</ele>
			</trkpt>
			<trkpt lat="46.533215" lon="10.473781">
				<ele>2321.000000</ele>
			</trkpt>
			<trkpt lat="46.533141" lon="10.473566">
				<ele>2322.000000</ele>
			</trkpt>
			<trkpt lat="46.533073" lon="10.473377">
				<ele>2324.000000</ele>
			</trkpt>
			<trkpt lat="46.533036" lon="10.473242">
				<ele>2325.000000</ele>
			</trkpt>
			<trkpt lat="46.533011" lon="10.473125">
				<ele>2326.000000</ele>
			</trkpt>
			<trkpt lat="46.532783" lon="10.471993">
				<ele>2334.000000</ele>
			</trkpt>
			<trkpt lat="46.532721" lon="10.471697">
				<ele>2335.000000</ele>
			</trkpt>
			<trkpt lat="46.532678" lon="10.471490">
				<ele>2337.000000</ele>
			</trkpt>
			<trkpt lat="46.532610" lon="10.471203">
				<ele>2339.000000</ele>
			</trkpt>
			<trkpt lat="46.532585" lon="10.471096">
				<ele>2339.000000</ele>
			</trkpt>
			<trkpt lat="46.532579" lon="10.471077">
				<ele>2340.000000</ele>
			</trkpt>
			<trkpt lat="46.532579" lon="10.471050">
				<ele>2340.000000</ele>
			</trkpt>
			<trkpt lat="46.532579" lon="10.471023">
				<ele>2340.000000</ele>
			</trkpt>
			<trkpt lat="46.532591" lon="10.471014">
				<ele>2340.000000</ele>
			</trkpt>
			<trkpt lat="46.532597" lon="10.471006">
				<ele>2340.000000</ele>
			</trkpt>
			<trkpt lat="46.532610" lon="10.470997">
				<ele>2340.000000</ele>
			</trkpt>
			<trkpt lat="46.532622" lon="10.470997">
				<ele>2340.000000</ele>
			</trkpt>
			<trkpt lat="46.532640" lon="10.471014">
				<ele>2341.000000</ele>
			</trkpt>
			<trkpt lat="46.532647" lon="10.471033">
				<ele>2341.000000</ele>
			</trkpt>
			<trkpt lat="46.532696" lon="10.471203">
				<ele>2342.000000</ele>
			</trkpt>
			<trkpt lat="46.532721" lon="10.471276">
				<ele>2343.000000</ele>
			</trkpt>
			<trkpt lat="46.532758" lon="10.471373">
				<ele>2343.000000</ele>
			</trkpt>
			<trkpt lat="46.532789" lon="10.471463">
				<ele>2344.000000</ele>
			</trkpt>
			<trkpt lat="46.532820" lon="10.471563">
				<ele>2345.000000</ele>
			</trkpt>
			<trkpt lat="46.533166" lon="10.472488">
				<ele>2352.000000</ele>
			</trkpt>
			<trkpt lat="46.533222" lon="10.472622">
				<ele>2353.000000</ele>
			</trkpt>
			<trkpt lat="46.533259" lon="10.472758">
				<ele>2354.000000</ele>
			</trkpt>
			<trkpt lat="46.533314" lon="10.472910">
				<ele>2355.000000</ele>
			</trkpt>
			<trkpt lat="46.533326" lon="10.472937">
				<ele>2356.000000</ele>
			</trkpt>
			<trkpt lat="46.533339" lon="10.472955">
				<ele>2356.000000</ele>
			</trkpt>
			<trkpt lat="46.533345" lon="10.472955">
				<ele>2356.000000</ele>
			</trkpt>
			<trkpt lat="46.533357" lon="10.472955">
				<ele>2356.000000</ele>
			</trkpt>
			<trkpt lat="46.533364" lon="10.472955">
				<ele>2356.000000</ele>
			</trkpt>
			<trkpt lat="46.533370" lon="10.472955">
				<ele>2356.000000</ele>
			</trkpt>
			<trkpt lat="46.533382" lon="10.472937">
				<ele>2356.000000</ele>
			</trkpt>
			<trkpt lat="46.533389" lon="10.472928">
				<ele>2356.000000</ele>
			</trkpt>
			<trkpt lat="46.533395" lon="10.472901">
				<ele>2356.000000</ele>
			</trkpt>
			<trkpt lat="46.533389" lon="10.472884">
				<ele>2357.000000</ele>
			</trkpt>
			<trkpt lat="46.533382" lon="10.472847">
				<ele>2357.000000</ele>
			</trkpt>
			<trkpt lat="46.533339" lon="10.472766">
				<ele>2358.000000</ele>
			</trkpt>
			<trkpt lat="46.533283" lon="10.472578">
				<ele>2359.000000</ele>
			</trkpt>
			<trkpt lat="46.533209" lon="10.472299">
				<ele>2361.000000</ele>
			</trkpt>
			<trkpt lat="46.533178" lon="10.472209">
				<ele>2361.000000</ele>
			</trkpt>
			<trkpt lat="46.533160" lon="10.472083">
				<ele>2362.000000</ele>
			</trkpt>
			<trkpt lat="46.533141" lon="10.472002">
				<ele>2363.000000</ele>
			</trkpt>
			<trkpt lat="46.533086" lon="10.471779">
				<ele>2364.000000</ele>
			</trkpt>
			<trkpt lat="46.533036" lon="10.471517">
				<ele>2366.000000</ele>
			</trkpt>
			<trkpt lat="46.532999" lon="10.471365">
				<ele>2367.000000</ele>
			</trkpt>
			<trkpt lat="46.532980" lon="10.471257">
				<ele>2368.000000</ele>
			</trkpt>
			<trkpt lat="46.532968" lon="10.471167">
				<ele>2369.000000</ele>
			</trkpt>
			<trkpt lat="46.532925" lon="10.470924">
				<ele>2370.000000</ele>
			</trkpt>
			<trkpt lat="46.532857" lon="10.470484">
				<ele>2373.000000</ele>
			</trkpt>
			<trkpt lat="46.532851" lon="10.470385">
				<ele>2374.000000</ele>
			</trkpt>
			<trkpt lat="46.532838" lon="10.470161">
				<ele>2375.000000</ele>
			</trkpt>
			<trkpt lat="46.532838" lon="10.470081">
				<ele>2376.000000</ele>
			</trkpt>
			<trkpt lat="46.532844" lon="10.469999">
				<ele>2376.000000</ele>
			</trkpt>
			<trkpt lat="46.532844" lon="10.469918">
				<ele>2377.000000</ele>
			</trkpt>
			<trkpt lat="46.532838" lon="10.469847">
				<ele>2377.000000</ele>
			</trkpt>
			<trkpt lat="46.532813" lon="10.469668">
				<ele>2378.000000</ele>
			</trkpt>
			<trkpt lat="46.532807" lon="10.469568">
				<ele>2379.000000</ele>
			</trkpt>
			<trkpt lat="46.532801" lon="10.469433">
				<ele>2380.000000</ele>
			</trkpt>
			<trkpt lat="46.532807" lon="10.469326">
				<ele>2380.000000</ele>
			</trkpt>
			<trkpt lat="46.532813" lon="10.469200">
				<ele>2381.000000</ele>
			</trkpt>
			<trkpt lat="46.532826" lon="10.469083">
				<ele>2382.000000</ele>
			</trkpt>
			<trkpt lat="46.532844" lon="10.468850">
				<ele>2384.000000</ele>
			</trkpt>
			<trkpt lat="46.532844" lon="10.468697">
				<ele>2385.000000</ele>
			</trkpt>
			<trkpt lat="46.532838" lon="10.468310">
				<ele>2388.000000</ele>
			</trkpt>
			<trkpt lat="46.532813" lon="10.467412">
				<ele>2394.000000</ele>
			</trkpt>
			<trkpt lat="46.532813" lon="10.467259">
				<ele>2395.000000</ele>
			</trkpt>
			<trkpt lat="46.532801" lon="10.467018">
				<ele>2396.000000</ele>
			</trkpt>
			<trkpt lat="46.532795" lon="10.466882">
				<ele>2397.000000</ele>
			</trkpt>
			<trkpt lat="46.532789" lon="10.466639">
				<ele>2399.000000</ele>
			</trkpt>
			<trkpt lat="46.532801" lon="10.466389">
				<ele>2401.000000</ele>
			</trkpt>
			<trkpt lat="46.532801" lon="10.466289">
				<ele>2401.000000</ele>
			</trkpt>
			<trkpt lat="46.532801" lon="10.466209">
				<ele>2402.000000</ele>
			</trkpt>
			<trkpt lat="46.532789" lon="10.466136">
				<ele>2402.000000</ele>
			</trkpt>
			<trkpt lat="46.532770" lon="10.466056">
				<ele>2403.000000</ele>
			</trkpt>
			<trkpt lat="46.532746" lon="10.465984">
				<ele>2403.000000</ele>
			</trkpt>
			<trkpt lat="46.532709" lon="10.465886">
				<ele>2404.000000</ele>
			</trkpt>
			<trkpt lat="46.532653" lon="10.465733">
				<ele>2405.000000</ele>
			</trkpt>
			<trkpt lat="46.532424" lon="10.465167">
				<ele>2410.000000</ele>
			</trkpt>
			<trkpt lat="46.532276" lon="10.464789">
				<ele>2413.000000</ele>
			</trkpt>
			<trkpt lat="46.532208" lon="10.464618">
				<ele>2414.000000</ele>
			</trkpt>
			<trkpt lat="46.532134" lon="10.464429">
				<ele>2415.000000</ele>
			</trkpt>
			<trkpt lat="46.532035" lon="10.464160">
				<ele>2417.000000</ele>
			</trkpt>
			<trkpt lat="46.532004" lon="10.464043">
				<ele>2418.000000</ele>
			</trkpt>
			<trkpt lat="46.531967" lon="10.463918">
				<ele>2419.000000</ele>
			</trkpt>
			<trkpt lat="46.531924" lon="10.463773">
				<ele>2420.000000</ele>
			</trkpt>
			<trkpt lat="46.531899" lon="10.463693">
				<ele>2421.000000</ele>
			</trkpt>
			<trkpt lat="46.531868" lon="10.463622">
				<ele>2421.000000</ele>
			</trkpt>
			<trkpt lat="46.531837" lon="10.463540">
				<ele>2422.000000</ele>
			</trkpt>
			<trkpt lat="46.531831" lon="10.463523">
				<ele>2422.000000</ele>
			</trkpt>
			<trkpt lat="46.531825" lon="10.463486">
				<ele>2422.000000</ele>
			</trkpt>
			<trkpt lat="46.531825" lon="10.463469">
				<ele>2422.000000</ele>
			</trkpt>
			<trkpt lat="46.531831" lon="10.463442">
				<ele>2422.000000</ele>
			</trkpt>
			<trkpt lat="46.531843" lon="10.463433">
				<ele>2423.000000</ele>
			</trkpt>
			<trkpt lat="46.531862" lon="10.463415">
				<ele>2423.000000</ele>
			</trkpt>
			<trkpt lat="46.531875" lon="10.463415">
				<ele>2423.000000</ele>
			</trkpt>
			<trkpt lat="46.531887" lon="10.463423">
				<ele>2423.000000</ele>
			</trkpt>
			<trkpt lat="46.531905" lon="10.463442">
				<ele>2423.000000</ele>
			</trkpt>
			<trkpt lat="46.531911" lon="10.463460">
				<ele>2423.000000</ele>
			</trkpt>
			<trkpt lat="46.531936" lon="10.463504">
				<ele>2424.000000</ele>
			</trkpt>
			<trkpt lat="46.531961" lon="10.463586">
				<ele>2424.000000</ele>
			</trkpt>
			<trkpt lat="46.532017" lon="10.463720">
				<ele>2425.000000</ele>
			</trkpt>
			<trkpt lat="46.532066" lon="10.463846">
				<ele>2426.000000</ele>
			</trkpt>
			<trkpt lat="46.532103" lon="10.463936">
				<ele>2427.000000</ele>
			</trkpt>
			<trkpt lat="46.532183" lon="10.464133">
				<ele>2428.000000</ele>
			</trkpt>
			<trkpt lat="46.532214" lon="10.464188">
				<ele>2429.000000</ele>
			</trkpt>
			<trkpt lat="46.532350" lon="10.464394">
				<ele>2431.000000</ele>
			</trkpt>
			<trkpt lat="46.532455" lon="10.464574">
				<ele>2432.000000</ele>
			</trkpt>
			<trkpt lat="46.532517" lon="10.464664">
				<ele>2433.000000</ele>
			</trkpt>
			<trkpt lat="46.532536" lon="10.464691">
				<ele>2433.000000</ele>
			</trkpt>
			<trkpt lat="46.532554" lon="10.464699">
				<ele>2433.000000</ele>
			</trkpt>
			<trkpt lat="46.532567" lon="10.464699">
				<ele>2433.000000</ele>
			</trkpt>
			<trkpt lat="46.532579" lon="10.464681">
				<ele>2434.000000</ele>
			</trkpt>
			<trkpt lat="46.532585" lon="10.464672">
				<ele>2434.000000</ele>
			</trkpt>
			<trkpt lat="46.532591" lon="10.464655">
				<ele>2434.000000</ele>
			</trkpt>
			<trkpt lat="46.532585" lon="10.464628">
				<ele>2434.000000</ele>
			</trkpt>
			<trkpt lat="46.532579" lon="10.464601">
				<ele>2434.000000</ele>
			</trkpt>
			<trkpt lat="46.532523" lon="10.464502">
				<ele>2435.000000</ele>
			</trkpt>
			<trkpt lat="46.532480" lon="10.464421">
				<ele>2436.000000</ele>
			</trkpt>
			<trkpt lat="46.532437" lon="10.464331">
				<ele>2436.000000</ele>
			</trkpt>
			<trkpt lat="46.532338" lon="10.464125">
				<ele>2438.000000</ele>
			</trkpt>
			<trkpt lat="46.532307" lon="10.464026">
				<ele>2438.000000</ele>
			</trkpt>
			<trkpt lat="46.532270" lon="10.463918">
				<ele>2439.000000</ele>
			</trkpt>
			<trkpt lat="46.532239" lon="10.463792">
				<ele>2440.000000</ele>
			</trkpt>
			<trkpt lat="46.532190" lon="10.463532">
				<ele>2442.000000</ele>
			</trkpt>
			<trkpt lat="46.532103" lon="10.463146">
				<ele>2446.000000</ele>
			</trkpt>
			<trkpt lat="46.532072" lon="10.463001">
				<ele>2447.000000</ele>
			</trkpt>
			<trkpt lat="46.532041" lon="10.462884">
				<ele>2448.000000</ele>
			</trkpt>
			<trkpt lat="46.531998" lon="10.462750">
				<ele>2449.000000</ele>
			</trkpt>
			<trkpt lat="46.531905" lon="10.462525">
				<ele>2451.000000</ele>
			</trkpt>
			<trkpt lat="46.531856" lon="10.462381">
				<ele>2452.000000</ele>
			</trkpt>
			<trkpt lat="46.531794" lon="10.462220">
				<ele>2453.000000</ele>
			</trkpt>
			<trkpt lat="46.531738" lon="10.462068">
				<ele>2454.000000</ele>
			</trkpt>
			<trkpt lat="46.531695" lon="10.461968">
				<ele>2455.000000</ele>
			</trkpt>
			<trkpt lat="46.531646" lon="10.461861">
				<ele>2456.000000</ele>
			</trkpt>
			<trkpt lat="46.531614" lon="10.461798">
				<ele>2456.000000</ele>
			</trkpt>
			<trkpt lat="46.531565" lon="10.461735">
				<ele>2457.000000</ele>
			</trkpt>
			<trkpt lat="46.531374" lon="10.461519">
				<ele>2459.000000</ele>
			</trkpt>
			<trkpt lat="46.531095" lon="10.461178">
				<ele>2463.000000</ele>
			</trkpt>
			<trkpt lat="46.531034" lon="10.461115">
				<ele>2463.000000</ele>
			</trkpt>
			<trkpt lat="46.530941" lon="10.461016">
				<ele>2464.000000</ele>
			</trkpt>
			<trkpt lat="46.530928" lon="10.460989">
				<ele>2465.000000</ele>
			</trkpt>
			<trkpt lat="46.530922" lon="10.460972">
				<ele>2465.000000</ele>
			</trkpt>
			<trkpt lat="46.530922" lon="10.460963">
				<ele>2465.000000</ele>
			</trkpt>
			<trkpt lat="46.530922" lon="10.460944">
				<ele>2465.000000</ele>
			</trkpt>
			<trkpt lat="46.530922" lon="10.460926">
				<ele>2465.000000</ele>
			</trkpt>
			<trkpt lat="46.530928" lon="10.460909">
				<ele>2465.000000</ele>
			</trkpt>
			<trkpt lat="46.530947" lon="10.460899">
				<ele>2465.000000</ele>
			</trkpt>
			<trkpt lat="46.530960" lon="10.460890">
				<ele>2465.000000</ele>
			</trkpt>
			<trkpt lat="46.530972" lon="10.460899">
				<ele>2466.000000</ele>
			</trkpt>
			<trkpt lat="46.530991" lon="10.460909">
				<ele>2466.000000</ele>
			</trkpt>
			<trkpt lat="46.531164" lon="10.461079">
				<ele>2468.000000</ele>
			</trkpt>
			<trkpt lat="46.531262" lon="10.461178">
				<ele>2469.000000</ele>
			</trkpt>
			<trkpt lat="46.531306" lon="10.461213">
				<ele>2469.000000</ele>
			</trkpt>
			<trkpt lat="46.531349" lon="10.461232">
				<ele>2470.000000</ele>
			</trkpt>
			<trkpt lat="46.531702" lon="10.461412">
				<ele>2473.000000</ele>
			</trkpt>
			<trkpt lat="46.531819" lon="10.461519">
				<ele>2474.000000</ele>
			</trkpt>
			<trkpt lat="46.531875" lon="10.461609">
				<ele>2475.000000</ele>
			</trkpt>
			<trkpt lat="46.531930" lon="10.461699">
				<ele>2476.000000</ele>
			</trkpt>
			<trkpt lat="46.531998" lon="10.461842">
				<ele>2477.000000</ele>
			</trkpt>
			<trkpt lat="46.532078" lon="10.461986">
				<ele>2478.000000</ele>
			</trkpt>
			<trkpt lat="46.532190" lon="10.462211">
				<ele>2480.000000</ele>
			</trkpt>
			<trkpt lat="46.532233" lon="10.462301">
				<ele>2480.000000</ele>
			</trkpt>
			<trkpt lat="46.532344" lon="10.462462">
				<ele>2482.000000</ele>
			</trkpt>
			<trkpt lat="46.532394" lon="10.462544">
				<ele>2482.000000</ele>
			</trkpt>
			<trkpt lat="46.532437" lon="10.462607">
				<ele>2483.000000</ele>
			</trkpt>
			<trkpt lat="46.532467" lon="10.462670">
				<ele>2483.000000</ele>
			</trkpt>
			<trkpt lat="46.532523" lon="10.462813">
				<ele>2484.000000</ele>
			</trkpt>
			<trkpt lat="46.532554" lon="10.462894">
				<ele>2485.000000</ele>
			</trkpt>
			<trkpt lat="46.532579" lon="10.462984">
				<ele>2485.000000</ele>
			</trkpt>
			<trkpt lat="46.532653" lon="10.463173">
				<ele>2487.000000</ele>
			</trkpt>
			<trkpt lat="46.532746" lon="10.463387">
				<ele>2488.000000</ele>
			</trkpt>
			<trkpt lat="46.532783" lon="10.463477">
				<ele>2489.000000</ele>
			</trkpt>
			<trkpt lat="46.532807" lon="10.463532">
				<ele>2489.000000</ele>
			</trkpt>
			<trkpt lat="46.532838" lon="10.463630">
				<ele>2490.000000</ele>
			</trkpt>
			<trkpt lat="46.532937" lon="10.463953">
				<ele>2492.000000</ele>
			</trkpt>
			<trkpt lat="46.532943" lon="10.463981">
				<ele>2492.000000</ele>
			</trkpt>
			<trkpt lat="46.532956" lon="10.463999">
				<ele>2493.000000</ele>
			</trkpt>
			<trkpt lat="46.532968" lon="10.464008">
				<ele>2493.000000</ele>
			</trkpt>
			<trkpt lat="46.532980" lon="10.464016">
				<ele>2493.000000</ele>
			</trkpt>
			<trkpt lat="46.532986" lon="10.464016">
				<ele>2493.000000</ele>
			</trkpt>
			<trkpt lat="46.532993" lon="10.464016">
				<ele>2493.000000</ele>
			</trkpt>
			<trkpt lat="46.533005" lon="10.464008">
				<ele>2493.000000</ele>
			</trkpt>
			<trkpt lat="46.533011" lon="10.463999">
				<ele>2493.000000</ele>
			</trkpt>
			<trkpt lat="46.533011" lon="10.463972">
				<ele>2493.000000</ele>
			</trkpt>
			<trkpt lat="46.533011" lon="10.463953">
				<ele>2493.000000</ele>
			</trkpt>
			<trkpt lat="46.533005" lon="10.463918">
				<ele>2494.000000</ele>
			</trkpt>
			<trkpt lat="46.532950" lon="10.463739">
				<ele>2495.000000</ele>
			</trkpt>
			<trkpt lat="46.532931" lon="10.463666">
				<ele>2495.000000</ele>
			</trkpt>
			<trkpt lat="46.532869" lon="10.463387">
				<ele>2497.000000</ele>
			</trkpt>
			<trkpt lat="46.532844" lon="10.463297">
				<ele>2498.000000</ele>
			</trkpt>
			<trkpt lat="46.532813" lon="10.463127">
				<ele>2499.000000</ele>
			</trkpt>
			<trkpt lat="46.532752" lon="10.462857">
				<ele>2501.000000</ele>
			</trkpt>
			<trkpt lat="46.532734" lon="10.462768">
				<ele>2501.000000</ele>
			</trkpt>
			<trkpt lat="46.532678" lon="10.462615">
				<ele>2503.000000</ele>
			</trkpt>
			<trkpt lat="46.532567" lon="10.462283">
				<ele>2505.000000</ele>
			</trkpt>
			<trkpt lat="46.532523" lon="10.462104">
				<ele>2507.000000</ele>
			</trkpt>
			<trkpt lat="46.532498" lon="10.462022">
				<ele>2507.000000</ele>
			</trkpt>
			<trkpt lat="46.532486" lon="10.461951">
				<ele>2508.000000</ele>
			</trkpt>
			<trkpt lat="46.532474" lon="10.461771">
				<ele>2509.000000</ele>
			</trkpt>
			<trkpt lat="46.532455" lon="10.461628">
				<ele>2510.000000</ele>
			</trkpt>
			<trkpt lat="46.532443" lon="10.461555">
				<ele>2511.000000</ele>
			</trkpt>
			<trkpt lat="46.532424" lon="10.461475">
				<ele>2512.000000</ele>
			</trkpt>
			<trkpt lat="46.532406" lon="10.461420">
				<ele>2512.000000</ele>
			</trkpt>
			<trkpt lat="46.532381" lon="10.461358">
				<ele>2513.000000</ele>
			</trkpt>
			<trkpt lat="46.532288" lon="10.461223">
				<ele>2515.000000</ele>
			</trkpt>
			<trkpt lat="46.532251" lon="10.461169">
				<ele>2515.000000</ele>
			</trkpt>
			<trkpt lat="46.532221" lon="10.461115">
				<ele>2516.000000</ele>
			</trkpt>
			<trkpt lat="46.532190" lon="10.461062">
				<ele>2516.000000</ele>
			</trkpt>
			<trkpt lat="46.532134" lon="10.460873">
				<ele>2518.000000</ele>
			</trkpt>
			<trkpt lat="46.532109" lon="10.460792">
				<ele>2519.000000</ele>
			</trkpt>
			<trkpt lat="46.532078" lon="10.460720">
				<ele>2520.000000</ele>
			</trkpt>
			<trkpt lat="46.532048" lon="10.460657">
				<ele>2520.000000</ele>
			</trkpt>
			<trkpt lat="46.532010" lon="10.460603">
				<ele>2521.000000</ele>
			</trkpt>
			<trkpt lat="46.531881" lon="10.460468">
				<ele>2522.000000</ele>
			</trkpt>
			<trkpt lat="46.531745" lon="10.460351">
				<ele>2523.000000</ele>
			</trkpt>
			<trkpt lat="46.531541" lon="10.460144">
				<ele>2525.000000</ele>
			</trkpt>
			<trkpt lat="46.531441" lon="10.460064">
				<ele>2525.000000</ele>
			</trkpt>
			<trkpt lat="46.531343" lon="10.459965">
				<ele>2526.000000</ele>
			</trkpt>
			<trkpt lat="46.531281" lon="10.459911">
				<ele>2527.000000</ele>
			</trkpt>
			<trkpt lat="46.531219" lon="10.459875">
				<ele>2527.000000</ele>
			</trkpt>
			<trkpt lat="46.531157" lon="10.459840">
				<ele>2528.000000</ele>
			</trkpt>
			<trkpt lat="46.530972" lon="10.459804">
				<ele>2529.000000</ele>
			</trkpt>
			<trkpt lat="46.530910" lon="10.459785">
				<ele>2529.000000</ele>
			</trkpt>
			<trkpt lat="46.530849" lon="10.459768">
				<ele>2530.000000</ele>
			</trkpt>
			<trkpt lat="46.530793" lon="10.459741">
				<ele>2530.000000</ele>
			</trkpt>
			<trkpt lat="46.530749" lon="10.459714">
				<ele>2531.000000</ele>
			</trkpt>
			<trkpt lat="46.530669" lon="10.459642">
				<ele>2532.000000</ele>
			</trkpt>
			<trkpt lat="46.530613" lon="10.459588">
				<ele>2532.000000</ele>
			</trkpt>
			<trkpt lat="46.530403" lon="10.459391">
				<ele>2535.000000</ele>
			</trkpt>
			<trkpt lat="46.530385" lon="10.459372">
				<ele>2535.000000</ele>
			</trkpt>
			<trkpt lat="46.530379" lon="10.459355">
				<ele>2535.000000</ele>
			</trkpt>
			<trkpt lat="46.530373" lon="10.459336">
				<ele>2536.000000</ele>
			</trkpt>
			<trkpt lat="46.530379" lon="10.459309">
				<ele>2536.000000</ele>
			</trkpt>
			<trkpt lat="46.530385" lon="10.459301">
				<ele>2536.000000</ele>
			</trkpt>
			<trkpt lat="46.530397" lon="10.459291">
				<ele>2536.000000</ele>
			</trkpt>
			<trkpt lat="46.530409" lon="10.459282">
				<ele>2536.000000</ele>
			</trkpt>
			<trkpt lat="46.530428" lon="10.459291">
				<ele>2536.000000</ele>
			</trkpt>
			<trkpt lat="46.530447" lon="10.459301">
				<ele>2536.000000</ele>
			</trkpt>
			<trkpt lat="46.530515" lon="10.459345">
				<ele>2537.000000</ele>
			</trkpt>
			<trkpt lat="46.530564" lon="10.459372">
				<ele>2538.000000</ele>
			</trkpt>
			<trkpt lat="46.530688" lon="10.459435">
				<ele>2539.000000</ele>
			</trkpt>
			<trkpt lat="46.530755" lon="10.459444">
				<ele>2540.000000</ele>
			</trkpt>
			<trkpt lat="46.530935" lon="10.459481">
				<ele>2542.000000</ele>
			</trkpt>
			<trkpt lat="46.531176" lon="10.459515">
				<ele>2545.000000</ele>
			</trkpt>
			<trkpt lat="46.531287" lon="10.459534">
				<ele>2546.000000</ele>
			</trkpt>
			<trkpt lat="46.531380" lon="10.459552">
				<ele>2547.000000</ele>
			</trkpt>
			<trkpt lat="46.531448" lon="10.459561">
				<ele>2548.000000</ele>
			</trkpt>
			<trkpt lat="46.531504" lon="10.459578">
				<ele>2548.000000</ele>
			</trkpt>
			<trkpt lat="46.531677" lon="10.459660">
				<ele>2550.000000</ele>
			</trkpt>
			<trkpt lat="46.531775" lon="10.459705">
				<ele>2551.000000</ele>
			</trkpt>
			<trkpt lat="46.531862" lon="10.459741">
				<ele>2552.000000</ele>
			</trkpt>
			<trkpt lat="46.532097" lon="10.459867">
				<ele>2555.000000</ele>
			</trkpt>
			<trkpt lat="46.532264" lon="10.459965">
				<ele>2556.000000</ele>
			</trkpt>
			<trkpt lat="46.532418" lon="10.460091">
				<ele>2558.000000</ele>
			</trkpt>
			<trkpt lat="46.532480" lon="10.460163">
				<ele>2559.000000</ele>
			</trkpt>
			<trkpt lat="46.532591" lon="10.460297">
				<ele>2560.000000</ele>
			</trkpt>
			<trkpt lat="46.532640" lon="10.460387">
				<ele>2561.000000</ele>
			</trkpt>
			<trkpt lat="46.532690" lon="10.460468">
				<ele>2562.000000</ele>
			</trkpt>
			<trkpt lat="46.532721" lon="10.460540">
				<ele>2562.000000</ele>
			</trkpt>
			<trkpt lat="46.532764" lon="10.460603">
				<ele>2563.000000</ele>
			</trkpt>
			<trkpt lat="46.532900" lon="10.460873">
				<ele>2565.000000</ele>
			</trkpt>
			<trkpt lat="46.533011" lon="10.461106">
				<ele>2567.000000</ele>
			</trkpt>
			<trkpt lat="46.533073" lon="10.461268">
				<ele>2568.000000</ele>
			</trkpt>
			<trkpt lat="46.533080" lon="10.461286">
				<ele>2568.000000</ele>
			</trkpt>
			<trkpt lat="46.533086" lon="10.461303">
				<ele>2568.000000</ele>
			</trkpt>
			<trkpt lat="46.533098" lon="10.461313">
				<ele>2568.000000</ele>
			</trkpt>
			<trkpt lat="46.533110" lon="10.461313">
				<ele>2568.000000</ele>
			</trkpt>
			<trkpt lat="46.533123" lon="10.461313">
				<ele>2568.000000</ele>
			</trkpt>
			<trkpt lat="46.533129" lon="10.461303">
				<ele>2569.000000</ele>
			</trkpt>
			<trkpt lat="46.533135" lon="10.461286">
				<ele>2569.000000</ele>
			</trkpt>
			<trkpt lat="46.533135" lon="10.461268">
				<ele>2569.000000</ele>
			</trkpt>
			<trkpt lat="46.533135" lon="10.461250">
				<ele>2569.000000</ele>
			</trkpt>
			<trkpt lat="46.533129" lon="10.461213">
				<ele>2569.000000</ele>
			</trkpt>
			<trkpt lat="46.533110" lon="10.461160">
				<ele>2570.000000</ele>
			</trkpt>
			<trkpt lat="46.533067" lon="10.461052">
				<ele>2570.000000</ele>
			</trkpt>
			<trkpt lat="46.532999" lon="10.460854">
				<ele>2572.000000</ele>
			</trkpt>
			<trkpt lat="46.532968" lon="10.460737">
				<ele>2572.000000</ele>
			</trkpt>
			<trkpt lat="46.532931" lon="10.460639">
				<ele>2573.000000</ele>
			</trkpt>
			<trkpt lat="46.532770" lon="10.460270">
				<ele>2576.000000</ele>
			</trkpt>
			<trkpt lat="46.532696" lon="10.460110">
				<ele>2577.000000</ele>
			</trkpt>
			<trkpt lat="46.532671" lon="10.460028">
				<ele>2577.000000</ele>
			</trkpt>
			<trkpt lat="46.532628" lon="10.459930">
				<ele>2578.000000</ele>
			</trkpt>
			<trkpt lat="46.532579" lon="10.459848">
				<ele>2579.000000</ele>
			</trkpt>
			<trkpt lat="46.532467" lon="10.459633">
				<ele>2580.000000</ele>
			</trkpt>
			<trkpt lat="46.532437" lon="10.459552">
				<ele>2581.000000</ele>
			</trkpt>
			<trkpt lat="46.532394" lon="10.459454">
				<ele>2582.000000</ele>
			</trkpt>
			<trkpt lat="46.532344" lon="10.459364">
				<ele>2583.000000</ele>
			</trkpt>
			<trkpt lat="46.532214" lon="10.459211">
				<ele>2584.000000</ele>
			</trkpt>
			<trkpt lat="46.532152" lon="10.459157">
				<ele>2585.000000</ele>
			</trkpt>
			<trkpt lat="46.532103" lon="10.459112">
				<ele>2585.000000</ele>
			</trkpt>
			<trkpt lat="46.532048" lon="10.459085">
				<ele>2586.000000</ele>
			</trkpt>
			<trkpt lat="46.531930" lon="10.459039">
				<ele>2587.000000</ele>
			</trkpt>
			<trkpt lat="46.531812" lon="10.459013">
				<ele>2588.000000</ele>
			</trkpt>
			<trkpt lat="46.531708" lon="10.458968">
				<ele>2589.000000</ele>
			</trkpt>
			<trkpt lat="46.531614" lon="10.458932">
				<ele>2590.000000</ele>
			</trkpt>
			<trkpt lat="46.531491" lon="10.458888">
				<ele>2592.000000</ele>
			</trkpt>
			<trkpt lat="46.531392" lon="10.458842">
				<ele>2593.000000</ele>
			</trkpt>
			<trkpt lat="46.531324" lon="10.458798">
				<ele>2593.000000</ele>
			</trkpt>
			<trkpt lat="46.531157" lon="10.458672">
				<ele>2595.000000</ele>
			</trkpt>
			<trkpt lat="46.531028" lon="10.458582">
				<ele>2597.000000</ele>
			</trkpt>
			<trkpt lat="46.530842" lon="10.458456">
				<ele>2599.000000</ele>
			</trkpt>
			<trkpt lat="46.530607" lon="10.458213">
				<ele>2601.000000</ele>
			</trkpt>
			<trkpt lat="46.530503" lon="10.458097">
				<ele>2603.000000</ele>
			</trkpt>
			<trkpt lat="46.530409" lon="10.457989">
				<ele>2604.000000</ele>
			</trkpt>
			<trkpt lat="46.530336" lon="10.457899">
				<ele>2604.000000</ele>
			</trkpt>
			<trkpt lat="46.530181" lon="10.457674">
				<ele>2606.000000</ele>
			</trkpt>
			<trkpt lat="46.530039" lon="10.457450">
				<ele>2608.000000</ele>
			</trkpt>
			<trkpt lat="46.529952" lon="10.457315">
				<ele>2609.000000</ele>
			</trkpt>
			<trkpt lat="46.529927" lon="10.457270">
				<ele>2610.000000</ele>
			</trkpt>
			<trkpt lat="46.529915" lon="10.457234">
				<ele>2610.000000</ele>
			</trkpt>
			<trkpt lat="46.529909" lon="10.457207">
				<ele>2610.000000</ele>
			</trkpt>
			<trkpt lat="46.529909" lon="10.457190">
				<ele>2610.000000</ele>
			</trkpt>
			<trkpt lat="46.529909" lon="10.457171">
				<ele>2610.000000</ele>
			</trkpt>
			<trkpt lat="46.529915" lon="10.457162">
				<ele>2610.000000</ele>
			</trkpt>
			<trkpt lat="46.529927" lon="10.457154">
				<ele>2610.000000</ele>
			</trkpt>
			<trkpt lat="46.529934" lon="10.457154">
				<ele>2610.000000</ele>
			</trkpt>
			<trkpt lat="46.529946" lon="10.457154">
				<ele>2611.000000</ele>
			</trkpt>
			<trkpt lat="46.529965" lon="10.457171">
				<ele>2611.000000</ele>
			</trkpt>
			<trkpt lat="46.530039" lon="10.457261">
				<ele>2612.000000</ele>
			</trkpt>
			<trkpt lat="46.530150" lon="10.457370">
				<ele>2613.000000</ele>
			</trkpt>
			<trkpt lat="46.530230" lon="10.457460">
				<ele>2614.000000</ele>
			</trkpt>
			<trkpt lat="46.530329" lon="10.457549">
				<ele>2615.000000</ele>
			</trkpt>
			<trkpt lat="46.530447" lon="10.457630">
				<ele>2616.000000</ele>
			</trkpt>
			<trkpt lat="46.530558" lon="10.457720">
				<ele>2618.000000</ele>
			</trkpt>
			<trkpt lat="46.530663" lon="10.457800">
				<ele>2619.000000</ele>
			</trkpt>
			<trkpt lat="46.530743" lon="10.457846">
				<ele>2620.000000</ele>
			</trkpt>
			<trkpt lat="46.530793" lon="10.457881">
				<ele>2620.000000</ele>
			</trkpt>
			<trkpt lat="46.530861" lon="10.457936">
				<ele>2621.000000</ele>
			</trkpt>
			<trkpt lat="46.530941" lon="10.457989">
				<ele>2622.000000</ele>
			</trkpt>
			<trkpt lat="46.531003" lon="10.458025">
				<ele>2622.000000</ele>
			</trkpt>
			<trkpt lat="46.531089" lon="10.458060">
				<ele>2623.000000</ele>
			</trkpt>
			<trkpt lat="46.531337" lon="10.458133">
				<ele>2626.000000</ele>
			</trkpt>
			<trkpt lat="46.531435" lon="10.458177">
				<ele>2627.000000</ele>
			</trkpt>
			<trkpt lat="46.531677" lon="10.458259">
				<ele>2629.000000</ele>
			</trkpt>
			<trkpt lat="46.531695" lon="10.458259">
				<ele>2629.000000</ele>
			</trkpt>
			<trkpt lat="46.531714" lon="10.458259">
				<ele>2630.000000</ele>
			</trkpt>
			<trkpt lat="46.531726" lon="10.458249">
				<ele>2630.000000</ele>
			</trkpt>
			<trkpt lat="46.531738" lon="10.458232">
				<ele>2630.000000</ele>
			</trkpt>
			<trkpt lat="46.531738" lon="10.458213">
				<ele>2630.000000</ele>
			</trkpt>
			<trkpt lat="46.531738" lon="10.458204">
				<ele>2630.000000</ele>
			</trkpt>
			<trkpt lat="46.531732" lon="10.458177">
				<ele>2630.000000</ele>
			</trkpt>
			<trkpt lat="46.531720" lon="10.458160">
				<ele>2630.000000</ele>
			</trkpt>
			<trkpt lat="46.531708" lon="10.458150">
				<ele>2630.000000</ele>
			</trkpt>
			<trkpt lat="46.531689" lon="10.458142">
				<ele>2631.000000</ele>
			</trkpt>
			<trkpt lat="46.531541" lon="10.458123">
				<ele>2632.000000</ele>
			</trkpt>
			<trkpt lat="46.531491" lon="10.458106">
				<ele>2632.000000</ele>
			</trkpt>
			<trkpt lat="46.531423" lon="10.458070">
				<ele>2633.000000</ele>
			</trkpt>
			<trkpt lat="46.531368" lon="10.458034">
				<ele>2633.000000</ele>
			</trkpt>
			<trkpt lat="46.531312" lon="10.458007">
				<ele>2634.000000</ele>
			</trkpt>
			<trkpt lat="46.531189" lon="10.457936">
				<ele>2635.000000</ele>
			</trkpt>
			<trkpt lat="46.531065" lon="10.457854">
				<ele>2636.000000</ele>
			</trkpt>
			<trkpt lat="46.531022" lon="10.457818">
				<ele>2636.000000</ele>
			</trkpt>
			<trkpt lat="46.530966" lon="10.457756">
				<ele>2637.000000</ele>
			</trkpt>
			<trkpt lat="46.530904" lon="10.457684">
				<ele>2637.000000</ele>
			</trkpt>
			<trkpt lat="46.530836" lon="10.457603">
				<ele>2638.000000</ele>
			</trkpt>
			<trkpt lat="46.530774" lon="10.457513">
				<ele>2639.000000</ele>
			</trkpt>
			<trkpt lat="46.530707" lon="10.457397">
				<ele>2640.000000</ele>
			</trkpt>
			<trkpt lat="46.530626" lon="10.457252">
				<ele>2641.000000</ele>
			</trkpt>
			<trkpt lat="46.530496" lon="10.457010">
				<ele>2643.000000</ele>
			</trkpt>
			<trkpt lat="46.530422" lon="10.456857">
				<ele>2644.000000</ele>
			</trkpt>
			<trkpt lat="46.530373" lon="10.456776">
				<ele>2644.000000</ele>
			</trkpt>
			<trkpt lat="46.530329" lon="10.456714">
				<ele>2645.000000</ele>
			</trkpt>
			<trkpt lat="46.530286" lon="10.456668">
				<ele>2646.000000</ele>
			</trkpt>
			<trkpt lat="46.530249" lon="10.456641">
				<ele>2646.000000</ele>
			</trkpt>
			<trkpt lat="46.530119" lon="10.456578">
				<ele>2647.000000</ele>
			</trkpt>
			<trkpt lat="46.530063" lon="10.456542">
				<ele>2648.000000</ele>
			</trkpt>
			<trkpt lat="46.530051" lon="10.456534">
				<ele>2648.000000</ele>
			</trkpt>
			<trkpt lat="46.530045" lon="10.456515">
				<ele>2648.000000</ele>
			</trkpt>
			<trkpt lat="46.530039" lon="10.456507">
				<ele>2648.000000</ele>
			</trkpt>
			<trkpt lat="46.530033" lon="10.456489">
				<ele>2648.000000</ele>
			</trkpt>
			<trkpt lat="46.530039" lon="10.456471">
				<ele>2648.000000</ele>
			</trkpt>
			<trkpt lat="46.530039" lon="10.456462">
				<ele>2648.000000</ele>
			</trkpt>
			<trkpt lat="46.530051" lon="10.456444">
				<ele>2648.000000</ele>
			</trkpt>
			<trkpt lat="46.530057" lon="10.456435">
				<ele>2648.000000</ele>
			</trkpt>
			<trkpt lat="46.530069" lon="10.456435">
				<ele>2649.000000</ele>
			</trkpt>
			<trkpt lat="46.530076" lon="10.456435">
				<ele>2649.000000</ele>
			</trkpt>
			<trkpt lat="46.530088" lon="10.456435">
				<ele>2649.000000</ele>
			</trkpt>
			<trkpt lat="46.530181" lon="10.456489">
				<ele>2650.000000</ele>
			</trkpt>
			<trkpt lat="46.530280" lon="10.456525">
				<ele>2651.000000</ele>
			</trkpt>
			<trkpt lat="46.530361" lon="10.456569">
				<ele>2651.000000</ele>
			</trkpt>
			<trkpt lat="46.530440" lon="10.456615">
				<ele>2652.000000</ele>
			</trkpt>
			<trkpt lat="46.530515" lon="10.456686">
				<ele>2653.000000</ele>
			</trkpt>
			<trkpt lat="46.530570" lon="10.456741">
				<ele>2654.000000</ele>
			</trkpt>
			<trkpt lat="46.530638" lon="10.456812">
				<ele>2654.000000</ele>
			</trkpt>
			<trkpt lat="46.530713" lon="10.456902">
				<ele>2655.000000</ele>
			</trkpt>
			<trkpt lat="46.530855" lon="10.457100">
				<ele>2657.000000</ele>
			</trkpt>
			<trkpt lat="46.530916" lon="10.457198">
				<ele>2658.000000</ele>
			</trkpt>
			<trkpt lat="46.530960" lon="10.457252">
				<ele>2658.000000</ele>
			</trkpt>
			<trkpt lat="46.531040" lon="10.457360">
				<ele>2659.000000</ele>
			</trkpt>
			<trkpt lat="46.531102" lon="10.457450">
				<ele>2660.000000</ele>
			</trkpt>
			<trkpt lat="46.531170" lon="10.457521">
				<ele>2661.000000</ele>
			</trkpt>
			<trkpt lat="46.531176" lon="10.457521">
				<ele>2661.000000</ele>
			</trkpt>
			<trkpt lat="46.531189" lon="10.457531">
				<ele>2661.000000</ele>
			</trkpt>
			<trkpt lat="46.531201" lon="10.457540">
				<ele>2661.000000</ele>
			</trkpt>
			<trkpt lat="46.531219" lon="10.457531">
				<ele>2661.000000</ele>
			</trkpt>
			<trkpt lat="46.531226" lon="10.457531">
				<ele>2661.000000</ele>
			</trkpt>
			<trkpt lat="46.531232" lon="10.457513">
				<ele>2661.000000</ele>
			</trkpt>
			<trkpt lat="46.531238" lon="10.457494">
				<ele>2662.000000</ele>
			</trkpt>
			<trkpt lat="46.531238" lon="10.457477">
				<ele>2662.000000</ele>
			</trkpt>
			<trkpt lat="46.531232" lon="10.457450">
				<ele>2662.000000</ele>
			</trkpt>
			<trkpt lat="46.531219" lon="10.457431">
				<ele>2662.000000</ele>
			</trkpt>
			<trkpt lat="46.531120" lon="10.457324">
				<ele>2663.000000</ele>
			</trkpt>
			<trkpt lat="46.531077" lon="10.457270">
				<ele>2664.000000</ele>
			</trkpt>
			<trkpt lat="46.531053" lon="10.457217">
				<ele>2664.000000</ele>
			</trkpt>
			<trkpt lat="46.531022" lon="10.457154">
				<ele>2664.000000</ele>
			</trkpt>
			<trkpt lat="46.530997" lon="10.457081">
				<ele>2665.000000</ele>
			</trkpt>
			<trkpt lat="46.530966" lon="10.457010">
				<ele>2665.000000</ele>
			</trkpt>
			<trkpt lat="46.530904" lon="10.456865">
				<ele>2666.000000</ele>
			</trkpt>
			<trkpt lat="46.530867" lon="10.456768">
				<ele>2667.000000</ele>
			</trkpt>
			<trkpt lat="46.530824" lon="10.456678">
				<ele>2668.000000</ele>
			</trkpt>
			<trkpt lat="46.530774" lon="10.456605">
				<ele>2668.000000</ele>
			</trkpt>
			<trkpt lat="46.530682" lon="10.456479">
				<ele>2670.000000</ele>
			</trkpt>
			<trkpt lat="46.530509" lon="10.456318">
				<ele>2672.000000</ele>
			</trkpt>
			<trkpt lat="46.530342" lon="10.456175">
				<ele>2675.000000</ele>
			</trkpt>
			<trkpt lat="46.530280" lon="10.456120">
				<ele>2676.000000</ele>
			</trkpt>
			<trkpt lat="46.530169" lon="10.455976">
				<ele>2677.000000</ele>
			</trkpt>
			<trkpt lat="46.530119" lon="10.455896">
				<ele>2678.000000</ele>
			</trkpt>
			<trkpt lat="46.530051" lon="10.455806">
				<ele>2680.000000</ele>
			</trkpt>
			<trkpt lat="46.530027" lon="10.455770">
				<ele>2680.000000</ele>
			</trkpt>
			<trkpt lat="46.529983" lon="10.455725">
				<ele>2680.000000</ele>
			</trkpt>
			<trkpt lat="46.529946" lon="10.455699">
				<ele>2680.000000</ele>
			</trkpt>
			<trkpt lat="46.529903" lon="10.455689">
				<ele>2680.000000</ele>
			</trkpt>
			<trkpt lat="46.529798" lon="10.455689">
				<ele>2680.000000</ele>
			</trkpt>
			<trkpt lat="46.529656" lon="10.455716">
				<ele>2680.000000</ele>
			</trkpt>
			<trkpt lat="46.529587" lon="10.455725">
				<ele>2680.000000</ele>
			</trkpt>
			<trkpt lat="46.529532" lon="10.455743">
				<ele>2680.000000</ele>
			</trkpt>
			<trkpt lat="46.529470" lon="10.455762">
				<ele>2680.000000</ele>
			</trkpt>
			<trkpt lat="46.529458" lon="10.455752">
				<ele>2680.000000</ele>
			</trkpt>
			<trkpt lat="46.529445" lon="10.455752">
				<ele>2680.000000</ele>
			</trkpt>
			<trkpt lat="46.529433" lon="10.455743">
				<ele>2680.000000</ele>
			</trkpt>
			<trkpt lat="46.529427" lon="10.455725">
				<ele>2681.000000</ele>
			</trkpt>
			<trkpt lat="46.529427" lon="10.455707">
				<ele>2681.000000</ele>
			</trkpt>
			<trkpt lat="46.529427" lon="10.455689">
				<ele>2681.000000</ele>
			</trkpt>
			<trkpt lat="46.529427" lon="10.455680">
				<ele>2681.000000</ele>
			</trkpt>
			<trkpt lat="46.529439" lon="10.455672">
				<ele>2682.000000</ele>
			</trkpt>
			<trkpt lat="46.529458" lon="10.455653">
				<ele>2682.000000</ele>
			</trkpt>
			<trkpt lat="46.529514" lon="10.455644">
				<ele>2684.000000</ele>
			</trkpt>
			<trkpt lat="46.529606" lon="10.455609">
				<ele>2686.000000</ele>
			</trkpt>
			<trkpt lat="46.529687" lon="10.455573">
				<ele>2688.000000</ele>
			</trkpt>
			<trkpt lat="46.529792" lon="10.455536">
				<ele>2690.000000</ele>
			</trkpt>
			<trkpt lat="46.529860" lon="10.455510">
				<ele>2691.000000</ele>
			</trkpt>
			<trkpt lat="46.529977" lon="10.455492">
				<ele>2692.000000</ele>
			</trkpt>
			<trkpt lat="46.529996" lon="10.455492">
				<ele>2692.000000</ele>
			</trkpt>
			<trkpt lat="46.530002" lon="10.455483">
				<ele>2692.000000</ele>
			</trkpt>
			<trkpt lat="46.530008" lon="10.455473">
				<ele>2692.000000</ele>
			</trkpt>
			<trkpt lat="46.530014" lon="10.455464">
				<ele>2692.000000</ele>
			</trkpt>
			<trkpt lat="46.530014" lon="10.455447">
				<ele>2692.000000</ele>
			</trkpt>
			<trkpt lat="46.530014" lon="10.455420">
				<ele>2692.000000</ele>
			</trkpt>
			<trkpt lat="46.530014" lon="10.455402">
				<ele>2692.000000</ele>
			</trkpt>
			<trkpt lat="46.530008" lon="10.455384">
				<ele>2693.000000</ele>
			</trkpt>
			<trkpt lat="46.530002" lon="10.455375">
				<ele>2693.000000</ele>
			</trkpt>
			<trkpt lat="46.529996" lon="10.455366">
				<ele>2693.000000</ele>
			</trkpt>
			<trkpt lat="46.529983" lon="10.455366">
				<ele>2693.000000</ele>
			</trkpt>
			<trkpt lat="46.529965" lon="10.455357">
				<ele>2693.000000</ele>
			</trkpt>
			<trkpt lat="46.529909" lon="10.455375">
				<ele>2693.000000</ele>
			</trkpt>
			<trkpt lat="46.529810" lon="10.455402">
				<ele>2694.000000</ele>
			</trkpt>
			<trkpt lat="46.529687" lon="10.455437">
				<ele>2695.000000</ele>
			</trkpt>
			<trkpt lat="46.529483" lon="10.455473">
				<ele>2697.000000</ele>
			</trkpt>
			<trkpt lat="46.529464" lon="10.455473">
				<ele>2697.000000</ele>
			</trkpt>
			<trkpt lat="46.529452" lon="10.455464">
				<ele>2697.000000</ele>
			</trkpt>
			<trkpt lat="46.529439" lon="10.455456">
				<ele>2697.000000</ele>
			</trkpt>
			<trkpt lat="46.529433" lon="10.455447">
				<ele>2697.000000</ele>
			</trkpt>
			<trkpt lat="46.529427" lon="10.455429">
				<ele>2698.000000</ele>
			</trkpt>
			<trkpt lat="46.529427" lon="10.455410">
				<ele>2698.000000</ele>
			</trkpt>
			<trkpt lat="46.529427" lon="10.455384">
				<ele>2698.000000</ele>
			</trkpt>
			<trkpt lat="46.529427" lon="10.455375">
				<ele>2698.000000</ele>
			</trkpt>
			<trkpt lat="46.529433" lon="10.455366">
				<ele>2698.000000</ele>
			</trkpt>
			<trkpt lat="46.529445" lon="10.455347">
				<ele>2698.000000</ele>
			</trkpt>
			<trkpt lat="46.529458" lon="10.455339">
				<ele>2698.000000</ele>
			</trkpt>
			<trkpt lat="46.529477" lon="10.455330">
				<ele>2698.000000</ele>
			</trkpt>
			<trkpt lat="46.529526" lon="10.455320">
				<ele>2699.000000</ele>
			</trkpt>
			<trkpt lat="46.529643" lon="10.455312">
				<ele>2700.000000</ele>
			</trkpt>
			<trkpt lat="46.529816" lon="10.455276">
				<ele>2701.000000</ele>
			</trkpt>
			<trkpt lat="46.529890" lon="10.455257">
				<ele>2702.000000</ele>
			</trkpt>
			<trkpt lat="46.530033" lon="10.455223">
				<ele>2703.000000</ele>
			</trkpt>
			<trkpt lat="46.530069" lon="10.455223">
				<ele>2704.000000</ele>
			</trkpt>
			<trkpt lat="46.530107" lon="10.455223">
				<ele>2704.000000</ele>
			</trkpt>
			<trkpt lat="46.530138" lon="10.455240">
				<ele>2704.000000</ele>
			</trkpt>
			<trkpt lat="46.530175" lon="10.455276">
				<ele>2705.000000</ele>
			</trkpt>
			<trkpt lat="46.530242" lon="10.455347">
				<ele>2706.000000</ele>
			</trkpt>
			<trkpt lat="46.530305" lon="10.455420">
				<ele>2706.000000</ele>
			</trkpt>
			<trkpt lat="46.530373" lon="10.455473">
				<ele>2707.000000</ele>
			</trkpt>
			<trkpt lat="46.530440" lon="10.455519">
				<ele>2708.000000</ele>
			</trkpt>
			<trkpt lat="46.530527" lon="10.455546">
				<ele>2709.000000</ele>
			</trkpt>
			<trkpt lat="46.530960" lon="10.455707">
				<ele>2712.000000</ele>
			</trkpt>
			<trkpt lat="46.531095" lon="10.455752">
				<ele>2713.000000</ele>
			</trkpt>
			<trkpt lat="46.531139" lon="10.455779">
				<ele>2714.000000</ele>
			</trkpt>
			<trkpt lat="46.531170" lon="10.455815">
				<ele>2714.000000</ele>
			</trkpt>
			<trkpt lat="46.531201" lon="10.455852">
				<ele>2714.000000</ele>
			</trkpt>
			<trkpt lat="46.531256" lon="10.455932">
				<ele>2715.000000</ele>
			</trkpt>
			<trkpt lat="46.531299" lon="10.456012">
				<ele>2715.000000</ele>
			</trkpt>
			<trkpt lat="46.531337" lon="10.456102">
				<ele>2716.000000</ele>
			</trkpt>
			<trkpt lat="46.531392" lon="10.456219">
				<ele>2717.000000</ele>
			</trkpt>
			<trkpt lat="46.531460" lon="10.456354">
				<ele>2717.000000</ele>
			</trkpt>
			<trkpt lat="46.531491" lon="10.456418">
				<ele>2718.000000</ele>
			</trkpt>
			<trkpt lat="46.531497" lon="10.456426">
				<ele>2718.000000</ele>
			</trkpt>
			<trkpt lat="46.531510" lon="10.456435">
				<ele>2718.000000</ele>
			</trkpt>
			<trkpt lat="46.531522" lon="10.456444">
				<ele>2718.000000</ele>
			</trkpt>
			<trkpt lat="46.531535" lon="10.456452">
				<ele>2718.000000</ele>
			</trkpt>
			<trkpt lat="46.531547" lon="10.456452">
				<ele>2718.000000</ele>
			</trkpt>
			<trkpt lat="46.531559" lon="10.456444">
				<ele>2718.000000</ele>
			</trkpt>
			<trkpt lat="46.531565" lon="10.456435">
				<ele>2719.000000</ele>
			</trkpt>
			<trkpt lat="46.531578" lon="10.456418">
				<ele>2719.000000</ele>
			</trkpt>
			<trkpt lat="46.531584" lon="10.456399">
				<ele>2719.000000</ele>
			</trkpt>
			<trkpt lat="46.531584" lon="10.456381">
				<ele>2719.000000</ele>
			</trkpt>
			<trkpt lat="46.531584" lon="10.456372">
				<ele>2719.000000</ele>
			</trkpt>
			<trkpt lat="46.531572" lon="10.456345">
				<ele>2719.000000</ele>
			</trkpt>
			<trkpt lat="46.531565" lon="10.456328">
				<ele>2719.000000</ele>
			</trkpt>
			<trkpt lat="46.531528" lon="10.456273">
				<ele>2720.000000</ele>
			</trkpt>
			<trkpt lat="46.531497" lon="10.456210">
				<ele>2720.000000</ele>
			</trkpt>
			<trkpt lat="46.531473" lon="10.456156">
				<ele>2720.000000</ele>
			</trkpt>
			<trkpt lat="46.531362" lon="10.455842">
				<ele>2724.000000</ele>
			</trkpt>
			<trkpt lat="46.531299" lon="10.455699">
				<ele>2725.000000</ele>
			</trkpt>
			<trkpt lat="46.531268" lon="10.455644">
				<ele>2726.000000</ele>
			</trkpt>
			<trkpt lat="46.531226" lon="10.455599">
				<ele>2726.000000</ele>
			</trkpt>
			<trkpt lat="46.531164" lon="10.455536">
				<ele>2727.000000</ele>
			</trkpt>
			<trkpt lat="46.531089" lon="10.455473">
				<ele>2728.000000</ele>
			</trkpt>
			<trkpt lat="46.530892" lon="10.455303">
				<ele>2731.000000</ele>
			</trkpt>
			<trkpt lat="46.530743" lon="10.455204">
				<ele>2733.000000</ele>
			</trkpt>
			<trkpt lat="46.530632" lon="10.455123">
				<ele>2735.000000</ele>
			</trkpt>
			<trkpt lat="46.530595" lon="10.455087">
				<ele>2735.000000</ele>
			</trkpt>
			<trkpt lat="46.530552" lon="10.455033">
				<ele>2736.000000</ele>
			</trkpt>
			<trkpt lat="46.530478" lon="10.454926">
				<ele>2738.000000</ele>
			</trkpt>
			<trkpt lat="46.530385" lon="10.454773">
				<ele>2739.000000</ele>
			</trkpt>
			<trkpt lat="46.530348" lon="10.454737">
				<ele>2740.000000</ele>
			</trkpt>
			<trkpt lat="46.530317" lon="10.454710">
				<ele>2740.000000</ele>
			</trkpt>
			<trkpt lat="46.530280" lon="10.454683">
				<ele>2741.000000</ele>
			</trkpt>
			<trkpt lat="46.530224" lon="10.454674">
				<ele>2741.000000</ele>
			</trkpt>
			<trkpt lat="46.530069" lon="10.454638">
				<ele>2742.000000</ele>
			</trkpt>
			<trkpt lat="46.529736" lon="10.454548">
				<ele>2745.000000</ele>
			</trkpt>
			<trkpt lat="46.529550" lon="10.454485">
				<ele>2746.000000</ele>
			</trkpt>
			<trkpt lat="46.529353" lon="10.454414">
				<ele>2748.000000</ele>
			</trkpt>
			<trkpt lat="46.529254" lon="10.454368">
				<ele>2749.000000</ele>
			</trkpt>
			<trkpt lat="46.529204" lon="10.454341">
				<ele>2749.000000</ele>
			</trkpt>
			<trkpt lat="46.529149" lon="10.454297">
				<ele>2750.000000</ele>
			</trkpt>
			<trkpt lat="46.529106" lon="10.454244">
				<ele>2751.000000</ele>
			</trkpt>
			<trkpt lat="46.529056" lon="10.454162">
				<ele>2752.000000</ele>
			</trkpt>
			<trkpt lat="46.529007" lon="10.454064">
				<ele>2755.000000</ele>
			</trkpt>
			<trkpt lat="46.528964" lon="10.454001">
				<ele>2755.000000</ele>
			</trkpt>
			<trkpt lat="46.528889" lon="10.453884">
				<ele>2756.000000</ele>
			</trkpt>
			<trkpt lat="46.528815" lon="10.453767">
				<ele>2757.000000</ele>
			</trkpt>
			<trkpt lat="46.528728" lon="10.453641">
				<ele>2758.000000</ele>
			</trkpt>
			<trkpt lat="46.528679" lon="10.453560">
				<ele>2758.000000</ele>
			</trkpt>
			<trkpt lat="46.528655" lon="10.453506">
				<ele>2759.000000</ele>
			</trkpt>
			<trkpt lat="46.528636" lon="10.453452">
				<ele>2759.000000</ele>
			</trkpt>
			<trkpt lat="46.528624" lon="10.453372">
				<ele>2759.000000</ele>
			</trkpt>
			<trkpt lat="46.528617" lon="10.453291">
				<ele>2759.000000</ele>
			</trkpt>
			<trkpt lat="46.528617" lon="10.453210">
				<ele>2760.000000</ele>
			</trkpt>
			<trkpt lat="46.528617" lon="10.453210">
				<ele>2760.000000</ele>
			</trkpt>
			<trkpt lat="46.528617" lon="10.453210">
				<ele>2760.000000</ele>
			</trkpt>
			<trkpt lat="46.528624" lon="10.453156">
				<ele>2760.000000</ele>
			</trkpt>
			<trkpt lat="46.528630" lon="10.453102">
				<ele>2760.000000</ele>
			</trkpt>
			<trkpt lat="46.528642" lon="10.453030">
				<ele>2760.000000</ele>
			</trkpt>
			<trkpt lat="46.528679" lon="10.452940">
				<ele>2760.000000</ele>
			</trkpt>
			<trkpt lat="46.528716" lon="10.452877">
				<ele>2760.000000</ele>
			</trkpt>
			<trkpt lat="46.528747" lon="10.452833">
				<ele>2760.000000</ele>
			</trkpt>
			<trkpt lat="46.528753" lon="10.452823">
				<ele>2760.000000</ele>
			</trkpt>
			<trkpt lat="46.528784" lon="10.452779">
				<ele>2760.000000</ele>
			</trkpt>
			<trkpt lat="46.528815" lon="10.452752">
				<ele>2760.000000</ele>
			</trkpt>
			<trkpt lat="46.528840" lon="10.452725">
				<ele>2760.000000</ele>
			</trkpt>
			<trkpt lat="46.528889" lon="10.452680">
				<ele>2760.000000</ele>
			</trkpt>
			<trkpt lat="46.529001" lon="10.452581">
				<ele>2759.000000</ele>
			</trkpt>
			<trkpt lat="46.529168" lon="10.452410">
				<ele>2755.000000</ele>
			</trkpt>
			<trkpt lat="46.529223" lon="10.452357">
				<ele>2754.000000</ele>
			</trkpt>
			<trkpt lat="46.529285" lon="10.452303">
				<ele>2752.000000</ele>
			</trkpt>
			<trkpt lat="46.529414" lon="10.452194">
				<ele>2750.000000</ele>
			</trkpt>
			<trkpt lat="46.529508" lon="10.452114">
				<ele>2748.000000</ele>
			</trkpt>
			<trkpt lat="46.529581" lon="10.452015">
				<ele>2747.000000</ele>
			</trkpt>
			<trkpt lat="46.529600" lon="10.451988">
				<ele>2747.000000</ele>
			</trkpt>
			<trkpt lat="46.529625" lon="10.451952">
				<ele>2746.000000</ele>
			</trkpt>
			<trkpt lat="46.529675" lon="10.451881">
				<ele>2746.000000</ele>
			</trkpt>
			<trkpt lat="46.529711" lon="10.451818">
				<ele>2745.000000</ele>
			</trkpt>
			<trkpt lat="46.529779" lon="10.451683">
				<ele>2744.000000</ele>
			</trkpt>
			<trkpt lat="46.529860" lon="10.451557">
				<ele>2742.000000</ele>
			</trkpt>
			<trkpt lat="46.529946" lon="10.451441">
				<ele>2741.000000</ele>
			</trkpt>
			<trkpt lat="46.530027" lon="10.451341">
				<ele>2740.000000</ele>
			</trkpt>
			<trkpt lat="46.530033" lon="10.451332">
				<ele>2740.000000</ele>
			</trkpt>
			<trkpt lat="46.530039" lon="10.451315">
				<ele>2740.000000</ele>
			</trkpt>
			<trkpt lat="46.530045" lon="10.451305">
				<ele>2740.000000</ele>
			</trkpt>
			<trkpt lat="46.530051" lon="10.451288">
				<ele>2740.000000</ele>
			</trkpt>
			<trkpt lat="46.530057" lon="10.451269">
				<ele>2740.000000</ele>
			</trkpt>
			<trkpt lat="46.530057" lon="10.451252">
				<ele>2739.000000</ele>
			</trkpt>
			<trkpt lat="46.530051" lon="10.451225">
				<ele>2739.000000</ele>
			</trkpt>
			<trkpt lat="46.530051" lon="10.451215">
				<ele>2739.000000</ele>
			</trkpt>
			<trkpt lat="46.530045" lon="10.451198">
				<ele>2739.000000</ele>
			</trkpt>
			<trkpt lat="46.530039" lon="10.451179">
				<ele>2739.000000</ele>
			</trkpt>
			<trkpt lat="46.530027" lon="10.451171">
				<ele>2739.000000</ele>
			</trkpt>
			<trkpt lat="46.530014" lon="10.451162">
				<ele>2739.000000</ele>
			</trkpt>
			<trkpt lat="46.530002" lon="10.451152">
				<ele>2739.000000</ele>
			</trkpt>
			<trkpt lat="46.529990" lon="10.451152">
				<ele>2739.000000</ele>
			</trkpt>
			<trkpt lat="46.529977" lon="10.451152">
				<ele>2739.000000</ele>
			</trkpt>
			<trkpt lat="46.529965" lon="10.451162">
				<ele>2738.000000</ele>
			</trkpt>
			<trkpt lat="46.529958" lon="10.451162">
				<ele>2738.000000</ele>
			</trkpt>
			<trkpt lat="46.529952" lon="10.451171">
				<ele>2738.000000</ele>
			</trkpt>
			<trkpt lat="46.529872" lon="10.451215">
				<ele>2738.000000</ele>
			</trkpt>
			<trkpt lat="46.529804" lon="10.451261">
				<ele>2737.000000</ele>
			</trkpt>
			<trkpt lat="46.529767" lon="10.451269">
				<ele>2737.000000</ele>
			</trkpt>
			<trkpt lat="46.529723" lon="10.451269">
				<ele>2737.000000</ele>
			</trkpt>
			<trkpt lat="46.529693" lon="10.451261">
				<ele>2736.000000</ele>
			</trkpt>
			<trkpt lat="46.529656" lon="10.451225">
				<ele>2736.000000</ele>
			</trkpt>
			<trkpt lat="46.529625" lon="10.451198">
				<ele>2736.000000</ele>
			</trkpt>
			<trkpt lat="46.529594" lon="10.451126">
				<ele>2735.000000</ele>
			</trkpt>
			<trkpt lat="46.529575" lon="10.451072">
				<ele>2735.000000</ele>
			</trkpt>
			<trkpt lat="46.529421" lon="10.450299">
				<ele>2731.000000</ele>
			</trkpt>
			<trkpt lat="46.529390" lon="10.450137">
				<ele>2730.000000</ele>
			</trkpt>
			<trkpt lat="46.529365" lon="10.450039">
				<ele>2730.000000</ele>
			</trkpt>
			<trkpt lat="46.529266" lon="10.449536">
				<ele>2726.000000</ele>
			</trkpt>
			<trkpt lat="46.529241" lon="10.449391">
				<ele>2725.000000</ele>
			</trkpt>
			<trkpt lat="46.529229" lon="10.449320">
				<ele>2724.000000</ele>
			</trkpt>
			<trkpt lat="46.529229" lon="10.449257">
				<ele>2724.000000</ele>
			</trkpt>
			<trkpt lat="46.529235" lon="10.449185">
				<ele>2723.000000</ele>
			</trkpt>
			<trkpt lat="46.529241" lon="10.449131">
				<ele>2723.000000</ele>
			</trkpt>
			<trkpt lat="46.529260" lon="10.449078">
				<ele>2723.000000</ele>
			</trkpt>
			<trkpt lat="46.529279" lon="10.449024">
				<ele>2722.000000</ele>
			</trkpt>
			<trkpt lat="46.529310" lon="10.448970">
				<ele>2722.000000</ele>
			</trkpt>
			<trkpt lat="46.529328" lon="10.448944">
				<ele>2721.000000</ele>
			</trkpt>
			<trkpt lat="46.529365" lon="10.448907">
				<ele>2721.000000</ele>
			</trkpt>
			<trkpt lat="46.529396" lon="10.448889">
				<ele>2721.000000</ele>
			</trkpt>
			<trkpt lat="46.529433" lon="10.448880">
				<ele>2720.000000</ele>
			</trkpt>
			<trkpt lat="46.529489" lon="10.448871">
				<ele>2720.000000</ele>
			</trkpt>
			<trkpt lat="46.529520" lon="10.448862">
				<ele>2719.000000</ele>
			</trkpt>
			<trkpt lat="46.529915" lon="10.448817">
				<ele>2715.000000</ele>
			</trkpt>
			<trkpt lat="46.530094" lon="10.448791">
				<ele>2713.000000</ele>
			</trkpt>
			<trkpt lat="46.530292" lon="10.448772">
				<ele>2711.000000</ele>
			</trkpt>
			<trkpt lat="46.530422" lon="10.448754">
				<ele>2710.000000</ele>
			</trkpt>
			<trkpt lat="46.530496" lon="10.448745">
				<ele>2709.000000</ele>
			</trkpt>
			<trkpt lat="46.530534" lon="10.448728">
				<ele>2709.000000</ele>
			</trkpt>
			<trkpt lat="46.530576" lon="10.448709">
				<ele>2709.000000</ele>
			</trkpt>
			<trkpt lat="46.530626" lon="10.448674">
				<ele>2708.000000</ele>
			</trkpt>
			<trkpt lat="46.530657" lon="10.448611">
				<ele>2708.000000</ele>
			</trkpt>
			<trkpt lat="46.530669" lon="10.448565">
				<ele>2707.000000</ele>
			</trkpt>
			<trkpt lat="46.530676" lon="10.448512">
				<ele>2707.000000</ele>
			</trkpt>
			<trkpt lat="46.530663" lon="10.448458">
				<ele>2707.000000</ele>
			</trkpt>
			<trkpt lat="46.530651" lon="10.448404">
				<ele>2707.000000</ele>
			</trkpt>
			<trkpt lat="46.530632" lon="10.448359">
				<ele>2706.000000</ele>
			</trkpt>
			<trkpt lat="46.530589" lon="10.448305">
				<ele>2706.000000</ele>
			</trkpt>
			<trkpt lat="46.530527" lon="10.448206">
				<ele>2705.000000</ele>
			</trkpt>
			<trkpt lat="46.530484" lon="10.448143">
				<ele>2704.000000</ele>
			</trkpt>
			<trkpt lat="46.530453" lon="10.448099">
				<ele>2704.000000</ele>
			</trkpt>
			<trkpt lat="46.530428" lon="10.448053">
				<ele>2704.000000</ele>
			</trkpt>
			<trkpt lat="46.530403" lon="10.447990">
				<ele>2703.000000</ele>
			</trkpt>
			<trkpt lat="46.530329" lon="10.447802">
				<ele>2702.000000</ele>
			</trkpt>
			<trkpt lat="46.530298" lon="10.447730">
				<ele>2702.000000</ele>
			</trkpt>
			<trkpt lat="46.530274" lon="10.447659">
				<ele>2701.000000</ele>
			</trkpt>
			<trkpt lat="46.530261" lon="10.447604">
				<ele>2701.000000</ele>
			</trkpt>
			<trkpt lat="46.530255" lon="10.447550">
				<ele>2700.000000</ele>
			</trkpt>
			<trkpt lat="46.530249" lon="10.447506">
				<ele>2700.000000</ele>
			</trkpt>
			<trkpt lat="46.530249" lon="10.447460">
				<ele>2700.000000</ele>
			</trkpt>
			<trkpt lat="46.530255" lon="10.447416">
				<ele>2699.000000</ele>
			</trkpt>
			<trkpt lat="46.530267" lon="10.447370">
				<ele>2699.000000</ele>
			</trkpt>
			<trkpt lat="46.530286" lon="10.447336">
				<ele>2699.000000</ele>
			</trkpt>
			<trkpt lat="46.530311" lon="10.447299">
				<ele>2698.000000</ele>
			</trkpt>
			<trkpt lat="46.530336" lon="10.447273">
				<ele>2698.000000</ele>
			</trkpt>
			<trkpt lat="46.530373" lon="10.447254">
				<ele>2697.000000</ele>
			</trkpt>
			<trkpt lat="46.530391" lon="10.447246">
				<ele>2697.000000</ele>
			</trkpt>
			<trkpt lat="46.530422" lon="10.447236">
				<ele>2697.000000</ele>
			</trkpt>
			<trkpt lat="46.530453" lon="10.447236">
				<ele>2696.000000</ele>
			</trkpt>
			<trkpt lat="46.530484" lon="10.447246">
				<ele>2696.000000</ele>
			</trkpt>
			<trkpt lat="46.530515" lon="10.447273">
				<ele>2695.000000</ele>
			</trkpt>
			<trkpt lat="46.530546" lon="10.447299">
				<ele>2695.000000</ele>
			</trkpt>
			<trkpt lat="46.530576" lon="10.447344">
				<ele>2694.000000</ele>
			</trkpt>
			<trkpt lat="46.530638" lon="10.447443">
				<ele>2693.000000</ele>
			</trkpt>
			<trkpt lat="46.530737" lon="10.447604">
				<ele>2691.000000</ele>
			</trkpt>
			<trkpt lat="46.530873" lon="10.447820">
				<ele>2689.000000</ele>
			</trkpt>
			<trkpt lat="46.530916" lon="10.447873">
				<ele>2689.000000</ele>
			</trkpt>
			<trkpt lat="46.530953" lon="10.447919">
				<ele>2688.000000</ele>
			</trkpt>
			<trkpt lat="46.530997" lon="10.447963">
				<ele>2688.000000</ele>
			</trkpt>
			<trkpt lat="46.531034" lon="10.447990">
				<ele>2688.000000</ele>
			</trkpt>
			<trkpt lat="46.531077" lon="10.448018">
				<ele>2687.000000</ele>
			</trkpt>
			<trkpt lat="46.531114" lon="10.448026">
				<ele>2687.000000</ele>
			</trkpt>
			<trkpt lat="46.531157" lon="10.448045">
				<ele>2687.000000</ele>
			</trkpt>
			<trkpt lat="46.531238" lon="10.448062">
				<ele>2686.000000</ele>
			</trkpt>
			<trkpt lat="46.531392" lon="10.448099">
				<ele>2685.000000</ele>
			</trkpt>
			<trkpt lat="46.531547" lon="10.448143">
				<ele>2684.000000</ele>
			</trkpt>
			<trkpt lat="46.531788" lon="10.448215">
				<ele>2682.000000</ele>
			</trkpt>
			<trkpt lat="46.531893" lon="10.448242">
				<ele>2681.000000</ele>
			</trkpt>
			<trkpt lat="46.531985" lon="10.448260">
				<ele>2680.000000</ele>
			</trkpt>
			<trkpt lat="46.532029" lon="10.448260">
				<ele>2679.000000</ele>
			</trkpt>
			<trkpt lat="46.532072" lon="10.448252">
				<ele>2679.000000</ele>
			</trkpt>
			<trkpt lat="46.532115" lon="10.448242">
				<ele>2678.000000</ele>
			</trkpt>
			<trkpt lat="46.532152" lon="10.448225">
				<ele>2678.000000</ele>
			</trkpt>
			<trkpt lat="46.532183" lon="10.448188">
				<ele>2677.000000</ele>
			</trkpt>
			<trkpt lat="46.532221" lon="10.448143">
				<ele>2677.000000</ele>
			</trkpt>
			<trkpt lat="46.532245" lon="10.448080">
				<ele>2676.000000</ele>
			</trkpt>
			<trkpt lat="46.532270" lon="10.448009">
				<ele>2675.000000</ele>
			</trkpt>
			<trkpt lat="46.532288" lon="10.447919">
				<ele>2675.000000</ele>
			</trkpt>
			<trkpt lat="46.532300" lon="10.447838">
				<ele>2674.000000</ele>
			</trkpt>
			<trkpt lat="46.532307" lon="10.447749">
				<ele>2673.000000</ele>
			</trkpt>
			<trkpt lat="46.532313" lon="10.447676">
				<ele>2673.000000</ele>
			</trkpt>
			<trkpt lat="46.532313" lon="10.447604">
				<ele>2672.000000</ele>
			</trkpt>
			<trkpt lat="46.532313" lon="10.447487">
				<ele>2671.000000</ele>
			</trkpt>
			<trkpt lat="46.532313" lon="10.447424">
				<ele>2670.000000</ele>
			</trkpt>
			<trkpt lat="46.532307" lon="10.447137">
				<ele>2668.000000</ele>
			</trkpt>
			<trkpt lat="46.532307" lon="10.447011">
				<ele>2667.000000</ele>
			</trkpt>
			<trkpt lat="46.532313" lon="10.446976">
				<ele>2666.000000</ele>
			</trkpt>
			<trkpt lat="46.532319" lon="10.446940">
				<ele>2666.000000</ele>
			</trkpt>
			<trkpt lat="46.532344" lon="10.446877">
				<ele>2665.000000</ele>
			</trkpt>
			<trkpt lat="46.532394" lon="10.446760">
				<ele>2664.000000</ele>
			</trkpt>
			<trkpt lat="46.532727" lon="10.446158">
				<ele>2658.000000</ele>
			</trkpt>
			<trkpt lat="46.533055" lon="10.445538">
				<ele>2652.000000</ele>
			</trkpt>
			<trkpt lat="46.533098" lon="10.445449">
				<ele>2652.000000</ele>
			</trkpt>
			<trkpt lat="46.533129" lon="10.445359">
				<ele>2651.000000</ele>
			</trkpt>
			<trkpt lat="46.533135" lon="10.445340">
				<ele>2651.000000</ele>
			</trkpt>
			<trkpt lat="46.533147" lon="10.445313">
				<ele>2651.000000</ele>
			</trkpt>
			<trkpt lat="46.533160" lon="10.445269">
				<ele>2650.000000</ele>
			</trkpt>
			<trkpt lat="46.533178" lon="10.445215">
				<ele>2650.000000</ele>
			</trkpt>
			<trkpt lat="46.533197" lon="10.445143">
				<ele>2649.000000</ele>
			</trkpt>
			<trkpt lat="46.533215" lon="10.445080">
				<ele>2649.000000</ele>
			</trkpt>
			<trkpt lat="46.533228" lon="10.445009">
				<ele>2648.000000</ele>
			</trkpt>
			<trkpt lat="46.533240" lon="10.444936">
				<ele>2648.000000</ele>
			</trkpt>
			<trkpt lat="46.533247" lon="10.444883">
				<ele>2648.000000</ele>
			</trkpt>
			<trkpt lat="46.533247" lon="10.444829">
				<ele>2647.000000</ele>
			</trkpt>
			<trkpt lat="46.533240" lon="10.444793">
				<ele>2647.000000</ele>
			</trkpt>
			<trkpt lat="46.533234" lon="10.444757">
				<ele>2647.000000</ele>
			</trkpt>
			<trkpt lat="46.533222" lon="10.444730">
				<ele>2647.000000</ele>
			</trkpt>
			<trkpt lat="46.533203" lon="10.444712">
				<ele>2646.000000</ele>
			</trkpt>
			<trkpt lat="46.533191" lon="10.444694">
				<ele>2646.000000</ele>
			</trkpt>
			<trkpt lat="46.533178" lon="10.444676">
				<ele>2646.000000</ele>
			</trkpt>
			<trkpt lat="46.533166" lon="10.444667">
				<ele>2646.000000</ele>
			</trkpt>
			<trkpt lat="46.533153" lon="10.444657">
				<ele>2646.000000</ele>
			</trkpt>
			<trkpt lat="46.533147" lon="10.444657">
				<ele>2646.000000</ele>
			</trkpt>
			<trkpt lat="46.533141" lon="10.444657">
				<ele>2646.000000</ele>
			</trkpt>
			<trkpt lat="46.533141" lon="10.444649">
				<ele>2646.000000</ele>
			</trkpt>
			<trkpt lat="46.533123" lon="10.444649">
				<ele>2646.000000</ele>
			</trkpt>
			<trkpt lat="46.533104" lon="10.444649">
				<ele>2645.000000</ele>
			</trkpt>
			<trkpt lat="46.533080" lon="10.444640">
				<ele>2645.000000</ele>
			</trkpt>
			<trkpt lat="46.533049" lon="10.444631">
				<ele>2645.000000</ele>
			</trkpt>
			<trkpt lat="46.533018" lon="10.444631">
				<ele>2645.000000</ele>
			</trkpt>
			<trkpt lat="46.532986" lon="10.444622">
				<ele>2644.000000</ele>
			</trkpt>
			<trkpt lat="46.532950" lon="10.444613">
				<ele>2644.000000</ele>
			</trkpt>
			<trkpt lat="46.532919" lon="10.444613">
				<ele>2644.000000</ele>
			</trkpt>
			<trkpt lat="46.532894" lon="10.444613">
				<ele>2643.000000</ele>
			</trkpt>
			<trkpt lat="46.532863" lon="10.444613">
				<ele>2643.000000</ele>
			</trkpt>
			<trkpt lat="46.532832" lon="10.444622">
				<ele>2643.000000</ele>
			</trkpt>
			<trkpt lat="46.532789" lon="10.444631">
				<ele>2642.000000</ele>
			</trkpt>
			<trkpt lat="46.532752" lon="10.444640">
				<ele>2642.000000</ele>
			</trkpt>
			<trkpt lat="46.532709" lon="10.444657">
				<ele>2642.000000</ele>
			</trkpt>
			<trkpt lat="46.532671" lon="10.444676">
				<ele>2641.000000</ele>
			</trkpt>
			<trkpt lat="46.532634" lon="10.444686">
				<ele>2641.000000</ele>
			</trkpt>
			<trkpt lat="46.532610" lon="10.444694">
				<ele>2641.000000</ele>
			</trkpt>
			<trkpt lat="46.532591" lon="10.444703">
				<ele>2641.000000</ele>
			</trkpt>
			<trkpt lat="46.532585" lon="10.444712">
				<ele>2640.000000</ele>
			</trkpt>
			<trkpt lat="46.532338" lon="10.444829">
				<ele>2638.000000</ele>
			</trkpt>
			<trkpt lat="46.532159" lon="10.444883">
				<ele>2637.000000</ele>
			</trkpt>
			<trkpt lat="46.532127" lon="10.444892">
				<ele>2636.000000</ele>
			</trkpt>
			<trkpt lat="46.532091" lon="10.444900">
				<ele>2636.000000</ele>
			</trkpt>
			<trkpt lat="46.532054" lon="10.444900">
				<ele>2636.000000</ele>
			</trkpt>
			<trkpt lat="46.532017" lon="10.444909">
				<ele>2636.000000</ele>
			</trkpt>
			<trkpt lat="46.531973" lon="10.444919">
				<ele>2635.000000</ele>
			</trkpt>
			<trkpt lat="46.531930" lon="10.444919">
				<ele>2635.000000</ele>
			</trkpt>
			<trkpt lat="46.531887" lon="10.444927">
				<ele>2634.000000</ele>
			</trkpt>
			<trkpt lat="46.531850" lon="10.444936">
				<ele>2634.000000</ele>
			</trkpt>
			<trkpt lat="46.531806" lon="10.444936">
				<ele>2634.000000</ele>
			</trkpt>
			<trkpt lat="46.531769" lon="10.444936">
				<ele>2633.000000</ele>
			</trkpt>
			<trkpt lat="46.531732" lon="10.444936">
				<ele>2633.000000</ele>
			</trkpt>
			<trkpt lat="46.531708" lon="10.444936">
				<ele>2633.000000</ele>
			</trkpt>
			<trkpt lat="46.531683" lon="10.444927">
				<ele>2633.000000</ele>
			</trkpt>
			<trkpt lat="46.531658" lon="10.444927">
				<ele>2632.000000</ele>
			</trkpt>
			<trkpt lat="46.531639" lon="10.444919">
				<ele>2632.000000</ele>
			</trkpt>
			<trkpt lat="46.531627" lon="10.444909">
				<ele>2632.000000</ele>
			</trkpt>
			<trkpt lat="46.531608" lon="10.444892">
				<ele>2632.000000</ele>
			</trkpt>
			<trkpt lat="46.531590" lon="10.444864">
				<ele>2632.000000</ele>
			</trkpt>
			<trkpt lat="46.531572" lon="10.444837">
				<ele>2632.000000</ele>
			</trkpt>
			<trkpt lat="46.531547" lon="10.444802">
				<ele>2631.000000</ele>
			</trkpt>
			<trkpt lat="46.531528" lon="10.444757">
				<ele>2631.000000</ele>
			</trkpt>
			<trkpt lat="46.531522" lon="10.444703">
				<ele>2631.000000</ele>
			</trkpt>
			<trkpt lat="46.531522" lon="10.444649">
				<ele>2630.000000</ele>
			</trkpt>
			<trkpt lat="46.531535" lon="10.444586">
				<ele>2630.000000</ele>
			</trkpt>
			<trkpt lat="46.531553" lon="10.444523">
				<ele>2630.000000</ele>
			</trkpt>
			<trkpt lat="46.531572" lon="10.444470">
				<ele>2629.000000</ele>
			</trkpt>
			<trkpt lat="46.531590" lon="10.444424">
				<ele>2629.000000</ele>
			</trkpt>
			<trkpt lat="46.531608" lon="10.444380">
				<ele>2629.000000</ele>
			</trkpt>
			<trkpt lat="46.531621" lon="10.444353">
				<ele>2629.000000</ele>
			</trkpt>
			<trkpt lat="46.531627" lon="10.444344">
				<ele>2629.000000</ele>
			</trkpt>
			<trkpt lat="46.531806" lon="10.443940">
				<ele>2626.000000</ele>
			</trkpt>
			<trkpt lat="46.531881" lon="10.443804">
				<ele>2625.000000</ele>
			</trkpt>
			<trkpt lat="46.531979" lon="10.443705">
				<ele>2624.000000</ele>
			</trkpt>
			<trkpt lat="46.532121" lon="10.443607">
				<ele>2623.000000</ele>
			</trkpt>
			<trkpt lat="46.532270" lon="10.443525">
				<ele>2622.000000</ele>
			</trkpt>
			<trkpt lat="46.532758" lon="10.443284">
				<ele>2617.000000</ele>
			</trkpt>
			<trkpt lat="46.532894" lon="10.443202">
				<ele>2616.000000</ele>
			</trkpt>
			<trkpt lat="46.533005" lon="10.443112">
				<ele>2615.000000</ele>
			</trkpt>
			<trkpt lat="46.533080" lon="10.443023">
				<ele>2614.000000</ele>
			</trkpt>
			<trkpt lat="46.533153" lon="10.442915">
				<ele>2613.000000</ele>
			</trkpt>
			<trkpt lat="46.533228" lon="10.442789">
				<ele>2611.000000</ele>
			</trkpt>
			<trkpt lat="46.533302" lon="10.442663">
				<ele>2610.000000</ele>
			</trkpt>
			<trkpt lat="46.533345" lon="10.442565">
				<ele>2609.000000</ele>
			</trkpt>
			<trkpt lat="46.533382" lon="10.442457">
				<ele>2608.000000</ele>
			</trkpt>
			<trkpt lat="46.533407" lon="10.442340">
				<ele>2607.000000</ele>
			</trkpt>
			<trkpt lat="46.533420" lon="10.442223">
				<ele>2606.000000</ele>
			</trkpt>
			<trkpt lat="46.533413" lon="10.442107">
				<ele>2606.000000</ele>
			</trkpt>
			<trkpt lat="46.533401" lon="10.441999">
				<ele>2605.000000</ele>
			</trkpt>
			<trkpt lat="46.533345" lon="10.441846">
				<ele>2603.000000</ele>
			</trkpt>
			<trkpt lat="46.533277" lon="10.441694">
				<ele>2602.000000</ele>
			</trkpt>
			<trkpt lat="46.532968" lon="10.441101">
				<ele>2597.000000</ele>
			</trkpt>
			<trkpt lat="46.532795" lon="10.440778">
				<ele>2595.000000</ele>
			</trkpt>
			<trkpt lat="46.532727" lon="10.440642">
				<ele>2594.000000</ele>
			</trkpt>
			<trkpt lat="46.532542" lon="10.440292">
				<ele>2591.000000</ele>
			</trkpt>
			<trkpt lat="46.532257" lon="10.439799">
				<ele>2586.000000</ele>
			</trkpt>
			<trkpt lat="46.532245" lon="10.439762">
				<ele>2586.000000</ele>
			</trkpt>
			<trkpt lat="46.532239" lon="10.439736">
				<ele>2586.000000</ele>
			</trkpt>
			<trkpt lat="46.532245" lon="10.439709">
				<ele>2586.000000</ele>
			</trkpt>
			<trkpt lat="46.532245" lon="10.439672">
				<ele>2585.000000</ele>
			</trkpt>
			<trkpt lat="46.532257" lon="10.439654">
				<ele>2585.000000</ele>
			</trkpt>
			<trkpt lat="46.532270" lon="10.439636">
				<ele>2585.000000</ele>
			</trkpt>
			<trkpt lat="46.532282" lon="10.439619">
				<ele>2585.000000</ele>
			</trkpt>
			<trkpt lat="46.532294" lon="10.439619">
				<ele>2585.000000</ele>
			</trkpt>
			<trkpt lat="46.532294" lon="10.439609">
				<ele>2585.000000</ele>
			</trkpt>
			<trkpt lat="46.532801" lon="10.439313">
				<ele>2578.000000</ele>
			</trkpt>
			<trkpt lat="46.533549" lon="10.438873">
				<ele>2569.000000</ele>
			</trkpt>
			<trkpt lat="46.533685" lon="10.438820">
				<ele>2568.000000</ele>
			</trkpt>
			<trkpt lat="46.533864" lon="10.438791">
				<ele>2566.000000</ele>
			</trkpt>
			<trkpt lat="46.534285" lon="10.438747">
				<ele>2562.000000</ele>
			</trkpt>
			<trkpt lat="46.534563" lon="10.438720">
				<ele>2559.000000</ele>
			</trkpt>
			<trkpt lat="46.535422" lon="10.438468">
				<ele>2548.000000</ele>
			</trkpt>
			<trkpt lat="46.535570" lon="10.438424">
				<ele>2546.000000</ele>
			</trkpt>
			<trkpt lat="46.535811" lon="10.438342">
				<ele>2544.000000</ele>
			</trkpt>
			<trkpt lat="46.535910" lon="10.438334">
				<ele>2543.000000</ele>
			</trkpt>
			<trkpt lat="46.535984" lon="10.438342">
				<ele>2542.000000</ele>
			</trkpt>
			<trkpt lat="46.536126" lon="10.438361">
				<ele>2540.000000</ele>
			</trkpt>
			<trkpt lat="46.536151" lon="10.438361">
				<ele>2540.000000</ele>
			</trkpt>
			<trkpt lat="46.536169" lon="10.438351">
				<ele>2540.000000</ele>
			</trkpt>
			<trkpt lat="46.536182" lon="10.438334">
				<ele>2539.000000</ele>
			</trkpt>
			<trkpt lat="46.536194" lon="10.438315">
				<ele>2539.000000</ele>
			</trkpt>
			<trkpt lat="46.536194" lon="10.438298">
				<ele>2539.000000</ele>
			</trkpt>
			<trkpt lat="46.536188" lon="10.438262">
				<ele>2539.000000</ele>
			</trkpt>
			<trkpt lat="46.536182" lon="10.438225">
				<ele>2539.000000</ele>
			</trkpt>
			<trkpt lat="46.536169" lon="10.438199">
				<ele>2538.000000</ele>
			</trkpt>
			<trkpt lat="46.535910" lon="10.437849">
				<ele>2535.000000</ele>
			</trkpt>
			<trkpt lat="46.535891" lon="10.437822">
				<ele>2534.000000</ele>
			</trkpt>
			<trkpt lat="46.535891" lon="10.437786">
				<ele>2534.000000</ele>
			</trkpt>
			<trkpt lat="46.535891" lon="10.437759">
				<ele>2534.000000</ele>
			</trkpt>
			<trkpt lat="46.535903" lon="10.437723">
				<ele>2534.000000</ele>
			</trkpt>
			<trkpt lat="46.535934" lon="10.437688">
				<ele>2533.000000</ele>
			</trkpt>
			<trkpt lat="46.536552" lon="10.436950">
				<ele>2524.000000</ele>
			</trkpt>
			<trkpt lat="46.536639" lon="10.436887">
				<ele>2523.000000</ele>
			</trkpt>
			<trkpt lat="46.536874" lon="10.436780">
				<ele>2521.000000</ele>
			</trkpt>
			<trkpt lat="46.537041" lon="10.436680">
				<ele>2519.000000</ele>
			</trkpt>
			<trkpt lat="46.537164" lon="10.436591">
				<ele>2518.000000</ele>
			</trkpt>
			<trkpt lat="46.537195" lon="10.436556">
				<ele>2517.000000</ele>
			</trkpt>
			<trkpt lat="46.537232" lon="10.436501">
				<ele>2517.000000</ele>
			</trkpt>
			<trkpt lat="46.537281" lon="10.436420">
				<ele>2516.000000</ele>
			</trkpt>
			<trkpt lat="46.537312" lon="10.436321">
				<ele>2515.000000</ele>
			</trkpt>
			<trkpt lat="46.537405" lon="10.436070">
				<ele>2514.000000</ele>
			</trkpt>
			<trkpt lat="46.537578" lon="10.435558">
				<ele>2510.000000</ele>
			</trkpt>
			<trkpt lat="46.537652" lon="10.435388">
				<ele>2508.000000</ele>
			</trkpt>
			<trkpt lat="46.537702" lon="10.435315">
				<ele>2508.000000</ele>
			</trkpt>
			<trkpt lat="46.537757" lon="10.435262">
				<ele>2507.000000</ele>
			</trkpt>
			<trkpt lat="46.537887" lon="10.435162">
				<ele>2505.000000</ele>
			</trkpt>
			<trkpt lat="46.538357" lon="10.434866">
				<ele>2499.000000</ele>
			</trkpt>
			<trkpt lat="46.538876" lon="10.434525">
				<ele>2494.000000</ele>
			</trkpt>
			<trkpt lat="46.539141" lon="10.434346">
				<ele>2492.000000</ele>
			</trkpt>
			<trkpt lat="46.539203" lon="10.434292">
				<ele>2491.000000</ele>
			</trkpt>
			<trkpt lat="46.539253" lon="10.434246">
				<ele>2490.000000</ele>
			</trkpt>
			<trkpt lat="46.539296" lon="10.434174">
				<ele>2490.000000</ele>
			</trkpt>
			<trkpt lat="46.539351" lon="10.434067">
				<ele>2489.000000</ele>
			</trkpt>
			<trkpt lat="46.539463" lon="10.433851">
				<ele>2488.000000</ele>
			</trkpt>
			<trkpt lat="46.539580" lon="10.433617">
				<ele>2487.000000</ele>
			</trkpt>
			<trkpt lat="46.539636" lon="10.433501">
				<ele>2487.000000</ele>
			</trkpt>
			<trkpt lat="46.539710" lon="10.433367">
				<ele>2486.000000</ele>
			</trkpt>
			<trkpt lat="46.539722" lon="10.433340">
				<ele>2486.000000</ele>
			</trkpt>
			<trkpt lat="46.539729" lon="10.433304">
				<ele>2486.000000</ele>
			</trkpt>
			<trkpt lat="46.539735" lon="10.433277">
				<ele>2486.000000</ele>
			</trkpt>
			<trkpt lat="46.539729" lon="10.433250">
				<ele>2486.000000</ele>
			</trkpt>
			<trkpt lat="46.539722" lon="10.433222">
				<ele>2486.000000</ele>
			</trkpt>
			<trkpt lat="46.539735" lon="10.433204">
				<ele>2486.000000</ele>
			</trkpt>
			<trkpt lat="46.539747" lon="10.433178">
				<ele>2486.000000</ele>
			</trkpt>
			<trkpt lat="46.539790" lon="10.433132">
				<ele>2486.000000</ele>
			</trkpt>
			<trkpt lat="46.539833" lon="10.433088">
				<ele>2487.000000</ele>
			</trkpt>
			<trkpt lat="46.539864" lon="10.433061">
				<ele>2487.000000</ele>
			</trkpt>
			<trkpt lat="46.539889" lon="10.433051">
				<ele>2487.000000</ele>
			</trkpt>
			<trkpt lat="46.539994" lon="10.433025">
				<ele>2488.000000</ele>
			</trkpt>
			<trkpt lat="46.540686" lon="10.432782">
				<ele>2494.000000</ele>
			</trkpt>
			<trkpt lat="46.540798" lon="10.432738">
				<ele>2495.000000</ele>
			</trkpt>
			<trkpt lat="46.540810" lon="10.432738">
				<ele>2495.000000</ele>
			</trkpt>
			<trkpt lat="46.540847" lon="10.432728">
				<ele>2496.000000</ele>
			</trkpt>
			<trkpt lat="46.540890" lon="10.432738">
				<ele>2496.000000</ele>
			</trkpt>
			<trkpt lat="46.540927" lon="10.432755">
				<ele>2496.000000</ele>
			</trkpt>
			<trkpt lat="46.540971" lon="10.432774">
				<ele>2497.000000</ele>
			</trkpt>
			<trkpt lat="46.541075" lon="10.432836">
				<ele>2498.000000</ele>
			</trkpt>
			<trkpt lat="46.541131" lon="10.432881">
				<ele>2498.000000</ele>
			</trkpt>
			<trkpt lat="46.541403" lon="10.433078">
				<ele>2500.000000</ele>
			</trkpt>
			<trkpt lat="46.541465" lon="10.433114">
				<ele>2500.000000</ele>
			</trkpt>
			<trkpt lat="46.541521" lon="10.433141">
				<ele>2500.000000</ele>
			</trkpt>
			<trkpt lat="46.541576" lon="10.433160">
				<ele>2500.000000</ele>
			</trkpt>
			<trkpt lat="46.541644" lon="10.433178">
				<ele>2500.000000</ele>
			</trkpt>
			<trkpt lat="46.541811" lon="10.433195">
				<ele>2500.000000</ele>
			</trkpt>
			<trkpt lat="46.541940" lon="10.433204">
				<ele>2500.000000</ele>
			</trkpt>
			<trkpt lat="46.542082" lon="10.433195">
				<ele>2499.000000</ele>
			</trkpt>
			<trkpt lat="46.542293" lon="10.433187">
				<ele>2498.000000</ele>
			</trkpt>
			<trkpt lat="46.542441" lon="10.433187">
				<ele>2497.000000</ele>
			</trkpt>
			<trkpt lat="46.542583" lon="10.433204">
				<ele>2497.000000</ele>
			</trkpt>
			<trkpt lat="46.542626" lon="10.433214">
				<ele>2497.000000</ele>
			</trkpt>
			<trkpt lat="46.542664" lon="10.433231">
				<ele>2496.000000</ele>
			</trkpt>
			<trkpt lat="46.542695" lon="10.433258">
				<ele>2496.000000</ele>
			</trkpt>
			<trkpt lat="46.542732" lon="10.433294">
				<ele>2496.000000</ele>
			</trkpt>
			<trkpt lat="46.542762" lon="10.433340">
				<ele>2496.000000</ele>
			</trkpt>
			<trkpt lat="46.542799" lon="10.433384">
				<ele>2496.000000</ele>
			</trkpt>
			<trkpt lat="46.542917" lon="10.433591">
				<ele>2495.000000</ele>
			</trkpt>
			<trkpt lat="46.542997" lon="10.433734">
				<ele>2494.000000</ele>
			</trkpt>
			<trkpt lat="46.543084" lon="10.433914">
				<ele>2494.000000</ele>
			</trkpt>
			<trkpt lat="46.543207" lon="10.434120">
				<ele>2493.000000</ele>
			</trkpt>
			<trkpt lat="46.543269" lon="10.434220">
				<ele>2493.000000</ele>
			</trkpt>
			<trkpt lat="46.543324" lon="10.434273">
				<ele>2492.000000</ele>
			</trkpt>
			<trkpt lat="46.543387" lon="10.434309">
				<ele>2492.000000</ele>
			</trkpt>
			<trkpt lat="46.543448" lon="10.434346">
				<ele>2492.000000</ele>
			</trkpt>
			<trkpt lat="46.543504" lon="10.434363">
				<ele>2492.000000</ele>
			</trkpt>
			<trkpt lat="46.543547" lon="10.434363">
				<ele>2491.000000</ele>
			</trkpt>
			<trkpt lat="46.543664" lon="10.434319">
				<ele>2491.000000</ele>
			</trkpt>
			<trkpt lat="46.543776" lon="10.434264">
				<ele>2490.000000</ele>
			</trkpt>
			<trkpt lat="46.543843" lon="10.434237">
				<ele>2490.000000</ele>
			</trkpt>
			<trkpt lat="46.543881" lon="10.434237">
				<ele>2490.000000</ele>
			</trkpt>
			<trkpt lat="46.543924" lon="10.434220">
				<ele>2489.000000</ele>
			</trkpt>
			<trkpt lat="46.543967" lon="10.434229">
				<ele>2489.000000</ele>
			</trkpt>
			<trkpt lat="46.544041" lon="10.434246">
				<ele>2488.000000</ele>
			</trkpt>
			<trkpt lat="46.544103" lon="10.434273">
				<ele>2487.000000</ele>
			</trkpt>
			<trkpt lat="46.544152" lon="10.434292">
				<ele>2487.000000</ele>
			</trkpt>
			<trkpt lat="46.544196" lon="10.434319">
				<ele>2486.000000</ele>
			</trkpt>
			<trkpt lat="46.544227" lon="10.434346">
				<ele>2486.000000</ele>
			</trkpt>
			<trkpt lat="46.544283" lon="10.434399">
				<ele>2485.000000</ele>
			</trkpt>
			<trkpt lat="46.544362" lon="10.434507">
				<ele>2484.000000</ele>
			</trkpt>
			<trkpt lat="46.544492" lon="10.434650">
				<ele>2483.000000</ele>
			</trkpt>
			<trkpt lat="46.544548" lon="10.434713">
				<ele>2482.000000</ele>
			</trkpt>
			<trkpt lat="46.544598" lon="10.434759">
				<ele>2481.000000</ele>
			</trkpt>
			<trkpt lat="46.544647" lon="10.434785">
				<ele>2481.000000</ele>
			</trkpt>
			<trkpt lat="46.544696" lon="10.434803">
				<ele>2480.000000</ele>
			</trkpt>
			<trkpt lat="46.544739" lon="10.434803">
				<ele>2480.000000</ele>
			</trkpt>
			<trkpt lat="46.544894" lon="10.434822">
				<ele>2478.000000</ele>
			</trkpt>
			<trkpt lat="46.545011" lon="10.434822">
				<ele>2477.000000</ele>
			</trkpt>
			<trkpt lat="46.545079" lon="10.434830">
				<ele>2476.000000</ele>
			</trkpt>
			<trkpt lat="46.545135" lon="10.434849">
				<ele>2475.000000</ele>
			</trkpt>
			<trkpt lat="46.545190" lon="10.434866">
				<ele>2475.000000</ele>
			</trkpt>
			<trkpt lat="46.545400" lon="10.434956">
				<ele>2473.000000</ele>
			</trkpt>
			<trkpt lat="46.545456" lon="10.434983">
				<ele>2472.000000</ele>
			</trkpt>
			<trkpt lat="46.545530" lon="10.435001">
				<ele>2471.000000</ele>
			</trkpt>
			<trkpt lat="46.545592" lon="10.435009">
				<ele>2470.000000</ele>
			</trkpt>
			<trkpt lat="46.545673" lon="10.435019">
				<ele>2470.000000</ele>
			</trkpt>
			<trkpt lat="46.545759" lon="10.435009">
				<ele>2469.000000</ele>
			</trkpt>
			<trkpt lat="46.545846" lon="10.435001">
				<ele>2468.000000</ele>
			</trkpt>
			<trkpt lat="46.545981" lon="10.434983">
				<ele>2467.000000</ele>
			</trkpt>
			<trkpt lat="46.546061" lon="10.434992">
				<ele>2466.000000</ele>
			</trkpt>
			<trkpt lat="46.546148" lon="10.434992">
				<ele>2465.000000</ele>
			</trkpt>
			<trkpt lat="46.546241" lon="10.435009">
				<ele>2464.000000</ele>
			</trkpt>
			<trkpt lat="46.546438" lon="10.435072">
				<ele>2462.000000</ele>
			</trkpt>
			<trkpt lat="46.546790" lon="10.435199">
				<ele>2458.000000</ele>
			</trkpt>
			<trkpt lat="46.546939" lon="10.435252">
				<ele>2456.000000</ele>
			</trkpt>
			<trkpt lat="46.546988" lon="10.435262">
				<ele>2456.000000</ele>
			</trkpt>
			<trkpt lat="46.547032" lon="10.435271">
				<ele>2455.000000</ele>
			</trkpt>
			<trkpt lat="46.547081" lon="10.435271">
				<ele>2455.000000</ele>
			</trkpt>
			<trkpt lat="46.547168" lon="10.435262">
				<ele>2454.000000</ele>
			</trkpt>
			<trkpt lat="46.547334" lon="10.435225">
				<ele>2452.000000</ele>
			</trkpt>
			<trkpt lat="46.547482" lon="10.435189">
				<ele>2450.000000</ele>
			</trkpt>
			<trkpt lat="46.547655" lon="10.435154">
				<ele>2448.000000</ele>
			</trkpt>
			<trkpt lat="46.547859" lon="10.435118">
				<ele>2447.000000</ele>
			</trkpt>
			<trkpt lat="46.548236" lon="10.435009">
				<ele>2443.000000</ele>
			</trkpt>
			<trkpt lat="46.548255" lon="10.435019">
				<ele>2443.000000</ele>
			</trkpt>
			<trkpt lat="46.548274" lon="10.435028">
				<ele>2443.000000</ele>
			</trkpt>
			<trkpt lat="46.548286" lon="10.435038">
				<ele>2443.000000</ele>
			</trkpt>
			<trkpt lat="46.548292" lon="10.435064">
				<ele>2443.000000</ele>
			</trkpt>
			<trkpt lat="46.548292" lon="10.435091">
				<ele>2442.000000</ele>
			</trkpt>
			<trkpt lat="46.548292" lon="10.435118">
				<ele>2442.000000</ele>
			</trkpt>
			<trkpt lat="46.548286" lon="10.435145">
				<ele>2442.000000</ele>
			</trkpt>
			<trkpt lat="46.548268" lon="10.435172">
				<ele>2442.000000</ele>
			</trkpt>
			<trkpt lat="46.548236" lon="10.435189">
				<ele>2442.000000</ele>
			</trkpt>
			<trkpt lat="46.548193" lon="10.435208">
				<ele>2441.000000</ele>
			</trkpt>
			<trkpt lat="46.548070" lon="10.435235">
				<ele>2440.000000</ele>
			</trkpt>
			<trkpt lat="46.548020" lon="10.435262">
				<ele>2440.000000</ele>
			</trkpt>
			<trkpt lat="46.547989" lon="10.435279">
				<ele>2439.000000</ele>
			</trkpt>
			<trkpt lat="46.547915" lon="10.435351">
				<ele>2438.000000</ele>
			</trkpt>
			<trkpt lat="46.547816" lon="10.435451">
				<ele>2437.000000</ele>
			</trkpt>
			<trkpt lat="46.547594" lon="10.435711">
				<ele>2434.000000</ele>
			</trkpt>
			<trkpt lat="46.547538" lon="10.435774">
				<ele>2433.000000</ele>
			</trkpt>
			<trkpt lat="46.547482" lon="10.435828">
				<ele>2433.000000</ele>
			</trkpt>
			<trkpt lat="46.547403" lon="10.435891">
				<ele>2432.000000</ele>
			</trkpt>
			<trkpt lat="46.547322" lon="10.435954">
				<ele>2431.000000</ele>
			</trkpt>
			<trkpt lat="46.547236" lon="10.435980">
				<ele>2430.000000</ele>
			</trkpt>
			<trkpt lat="46.547130" lon="10.436017">
				<ele>2429.000000</ele>
			</trkpt>
			<trkpt lat="46.547057" lon="10.436034">
				<ele>2428.000000</ele>
			</trkpt>
			<trkpt lat="46.546896" lon="10.436051">
				<ele>2426.000000</ele>
			</trkpt>
			<trkpt lat="46.546766" lon="10.436080">
				<ele>2425.000000</ele>
			</trkpt>
			<trkpt lat="46.546538" lon="10.436141">
				<ele>2422.000000</ele>
			</trkpt>
			<trkpt lat="46.546247" lon="10.436231">
				<ele>2419.000000</ele>
			</trkpt>
			<trkpt lat="46.546179" lon="10.436267">
				<ele>2419.000000</ele>
			</trkpt>
			<trkpt lat="46.546130" lon="10.436313">
				<ele>2418.000000</ele>
			</trkpt>
			<trkpt lat="46.545994" lon="10.436466">
				<ele>2416.000000</ele>
			</trkpt>
			<trkpt lat="46.545957" lon="10.436501">
				<ele>2416.000000</ele>
			</trkpt>
			<trkpt lat="46.545913" lon="10.436537">
				<ele>2415.000000</ele>
			</trkpt>
			<trkpt lat="46.545617" lon="10.436743">
				<ele>2412.000000</ele>
			</trkpt>
			<trkpt lat="46.545586" lon="10.436762">
				<ele>2412.000000</ele>
			</trkpt>
			<trkpt lat="46.545573" lon="10.436789">
				<ele>2411.000000</ele>
			</trkpt>
			<trkpt lat="46.545567" lon="10.436824">
				<ele>2411.000000</ele>
			</trkpt>
			<trkpt lat="46.545567" lon="10.436860">
				<ele>2411.000000</ele>
			</trkpt>
			<trkpt lat="46.545580" lon="10.436896">
				<ele>2411.000000</ele>
			</trkpt>
			<trkpt lat="46.545592" lon="10.436914">
				<ele>2410.000000</ele>
			</trkpt>
			<trkpt lat="46.545617" lon="10.436933">
				<ele>2410.000000</ele>
			</trkpt>
			<trkpt lat="46.545636" lon="10.436933">
				<ele>2410.000000</ele>
			</trkpt>
			<trkpt lat="46.545790" lon="10.436870">
				<ele>2408.000000</ele>
			</trkpt>
			<trkpt lat="46.545907" lon="10.436816">
				<ele>2407.000000</ele>
			</trkpt>
			<trkpt lat="46.546031" lon="10.436789">
				<ele>2406.000000</ele>
			</trkpt>
			<trkpt lat="46.546186" lon="10.436770">
				<ele>2405.000000</ele>
			</trkpt>
			<trkpt lat="46.546463" lon="10.436717">
				<ele>2402.000000</ele>
			</trkpt>
			<trkpt lat="46.546574" lon="10.436726">
				<ele>2401.000000</ele>
			</trkpt>
			<trkpt lat="46.546661" lon="10.436734">
				<ele>2400.000000</ele>
			</trkpt>
			<trkpt lat="46.546822" lon="10.436780">
				<ele>2398.000000</ele>
			</trkpt>
			<trkpt lat="46.547026" lon="10.436852">
				<ele>2396.000000</ele>
			</trkpt>
			<trkpt lat="46.547273" lon="10.436923">
				<ele>2393.000000</ele>
			</trkpt>
			<trkpt lat="46.547365" lon="10.436942">
				<ele>2392.000000</ele>
			</trkpt>
			<trkpt lat="46.547446" lon="10.436933">
				<ele>2392.000000</ele>
			</trkpt>
			<trkpt lat="46.547563" lon="10.436896">
				<ele>2390.000000</ele>
			</trkpt>
			<trkpt lat="46.547649" lon="10.436860">
				<ele>2389.000000</ele>
			</trkpt>
			<trkpt lat="46.547711" lon="10.436852">
				<ele>2389.000000</ele>
			</trkpt>
			<trkpt lat="46.547859" lon="10.436843">
				<ele>2387.000000</ele>
			</trkpt>
			<trkpt lat="46.548026" lon="10.436843">
				<ele>2386.000000</ele>
			</trkpt>
			<trkpt lat="46.548131" lon="10.436843">
				<ele>2384.000000</ele>
			</trkpt>
			<trkpt lat="46.548434" lon="10.436860">
				<ele>2381.000000</ele>
			</trkpt>
			<trkpt lat="46.548502" lon="10.436870">
				<ele>2381.000000</ele>
			</trkpt>
			<trkpt lat="46.548768" lon="10.436933">
				<ele>2378.000000</ele>
			</trkpt>
			<trkpt lat="46.548842" lon="10.436950">
				<ele>2377.000000</ele>
			</trkpt>
			<trkpt lat="46.549015" lon="10.436969">
				<ele>2375.000000</ele>
			</trkpt>
			<trkpt lat="46.549151" lon="10.436986">
				<ele>2374.000000</ele>
			</trkpt>
			<trkpt lat="46.549212" lon="10.436986">
				<ele>2373.000000</ele>
			</trkpt>
			<trkpt lat="46.549318" lon="10.436969">
				<ele>2372.000000</ele>
			</trkpt>
			<trkpt lat="46.549880" lon="10.436807">
				<ele>2366.000000</ele>
			</trkpt>
			<trkpt lat="46.549954" lon="10.436780">
				<ele>2365.000000</ele>
			</trkpt>
			<trkpt lat="46.550041" lon="10.436743">
				<ele>2364.000000</ele>
			</trkpt>
			<trkpt lat="46.550448" lon="10.436528">
				<ele>2360.000000</ele>
			</trkpt>
			<trkpt lat="46.550485" lon="10.436510">
				<ele>2359.000000</ele>
			</trkpt>
			<trkpt lat="46.550516" lon="10.436483">
				<ele>2359.000000</ele>
			</trkpt>
			<trkpt lat="46.550590" lon="10.436403">
				<ele>2358.000000</ele>
			</trkpt>
			<trkpt lat="46.550918" lon="10.435980">
				<ele>2353.000000</ele>
			</trkpt>
			<trkpt lat="46.550955" lon="10.435944">
				<ele>2353.000000</ele>
			</trkpt>
			<trkpt lat="46.551010" lon="10.435908">
				<ele>2352.000000</ele>
			</trkpt>
			<trkpt lat="46.551035" lon="10.435891">
				<ele>2352.000000</ele>
			</trkpt>
			<trkpt lat="46.551079" lon="10.435872">
				<ele>2351.000000</ele>
			</trkpt>
			<trkpt lat="46.551227" lon="10.435837">
				<ele>2350.000000</ele>
			</trkpt>
			<trkpt lat="46.551264" lon="10.435837">
				<ele>2350.000000</ele>
			</trkpt>
			<trkpt lat="46.551282" lon="10.435837">
				<ele>2349.000000</ele>
			</trkpt>
			<trkpt lat="46.551301" lon="10.435845">
				<ele>2349.000000</ele>
			</trkpt>
			<trkpt lat="46.551313" lon="10.435864">
				<ele>2349.000000</ele>
			</trkpt>
			<trkpt lat="46.551325" lon="10.435872">
				<ele>2349.000000</ele>
			</trkpt>
			<trkpt lat="46.551331" lon="10.435891">
				<ele>2349.000000</ele>
			</trkpt>
			<trkpt lat="46.551338" lon="10.435917">
				<ele>2349.000000</ele>
			</trkpt>
			<trkpt lat="46.551338" lon="10.435944">
				<ele>2349.000000</ele>
			</trkpt>
			<trkpt lat="46.551331" lon="10.435962">
				<ele>2348.000000</ele>
			</trkpt>
			<trkpt lat="46.551325" lon="10.435980">
				<ele>2348.000000</ele>
			</trkpt>
			<trkpt lat="46.551313" lon="10.435998">
				<ele>2348.000000</ele>
			</trkpt>
			<trkpt lat="46.551294" lon="10.436017">
				<ele>2348.000000</ele>
			</trkpt>
			<trkpt lat="46.551128" lon="10.436051">
				<ele>2346.000000</ele>
			</trkpt>
			<trkpt lat="46.551085" lon="10.436080">
				<ele>2346.000000</ele>
			</trkpt>
			<trkpt lat="46.551047" lon="10.436106">
				<ele>2346.000000</ele>
			</trkpt>
			<trkpt lat="46.551023" lon="10.436141">
				<ele>2345.000000</ele>
			</trkpt>
			<trkpt lat="46.550985" lon="10.436196">
				<ele>2345.000000</ele>
			</trkpt>
			<trkpt lat="46.550961" lon="10.436241">
				<ele>2344.000000</ele>
			</trkpt>
			<trkpt lat="46.550757" lon="10.436672">
				<ele>2341.000000</ele>
			</trkpt>
			<trkpt lat="46.550658" lon="10.436887">
				<ele>2340.000000</ele>
			</trkpt>
			<trkpt lat="46.550590" lon="10.437013">
				<ele>2339.000000</ele>
			</trkpt>
			<trkpt lat="46.550535" lon="10.437103">
				<ele>2338.000000</ele>
			</trkpt>
			<trkpt lat="46.550442" lon="10.437220">
				<ele>2337.000000</ele>
			</trkpt>
			<trkpt lat="46.550256" lon="10.437426">
				<ele>2335.000000</ele>
			</trkpt>
			<trkpt lat="46.550170" lon="10.437508">
				<ele>2334.000000</ele>
			</trkpt>
			<trkpt lat="46.550102" lon="10.437570">
				<ele>2333.000000</ele>
			</trkpt>
			<trkpt lat="46.550047" lon="10.437615">
				<ele>2332.000000</ele>
			</trkpt>
			<trkpt lat="46.549941" lon="10.437688">
				<ele>2331.000000</ele>
			</trkpt>
			<trkpt lat="46.549916" lon="10.437714">
				<ele>2331.000000</ele>
			</trkpt>
			<trkpt lat="46.549904" lon="10.437732">
				<ele>2331.000000</ele>
			</trkpt>
			<trkpt lat="46.549892" lon="10.437768">
				<ele>2331.000000</ele>
			</trkpt>
			<trkpt lat="46.549886" lon="10.437786">
				<ele>2330.000000</ele>
			</trkpt>
			<trkpt lat="46.549886" lon="10.437812">
				<ele>2330.000000</ele>
			</trkpt>
			<trkpt lat="46.549892" lon="10.437839">
				<ele>2330.000000</ele>
			</trkpt>
			<trkpt lat="46.549904" lon="10.437866">
				<ele>2330.000000</ele>
			</trkpt>
			<trkpt lat="46.549916" lon="10.437875">
				<ele>2330.000000</ele>
			</trkpt>
			<trkpt lat="46.549935" lon="10.437894">
				<ele>2330.000000</ele>
			</trkpt>
			<trkpt lat="46.549960" lon="10.437885">
				<ele>2329.000000</ele>
			</trkpt>
			<trkpt lat="46.549985" lon="10.437885">
				<ele>2329.000000</ele>
			</trkpt>
			<trkpt lat="46.550306" lon="10.437759">
				<ele>2326.000000</ele>
			</trkpt>
			<trkpt lat="46.550435" lon="10.437696">
				<ele>2324.000000</ele>
			</trkpt>
			<trkpt lat="46.550708" lon="10.437579">
				<ele>2322.000000</ele>
			</trkpt>
			<trkpt lat="46.550806" lon="10.437525">
				<ele>2321.000000</ele>
			</trkpt>
			<trkpt lat="46.550936" lon="10.437418">
				<ele>2319.000000</ele>
			</trkpt>
			<trkpt lat="46.551035" lon="10.437300">
				<ele>2318.000000</ele>
			</trkpt>
			<trkpt lat="46.551158" lon="10.437183">
				<ele>2316.000000</ele>
			</trkpt>
			<trkpt lat="46.551239" lon="10.437130">
				<ele>2315.000000</ele>
			</trkpt>
			<trkpt lat="46.551264" lon="10.437112">
				<ele>2315.000000</ele>
			</trkpt>
			<trkpt lat="46.551369" lon="10.437067">
				<ele>2314.000000</ele>
			</trkpt>
			<trkpt lat="46.551585" lon="10.436996">
				<ele>2311.000000</ele>
			</trkpt>
			<trkpt lat="46.551653" lon="10.436959">
				<ele>2310.000000</ele>
			</trkpt>
			<trkpt lat="46.551696" lon="10.436914">
				<ele>2310.000000</ele>
			</trkpt>
			<trkpt lat="46.551758" lon="10.436860">
				<ele>2309.000000</ele>
			</trkpt>
			<trkpt lat="46.551801" lon="10.436789">
				<ele>2308.000000</ele>
			</trkpt>
			<trkpt lat="46.551863" lon="10.436680">
				<ele>2307.000000</ele>
			</trkpt>
			<trkpt lat="46.551943" lon="10.436528">
				<ele>2306.000000</ele>
			</trkpt>
			<trkpt lat="46.551968" lon="10.436493">
				<ele>2306.000000</ele>
			</trkpt>
			<trkpt lat="46.551993" lon="10.436466">
				<ele>2305.000000</ele>
			</trkpt>
			<trkpt lat="46.552023" lon="10.436420">
				<ele>2305.000000</ele>
			</trkpt>
			<trkpt lat="46.552091" lon="10.436376">
				<ele>2304.000000</ele>
			</trkpt>
			<trkpt lat="46.552215" lon="10.436313">
				<ele>2303.000000</ele>
			</trkpt>
			<trkpt lat="46.552252" lon="10.436294">
				<ele>2302.000000</ele>
			</trkpt>
			<trkpt lat="46.552308" lon="10.436267">
				<ele>2302.000000</ele>
			</trkpt>
			<trkpt lat="46.552573" lon="10.436097">
				<ele>2299.000000</ele>
			</trkpt>
			<trkpt lat="46.552727" lon="10.435935">
				<ele>2297.000000</ele>
			</trkpt>
			<trkpt lat="46.552771" lon="10.435900">
				<ele>2297.000000</ele>
			</trkpt>
			<trkpt lat="46.552808" lon="10.435881">
				<ele>2296.000000</ele>
			</trkpt>
			<trkpt lat="46.552839" lon="10.435872">
				<ele>2296.000000</ele>
			</trkpt>
			<trkpt lat="46.552864" lon="10.435872">
				<ele>2296.000000</ele>
			</trkpt>
			<trkpt lat="46.552882" lon="10.435872">
				<ele>2296.000000</ele>
			</trkpt>
			<trkpt lat="46.552894" lon="10.435881">
				<ele>2296.000000</ele>
			</trkpt>
			<trkpt lat="46.552900" lon="10.435891">
				<ele>2296.000000</ele>
			</trkpt>
			<trkpt lat="46.552913" lon="10.435908">
				<ele>2295.000000</ele>
			</trkpt>
			<trkpt lat="46.552919" lon="10.435927">
				<ele>2295.000000</ele>
			</trkpt>
			<trkpt lat="46.552919" lon="10.435944">
				<ele>2295.000000</ele>
			</trkpt>
			<trkpt lat="46.552919" lon="10.435971">
				<ele>2295.000000</ele>
			</trkpt>
			<trkpt lat="46.552919" lon="10.435998">
				<ele>2295.000000</ele>
			</trkpt>
			<trkpt lat="46.552907" lon="10.436034">
				<ele>2295.000000</ele>
			</trkpt>
			<trkpt lat="46.552888" lon="10.436061">
				<ele>2294.000000</ele>
			</trkpt>
			<trkpt lat="46.552758" lon="10.436214">
				<ele>2293.000000</ele>
			</trkpt>
			<trkpt lat="46.552635" lon="10.436367">
				<ele>2292.000000</ele>
			</trkpt>
			<trkpt lat="46.552579" lon="10.436447">
				<ele>2291.000000</ele>
			</trkpt>
			<trkpt lat="46.552524" lon="10.436537">
				<ele>2290.000000</ele>
			</trkpt>
			<trkpt lat="46.552475" lon="10.436627">
				<ele>2289.000000</ele>
			</trkpt>
			<trkpt lat="46.552450" lon="10.436680">
				<ele>2289.000000</ele>
			</trkpt>
			<trkpt lat="46.552425" lon="10.436743">
				<ele>2289.000000</ele>
			</trkpt>
			<trkpt lat="46.552381" lon="10.436879">
				<ele>2288.000000</ele>
			</trkpt>
			<trkpt lat="46.552339" lon="10.437022">
				<ele>2287.000000</ele>
			</trkpt>
			<trkpt lat="46.552308" lon="10.437166">
				<ele>2286.000000</ele>
			</trkpt>
			<trkpt lat="46.552295" lon="10.437202">
				<ele>2285.000000</ele>
			</trkpt>
			<trkpt lat="46.552289" lon="10.437256">
				<ele>2285.000000</ele>
			</trkpt>
			<trkpt lat="46.552289" lon="10.437300">
				<ele>2285.000000</ele>
			</trkpt>
			<trkpt lat="46.552295" lon="10.437346">
				<ele>2284.000000</ele>
			</trkpt>
			<trkpt lat="46.552308" lon="10.437382">
				<ele>2284.000000</ele>
			</trkpt>
			<trkpt lat="46.552326" lon="10.437399">
				<ele>2284.000000</ele>
			</trkpt>
			<trkpt lat="46.552345" lon="10.437418">
				<ele>2284.000000</ele>
			</trkpt>
			<trkpt lat="46.552369" lon="10.437418">
				<ele>2283.000000</ele>
			</trkpt>
			<trkpt lat="46.552388" lon="10.437418">
				<ele>2283.000000</ele>
			</trkpt>
			<trkpt lat="46.552400" lon="10.437409">
				<ele>2283.000000</ele>
			</trkpt>
			<trkpt lat="46.552530" lon="10.437265">
				<ele>2282.000000</ele>
			</trkpt>
			<trkpt lat="46.552635" lon="10.437157">
				<ele>2280.000000</ele>
			</trkpt>
			<trkpt lat="46.552727" lon="10.437040">
				<ele>2279.000000</ele>
			</trkpt>
			<trkpt lat="46.552802" lon="10.436923">
				<ele>2278.000000</ele>
			</trkpt>
			<trkpt lat="46.552864" lon="10.436797">
				<ele>2277.000000</ele>
			</trkpt>
			<trkpt lat="46.552913" lon="10.436717">
				<ele>2276.000000</ele>
			</trkpt>
			<trkpt lat="46.552975" lon="10.436636">
				<ele>2275.000000</ele>
			</trkpt>
			<trkpt lat="46.553123" lon="10.436483">
				<ele>2273.000000</ele>
			</trkpt>
			<trkpt lat="46.553246" lon="10.436357">
				<ele>2271.000000</ele>
			</trkpt>
			<trkpt lat="46.553308" lon="10.436286">
				<ele>2270.000000</ele>
			</trkpt>
			<trkpt lat="46.553371" lon="10.436196">
				<ele>2269.000000</ele>
			</trkpt>
			<trkpt lat="46.553425" lon="10.436106">
				<ele>2269.000000</ele>
			</trkpt>
			<trkpt lat="46.553475" lon="10.436017">
				<ele>2268.000000</ele>
			</trkpt>
			<trkpt lat="46.553506" lon="10.435962">
				<ele>2267.000000</ele>
			</trkpt>
			<trkpt lat="46.553556" lon="10.435908">
				<ele>2266.000000</ele>
			</trkpt>
			<trkpt lat="46.553611" lon="10.435854">
				<ele>2266.000000</ele>
			</trkpt>
			<trkpt lat="46.553667" lon="10.435810">
				<ele>2265.000000</ele>
			</trkpt>
			<trkpt lat="46.553729" lon="10.435791">
				<ele>2264.000000</ele>
			</trkpt>
			<trkpt lat="46.553790" lon="10.435774">
				<ele>2264.000000</ele>
			</trkpt>
			<trkpt lat="46.553877" lon="10.435755">
				<ele>2263.000000</ele>
			</trkpt>
			<trkpt lat="46.553951" lon="10.435728">
				<ele>2262.000000</ele>
			</trkpt>
			<trkpt lat="46.554037" lon="10.435675">
				<ele>2261.000000</ele>
			</trkpt>
			<trkpt lat="46.554099" lon="10.435630">
				<ele>2260.000000</ele>
			</trkpt>
			<trkpt lat="46.554210" lon="10.435541">
				<ele>2259.000000</ele>
			</trkpt>
			<trkpt lat="46.554587" lon="10.435172">
				<ele>2254.000000</ele>
			</trkpt>
			<trkpt lat="46.554637" lon="10.435118">
				<ele>2253.000000</ele>
			</trkpt>
			<trkpt lat="46.554673" lon="10.435082">
				<ele>2253.000000</ele>
			</trkpt>
			<trkpt lat="46.554717" lon="10.435028">
				<ele>2252.000000</ele>
			</trkpt>
			<trkpt lat="46.554846" lon="10.434830">
				<ele>2250.000000</ele>
			</trkpt>
			<trkpt lat="46.554970" lon="10.434659">
				<ele>2248.000000</ele>
			</trkpt>
			<trkpt lat="46.555013" lon="10.434606">
				<ele>2247.000000</ele>
			</trkpt>
			<trkpt lat="46.555081" lon="10.434560">
				<ele>2247.000000</ele>
			</trkpt>
			<trkpt lat="46.555168" lon="10.434507">
				<ele>2246.000000</ele>
			</trkpt>
			<trkpt lat="46.555242" lon="10.434472">
				<ele>2245.000000</ele>
			</trkpt>
			<trkpt lat="46.555322" lon="10.434444">
				<ele>2244.000000</ele>
			</trkpt>
			<trkpt lat="46.555446" lon="10.434417">
				<ele>2242.000000</ele>
			</trkpt>
			<trkpt lat="46.555502" lon="10.434417">
				<ele>2242.000000</ele>
			</trkpt>
			<trkpt lat="46.555557" lon="10.434426">
				<ele>2241.000000</ele>
			</trkpt>
			<trkpt lat="46.555668" lon="10.434453">
				<ele>2240.000000</ele>
			</trkpt>
			<trkpt lat="46.555792" lon="10.434472">
				<ele>2239.000000</ele>
			</trkpt>
			<trkpt lat="46.555848" lon="10.434462">
				<ele>2238.000000</ele>
			</trkpt>
			<trkpt lat="46.555878" lon="10.434453">
				<ele>2238.000000</ele>
			</trkpt>
			<trkpt lat="46.555946" lon="10.434435">
				<ele>2237.000000</ele>
			</trkpt>
			<trkpt lat="46.556002" lon="10.434399">
				<ele>2236.000000</ele>
			</trkpt>
			<trkpt lat="46.556045" lon="10.434363">
				<ele>2236.000000</ele>
			</trkpt>
			<trkpt lat="46.556076" lon="10.434336">
				<ele>2235.000000</ele>
			</trkpt>
			<trkpt lat="46.556144" lon="10.434246">
				<ele>2234.000000</ele>
			</trkpt>
			<trkpt lat="46.556218" lon="10.434174">
				<ele>2233.000000</ele>
			</trkpt>
			<trkpt lat="46.556280" lon="10.434139">
				<ele>2232.000000</ele>
			</trkpt>
			<trkpt lat="46.556335" lon="10.434120">
				<ele>2232.000000</ele>
			</trkpt>
			<trkpt lat="46.556391" lon="10.434112">
				<ele>2231.000000</ele>
			</trkpt>
			<trkpt lat="46.556452" lon="10.434112">
				<ele>2231.000000</ele>
			</trkpt>
			<trkpt lat="46.556515" lon="10.434112">
				<ele>2230.000000</ele>
			</trkpt>
			<trkpt lat="46.556601" lon="10.434112">
				<ele>2229.000000</ele>
			</trkpt>
			<trkpt lat="46.556688" lon="10.434112">
				<ele>2228.000000</ele>
			</trkpt>
			<trkpt lat="46.556749" lon="10.434093">
				<ele>2227.000000</ele>
			</trkpt>
			<trkpt lat="46.556792" lon="10.434084">
				<ele>2227.000000</ele>
			</trkpt>
			<trkpt lat="46.557015" lon="10.434067">
				<ele>2225.000000</ele>
			</trkpt>
			<trkpt lat="46.557126" lon="10.434057">
				<ele>2224.000000</ele>
			</trkpt>
			<trkpt lat="46.557200" lon="10.434049">
				<ele>2223.000000</ele>
			</trkpt>
			<trkpt lat="46.557262" lon="10.434022">
				<ele>2222.000000</ele>
			</trkpt>
			<trkpt lat="46.557330" lon="10.433986">
				<ele>2221.000000</ele>
			</trkpt>
			<trkpt lat="46.557540" lon="10.433860">
				<ele>2219.000000</ele>
			</trkpt>
			<trkpt lat="46.557738" lon="10.433734">
				<ele>2217.000000</ele>
			</trkpt>
			<trkpt lat="46.557769" lon="10.433717">
				<ele>2217.000000</ele>
			</trkpt>
			<trkpt lat="46.557824" lon="10.433680">
				<ele>2216.000000</ele>
			</trkpt>
			<trkpt lat="46.557873" lon="10.433636">
				<ele>2215.000000</ele>
			</trkpt>
			<trkpt lat="46.557954" lon="10.433564">
				<ele>2214.000000</ele>
			</trkpt>
			<trkpt lat="46.558176" lon="10.433321">
				<ele>2212.000000</ele>
			</trkpt>
			<trkpt lat="46.558200" lon="10.433304">
				<ele>2211.000000</ele>
			</trkpt>
			<trkpt lat="46.558225" lon="10.433304">
				<ele>2211.000000</ele>
			</trkpt>
			<trkpt lat="46.558244" lon="10.433312">
				<ele>2211.000000</ele>
			</trkpt>
			<trkpt lat="46.558256" lon="10.433330">
				<ele>2211.000000</ele>
			</trkpt>
			<trkpt lat="46.558263" lon="10.433357">
				<ele>2211.000000</ele>
			</trkpt>
			<trkpt lat="46.558256" lon="10.433393">
				<ele>2210.000000</ele>
			</trkpt>
			<trkpt lat="46.558244" lon="10.433420">
				<ele>2210.000000</ele>
			</trkpt>
			<trkpt lat="46.558219" lon="10.433456">
				<ele>2210.000000</ele>
			</trkpt>
			<trkpt lat="46.558102" lon="10.433581">
				<ele>2208.000000</ele>
			</trkpt>
			<trkpt lat="46.557985" lon="10.433707">
				<ele>2207.000000</ele>
			</trkpt>
			<trkpt lat="46.557669" lon="10.434157">
				<ele>2203.000000</ele>
			</trkpt>
			<trkpt lat="46.557194" lon="10.434812">
				<ele>2196.000000</ele>
			</trkpt>
			<trkpt lat="46.557126" lon="10.434938">
				<ele>2195.000000</ele>
			</trkpt>
			<trkpt lat="46.557083" lon="10.435028">
				<ele>2194.000000</ele>
			</trkpt>
			<trkpt lat="46.557040" lon="10.435145">
				<ele>2193.000000</ele>
			</trkpt>
			<trkpt lat="46.557015" lon="10.435262">
				<ele>2193.000000</ele>
			</trkpt>
			<trkpt lat="46.556947" lon="10.435575">
				<ele>2190.000000</ele>
			</trkpt>
			<trkpt lat="46.556904" lon="10.435774">
				<ele>2189.000000</ele>
			</trkpt>
			<trkpt lat="46.556885" lon="10.435818">
				<ele>2189.000000</ele>
			</trkpt>
			<trkpt lat="46.556860" lon="10.435854">
				<ele>2188.000000</ele>
			</trkpt>
			<trkpt lat="46.556842" lon="10.435881">
				<ele>2188.000000</ele>
			</trkpt>
			<trkpt lat="46.556811" lon="10.435908">
				<ele>2188.000000</ele>
			</trkpt>
			<trkpt lat="46.556743" lon="10.435971">
				<ele>2187.000000</ele>
			</trkpt>
			<trkpt lat="46.556694" lon="10.436007">
				<ele>2187.000000</ele>
			</trkpt>
			<trkpt lat="46.556638" lon="10.436034">
				<ele>2186.000000</ele>
			</trkpt>
			<trkpt lat="46.556613" lon="10.436061">
				<ele>2186.000000</ele>
			</trkpt>
			<trkpt lat="46.556588" lon="10.436097">
				<ele>2186.000000</ele>
			</trkpt>
			<trkpt lat="46.556576" lon="10.436133">
				<ele>2186.000000</ele>
			</trkpt>
			<trkpt lat="46.556576" lon="10.436178">
				<ele>2185.000000</ele>
			</trkpt>
			<trkpt lat="46.556582" lon="10.436223">
				<ele>2185.000000</ele>
			</trkpt>
			<trkpt lat="46.556588" lon="10.436258">
				<ele>2185.000000</ele>
			</trkpt>
			<trkpt lat="46.556607" lon="10.436286">
				<ele>2185.000000</ele>
			</trkpt>
			<trkpt lat="46.556632" lon="10.436304">
				<ele>2185.000000</ele>
			</trkpt>
			<trkpt lat="46.556663" lon="10.436313">
				<ele>2184.000000</ele>
			</trkpt>
			<trkpt lat="46.556700" lon="10.436313">
				<ele>2184.000000</ele>
			</trkpt>
			<trkpt lat="46.556731" lon="10.436294">
				<ele>2184.000000</ele>
			</trkpt>
			<trkpt lat="46.556768" lon="10.436258">
				<ele>2183.000000</ele>
			</trkpt>
			<trkpt lat="46.557021" lon="10.435954">
				<ele>2181.000000</ele>
			</trkpt>
			<trkpt lat="46.557126" lon="10.435810">
				<ele>2180.000000</ele>
			</trkpt>
			<trkpt lat="46.557225" lon="10.435692">
				<ele>2178.000000</ele>
			</trkpt>
			<trkpt lat="46.557256" lon="10.435657">
				<ele>2178.000000</ele>
			</trkpt>
			<trkpt lat="46.557367" lon="10.435575">
				<ele>2177.000000</ele>
			</trkpt>
			<trkpt lat="46.557484" lon="10.435495">
				<ele>2175.000000</ele>
			</trkpt>
			<trkpt lat="46.557669" lon="10.435388">
				<ele>2173.000000</ele>
			</trkpt>
			<trkpt lat="46.557725" lon="10.435342">
				<ele>2172.000000</ele>
			</trkpt>
			<trkpt lat="46.557800" lon="10.435271">
				<ele>2171.000000</ele>
			</trkpt>
			<trkpt lat="46.557892" lon="10.435154">
				<ele>2170.000000</ele>
			</trkpt>
			<trkpt lat="46.558021" lon="10.434975">
				<ele>2169.000000</ele>
			</trkpt>
			<trkpt lat="46.558090" lon="10.434885">
				<ele>2169.000000</ele>
			</trkpt>
			<trkpt lat="46.558152" lon="10.434812">
				<ele>2169.000000</ele>
			</trkpt>
			<trkpt lat="46.558225" lon="10.434749">
				<ele>2168.000000</ele>
			</trkpt>
			<trkpt lat="46.558312" lon="10.434705">
				<ele>2168.000000</ele>
			</trkpt>
			<trkpt lat="46.558361" lon="10.434696">
				<ele>2168.000000</ele>
			</trkpt>
			<trkpt lat="46.558442" lon="10.434696">
				<ele>2167.000000</ele>
			</trkpt>
			<trkpt lat="46.558540" lon="10.434713">
				<ele>2167.000000</ele>
			</trkpt>
			<trkpt lat="46.558639" lon="10.434732">
				<ele>2167.000000</ele>
			</trkpt>
			<trkpt lat="46.559115" lon="10.434902">
				<ele>2165.000000</ele>
			</trkpt>
			<trkpt lat="46.559232" lon="10.434938">
				<ele>2164.000000</ele>
			</trkpt>
			<trkpt lat="46.559331" lon="10.434948">
				<ele>2164.000000</ele>
			</trkpt>
			<trkpt lat="46.559375" lon="10.434948">
				<ele>2164.000000</ele>
			</trkpt>
			<trkpt lat="46.559424" lon="10.434938">
				<ele>2164.000000</ele>
			</trkpt>
			<trkpt lat="46.559566" lon="10.434912">
				<ele>2163.000000</ele>
			</trkpt>
			<trkpt lat="46.559764" lon="10.434849">
				<ele>2162.000000</ele>
			</trkpt>
			<trkpt lat="46.559831" lon="10.434830">
				<ele>2162.000000</ele>
			</trkpt>
			<trkpt lat="46.559931" lon="10.434812">
				<ele>2161.000000</ele>
			</trkpt>
			<trkpt lat="46.560289" lon="10.434759">
				<ele>2160.000000</ele>
			</trkpt>
			<trkpt lat="46.560412" lon="10.434749">
				<ele>2159.000000</ele>
			</trkpt>
			<trkpt lat="46.560535" lon="10.434749">
				<ele>2158.000000</ele>
			</trkpt>
			<trkpt lat="46.560635" lon="10.434768">
				<ele>2158.000000</ele>
			</trkpt>
			<trkpt lat="46.560727" lon="10.434795">
				<ele>2157.000000</ele>
			</trkpt>
			<trkpt lat="46.561370" lon="10.435046">
				<ele>2153.000000</ele>
			</trkpt>
			<trkpt lat="46.561629" lon="10.435136">
				<ele>2151.000000</ele>
			</trkpt>
			<trkpt lat="46.561901" lon="10.435235">
				<ele>2148.000000</ele>
			</trkpt>
			<trkpt lat="46.561962" lon="10.435262">
				<ele>2148.000000</ele>
			</trkpt>
			<trkpt lat="46.562086" lon="10.435334">
				<ele>2146.000000</ele>
			</trkpt>
			<trkpt lat="46.562247" lon="10.435459">
				<ele>2144.000000</ele>
			</trkpt>
			<trkpt lat="46.562753" lon="10.435810">
				<ele>2139.000000</ele>
			</trkpt>
			<trkpt lat="46.562870" lon="10.435872">
				<ele>2137.000000</ele>
			</trkpt>
			<trkpt lat="46.562932" lon="10.435908">
				<ele>2137.000000</ele>
			</trkpt>
			<trkpt lat="46.563093" lon="10.435980">
				<ele>2135.000000</ele>
			</trkpt>
			<trkpt lat="46.563291" lon="10.436061">
				<ele>2133.000000</ele>
			</trkpt>
			<trkpt lat="46.563482" lon="10.436160">
				<ele>2131.000000</ele>
			</trkpt>
			<trkpt lat="46.563853" lon="10.436376">
				<ele>2127.000000</ele>
			</trkpt>
			<trkpt lat="46.563995" lon="10.436466">
				<ele>2125.000000</ele>
			</trkpt>
			<trkpt lat="46.564068" lon="10.436537">
				<ele>2124.000000</ele>
			</trkpt>
			<trkpt lat="46.564248" lon="10.436699">
				<ele>2122.000000</ele>
			</trkpt>
			<trkpt lat="46.564371" lon="10.436833">
				<ele>2120.000000</ele>
			</trkpt>
			<trkpt lat="46.564482" lon="10.436977">
				<ele>2119.000000</ele>
			</trkpt>
			<trkpt lat="46.564618" lon="10.437130">
				<ele>2117.000000</ele>
			</trkpt>
			<trkpt lat="46.564686" lon="10.437193">
				<ele>2116.000000</ele>
			</trkpt>
			<trkpt lat="46.564742" lon="10.437229">
				<ele>2115.000000</ele>
			</trkpt>
			<trkpt lat="46.565020" lon="10.437382">
				<ele>2112.000000</ele>
			</trkpt>
			<trkpt lat="46.565199" lon="10.437472">
				<ele>2110.000000</ele>
			</trkpt>
			<trkpt lat="46.565903" lon="10.437812">
				<ele>2102.000000</ele>
			</trkpt>
			<trkpt lat="46.565990" lon="10.437875">
				<ele>2101.000000</ele>
			</trkpt>
			<trkpt lat="46.566082" lon="10.437965">
				<ele>2100.000000</ele>
			</trkpt>
			<trkpt lat="46.566131" lon="10.438019">
				<ele>2100.000000</ele>
			</trkpt>
			<trkpt lat="46.566187" lon="10.438091">
				<ele>2099.000000</ele>
			</trkpt>
			<trkpt lat="46.566236" lon="10.438128">
				<ele>2099.000000</ele>
			</trkpt>
			<trkpt lat="46.566255" lon="10.438145">
				<ele>2098.000000</ele>
			</trkpt>
			<trkpt lat="46.566286" lon="10.438154">
				<ele>2098.000000</ele>
			</trkpt>
			<trkpt lat="46.566317" lon="10.438154">
				<ele>2098.000000</ele>
			</trkpt>
			<trkpt lat="46.566329" lon="10.438145">
				<ele>2098.000000</ele>
			</trkpt>
			<trkpt lat="46.566342" lon="10.438136">
				<ele>2098.000000</ele>
			</trkpt>
			<trkpt lat="46.566354" lon="10.438109">
				<ele>2097.000000</ele>
			</trkpt>
			<trkpt lat="46.566366" lon="10.438074">
				<ele>2097.000000</ele>
			</trkpt>
			<trkpt lat="46.566366" lon="10.438028">
				<ele>2097.000000</ele>
			</trkpt>
			<trkpt lat="46.566360" lon="10.437992">
				<ele>2097.000000</ele>
			</trkpt>
			<trkpt lat="46.566348" lon="10.437956">
				<ele>2096.000000</ele>
			</trkpt>
			<trkpt lat="46.565959" lon="10.437265">
				<ele>2091.000000</ele>
			</trkpt>
			<trkpt lat="46.565872" lon="10.437112">
				<ele>2090.000000</ele>
			</trkpt>
			<trkpt lat="46.565866" lon="10.437085">
				<ele>2090.000000</ele>
			</trkpt>
			<trkpt lat="46.565860" lon="10.437059">
				<ele>2090.000000</ele>
			</trkpt>
			<trkpt lat="46.565860" lon="10.437022">
				<ele>2090.000000</ele>
			</trkpt>
			<trkpt lat="46.565866" lon="10.436996">
				<ele>2089.000000</ele>
			</trkpt>
			<trkpt lat="46.565872" lon="10.436969">
				<ele>2089.000000</ele>
			</trkpt>
			<trkpt lat="46.565884" lon="10.436959">
				<ele>2089.000000</ele>
			</trkpt>
			<trkpt lat="46.565896" lon="10.436950">
				<ele>2089.000000</ele>
			</trkpt>
			<trkpt lat="46.565909" lon="10.436950">
				<ele>2089.000000</ele>
			</trkpt>
			<trkpt lat="46.565928" lon="10.436950">
				<ele>2089.000000</ele>
			</trkpt>
			<trkpt lat="46.565946" lon="10.436959">
				<ele>2088.000000</ele>
			</trkpt>
			<trkpt lat="46.565959" lon="10.436969">
				<ele>2088.000000</ele>
			</trkpt>
			<trkpt lat="46.566008" lon="10.437013">
				<ele>2088.000000</ele>
			</trkpt>
			<trkpt lat="46.566131" lon="10.437139">
				<ele>2086.000000</ele>
			</trkpt>
			<trkpt lat="46.566354" lon="10.437382">
				<ele>2084.000000</ele>
			</trkpt>
			<trkpt lat="46.566440" lon="10.437462">
				<ele>2083.000000</ele>
			</trkpt>
			<trkpt lat="46.566564" lon="10.437562">
				<ele>2081.000000</ele>
			</trkpt>
			<trkpt lat="46.566718" lon="10.437714">
				<ele>2079.000000</ele>
			</trkpt>
			<trkpt lat="46.566780" lon="10.437759">
				<ele>2079.000000</ele>
			</trkpt>
			<trkpt lat="46.566804" lon="10.437768">
				<ele>2079.000000</ele>
			</trkpt>
			<trkpt lat="46.566829" lon="10.437776">
				<ele>2078.000000</ele>
			</trkpt>
			<trkpt lat="46.566854" lon="10.437768">
				<ele>2078.000000</ele>
			</trkpt>
			<trkpt lat="46.566879" lon="10.437749">
				<ele>2078.000000</ele>
			</trkpt>
			<trkpt lat="46.566891" lon="10.437723">
				<ele>2078.000000</ele>
			</trkpt>
			<trkpt lat="46.566898" lon="10.437688">
				<ele>2078.000000</ele>
			</trkpt>
			<trkpt lat="46.566891" lon="10.437651">
				<ele>2077.000000</ele>
			</trkpt>
			<trkpt lat="46.566879" lon="10.437615">
				<ele>2077.000000</ele>
			</trkpt>
			<trkpt lat="46.566848" lon="10.437543">
				<ele>2077.000000</ele>
			</trkpt>
			<trkpt lat="46.566792" lon="10.437436">
				<ele>2076.000000</ele>
			</trkpt>
			<trkpt lat="46.566681" lon="10.437212">
				<ele>2074.000000</ele>
			</trkpt>
			<trkpt lat="46.566594" lon="10.437022">
				<ele>2073.000000</ele>
			</trkpt>
			<trkpt lat="46.566570" lon="10.436959">
				<ele>2073.000000</ele>
			</trkpt>
			<trkpt lat="46.566570" lon="10.436923">
				<ele>2072.000000</ele>
			</trkpt>
			<trkpt lat="46.566570" lon="10.436887">
				<ele>2072.000000</ele>
			</trkpt>
			<trkpt lat="46.566576" lon="10.436860">
				<ele>2072.000000</ele>
			</trkpt>
			<trkpt lat="46.566588" lon="10.436833">
				<ele>2072.000000</ele>
			</trkpt>
			<trkpt lat="46.566601" lon="10.436816">
				<ele>2072.000000</ele>
			</trkpt>
			<trkpt lat="46.566619" lon="10.436807">
				<ele>2072.000000</ele>
			</trkpt>
			<trkpt lat="46.566638" lon="10.436807">
				<ele>2071.000000</ele>
			</trkpt>
			<trkpt lat="46.566656" lon="10.436807">
				<ele>2071.000000</ele>
			</trkpt>
			<trkpt lat="46.566675" lon="10.436816">
				<ele>2071.000000</ele>
			</trkpt>
			<trkpt lat="46.566700" lon="10.436833">
				<ele>2071.000000</ele>
			</trkpt>
			<trkpt lat="46.566725" lon="10.436860">
				<ele>2071.000000</ele>
			</trkpt>
			<trkpt lat="46.566798" lon="10.436977">
				<ele>2070.000000</ele>
			</trkpt>
			<trkpt lat="46.566829" lon="10.437013">
				<ele>2069.000000</ele>
			</trkpt>
			<trkpt lat="46.567039" lon="10.437220">
				<ele>2067.000000</ele>
			</trkpt>
			<trkpt lat="46.567169" lon="10.437328">
				<ele>2065.000000</ele>
			</trkpt>
			<trkpt lat="46.567608" lon="10.437705">
				<ele>2060.000000</ele>
			</trkpt>
			<trkpt lat="46.567639" lon="10.437741">
				<ele>2060.000000</ele>
			</trkpt>
			<trkpt lat="46.567669" lon="10.437776">
				<ele>2059.000000</ele>
			</trkpt>
			<trkpt lat="46.567694" lon="10.437812">
				<ele>2059.000000</ele>
			</trkpt>
			<trkpt lat="46.567719" lon="10.437858">
				<ele>2058.000000</ele>
			</trkpt>
			<trkpt lat="46.567743" lon="10.437921">
				<ele>2058.000000</ele>
			</trkpt>
			<trkpt lat="46.567762" lon="10.437984">
				<ele>2058.000000</ele>
			</trkpt>
			<trkpt lat="46.567793" lon="10.438101">
				<ele>2057.000000</ele>
			</trkpt>
			<trkpt lat="46.567824" lon="10.438191">
				<ele>2056.000000</ele>
			</trkpt>
			<trkpt lat="46.567842" lon="10.438225">
				<ele>2056.000000</ele>
			</trkpt>
			<trkpt lat="46.567854" lon="10.438235">
				<ele>2056.000000</ele>
			</trkpt>
			<trkpt lat="46.567873" lon="10.438244">
				<ele>2055.000000</ele>
			</trkpt>
			<trkpt lat="46.567898" lon="10.438244">
				<ele>2055.000000</ele>
			</trkpt>
			<trkpt lat="46.567922" lon="10.438235">
				<ele>2055.000000</ele>
			</trkpt>
			<trkpt lat="46.567935" lon="10.438217">
				<ele>2055.000000</ele>
			</trkpt>
			<trkpt lat="46.567941" lon="10.438199">
				<ele>2055.000000</ele>
			</trkpt>
			<trkpt lat="46.567941" lon="10.438164">
				<ele>2054.000000</ele>
			</trkpt>
			<trkpt lat="46.567941" lon="10.438118">
				<ele>2054.000000</ele>
			</trkpt>
			<trkpt lat="46.567941" lon="10.438011">
				<ele>2054.000000</ele>
			</trkpt>
			<trkpt lat="46.567935" lon="10.437921">
				<ele>2053.000000</ele>
			</trkpt>
			<trkpt lat="46.567953" lon="10.437678">
				<ele>2051.000000</ele>
			</trkpt>
			<trkpt lat="46.567960" lon="10.437562">
				<ele>2051.000000</ele>
			</trkpt>
			<trkpt lat="46.567960" lon="10.437480">
				<ele>2050.000000</ele>
			</trkpt>
			<trkpt lat="46.567953" lon="10.437382">
				<ele>2049.000000</ele>
			</trkpt>
			<trkpt lat="46.567935" lon="10.437283">
				<ele>2049.000000</ele>
			</trkpt>
			<trkpt lat="46.567916" lon="10.437202">
				<ele>2048.000000</ele>
			</trkpt>
			<trkpt lat="46.567898" lon="10.437112">
				<ele>2048.000000</ele>
			</trkpt>
			<trkpt lat="46.567879" lon="10.437040">
				<ele>2047.000000</ele>
			</trkpt>
			<trkpt lat="46.567873" lon="10.437013">
				<ele>2047.000000</ele>
			</trkpt>
			<trkpt lat="46.567873" lon="10.436986">
				<ele>2047.000000</ele>
			</trkpt>
			<trkpt lat="46.567873" lon="10.436959">
				<ele>2046.000000</ele>
			</trkpt>
			<trkpt lat="46.567891" lon="10.436933">
				<ele>2046.000000</ele>
			</trkpt>
			<trkpt lat="46.567916" lon="10.436923">
				<ele>2046.000000</ele>
			</trkpt>
			<trkpt lat="46.567935" lon="10.436923">
				<ele>2046.000000</ele>
			</trkpt>
			<trkpt lat="46.567960" lon="10.436933">
				<ele>2045.000000</ele>
			</trkpt>
			<trkpt lat="46.567985" lon="10.436950">
				<ele>2045.000000</ele>
			</trkpt>
			<trkpt lat="46.568015" lon="10.436986">
				<ele>2045.000000</ele>
			</trkpt>
			<trkpt lat="46.568052" lon="10.437040">
				<ele>2044.000000</ele>
			</trkpt>
			<trkpt lat="46.568941" lon="10.438136">
				<ele>2032.000000</ele>
			</trkpt>
			<trkpt lat="46.569034" lon="10.438235">
				<ele>2030.000000</ele>
			</trkpt>
			<trkpt lat="46.569078" lon="10.438271">
				<ele>2030.000000</ele>
			</trkpt>
			<trkpt lat="46.569133" lon="10.438307">
				<ele>2029.000000</ele>
			</trkpt>
			<trkpt lat="46.569182" lon="10.438325">
				<ele>2029.000000</ele>
			</trkpt>
			<trkpt lat="46.569244" lon="10.438351">
				<ele>2028.000000</ele>
			</trkpt>
			<trkpt lat="46.569287" lon="10.438361">
				<ele>2028.000000</ele>
			</trkpt>
			<trkpt lat="46.569355" lon="10.438361">
				<ele>2027.000000</ele>
			</trkpt>
			<trkpt lat="46.569430" lon="10.438351">
				<ele>2026.000000</ele>
			</trkpt>
			<trkpt lat="46.569491" lon="10.438325">
				<ele>2025.000000</ele>
			</trkpt>
			<trkpt lat="46.569584" lon="10.438271">
				<ele>2024.000000</ele>
			</trkpt>
			<trkpt lat="46.569769" lon="10.438145">
				<ele>2022.000000</ele>
			</trkpt>
			<trkpt lat="46.569955" lon="10.438019">
				<ele>2020.000000</ele>
			</trkpt>
			<trkpt lat="46.570226" lon="10.437831">
				<ele>2014.000000</ele>
			</trkpt>
			<trkpt lat="46.570282" lon="10.437776">
				<ele>2013.000000</ele>
			</trkpt>
			<trkpt lat="46.570325" lon="10.437696">
				<ele>2012.000000</ele>
			</trkpt>
			<trkpt lat="46.570344" lon="10.437659">
				<ele>2011.000000</ele>
			</trkpt>
			<trkpt lat="46.570356" lon="10.437615">
				<ele>2011.000000</ele>
			</trkpt>
			<trkpt lat="46.570368" lon="10.437552">
				<ele>2010.000000</ele>
			</trkpt>
			<trkpt lat="46.570399" lon="10.437246">
				<ele>2010.000000</ele>
			</trkpt>
			<trkpt lat="46.570405" lon="10.437202">
				<ele>2010.000000</ele>
			</trkpt>
			<trkpt lat="46.570417" lon="10.437166">
				<ele>2010.000000</ele>
			</trkpt>
			<trkpt lat="46.570430" lon="10.437122">
				<ele>2010.000000</ele>
			</trkpt>
			<trkpt lat="46.570448" lon="10.437076">
				<ele>2010.000000</ele>
			</trkpt>
			<trkpt lat="46.570473" lon="10.437040">
				<ele>2010.000000</ele>
			</trkpt>
			<trkpt lat="46.570498" lon="10.437013">
				<ele>2010.000000</ele>
			</trkpt>
			<trkpt lat="46.570523" lon="10.436986">
				<ele>2010.000000</ele>
			</trkpt>
			<trkpt lat="46.570559" lon="10.436969">
				<ele>2010.000000</ele>
			</trkpt>
			<trkpt lat="46.570596" lon="10.436969">
				<ele>2010.000000</ele>
			</trkpt>
			<trkpt lat="46.570677" lon="10.436977">
				<ele>2010.000000</ele>
			</trkpt>
			<trkpt lat="46.570757" lon="10.436996">
				<ele>2010.000000</ele>
			</trkpt>
			<trkpt lat="46.571091" lon="10.437085">
				<ele>2006.000000</ele>
			</trkpt>
			<trkpt lat="46.571158" lon="10.437103">
				<ele>2005.000000</ele>
			</trkpt>
			<trkpt lat="46.571214" lon="10.437103">
				<ele>2004.000000</ele>
			</trkpt>
			<trkpt lat="46.571294" lon="10.437103">
				<ele>2003.000000</ele>
			</trkpt>
			<trkpt lat="46.571412" lon="10.437059">
				<ele>2002.000000</ele>
			</trkpt>
			<trkpt lat="46.571492" lon="10.437032">
				<ele>2001.000000</ele>
			</trkpt>
			<trkpt lat="46.571572" lon="10.437004">
				<ele>2000.000000</ele>
			</trkpt>
			<trkpt lat="46.571658" lon="10.437004">
				<ele>1999.000000</ele>
			</trkpt>
			<trkpt lat="46.571727" lon="10.437013">
				<ele>1999.000000</ele>
			</trkpt>
			<trkpt lat="46.571813" lon="10.437032">
				<ele>1998.000000</ele>
			</trkpt>
			<trkpt lat="46.571850" lon="10.437032">
				<ele>1997.000000</ele>
			</trkpt>
			<trkpt lat="46.571881" lon="10.437040">
				<ele>1997.000000</ele>
			</trkpt>
			<trkpt lat="46.571924" lon="10.437059">
				<ele>1996.000000</ele>
			</trkpt>
			<trkpt lat="46.571962" lon="10.437076">
				<ele>1996.000000</ele>
			</trkpt>
			<trkpt lat="46.572060" lon="10.437130">
				<ele>1995.000000</ele>
			</trkpt>
			<trkpt lat="46.572128" lon="10.437166">
				<ele>1994.000000</ele>
			</trkpt>
			<trkpt lat="46.572153" lon="10.437175">
				<ele>1994.000000</ele>
			</trkpt>
			<trkpt lat="46.572301" lon="10.437202">
				<ele>1992.000000</ele>
			</trkpt>
			<trkpt lat="46.572437" lon="10.437229">
				<ele>1991.000000</ele>
			</trkpt>
			<trkpt lat="46.572511" lon="10.437238">
				<ele>1990.000000</ele>
			</trkpt>
			<trkpt lat="46.572591" lon="10.437246">
				<ele>1989.000000</ele>
			</trkpt>
			<trkpt lat="46.572770" lon="10.437238">
				<ele>1987.000000</ele>
			</trkpt>
			<trkpt lat="46.572857" lon="10.437238">
				<ele>1986.000000</ele>
			</trkpt>
			<trkpt lat="46.573061" lon="10.437256">
				<ele>1984.000000</ele>
			</trkpt>
			<trkpt lat="46.573134" lon="10.437256">
				<ele>1983.000000</ele>
			</trkpt>
			<trkpt lat="46.573382" lon="10.437309">
				<ele>1980.000000</ele>
			</trkpt>
			<trkpt lat="46.573480" lon="10.437328">
				<ele>1979.000000</ele>
			</trkpt>
			<trkpt lat="46.573530" lon="10.437355">
				<ele>1979.000000</ele>
			</trkpt>
			<trkpt lat="46.573573" lon="10.437382">
				<ele>1978.000000</ele>
			</trkpt>
			<trkpt lat="46.573665" lon="10.437453">
				<ele>1977.000000</ele>
			</trkpt>
			<trkpt lat="46.573734" lon="10.437516">
				<ele>1976.000000</ele>
			</trkpt>
			<trkpt lat="46.573844" lon="10.437606">
				<ele>1975.000000</ele>
			</trkpt>
			<trkpt lat="46.573981" lon="10.437678">
				<ele>1974.000000</ele>
			</trkpt>
			<trkpt lat="46.574203" lon="10.437776">
				<ele>1971.000000</ele>
			</trkpt>
			<trkpt lat="46.574327" lon="10.437822">
				<ele>1970.000000</ele>
			</trkpt>
			<trkpt lat="46.574518" lon="10.437849">
				<ele>1968.000000</ele>
			</trkpt>
			<trkpt lat="46.574641" lon="10.437875">
				<ele>1967.000000</ele>
			</trkpt>
			<trkpt lat="46.574716" lon="10.437875">
				<ele>1966.000000</ele>
			</trkpt>
			<trkpt lat="46.574789" lon="10.437885">
				<ele>1965.000000</ele>
			</trkpt>
			<trkpt lat="46.575135" lon="10.437866">
				<ele>1961.000000</ele>
			</trkpt>
			<trkpt lat="46.575487" lon="10.437849">
				<ele>1957.000000</ele>
			</trkpt>
			<trkpt lat="46.575753" lon="10.437812">
				<ele>1954.000000</ele>
			</trkpt>
			<trkpt lat="46.575815" lon="10.437812">
				<ele>1953.000000</ele>
			</trkpt>
			<trkpt lat="46.575864" lon="10.437822">
				<ele>1953.000000</ele>
			</trkpt>
			<trkpt lat="46.575895" lon="10.437839">
				<ele>1952.000000</ele>
			</trkpt>
			<trkpt lat="46.575926" lon="10.437858">
				<ele>1952.000000</ele>
			</trkpt>
			<trkpt lat="46.576000" lon="10.437912">
				<ele>1951.000000</ele>
			</trkpt>
			<trkpt lat="46.576105" lon="10.438011">
				<ele>1950.000000</ele>
			</trkpt>
			<trkpt lat="46.576173" lon="10.438064">
				<ele>1949.000000</ele>
			</trkpt>
			<trkpt lat="46.576253" lon="10.438101">
				<ele>1948.000000</ele>
			</trkpt>
			<trkpt lat="46.576303" lon="10.438109">
				<ele>1947.000000</ele>
			</trkpt>
			<trkpt lat="46.576568" lon="10.438154">
				<ele>1945.000000</ele>
			</trkpt>
			<trkpt lat="46.576747" lon="10.438181">
				<ele>1943.000000</ele>
			</trkpt>
			<trkpt lat="46.576871" lon="10.438225">
				<ele>1941.000000</ele>
			</trkpt>
			<trkpt lat="46.577136" lon="10.438351">
				<ele>1938.000000</ele>
			</trkpt>
			<trkpt lat="46.577309" lon="10.438424">
				<ele>1936.000000</ele>
			</trkpt>
			<trkpt lat="46.577439" lon="10.438468">
				<ele>1935.000000</ele>
			</trkpt>
			<trkpt lat="46.577512" lon="10.438487">
				<ele>1934.000000</ele>
			</trkpt>
			<trkpt lat="46.577606" lon="10.438495">
				<ele>1933.000000</ele>
			</trkpt>
			<trkpt lat="46.577685" lon="10.438487">
				<ele>1932.000000</ele>
			</trkpt>
			<trkpt lat="46.577754" lon="10.438451">
				<ele>1931.000000</ele>
			</trkpt>
			<trkpt lat="46.577933" lon="10.438342">
				<ele>1929.000000</ele>
			</trkpt>
			<trkpt lat="46.577976" lon="10.438315">
				<ele>1929.000000</ele>
			</trkpt>
			<trkpt lat="46.578025" lon="10.438307">
				<ele>1928.000000</ele>
			</trkpt>
			<trkpt lat="46.578056" lon="10.438307">
				<ele>1928.000000</ele>
			</trkpt>
			<trkpt lat="46.578074" lon="10.438334">
				<ele>1928.000000</ele>
			</trkpt>
			<trkpt lat="46.578087" lon="10.438361">
				<ele>1928.000000</ele>
			</trkpt>
			<trkpt lat="46.578087" lon="10.438397">
				<ele>1928.000000</ele>
			</trkpt>
			<trkpt lat="46.578081" lon="10.438432">
				<ele>1927.000000</ele>
			</trkpt>
			<trkpt lat="46.578062" lon="10.438451">
				<ele>1927.000000</ele>
			</trkpt>
			<trkpt lat="46.578043" lon="10.438478">
				<ele>1927.000000</ele>
			</trkpt>
			<trkpt lat="46.578007" lon="10.438504">
				<ele>1927.000000</ele>
			</trkpt>
			<trkpt lat="46.577964" lon="10.438541">
				<ele>1926.000000</ele>
			</trkpt>
			<trkpt lat="46.577852" lon="10.438612">
				<ele>1925.000000</ele>
			</trkpt>
			<trkpt lat="46.577735" lon="10.438684">
				<ele>1924.000000</ele>
			</trkpt>
			<trkpt lat="46.577673" lon="10.438711">
				<ele>1924.000000</ele>
			</trkpt>
			<trkpt lat="46.577636" lon="10.438738">
				<ele>1924.000000</ele>
			</trkpt>
			<trkpt lat="46.577587" lon="10.438747">
				<ele>1923.000000</ele>
			</trkpt>
			<trkpt lat="46.577544" lon="10.438765">
				<ele>1923.000000</ele>
			</trkpt>
			<trkpt lat="46.577488" lon="10.438774">
				<ele>1922.000000</ele>
			</trkpt>
			<trkpt lat="46.577333" lon="10.438810">
				<ele>1921.000000</ele>
			</trkpt>
			<trkpt lat="46.577278" lon="10.438820">
				<ele>1921.000000</ele>
			</trkpt>
			<trkpt lat="46.577216" lon="10.438820">
				<ele>1920.000000</ele>
			</trkpt>
			<trkpt lat="46.577136" lon="10.438820">
				<ele>1920.000000</ele>
			</trkpt>
			<trkpt lat="46.577075" lon="10.438791">
				<ele>1919.000000</ele>
			</trkpt>
			<trkpt lat="46.577000" lon="10.438774">
				<ele>1919.000000</ele>
			</trkpt>
			<trkpt lat="46.576932" lon="10.438765">
				<ele>1918.000000</ele>
			</trkpt>
			<trkpt lat="46.576846" lon="10.438765">
				<ele>1917.000000</ele>
			</trkpt>
			<trkpt lat="46.576771" lon="10.438783">
				<ele>1917.000000</ele>
			</trkpt>
			<trkpt lat="46.576710" lon="10.438810">
				<ele>1916.000000</ele>
			</trkpt>
			<trkpt lat="46.576592" lon="10.438854">
				<ele>1915.000000</ele>
			</trkpt>
			<trkpt lat="46.576438" lon="10.438900">
				<ele>1914.000000</ele>
			</trkpt>
			<trkpt lat="46.576370" lon="10.438917">
				<ele>1914.000000</ele>
			</trkpt>
			<trkpt lat="46.576315" lon="10.438917">
				<ele>1913.000000</ele>
			</trkpt>
			<trkpt lat="46.576278" lon="10.438917">
				<ele>1913.000000</ele>
			</trkpt>
			<trkpt lat="46.576228" lon="10.438917">
				<ele>1912.000000</ele>
			</trkpt>
			<trkpt lat="46.576191" lon="10.438908">
				<ele>1912.000000</ele>
			</trkpt>
			<trkpt lat="46.576155" lon="10.438900">
				<ele>1912.000000</ele>
			</trkpt>
			<trkpt lat="46.576136" lon="10.438908">
				<ele>1912.000000</ele>
			</trkpt>
			<trkpt lat="46.576117" lon="10.438917">
				<ele>1911.000000</ele>
			</trkpt>
			<trkpt lat="46.576105" lon="10.438954">
				<ele>1911.000000</ele>
			</trkpt>
			<trkpt lat="46.576099" lon="10.438980">
				<ele>1911.000000</ele>
			</trkpt>
			<trkpt lat="46.576099" lon="10.439017">
				<ele>1911.000000</ele>
			</trkpt>
			<trkpt lat="46.576117" lon="10.439053">
				<ele>1911.000000</ele>
			</trkpt>
			<trkpt lat="46.576142" lon="10.439070">
				<ele>1910.000000</ele>
			</trkpt>
			<trkpt lat="46.576179" lon="10.439080">
				<ele>1910.000000</ele>
			</trkpt>
			<trkpt lat="46.576451" lon="10.439124">
				<ele>1908.000000</ele>
			</trkpt>
			<trkpt lat="46.576747" lon="10.439178">
				<ele>1905.000000</ele>
			</trkpt>
			<trkpt lat="46.576883" lon="10.439214">
				<ele>1904.000000</ele>
			</trkpt>
			<trkpt lat="46.576938" lon="10.439241">
				<ele>1904.000000</ele>
			</trkpt>
			<trkpt lat="46.576982" lon="10.439286">
				<ele>1903.000000</ele>
			</trkpt>
			<trkpt lat="46.577006" lon="10.439322">
				<ele>1903.000000</ele>
			</trkpt>
			<trkpt lat="46.577031" lon="10.439367">
				<ele>1903.000000</ele>
			</trkpt>
			<trkpt lat="46.577056" lon="10.439420">
				<ele>1902.000000</ele>
			</trkpt>
			<trkpt lat="46.577068" lon="10.439474">
				<ele>1902.000000</ele>
			</trkpt>
			<trkpt lat="46.577093" lon="10.439772">
				<ele>1900.000000</ele>
			</trkpt>
			<trkpt lat="46.577105" lon="10.439888">
				<ele>1900.000000</ele>
			</trkpt>
			<trkpt lat="46.577130" lon="10.439959">
				<ele>1899.000000</ele>
			</trkpt>
			<trkpt lat="46.577173" lon="10.440032">
				<ele>1898.000000</ele>
			</trkpt>
			<trkpt lat="46.577223" lon="10.440103">
				<ele>1898.000000</ele>
			</trkpt>
			<trkpt lat="46.577290" lon="10.440158">
				<ele>1897.000000</ele>
			</trkpt>
			<trkpt lat="46.577364" lon="10.440212">
				<ele>1897.000000</ele>
			</trkpt>
			<trkpt lat="46.577476" lon="10.440275">
				<ele>1896.000000</ele>
			</trkpt>
			<trkpt lat="46.577858" lon="10.440436">
				<ele>1892.000000</ele>
			</trkpt>
			<trkpt lat="46.578204" lon="10.440579">
				<ele>1890.000000</ele>
			</trkpt>
			<trkpt lat="46.578322" lon="10.440625">
				<ele>1889.000000</ele>
			</trkpt>
			<trkpt lat="46.578439" lon="10.440661">
				<ele>1889.000000</ele>
			</trkpt>
			<trkpt lat="46.578550" lon="10.440678">
				<ele>1889.000000</ele>
			</trkpt>
			<trkpt lat="46.578655" lon="10.440678">
				<ele>1888.000000</ele>
			</trkpt>
			<trkpt lat="46.578778" lon="10.440651">
				<ele>1888.000000</ele>
			</trkpt>
			<trkpt lat="46.578853" lon="10.440615">
				<ele>1888.000000</ele>
			</trkpt>
			<trkpt lat="46.579013" lon="10.440516">
				<ele>1887.000000</ele>
			</trkpt>
			<trkpt lat="46.579242" lon="10.440346">
				<ele>1886.000000</ele>
			</trkpt>
			<trkpt lat="46.579291" lon="10.440309">
				<ele>1886.000000</ele>
			</trkpt>
			<trkpt lat="46.579346" lon="10.440283">
				<ele>1886.000000</ele>
			</trkpt>
			<trkpt lat="46.579415" lon="10.440275">
				<ele>1886.000000</ele>
			</trkpt>
			<trkpt lat="46.579532" lon="10.440275">
				<ele>1885.000000</ele>
			</trkpt>
			<trkpt lat="46.579556" lon="10.440275">
				<ele>1885.000000</ele>
			</trkpt>
			<trkpt lat="46.579575" lon="10.440265">
				<ele>1885.000000</ele>
			</trkpt>
			<trkpt lat="46.579594" lon="10.440248">
				<ele>1885.000000</ele>
			</trkpt>
			<trkpt lat="46.579606" lon="10.440220">
				<ele>1885.000000</ele>
			</trkpt>
			<trkpt lat="46.579686" lon="10.440049">
				<ele>1884.000000</ele>
			</trkpt>
			<trkpt lat="46.579754" lon="10.439862">
				<ele>1884.000000</ele>
			</trkpt>
			<trkpt lat="46.579939" lon="10.439322">
				<ele>1883.000000</ele>
			</trkpt>
			<trkpt lat="46.579995" lon="10.439196">
				<ele>1882.000000</ele>
			</trkpt>
			<trkpt lat="46.580032" lon="10.439133">
				<ele>1882.000000</ele>
			</trkpt>
			<trkpt lat="46.580069" lon="10.439088">
				<ele>1882.000000</ele>
			</trkpt>
			<trkpt lat="46.580137" lon="10.439026">
				<ele>1882.000000</ele>
			</trkpt>
			<trkpt lat="46.580168" lon="10.438998">
				<ele>1882.000000</ele>
			</trkpt>
			<trkpt lat="46.580205" lon="10.438971">
				<ele>1881.000000</ele>
			</trkpt>
			<trkpt lat="46.580322" lon="10.438908">
				<ele>1881.000000</ele>
			</trkpt>
			<trkpt lat="46.580489" lon="10.438837">
				<ele>1880.000000</ele>
			</trkpt>
			<trkpt lat="46.580803" lon="10.438730">
				<ele>1878.000000</ele>
			</trkpt>
			<trkpt lat="46.580952" lon="10.438684">
				<ele>1877.000000</ele>
			</trkpt>
			<trkpt lat="46.581107" lon="10.438630">
				<ele>1876.000000</ele>
			</trkpt>
			<trkpt lat="46.581205" lon="10.438585">
				<ele>1875.000000</ele>
			</trkpt>
			<trkpt lat="46.581359" lon="10.438504">
				<ele>1873.000000</ele>
			</trkpt>
			<trkpt lat="46.581483" lon="10.438432">
				<ele>1872.000000</ele>
			</trkpt>
			<trkpt lat="46.581638" lon="10.438298">
				<ele>1871.000000</ele>
			</trkpt>
			<trkpt lat="46.581711" lon="10.438225">
				<ele>1870.000000</ele>
			</trkpt>
			<trkpt lat="46.581767" lon="10.438164">
				<ele>1869.000000</ele>
			</trkpt>
			<trkpt lat="46.581940" lon="10.438001">
				<ele>1867.000000</ele>
			</trkpt>
			<trkpt lat="46.582008" lon="10.437938">
				<ele>1867.000000</ele>
			</trkpt>
			<trkpt lat="46.582292" lon="10.437696">
				<ele>1864.000000</ele>
			</trkpt>
			<trkpt lat="46.582378" lon="10.437615">
				<ele>1863.000000</ele>
			</trkpt>
			<trkpt lat="46.582422" lon="10.437570">
				<ele>1863.000000</ele>
			</trkpt>
			<trkpt lat="46.582458" lon="10.437516">
				<ele>1862.000000</ele>
			</trkpt>
			<trkpt lat="46.582637" lon="10.437246">
				<ele>1860.000000</ele>
			</trkpt>
			<trkpt lat="46.582712" lon="10.437166">
				<ele>1859.000000</ele>
			</trkpt>
			<trkpt lat="46.582792" lon="10.437085">
				<ele>1858.000000</ele>
			</trkpt>
			<trkpt lat="46.582853" lon="10.437032">
				<ele>1858.000000</ele>
			</trkpt>
			<trkpt lat="46.582922" lon="10.436986">
				<ele>1857.000000</ele>
			</trkpt>
			<trkpt lat="46.582971" lon="10.436950">
				<ele>1857.000000</ele>
			</trkpt>
			<trkpt lat="46.583020" lon="10.436923">
				<ele>1856.000000</ele>
			</trkpt>
			<trkpt lat="46.583057" lon="10.436906">
				<ele>1856.000000</ele>
			</trkpt>
			<trkpt lat="46.583101" lon="10.436896">
				<ele>1856.000000</ele>
			</trkpt>
			<trkpt lat="46.583181" lon="10.436870">
				<ele>1855.000000</ele>
			</trkpt>
			<trkpt lat="46.583243" lon="10.436860">
				<ele>1854.000000</ele>
			</trkpt>
			<trkpt lat="46.583305" lon="10.436860">
				<ele>1854.000000</ele>
			</trkpt>
			<trkpt lat="46.583422" lon="10.436860">
				<ele>1853.000000</ele>
			</trkpt>
			<trkpt lat="46.583453" lon="10.436860">
				<ele>1853.000000</ele>
			</trkpt>
			<trkpt lat="46.583484" lon="10.436852">
				<ele>1852.000000</ele>
			</trkpt>
			<trkpt lat="46.583527" lon="10.436824">
				<ele>1852.000000</ele>
			</trkpt>
			<trkpt lat="46.583563" lon="10.436797">
				<ele>1852.000000</ele>
			</trkpt>
			<trkpt lat="46.583594" lon="10.436762">
				<ele>1851.000000</ele>
			</trkpt>
			<trkpt lat="46.583638" lon="10.436717">
				<ele>1851.000000</ele>
			</trkpt>
			<trkpt lat="46.583669" lon="10.436654">
				<ele>1851.000000</ele>
			</trkpt>
			<trkpt lat="46.583700" lon="10.436600">
				<ele>1850.000000</ele>
			</trkpt>
			<trkpt lat="46.583780" lon="10.436384">
				<ele>1849.000000</ele>
			</trkpt>
			<trkpt lat="46.584070" lon="10.435738">
				<ele>1844.000000</ele>
			</trkpt>
			<trkpt lat="46.584200" lon="10.435459">
				<ele>1842.000000</ele>
			</trkpt>
			<trkpt lat="46.584237" lon="10.435378">
				<ele>1842.000000</ele>
			</trkpt>
			<trkpt lat="46.584274" lon="10.435306">
				<ele>1841.000000</ele>
			</trkpt>
			<trkpt lat="46.584310" lon="10.435252">
				<ele>1841.000000</ele>
			</trkpt>
			<trkpt lat="46.584354" lon="10.435199">
				<ele>1840.000000</ele>
			</trkpt>
			<trkpt lat="46.584397" lon="10.435145">
				<ele>1840.000000</ele>
			</trkpt>
			<trkpt lat="46.584453" lon="10.435091">
				<ele>1839.000000</ele>
			</trkpt>
			<trkpt lat="46.584533" lon="10.435009">
				<ele>1838.000000</ele>
			</trkpt>
			<trkpt lat="46.584607" lon="10.434948">
				<ele>1838.000000</ele>
			</trkpt>
			<trkpt lat="46.584731" lon="10.434849">
				<ele>1836.000000</ele>
			</trkpt>
			<trkpt lat="46.584755" lon="10.434830">
				<ele>1836.000000</ele>
			</trkpt>
			<trkpt lat="46.584786" lon="10.434812">
				<ele>1836.000000</ele>
			</trkpt>
			<trkpt lat="46.584811" lon="10.434803">
				<ele>1836.000000</ele>
			</trkpt>
			<trkpt lat="46.584848" lon="10.434795">
				<ele>1835.000000</ele>
			</trkpt>
			<trkpt lat="46.584903" lon="10.434785">
				<ele>1835.000000</ele>
			</trkpt>
			<trkpt lat="46.584947" lon="10.434795">
				<ele>1834.000000</ele>
			</trkpt>
			<trkpt lat="46.584984" lon="10.434785">
				<ele>1834.000000</ele>
			</trkpt>
			<trkpt lat="46.585015" lon="10.434776">
				<ele>1834.000000</ele>
			</trkpt>
			<trkpt lat="46.585101" lon="10.434740">
				<ele>1833.000000</ele>
			</trkpt>
			<trkpt lat="46.585194" lon="10.434686">
				<ele>1832.000000</ele>
			</trkpt>
			<trkpt lat="46.585268" lon="10.434633">
				<ele>1831.000000</ele>
			</trkpt>
			<trkpt lat="46.585354" lon="10.434543">
				<ele>1831.000000</ele>
			</trkpt>
			<trkpt lat="46.585601" lon="10.434237">
				<ele>1828.000000</ele>
			</trkpt>
			<trkpt lat="46.585922" lon="10.433870">
				<ele>1825.000000</ele>
			</trkpt>
			<trkpt lat="46.586033" lon="10.433743">
				<ele>1823.000000</ele>
			</trkpt>
			<trkpt lat="46.586101" lon="10.433690">
				<ele>1823.000000</ele>
			</trkpt>
			<trkpt lat="46.586163" lon="10.433654">
				<ele>1822.000000</ele>
			</trkpt>
			<trkpt lat="46.586256" lon="10.433600">
				<ele>1821.000000</ele>
			</trkpt>
			<trkpt lat="46.586354" lon="10.433554">
				<ele>1821.000000</ele>
			</trkpt>
			<trkpt lat="46.586552" lon="10.433456">
				<ele>1819.000000</ele>
			</trkpt>
			<trkpt lat="46.586780" lon="10.433357">
				<ele>1817.000000</ele>
			</trkpt>
			<trkpt lat="46.586891" lon="10.433277">
				<ele>1816.000000</ele>
			</trkpt>
			<trkpt lat="46.587009" lon="10.433151">
				<ele>1814.000000</ele>
			</trkpt>
			<trkpt lat="46.587058" lon="10.433105">
				<ele>1814.000000</ele>
			</trkpt>
			<trkpt lat="46.587107" lon="10.433070">
				<ele>1813.000000</ele>
			</trkpt>
			<trkpt lat="46.587163" lon="10.433042">
				<ele>1813.000000</ele>
			</trkpt>
			<trkpt lat="46.587200" lon="10.433034">
				<ele>1813.000000</ele>
			</trkpt>
			<trkpt lat="46.587237" lon="10.433034">
				<ele>1812.000000</ele>
			</trkpt>
			<trkpt lat="46.587292" lon="10.433025">
				<ele>1812.000000</ele>
			</trkpt>
			<trkpt lat="46.587336" lon="10.433034">
				<ele>1811.000000</ele>
			</trkpt>
			<trkpt lat="46.587447" lon="10.433088">
				<ele>1810.000000</ele>
			</trkpt>
			<trkpt lat="46.587583" lon="10.433141">
				<ele>1809.000000</ele>
			</trkpt>
			<trkpt lat="46.587657" lon="10.433168">
				<ele>1808.000000</ele>
			</trkpt>
			<trkpt lat="46.587731" lon="10.433187">
				<ele>1808.000000</ele>
			</trkpt>
			<trkpt lat="46.587775" lon="10.433187">
				<ele>1807.000000</ele>
			</trkpt>
			<trkpt lat="46.587811" lon="10.433187">
				<ele>1807.000000</ele>
			</trkpt>
			<trkpt lat="46.587867" lon="10.433160">
				<ele>1806.000000</ele>
			</trkpt>
			<trkpt lat="46.587916" lon="10.433132">
				<ele>1806.000000</ele>
			</trkpt>
			<trkpt lat="46.587972" lon="10.433088">
				<ele>1805.000000</ele>
			</trkpt>
			<trkpt lat="46.588015" lon="10.433034">
				<ele>1805.000000</ele>
			</trkpt>
			<trkpt lat="46.588046" lon="10.432971">
				<ele>1804.000000</ele>
			</trkpt>
			<trkpt lat="46.588114" lon="10.432827">
				<ele>1803.000000</ele>
			</trkpt>
			<trkpt lat="46.588145" lon="10.432764">
				<ele>1803.000000</ele>
			</trkpt>
			<trkpt lat="46.588182" lon="10.432701">
				<ele>1802.000000</ele>
			</trkpt>
			<trkpt lat="46.588218" lon="10.432656">
				<ele>1802.000000</ele>
			</trkpt>
			<trkpt lat="46.588256" lon="10.432612">
				<ele>1801.000000</ele>
			</trkpt>
			<trkpt lat="46.588312" lon="10.432566">
				<ele>1801.000000</ele>
			</trkpt>
			<trkpt lat="46.588367" lon="10.432531">
				<ele>1800.000000</ele>
			</trkpt>
			<trkpt lat="46.588460" lon="10.432476">
				<ele>1799.000000</ele>
			</trkpt>
			<trkpt lat="46.588688" lon="10.432369">
				<ele>1797.000000</ele>
			</trkpt>
			<trkpt lat="46.588830" lon="10.432298">
				<ele>1796.000000</ele>
			</trkpt>
			<trkpt lat="46.588929" lon="10.432243">
				<ele>1795.000000</ele>
			</trkpt>
			<trkpt lat="46.589077" lon="10.432172">
				<ele>1793.000000</ele>
			</trkpt>
			<trkpt lat="46.589163" lon="10.432109">
				<ele>1792.000000</ele>
			</trkpt>
			<trkpt lat="46.589342" lon="10.431910">
				<ele>1790.000000</ele>
			</trkpt>
			<trkpt lat="46.589361" lon="10.431883">
				<ele>1790.000000</ele>
			</trkpt>
			<trkpt lat="46.589385" lon="10.431848">
				<ele>1790.000000</ele>
			</trkpt>
			<trkpt lat="46.589423" lon="10.431793">
				<ele>1789.000000</ele>
			</trkpt>
			<trkpt lat="46.589435" lon="10.431759">
				<ele>1789.000000</ele>
			</trkpt>
			<trkpt lat="46.589448" lon="10.431732">
				<ele>1789.000000</ele>
			</trkpt>
			<trkpt lat="46.589448" lon="10.431696">
				<ele>1789.000000</ele>
			</trkpt>
			<trkpt lat="46.589448" lon="10.431659">
				<ele>1789.000000</ele>
			</trkpt>
			<trkpt lat="46.589435" lon="10.431633">
				<ele>1788.000000</ele>
			</trkpt>
			<trkpt lat="46.589423" lon="10.431614">
				<ele>1788.000000</ele>
			</trkpt>
			<trkpt lat="46.589410" lon="10.431606">
				<ele>1788.000000</ele>
			</trkpt>
			<trkpt lat="46.589404" lon="10.431596">
				<ele>1788.000000</ele>
			</trkpt>
			<trkpt lat="46.589392" lon="10.431596">
				<ele>1788.000000</ele>
			</trkpt>
			<trkpt lat="46.589367" lon="10.431606">
				<ele>1788.000000</ele>
			</trkpt>
			<trkpt lat="46.589342" lon="10.431623">
				<ele>1788.000000</ele>
			</trkpt>
			<trkpt lat="46.589299" lon="10.431659">
				<ele>1787.000000</ele>
			</trkpt>
			<trkpt lat="46.589219" lon="10.431749">
				<ele>1786.000000</ele>
			</trkpt>
			<trkpt lat="46.589169" lon="10.431822">
				<ele>1786.000000</ele>
			</trkpt>
			<trkpt lat="46.589132" lon="10.431857">
				<ele>1785.000000</ele>
			</trkpt>
			<trkpt lat="46.589096" lon="10.431902">
				<ele>1785.000000</ele>
			</trkpt>
			<trkpt lat="46.589052" lon="10.431929">
				<ele>1785.000000</ele>
			</trkpt>
			<trkpt lat="46.589009" lon="10.431946">
				<ele>1784.000000</ele>
			</trkpt>
			<trkpt lat="46.588972" lon="10.431956">
				<ele>1784.000000</ele>
			</trkpt>
			<trkpt lat="46.588929" lon="10.431965">
				<ele>1784.000000</ele>
			</trkpt>
			<trkpt lat="46.588861" lon="10.431965">
				<ele>1783.000000</ele>
			</trkpt>
			<trkpt lat="46.588774" lon="10.431973">
				<ele>1782.000000</ele>
			</trkpt>
			<trkpt lat="46.588589" lon="10.431983">
				<ele>1781.000000</ele>
			</trkpt>
			<trkpt lat="46.588558" lon="10.431973">
				<ele>1781.000000</ele>
			</trkpt>
			<trkpt lat="46.588522" lon="10.431965">
				<ele>1780.000000</ele>
			</trkpt>
			<trkpt lat="46.588503" lon="10.431946">
				<ele>1780.000000</ele>
			</trkpt>
			<trkpt lat="46.588491" lon="10.431920">
				<ele>1780.000000</ele>
			</trkpt>
			<trkpt lat="46.588491" lon="10.431893">
				<ele>1780.000000</ele>
			</trkpt>
			<trkpt lat="46.588491" lon="10.431857">
				<ele>1779.000000</ele>
			</trkpt>
			<trkpt lat="46.588503" lon="10.431839">
				<ele>1779.000000</ele>
			</trkpt>
			<trkpt lat="46.588515" lon="10.431812">
				<ele>1779.000000</ele>
			</trkpt>
			<trkpt lat="46.588534" lon="10.431803">
				<ele>1779.000000</ele>
			</trkpt>
			<trkpt lat="46.588552" lon="10.431793">
				<ele>1779.000000</ele>
			</trkpt>
			<trkpt lat="46.588577" lon="10.431793">
				<ele>1779.000000</ele>
			</trkpt>
			<trkpt lat="46.588632" lon="10.431803">
				<ele>1778.000000</ele>
			</trkpt>
			<trkpt lat="46.588694" lon="10.431822">
				<ele>1777.000000</ele>
			</trkpt>
			<trkpt lat="46.588762" lon="10.431822">
				<ele>1777.000000</ele>
			</trkpt>
			<trkpt lat="46.588793" lon="10.431830">
				<ele>1777.000000</ele>
			</trkpt>
			<trkpt lat="46.588824" lon="10.431822">
				<ele>1776.000000</ele>
			</trkpt>
			<trkpt lat="46.588867" lon="10.431822">
				<ele>1776.000000</ele>
			</trkpt>
			<trkpt lat="46.588916" lon="10.431793">
				<ele>1775.000000</ele>
			</trkpt>
			<trkpt lat="46.588935" lon="10.431767">
				<ele>1775.000000</ele>
			</trkpt>
			<trkpt lat="46.588953" lon="10.431749">
				<ele>1775.000000</ele>
			</trkpt>
			<trkpt lat="46.588978" lon="10.431713">
				<ele>1775.000000</ele>
			</trkpt>
			<trkpt lat="46.589003" lon="10.431677">
				<ele>1774.000000</ele>
			</trkpt>
			<trkpt lat="46.589071" lon="10.431524">
				<ele>1773.000000</ele>
			</trkpt>
			<trkpt lat="46.589108" lon="10.431434">
				<ele>1772.000000</ele>
			</trkpt>
			<trkpt lat="46.589151" lon="10.431363">
				<ele>1772.000000</ele>
			</trkpt>
			<trkpt lat="46.589175" lon="10.431327">
				<ele>1772.000000</ele>
			</trkpt>
			<trkpt lat="46.589200" lon="10.431300">
				<ele>1771.000000</ele>
			</trkpt>
			<trkpt lat="46.589231" lon="10.431283">
				<ele>1771.000000</ele>
			</trkpt>
			<trkpt lat="46.589262" lon="10.431264">
				<ele>1771.000000</ele>
			</trkpt>
			<trkpt lat="46.589293" lon="10.431256">
				<ele>1770.000000</ele>
			</trkpt>
			<trkpt lat="46.589342" lon="10.431246">
				<ele>1770.000000</ele>
			</trkpt>
			<trkpt lat="46.589385" lon="10.431246">
				<ele>1769.000000</ele>
			</trkpt>
			<trkpt lat="46.589497" lon="10.431256">
				<ele>1768.000000</ele>
			</trkpt>
			<trkpt lat="46.589608" lon="10.431273">
				<ele>1767.000000</ele>
			</trkpt>
			<trkpt lat="46.589781" lon="10.431291">
				<ele>1765.000000</ele>
			</trkpt>
			<trkpt lat="46.589879" lon="10.431300">
				<ele>1764.000000</ele>
			</trkpt>
			<trkpt lat="46.589978" lon="10.431317">
				<ele>1763.000000</ele>
			</trkpt>
			<trkpt lat="46.590151" lon="10.431363">
				<ele>1761.000000</ele>
			</trkpt>
			<trkpt lat="46.590225" lon="10.431372">
				<ele>1761.000000</ele>
			</trkpt>
			<trkpt lat="46.590367" lon="10.431344">
				<ele>1759.000000</ele>
			</trkpt>
			<trkpt lat="46.590571" lon="10.431291">
				<ele>1758.000000</ele>
			</trkpt>
			<trkpt lat="46.590756" lon="10.431228">
				<ele>1756.000000</ele>
			</trkpt>
			<trkpt lat="46.590787" lon="10.431219">
				<ele>1756.000000</ele>
			</trkpt>
			<trkpt lat="46.590817" lon="10.431201">
				<ele>1755.000000</ele>
			</trkpt>
			<trkpt lat="46.590886" lon="10.431147">
				<ele>1755.000000</ele>
			</trkpt>
			<trkpt lat="46.590948" lon="10.431093">
				<ele>1754.000000</ele>
			</trkpt>
			<trkpt lat="46.590966" lon="10.431067">
				<ele>1754.000000</ele>
			</trkpt>
			<trkpt lat="46.590972" lon="10.431030">
				<ele>1754.000000</ele>
			</trkpt>
			<trkpt lat="46.590960" lon="10.430986">
				<ele>1753.000000</ele>
			</trkpt>
			<trkpt lat="46.590941" lon="10.430967">
				<ele>1753.000000</ele>
			</trkpt>
			<trkpt lat="46.590923" lon="10.430958">
				<ele>1753.000000</ele>
			</trkpt>
			<trkpt lat="46.590898" lon="10.430958">
				<ele>1753.000000</ele>
			</trkpt>
			<trkpt lat="46.590793" lon="10.431048">
				<ele>1752.000000</ele>
			</trkpt>
			<trkpt lat="46.590763" lon="10.431076">
				<ele>1751.000000</ele>
			</trkpt>
			<trkpt lat="46.590725" lon="10.431084">
				<ele>1751.000000</ele>
			</trkpt>
			<trkpt lat="46.590682" lon="10.431093">
				<ele>1751.000000</ele>
			</trkpt>
			<trkpt lat="46.590626" lon="10.431093">
				<ele>1750.000000</ele>
			</trkpt>
			<trkpt lat="46.590571" lon="10.431084">
				<ele>1750.000000</ele>
			</trkpt>
			<trkpt lat="46.590534" lon="10.431084">
				<ele>1749.000000</ele>
			</trkpt>
			<trkpt lat="46.590497" lon="10.431084">
				<ele>1749.000000</ele>
			</trkpt>
			<trkpt lat="46.590447" lon="10.431093">
				<ele>1748.000000</ele>
			</trkpt>
			<trkpt lat="46.590398" lon="10.431111">
				<ele>1748.000000</ele>
			</trkpt>
			<trkpt lat="46.590361" lon="10.431120">
				<ele>1748.000000</ele>
			</trkpt>
			<trkpt lat="46.590305" lon="10.431130">
				<ele>1747.000000</ele>
			</trkpt>
			<trkpt lat="46.590256" lon="10.431138">
				<ele>1747.000000</ele>
			</trkpt>
			<trkpt lat="46.590201" lon="10.431130">
				<ele>1746.000000</ele>
			</trkpt>
			<trkpt lat="46.590120" lon="10.431111">
				<ele>1745.000000</ele>
			</trkpt>
			<trkpt lat="46.590064" lon="10.431103">
				<ele>1745.000000</ele>
			</trkpt>
			<trkpt lat="46.589966" lon="10.431084">
				<ele>1744.000000</ele>
			</trkpt>
			<trkpt lat="46.589861" lon="10.431076">
				<ele>1743.000000</ele>
			</trkpt>
			<trkpt lat="46.589818" lon="10.431076">
				<ele>1743.000000</ele>
			</trkpt>
			<trkpt lat="46.589781" lon="10.431067">
				<ele>1742.000000</ele>
			</trkpt>
			<trkpt lat="46.589762" lon="10.431048">
				<ele>1742.000000</ele>
			</trkpt>
			<trkpt lat="46.589750" lon="10.431021">
				<ele>1742.000000</ele>
			</trkpt>
			<trkpt lat="46.589743" lon="10.430994">
				<ele>1742.000000</ele>
			</trkpt>
			<trkpt lat="46.589743" lon="10.430967">
				<ele>1741.000000</ele>
			</trkpt>
			<trkpt lat="46.589756" lon="10.430931">
				<ele>1741.000000</ele>
			</trkpt>
			<trkpt lat="46.589787" lon="10.430904">
				<ele>1741.000000</ele>
			</trkpt>
			<trkpt lat="46.589812" lon="10.430904">
				<ele>1741.000000</ele>
			</trkpt>
			<trkpt lat="46.589861" lon="10.430923">
				<ele>1740.000000</ele>
			</trkpt>
			<trkpt lat="46.589904" lon="10.430941">
				<ele>1740.000000</ele>
			</trkpt>
			<trkpt lat="46.589972" lon="10.430977">
				<ele>1739.000000</ele>
			</trkpt>
			<trkpt lat="46.590034" lon="10.431004">
				<ele>1738.000000</ele>
			</trkpt>
			<trkpt lat="46.590077" lon="10.431004">
				<ele>1738.000000</ele>
			</trkpt>
			<trkpt lat="46.590120" lon="10.431004">
				<ele>1737.000000</ele>
			</trkpt>
			<trkpt lat="46.590163" lon="10.430994">
				<ele>1737.000000</ele>
			</trkpt>
			<trkpt lat="46.590225" lon="10.430977">
				<ele>1736.000000</ele>
			</trkpt>
			<trkpt lat="46.590287" lon="10.430941">
				<ele>1736.000000</ele>
			</trkpt>
			<trkpt lat="46.590349" lon="10.430887">
				<ele>1735.000000</ele>
			</trkpt>
			<trkpt lat="46.590417" lon="10.430833">
				<ele>1734.000000</ele>
			</trkpt>
			<trkpt lat="46.590459" lon="10.430806">
				<ele>1733.000000</ele>
			</trkpt>
			<trkpt lat="46.590503" lon="10.430788">
				<ele>1733.000000</ele>
			</trkpt>
			<trkpt lat="46.590571" lon="10.430751">
				<ele>1732.000000</ele>
			</trkpt>
			<trkpt lat="46.590688" lon="10.430717">
				<ele>1731.000000</ele>
			</trkpt>
			<trkpt lat="46.590824" lon="10.430671">
				<ele>1729.000000</ele>
			</trkpt>
			<trkpt lat="46.591015" lon="10.430635">
				<ele>1727.000000</ele>
			</trkpt>
			<trkpt lat="46.591127" lon="10.430627">
				<ele>1726.000000</ele>
			</trkpt>
			<trkpt lat="46.591299" lon="10.430591">
				<ele>1724.000000</ele>
			</trkpt>
			<trkpt lat="46.591497" lon="10.430564">
				<ele>1722.000000</ele>
			</trkpt>
			<trkpt lat="46.591620" lon="10.430545">
				<ele>1721.000000</ele>
			</trkpt>
			<trkpt lat="46.591713" lon="10.430537">
				<ele>1720.000000</ele>
			</trkpt>
			<trkpt lat="46.591836" lon="10.430537">
				<ele>1718.000000</ele>
			</trkpt>
			<trkpt lat="46.591898" lon="10.430554">
				<ele>1718.000000</ele>
			</trkpt>
			<trkpt lat="46.591984" lon="10.430591">
				<ele>1717.000000</ele>
			</trkpt>
			<trkpt lat="46.592096" lon="10.430635">
				<ele>1716.000000</ele>
			</trkpt>
			<trkpt lat="46.592163" lon="10.430662">
				<ele>1715.000000</ele>
			</trkpt>
			<trkpt lat="46.592213" lon="10.430698">
				<ele>1714.000000</ele>
			</trkpt>
			<trkpt lat="46.592269" lon="10.430734">
				<ele>1714.000000</ele>
			</trkpt>
			<trkpt lat="46.592448" lon="10.430923">
				<ele>1711.000000</ele>
			</trkpt>
			<trkpt lat="46.592478" lon="10.430950">
				<ele>1711.000000</ele>
			</trkpt>
			<trkpt lat="46.592497" lon="10.430958">
				<ele>1711.000000</ele>
			</trkpt>
			<trkpt lat="46.592527" lon="10.430967">
				<ele>1710.000000</ele>
			</trkpt>
			<trkpt lat="46.592565" lon="10.430967">
				<ele>1710.000000</ele>
			</trkpt>
			<trkpt lat="46.592596" lon="10.430958">
				<ele>1710.000000</ele>
			</trkpt>
			<trkpt lat="46.592614" lon="10.430941">
				<ele>1709.000000</ele>
			</trkpt>
			<trkpt lat="46.592664" lon="10.430896">
				<ele>1709.000000</ele>
			</trkpt>
			<trkpt lat="46.592756" lon="10.430824">
				<ele>1707.000000</ele>
			</trkpt>
			<trkpt lat="46.592806" lon="10.430797">
				<ele>1707.000000</ele>
			</trkpt>
			<trkpt lat="46.592855" lon="10.430797">
				<ele>1706.000000</ele>
			</trkpt>
			<trkpt lat="46.593016" lon="10.430797">
				<ele>1704.000000</ele>
			</trkpt>
			<trkpt lat="46.593120" lon="10.430788">
				<ele>1703.000000</ele>
			</trkpt>
			<trkpt lat="46.593231" lon="10.430788">
				<ele>1701.000000</ele>
			</trkpt>
			<trkpt lat="46.593411" lon="10.430806">
				<ele>1699.000000</ele>
			</trkpt>
			<trkpt lat="46.593478" lon="10.430814">
				<ele>1699.000000</ele>
			</trkpt>
			<trkpt lat="46.593553" lon="10.430841">
				<ele>1698.000000</ele>
			</trkpt>
			<trkpt lat="46.593645" lon="10.430878">
				<ele>1697.000000</ele>
			</trkpt>
			<trkpt lat="46.593682" lon="10.430904">
				<ele>1697.000000</ele>
			</trkpt>
			<trkpt lat="46.593701" lon="10.430914">
				<ele>1697.000000</ele>
			</trkpt>
			<trkpt lat="46.593719" lon="10.430923">
				<ele>1696.000000</ele>
			</trkpt>
			<trkpt lat="46.593750" lon="10.430923">
				<ele>1696.000000</ele>
			</trkpt>
			<trkpt lat="46.593769" lon="10.430904">
				<ele>1696.000000</ele>
			</trkpt>
			<trkpt lat="46.593781" lon="10.430887">
				<ele>1696.000000</ele>
			</trkpt>
			<trkpt lat="46.593787" lon="10.430851">
				<ele>1695.000000</ele>
			</trkpt>
			<trkpt lat="46.593787" lon="10.430824">
				<ele>1695.000000</ele>
			</trkpt>
			<trkpt lat="46.593775" lon="10.430806">
				<ele>1695.000000</ele>
			</trkpt>
			<trkpt lat="46.593756" lon="10.430780">
				<ele>1695.000000</ele>
			</trkpt>
			<trkpt lat="46.593732" lon="10.430770">
				<ele>1695.000000</ele>
			</trkpt>
			<trkpt lat="46.593694" lon="10.430761">
				<ele>1694.000000</ele>
			</trkpt>
			<trkpt lat="46.593639" lon="10.430751">
				<ele>1694.000000</ele>
			</trkpt>
			<trkpt lat="46.593577" lon="10.430743">
				<ele>1693.000000</ele>
			</trkpt>
			<trkpt lat="46.593497" lon="10.430725">
				<ele>1692.000000</ele>
			</trkpt>
			<trkpt lat="46.593343" lon="10.430671">
				<ele>1691.000000</ele>
			</trkpt>
			<trkpt lat="46.593120" lon="10.430581">
				<ele>1689.000000</ele>
			</trkpt>
			<trkpt lat="46.593052" lon="10.430581">
				<ele>1688.000000</ele>
			</trkpt>
			<trkpt lat="46.593003" lon="10.430581">
				<ele>1688.000000</ele>
			</trkpt>
			<trkpt lat="46.592947" lon="10.430581">
				<ele>1688.000000</ele>
			</trkpt>
			<trkpt lat="46.592898" lon="10.430581">
				<ele>1687.000000</ele>
			</trkpt>
			<trkpt lat="46.592861" lon="10.430564">
				<ele>1687.000000</ele>
			</trkpt>
			<trkpt lat="46.592843" lon="10.430527">
				<ele>1687.000000</ele>
			</trkpt>
			<trkpt lat="46.592837" lon="10.430510">
				<ele>1686.000000</ele>
			</trkpt>
			<trkpt lat="46.592837" lon="10.430464">
				<ele>1686.000000</ele>
			</trkpt>
			<trkpt lat="46.592849" lon="10.430428">
				<ele>1686.000000</ele>
			</trkpt>
			<trkpt lat="46.592873" lon="10.430401">
				<ele>1686.000000</ele>
			</trkpt>
			<trkpt lat="46.592904" lon="10.430401">
				<ele>1686.000000</ele>
			</trkpt>
			<trkpt lat="46.592935" lon="10.430401">
				<ele>1685.000000</ele>
			</trkpt>
			<trkpt lat="46.592966" lon="10.430411">
				<ele>1685.000000</ele>
			</trkpt>
			<trkpt lat="46.593034" lon="10.430455">
				<ele>1684.000000</ele>
			</trkpt>
			<trkpt lat="46.593145" lon="10.430482">
				<ele>1683.000000</ele>
			</trkpt>
			<trkpt lat="46.593324" lon="10.430491">
				<ele>1682.000000</ele>
			</trkpt>
			<trkpt lat="46.593447" lon="10.430501">
				<ele>1681.000000</ele>
			</trkpt>
			<trkpt lat="46.593590" lon="10.430491">
				<ele>1680.000000</ele>
			</trkpt>
			<trkpt lat="46.593639" lon="10.430482">
				<ele>1679.000000</ele>
			</trkpt>
			<trkpt lat="46.593676" lon="10.430455">
				<ele>1679.000000</ele>
			</trkpt>
			<trkpt lat="46.593787" lon="10.430365">
				<ele>1678.000000</ele>
			</trkpt>
			<trkpt lat="46.593842" lon="10.430338">
				<ele>1677.000000</ele>
			</trkpt>
			<trkpt lat="46.593892" lon="10.430348">
				<ele>1676.000000</ele>
			</trkpt>
			<trkpt lat="46.593929" lon="10.430357">
				<ele>1676.000000</ele>
			</trkpt>
			<trkpt lat="46.594027" lon="10.430438">
				<ele>1675.000000</ele>
			</trkpt>
			<trkpt lat="46.594071" lon="10.430447">
				<ele>1674.000000</ele>
			</trkpt>
			<trkpt lat="46.594108" lon="10.430438">
				<ele>1674.000000</ele>
			</trkpt>
			<trkpt lat="46.594127" lon="10.430411">
				<ele>1674.000000</ele>
			</trkpt>
			<trkpt lat="46.594127" lon="10.430357">
				<ele>1673.000000</ele>
			</trkpt>
			<trkpt lat="46.594108" lon="10.430312">
				<ele>1673.000000</ele>
			</trkpt>
			<trkpt lat="46.594090" lon="10.430285">
				<ele>1673.000000</ele>
			</trkpt>
			<trkpt lat="46.594034" lon="10.430240">
				<ele>1672.000000</ele>
			</trkpt>
			<trkpt lat="46.593978" lon="10.430204">
				<ele>1672.000000</ele>
			</trkpt>
			<trkpt lat="46.593904" lon="10.430168">
				<ele>1671.000000</ele>
			</trkpt>
			<trkpt lat="46.593848" lon="10.430159">
				<ele>1670.000000</ele>
			</trkpt>
			<trkpt lat="46.593787" lon="10.430159">
				<ele>1670.000000</ele>
			</trkpt>
			<trkpt lat="46.593565" lon="10.430231">
				<ele>1668.000000</ele>
			</trkpt>
			<trkpt lat="46.593528" lon="10.430231">
				<ele>1668.000000</ele>
			</trkpt>
			<trkpt lat="46.593478" lon="10.430222">
				<ele>1667.000000</ele>
			</trkpt>
			<trkpt lat="46.593411" lon="10.430195">
				<ele>1666.000000</ele>
			</trkpt>
			<trkpt lat="46.593133" lon="10.430006">
				<ele>1664.000000</ele>
			</trkpt>
			<trkpt lat="46.592997" lon="10.429935">
				<ele>1663.000000</ele>
			</trkpt>
			<trkpt lat="46.592849" lon="10.429881">
				<ele>1662.000000</ele>
			</trkpt>
			<trkpt lat="46.592824" lon="10.429854">
				<ele>1661.000000</ele>
			</trkpt>
			<trkpt lat="46.592806" lon="10.429818">
				<ele>1661.000000</ele>
			</trkpt>
			<trkpt lat="46.592812" lon="10.429772">
				<ele>1661.000000</ele>
			</trkpt>
			<trkpt lat="46.592824" lon="10.429736">
				<ele>1660.000000</ele>
			</trkpt>
			<trkpt lat="46.592843" lon="10.429709">
				<ele>1660.000000</ele>
			</trkpt>
			<trkpt lat="46.592867" lon="10.429692">
				<ele>1660.000000</ele>
			</trkpt>
			<trkpt lat="46.592916" lon="10.429709">
				<ele>1660.000000</ele>
			</trkpt>
			<trkpt lat="46.592960" lon="10.429736">
				<ele>1659.000000</ele>
			</trkpt>
			<trkpt lat="46.593040" lon="10.429809">
				<ele>1658.000000</ele>
			</trkpt>
			<trkpt lat="46.593133" lon="10.429872">
				<ele>1657.000000</ele>
			</trkpt>
			<trkpt lat="46.593207" lon="10.429899">
				<ele>1656.000000</ele>
			</trkpt>
			<trkpt lat="46.593293" lon="10.429925">
				<ele>1655.000000</ele>
			</trkpt>
			<trkpt lat="46.593380" lon="10.429944">
				<ele>1654.000000</ele>
			</trkpt>
			<trkpt lat="46.593429" lon="10.429935">
				<ele>1654.000000</ele>
			</trkpt>
			<trkpt lat="46.593478" lon="10.429925">
				<ele>1653.000000</ele>
			</trkpt>
			<trkpt lat="46.593534" lon="10.429908">
				<ele>1653.000000</ele>
			</trkpt>
			<trkpt lat="46.593584" lon="10.429881">
				<ele>1652.000000</ele>
			</trkpt>
			<trkpt lat="46.593632" lon="10.429845">
				<ele>1651.000000</ele>
			</trkpt>
			<trkpt lat="46.593694" lon="10.429799">
				<ele>1651.000000</ele>
			</trkpt>
			<trkpt lat="46.593793" lon="10.429692">
				<ele>1649.000000</ele>
			</trkpt>
			<trkpt lat="46.593904" lon="10.429566">
				<ele>1648.000000</ele>
			</trkpt>
			<trkpt lat="46.593960" lon="10.429503">
				<ele>1647.000000</ele>
			</trkpt>
			<trkpt lat="46.594021" lon="10.429440">
				<ele>1646.000000</ele>
			</trkpt>
			<trkpt lat="46.594046" lon="10.429422">
				<ele>1646.000000</ele>
			</trkpt>
			<trkpt lat="46.594077" lon="10.429405">
				<ele>1646.000000</ele>
			</trkpt>
			<trkpt lat="46.594108" lon="10.429386">
				<ele>1645.000000</ele>
			</trkpt>
			<trkpt lat="46.594139" lon="10.429378">
				<ele>1645.000000</ele>
			</trkpt>
			<trkpt lat="46.594176" lon="10.429369">
				<ele>1644.000000</ele>
			</trkpt>
			<trkpt lat="46.594213" lon="10.429369">
				<ele>1644.000000</ele>
			</trkpt>
			<trkpt lat="46.594275" lon="10.429378">
				<ele>1643.000000</ele>
			</trkpt>
			<trkpt lat="46.594324" lon="10.429396">
				<ele>1643.000000</ele>
			</trkpt>
			<trkpt lat="46.594379" lon="10.429405">
				<ele>1642.000000</ele>
			</trkpt>
			<trkpt lat="46.594404" lon="10.429386">
				<ele>1642.000000</ele>
			</trkpt>
			<trkpt lat="46.594410" lon="10.429369">
				<ele>1642.000000</ele>
			</trkpt>
			<trkpt lat="46.594423" lon="10.429342">
				<ele>1642.000000</ele>
			</trkpt>
			<trkpt lat="46.594416" lon="10.429306">
				<ele>1641.000000</ele>
			</trkpt>
			<trkpt lat="46.594404" lon="10.429279">
				<ele>1641.000000</ele>
			</trkpt>
			<trkpt lat="46.594373" lon="10.429252">
				<ele>1641.000000</ele>
			</trkpt>
			<trkpt lat="46.594293" lon="10.429198">
				<ele>1640.000000</ele>
			</trkpt>
			<trkpt lat="46.594244" lon="10.429172">
				<ele>1639.000000</ele>
			</trkpt>
			<trkpt lat="46.594194" lon="10.429135">
				<ele>1639.000000</ele>
			</trkpt>
			<trkpt lat="46.594127" lon="10.429090">
				<ele>1638.000000</ele>
			</trkpt>
			<trkpt lat="46.594096" lon="10.429082">
				<ele>1637.000000</ele>
			</trkpt>
			<trkpt lat="46.594046" lon="10.429072">
				<ele>1637.000000</ele>
			</trkpt>
			<trkpt lat="46.593997" lon="10.429090">
				<ele>1636.000000</ele>
			</trkpt>
			<trkpt lat="46.593960" lon="10.429117">
				<ele>1636.000000</ele>
			</trkpt>
			<trkpt lat="46.593775" lon="10.429270">
				<ele>1634.000000</ele>
			</trkpt>
			<trkpt lat="46.593725" lon="10.429296">
				<ele>1633.000000</ele>
			</trkpt>
			<trkpt lat="46.593694" lon="10.429306">
				<ele>1633.000000</ele>
			</trkpt>
			<trkpt lat="46.593663" lon="10.429288">
				<ele>1632.000000</ele>
			</trkpt>
			<trkpt lat="46.593639" lon="10.429270">
				<ele>1632.000000</ele>
			</trkpt>
			<trkpt lat="46.593620" lon="10.429233">
				<ele>1632.000000</ele>
			</trkpt>
			<trkpt lat="46.593614" lon="10.429206">
				<ele>1632.000000</ele>
			</trkpt>
			<trkpt lat="46.593608" lon="10.429153">
				<ele>1631.000000</ele>
			</trkpt>
			<trkpt lat="46.593614" lon="10.429109">
				<ele>1631.000000</ele>
			</trkpt>
			<trkpt lat="46.593626" lon="10.429072">
				<ele>1631.000000</ele>
			</trkpt>
			<trkpt lat="46.593645" lon="10.429036">
				<ele>1630.000000</ele>
			</trkpt>
			<trkpt lat="46.593676" lon="10.429019">
				<ele>1630.000000</ele>
			</trkpt>
			<trkpt lat="46.593787" lon="10.428956">
				<ele>1629.000000</ele>
			</trkpt>
			<trkpt lat="46.593867" lon="10.428902">
				<ele>1627.000000</ele>
			</trkpt>
			<trkpt lat="46.593911" lon="10.428856">
				<ele>1627.000000</ele>
			</trkpt>
			<trkpt lat="46.593942" lon="10.428820">
				<ele>1626.000000</ele>
			</trkpt>
			<trkpt lat="46.593960" lon="10.428776">
				<ele>1626.000000</ele>
			</trkpt>
			<trkpt lat="46.593978" lon="10.428722">
				<ele>1625.000000</ele>
			</trkpt>
			<trkpt lat="46.594009" lon="10.428623">
				<ele>1624.000000</ele>
			</trkpt>
			<trkpt lat="46.594083" lon="10.428336">
				<ele>1622.000000</ele>
			</trkpt>
			<trkpt lat="46.594114" lon="10.428291">
				<ele>1621.000000</ele>
			</trkpt>
			<trkpt lat="46.594139" lon="10.428246">
				<ele>1621.000000</ele>
			</trkpt>
			<trkpt lat="46.594188" lon="10.428218">
				<ele>1620.000000</ele>
			</trkpt>
			<trkpt lat="46.594244" lon="10.428218">
				<ele>1620.000000</ele>
			</trkpt>
			<trkpt lat="46.594287" lon="10.428237">
				<ele>1619.000000</ele>
			</trkpt>
			<trkpt lat="46.594312" lon="10.428264">
				<ele>1619.000000</ele>
			</trkpt>
			<trkpt lat="46.594379" lon="10.428344">
				<ele>1618.000000</ele>
			</trkpt>
			<trkpt lat="46.594595" lon="10.428686">
				<ele>1614.000000</ele>
			</trkpt>
			<trkpt lat="46.594701" lon="10.428866">
				<ele>1612.000000</ele>
			</trkpt>
			<trkpt lat="46.594725" lon="10.428929">
				<ele>1612.000000</ele>
			</trkpt>
			<trkpt lat="46.594738" lon="10.428973">
				<ele>1611.000000</ele>
			</trkpt>
			<trkpt lat="46.594793" lon="10.429260">
				<ele>1609.000000</ele>
			</trkpt>
			<trkpt lat="46.594898" lon="10.429638">
				<ele>1606.000000</ele>
			</trkpt>
			<trkpt lat="46.594960" lon="10.429835">
				<ele>1604.000000</ele>
			</trkpt>
			<trkpt lat="46.595009" lon="10.429962">
				<ele>1603.000000</ele>
			</trkpt>
			<trkpt lat="46.595046" lon="10.430015">
				<ele>1602.000000</ele>
			</trkpt>
			<trkpt lat="46.595096" lon="10.430124">
				<ele>1601.000000</ele>
			</trkpt>
			<trkpt lat="46.595132" lon="10.430204">
				<ele>1600.000000</ele>
			</trkpt>
			<trkpt lat="46.595157" lon="10.430312">
				<ele>1599.000000</ele>
			</trkpt>
			<trkpt lat="46.595169" lon="10.430438">
				<ele>1598.000000</ele>
			</trkpt>
			<trkpt lat="46.595176" lon="10.430518">
				<ele>1598.000000</ele>
			</trkpt>
			<trkpt lat="46.595188" lon="10.430572">
				<ele>1597.000000</ele>
			</trkpt>
			<trkpt lat="46.595207" lon="10.430608">
				<ele>1597.000000</ele>
			</trkpt>
			<trkpt lat="46.595232" lon="10.430635">
				<ele>1597.000000</ele>
			</trkpt>
			<trkpt lat="46.595281" lon="10.430671">
				<ele>1596.000000</ele>
			</trkpt>
			<trkpt lat="46.595423" lon="10.430788">
				<ele>1594.000000</ele>
			</trkpt>
			<trkpt lat="46.595448" lon="10.430824">
				<ele>1594.000000</ele>
			</trkpt>
			<trkpt lat="46.595466" lon="10.430860">
				<ele>1593.000000</ele>
			</trkpt>
			<trkpt lat="46.595534" lon="10.431013">
				<ele>1592.000000</ele>
			</trkpt>
			<trkpt lat="46.595602" lon="10.431210">
				<ele>1590.000000</ele>
			</trkpt>
			<trkpt lat="46.595688" lon="10.431399">
				<ele>1589.000000</ele>
			</trkpt>
			<trkpt lat="46.595731" lon="10.431470">
				<ele>1588.000000</ele>
			</trkpt>
			<trkpt lat="46.595787" lon="10.431533">
				<ele>1587.000000</ele>
			</trkpt>
			<trkpt lat="46.595898" lon="10.431650">
				<ele>1586.000000</ele>
			</trkpt>
			<trkpt lat="46.596077" lon="10.431749">
				<ele>1584.000000</ele>
			</trkpt>
			<trkpt lat="46.596139" lon="10.431803">
				<ele>1583.000000</ele>
			</trkpt>
			<trkpt lat="46.596232" lon="10.431938">
				<ele>1582.000000</ele>
			</trkpt>
			<trkpt lat="46.596274" lon="10.431956">
				<ele>1582.000000</ele>
			</trkpt>
			<trkpt lat="46.596305" lon="10.431956">
				<ele>1581.000000</ele>
			</trkpt>
			<trkpt lat="46.596336" lon="10.431938">
				<ele>1581.000000</ele>
			</trkpt>
			<trkpt lat="46.596349" lon="10.431910">
				<ele>1581.000000</ele>
			</trkpt>
			<trkpt lat="46.596349" lon="10.431883">
				<ele>1580.000000</ele>
			</trkpt>
			<trkpt lat="46.596349" lon="10.431830">
				<ele>1580.000000</ele>
			</trkpt>
			<trkpt lat="46.596324" lon="10.431793">
				<ele>1580.000000</ele>
			</trkpt>
			<trkpt lat="46.596293" lon="10.431767">
				<ele>1579.000000</ele>
			</trkpt>
			<trkpt lat="46.596126" lon="10.431596">
				<ele>1577.000000</ele>
			</trkpt>
			<trkpt lat="46.595966" lon="10.431417">
				<ele>1575.000000</ele>
			</trkpt>
			<trkpt lat="46.595923" lon="10.431336">
				<ele>1574.000000</ele>
			</trkpt>
			<trkpt lat="46.595898" lon="10.431273">
				<ele>1574.000000</ele>
			</trkpt>
			<trkpt lat="46.595873" lon="10.431174">
				<ele>1573.000000</ele>
			</trkpt>
			<trkpt lat="46.595861" lon="10.431067">
				<ele>1572.000000</ele>
			</trkpt>
			<trkpt lat="46.595812" lon="10.430751">
				<ele>1570.000000</ele>
			</trkpt>
			<trkpt lat="46.595799" lon="10.430662">
				<ele>1569.000000</ele>
			</trkpt>
			<trkpt lat="46.595787" lon="10.430617">
				<ele>1569.000000</ele>
			</trkpt>
			<trkpt lat="46.595775" lon="10.430581">
				<ele>1569.000000</ele>
			</trkpt>
			<trkpt lat="46.595737" lon="10.430527">
				<ele>1569.000000</ele>
			</trkpt>
			<trkpt lat="46.595658" lon="10.430447">
				<ele>1568.000000</ele>
			</trkpt>
			<trkpt lat="46.595614" lon="10.430392">
				<ele>1567.000000</ele>
			</trkpt>
			<trkpt lat="46.595608" lon="10.430330">
				<ele>1567.000000</ele>
			</trkpt>
			<trkpt lat="46.595608" lon="10.430275">
				<ele>1567.000000</ele>
			</trkpt>
			<trkpt lat="46.595633" lon="10.430231">
				<ele>1566.000000</ele>
			</trkpt>
			<trkpt lat="46.595664" lon="10.430204">
				<ele>1566.000000</ele>
			</trkpt>
			<trkpt lat="46.595700" lon="10.430204">
				<ele>1566.000000</ele>
			</trkpt>
			<trkpt lat="46.595731" lon="10.430214">
				<ele>1565.000000</ele>
			</trkpt>
			<trkpt lat="46.595775" lon="10.430258">
				<ele>1565.000000</ele>
			</trkpt>
			<trkpt lat="46.595806" lon="10.430321">
				<ele>1565.000000</ele>
			</trkpt>
			<trkpt lat="46.595837" lon="10.430420">
				<ele>1564.000000</ele>
			</trkpt>
			<trkpt lat="46.595867" lon="10.430527">
				<ele>1563.000000</ele>
			</trkpt>
			<trkpt lat="46.595916" lon="10.430734">
				<ele>1562.000000</ele>
			</trkpt>
			<trkpt lat="46.595960" lon="10.430878">
				<ele>1561.000000</ele>
			</trkpt>
			<trkpt lat="46.595985" lon="10.430958">
				<ele>1561.000000</ele>
			</trkpt>
			<trkpt lat="46.596016" lon="10.431030">
				<ele>1560.000000</ele>
			</trkpt>
			<trkpt lat="46.596077" lon="10.431130">
				<ele>1559.000000</ele>
			</trkpt>
			<trkpt lat="46.596164" lon="10.431210">
				<ele>1558.000000</ele>
			</trkpt>
			<trkpt lat="46.596374" lon="10.431363">
				<ele>1556.000000</ele>
			</trkpt>
			<trkpt lat="46.596521" lon="10.431480">
				<ele>1555.000000</ele>
			</trkpt>
			<trkpt lat="46.596596" lon="10.431543">
				<ele>1554.000000</ele>
			</trkpt>
			<trkpt lat="46.596645" lon="10.431596">
				<ele>1553.000000</ele>
			</trkpt>
			<trkpt lat="46.596676" lon="10.431677">
				<ele>1553.000000</ele>
			</trkpt>
			<trkpt lat="46.596700" lon="10.431759">
				<ele>1552.000000</ele>
			</trkpt>
			<trkpt lat="46.596719" lon="10.431857">
				<ele>1551.000000</ele>
			</trkpt>
			<trkpt lat="46.596731" lon="10.431965">
				<ele>1551.000000</ele>
			</trkpt>
			<trkpt lat="46.596744" lon="10.432109">
				<ele>1550.000000</ele>
			</trkpt>
			<trkpt lat="46.596750" lon="10.432262">
				<ele>1549.000000</ele>
			</trkpt>
			<trkpt lat="46.596756" lon="10.432315">
				<ele>1549.000000</ele>
			</trkpt>
			<trkpt lat="46.596781" lon="10.432351">
				<ele>1548.000000</ele>
			</trkpt>
			<trkpt lat="46.596806" lon="10.432359">
				<ele>1548.000000</ele>
			</trkpt>
			<trkpt lat="46.596830" lon="10.432342">
				<ele>1548.000000</ele>
			</trkpt>
			<trkpt lat="46.596848" lon="10.432315">
				<ele>1548.000000</ele>
			</trkpt>
			<trkpt lat="46.596848" lon="10.432262">
				<ele>1548.000000</ele>
			</trkpt>
			<trkpt lat="46.596836" lon="10.432208">
				<ele>1547.000000</ele>
			</trkpt>
			<trkpt lat="46.596812" lon="10.432072">
				<ele>1546.000000</ele>
			</trkpt>
			<trkpt lat="46.596799" lon="10.431929">
				<ele>1546.000000</ele>
			</trkpt>
			<trkpt lat="46.596799" lon="10.431759">
				<ele>1545.000000</ele>
			</trkpt>
			<trkpt lat="46.596799" lon="10.431677">
				<ele>1544.000000</ele>
			</trkpt>
			<trkpt lat="46.596799" lon="10.431587">
				<ele>1544.000000</ele>
			</trkpt>
			<trkpt lat="46.596793" lon="10.431480">
				<ele>1543.000000</ele>
			</trkpt>
			<trkpt lat="46.596781" lon="10.431434">
				<ele>1543.000000</ele>
			</trkpt>
			<trkpt lat="46.596769" lon="10.431407">
				<ele>1543.000000</ele>
			</trkpt>
			<trkpt lat="46.596651" lon="10.431256">
				<ele>1542.000000</ele>
			</trkpt>
			<trkpt lat="46.596398" lon="10.430914">
				<ele>1539.000000</ele>
			</trkpt>
			<trkpt lat="46.596311" lon="10.430824">
				<ele>1538.000000</ele>
			</trkpt>
			<trkpt lat="46.596256" lon="10.430751">
				<ele>1537.000000</ele>
			</trkpt>
			<trkpt lat="46.596244" lon="10.430725">
				<ele>1537.000000</ele>
			</trkpt>
			<trkpt lat="46.596238" lon="10.430690">
				<ele>1537.000000</ele>
			</trkpt>
			<trkpt lat="46.596250" lon="10.430662">
				<ele>1537.000000</ele>
			</trkpt>
			<trkpt lat="46.596262" lon="10.430644">
				<ele>1536.000000</ele>
			</trkpt>
			<trkpt lat="46.596274" lon="10.430627">
				<ele>1536.000000</ele>
			</trkpt>
			<trkpt lat="46.596299" lon="10.430635">
				<ele>1536.000000</ele>
			</trkpt>
			<trkpt lat="46.596324" lon="10.430644">
				<ele>1536.000000</ele>
			</trkpt>
			<trkpt lat="46.596343" lon="10.430662">
				<ele>1536.000000</ele>
			</trkpt>
			<trkpt lat="46.596367" lon="10.430698">
				<ele>1535.000000</ele>
			</trkpt>
			<trkpt lat="46.596411" lon="10.430743">
				<ele>1535.000000</ele>
			</trkpt>
			<trkpt lat="46.596460" lon="10.430797">
				<ele>1534.000000</ele>
			</trkpt>
			<trkpt lat="46.596528" lon="10.430868">
				<ele>1534.000000</ele>
			</trkpt>
			<trkpt lat="46.596663" lon="10.430977">
				<ele>1532.000000</ele>
			</trkpt>
			<trkpt lat="46.596824" lon="10.431103">
				<ele>1531.000000</ele>
			</trkpt>
			<trkpt lat="46.596929" lon="10.431183">
				<ele>1529.000000</ele>
			</trkpt>
			<trkpt lat="46.596960" lon="10.431201">
				<ele>1529.000000</ele>
			</trkpt>
			<trkpt lat="46.596985" lon="10.431228">
				<ele>1529.000000</ele>
			</trkpt>
			<trkpt lat="46.597003" lon="10.431256">
				<ele>1528.000000</ele>
			</trkpt>
			<trkpt lat="46.597015" lon="10.431283">
				<ele>1528.000000</ele>
			</trkpt>
			<trkpt lat="46.597027" lon="10.431363">
				<ele>1528.000000</ele>
			</trkpt>
			<trkpt lat="46.597034" lon="10.431453">
				<ele>1527.000000</ele>
			</trkpt>
			<trkpt lat="46.597052" lon="10.431596">
				<ele>1526.000000</ele>
			</trkpt>
			<trkpt lat="46.597065" lon="10.431759">
				<ele>1525.000000</ele>
			</trkpt>
			<trkpt lat="46.597077" lon="10.431830">
				<ele>1524.000000</ele>
			</trkpt>
			<trkpt lat="46.597096" lon="10.431910">
				<ele>1523.000000</ele>
			</trkpt>
			<trkpt lat="46.597133" lon="10.432028">
				<ele>1522.000000</ele>
			</trkpt>
			<trkpt lat="46.597200" lon="10.432189">
				<ele>1521.000000</ele>
			</trkpt>
			<trkpt lat="46.597274" lon="10.432388">
				<ele>1518.000000</ele>
			</trkpt>
			<trkpt lat="46.597299" lon="10.432441">
				<ele>1517.000000</ele>
			</trkpt>
			<trkpt lat="46.597330" lon="10.432495">
				<ele>1516.000000</ele>
			</trkpt>
			<trkpt lat="46.597349" lon="10.432531">
				<ele>1515.000000</ele>
			</trkpt>
			<trkpt lat="46.597373" lon="10.432558">
				<ele>1515.000000</ele>
			</trkpt>
			<trkpt lat="46.597410" lon="10.432585">
				<ele>1513.000000</ele>
			</trkpt>
			<trkpt lat="46.597429" lon="10.432602">
				<ele>1513.000000</ele>
			</trkpt>
			<trkpt lat="46.597472" lon="10.432612">
				<ele>1512.000000</ele>
			</trkpt>
			<trkpt lat="46.597515" lon="10.432621">
				<ele>1511.000000</ele>
			</trkpt>
			<trkpt lat="46.597565" lon="10.432621">
				<ele>1510.000000</ele>
			</trkpt>
			<trkpt lat="46.597719" lon="10.432621">
				<ele>1510.000000</ele>
			</trkpt>
			<trkpt lat="46.597799" lon="10.432621">
				<ele>1510.000000</ele>
			</trkpt>
			<trkpt lat="46.598250" lon="10.432602">
				<ele>1508.000000</ele>
			</trkpt>
			<trkpt lat="46.598318" lon="10.432621">
				<ele>1507.000000</ele>
			</trkpt>
			<trkpt lat="46.598367" lon="10.432629">
				<ele>1507.000000</ele>
			</trkpt>
			<trkpt lat="46.598410" lon="10.432656">
				<ele>1506.000000</ele>
			</trkpt>
			<trkpt lat="46.598441" lon="10.432675">
				<ele>1506.000000</ele>
			</trkpt>
			<trkpt lat="46.598478" lon="10.432711">
				<ele>1506.000000</ele>
			</trkpt>
			<trkpt lat="46.598503" lon="10.432738">
				<ele>1505.000000</ele>
			</trkpt>
			<trkpt lat="46.598521" lon="10.432764">
				<ele>1505.000000</ele>
			</trkpt>
			<trkpt lat="46.598552" lon="10.432809">
				<ele>1505.000000</ele>
			</trkpt>
			<trkpt lat="46.598571" lon="10.432854">
				<ele>1504.000000</ele>
			</trkpt>
			<trkpt lat="46.598620" lon="10.432962">
				<ele>1503.000000</ele>
			</trkpt>
			<trkpt lat="46.598701" lon="10.433124">
				<ele>1502.000000</ele>
			</trkpt>
			<trkpt lat="46.598731" lon="10.433195">
				<ele>1501.000000</ele>
			</trkpt>
			<trkpt lat="46.598762" lon="10.433250">
				<ele>1501.000000</ele>
			</trkpt>
			<trkpt lat="46.598781" lon="10.433267">
				<ele>1500.000000</ele>
			</trkpt>
			<trkpt lat="46.598799" lon="10.433285">
				<ele>1500.000000</ele>
			</trkpt>
			<trkpt lat="46.598830" lon="10.433294">
				<ele>1500.000000</ele>
			</trkpt>
			<trkpt lat="46.598849" lon="10.433285">
				<ele>1500.000000</ele>
			</trkpt>
			<trkpt lat="46.598861" lon="10.433277">
				<ele>1500.000000</ele>
			</trkpt>
			<trkpt lat="46.598880" lon="10.433231">
				<ele>1499.000000</ele>
			</trkpt>
			<trkpt lat="46.598892" lon="10.433195">
				<ele>1499.000000</ele>
			</trkpt>
			<trkpt lat="46.598898" lon="10.433151">
				<ele>1499.000000</ele>
			</trkpt>
			<trkpt lat="46.598892" lon="10.432925">
				<ele>1497.000000</ele>
			</trkpt>
			<trkpt lat="46.598886" lon="10.432612">
				<ele>1495.000000</ele>
			</trkpt>
			<trkpt lat="46.598880" lon="10.432459">
				<ele>1494.000000</ele>
			</trkpt>
			<trkpt lat="46.598867" lon="10.432388">
				<ele>1493.000000</ele>
			</trkpt>
			<trkpt lat="46.598855" lon="10.432325">
				<ele>1493.000000</ele>
			</trkpt>
			<trkpt lat="46.598787" lon="10.432090">
				<ele>1491.000000</ele>
			</trkpt>
			<trkpt lat="46.598528" lon="10.431300">
				<ele>1485.000000</ele>
			</trkpt>
			<trkpt lat="46.598423" lon="10.430994">
				<ele>1482.000000</ele>
			</trkpt>
			<trkpt lat="46.598398" lon="10.430923">
				<ele>1481.000000</ele>
			</trkpt>
			<trkpt lat="46.598361" lon="10.430841">
				<ele>1480.000000</ele>
			</trkpt>
			<trkpt lat="46.598318" lon="10.430751">
				<ele>1480.000000</ele>
			</trkpt>
			<trkpt lat="46.598269" lon="10.430690">
				<ele>1479.000000</ele>
			</trkpt>
			<trkpt lat="46.598237" lon="10.430644">
				<ele>1479.000000</ele>
			</trkpt>
			<trkpt lat="46.598200" lon="10.430608">
				<ele>1478.000000</ele>
			</trkpt>
			<trkpt lat="46.598157" lon="10.430554">
				<ele>1478.000000</ele>
			</trkpt>
			<trkpt lat="46.598139" lon="10.430518">
				<ele>1477.000000</ele>
			</trkpt>
			<trkpt lat="46.598133" lon="10.430474">
				<ele>1477.000000</ele>
			</trkpt>
			<trkpt lat="46.598133" lon="10.430438">
				<ele>1477.000000</ele>
			</trkpt>
			<trkpt lat="46.598139" lon="10.430401">
				<ele>1477.000000</ele>
			</trkpt>
			<trkpt lat="46.598157" lon="10.430384">
				<ele>1476.000000</ele>
			</trkpt>
			<trkpt lat="46.598182" lon="10.430365">
				<ele>1476.000000</ele>
			</trkpt>
			<trkpt lat="46.598206" lon="10.430357">
				<ele>1476.000000</ele>
			</trkpt>
			<trkpt lat="46.598237" lon="10.430365">
				<ele>1476.000000</ele>
			</trkpt>
			<trkpt lat="46.598262" lon="10.430365">
				<ele>1475.000000</ele>
			</trkpt>
			<trkpt lat="46.598281" lon="10.430375">
				<ele>1475.000000</ele>
			</trkpt>
			<trkpt lat="46.598330" lon="10.430392">
				<ele>1475.000000</ele>
			</trkpt>
			<trkpt lat="46.598367" lon="10.430401">
				<ele>1474.000000</ele>
			</trkpt>
			<trkpt lat="46.598491" lon="10.430447">
				<ele>1473.000000</ele>
			</trkpt>
			<trkpt lat="46.598552" lon="10.430455">
				<ele>1473.000000</ele>
			</trkpt>
			<trkpt lat="46.598688" lon="10.430482">
				<ele>1471.000000</ele>
			</trkpt>
			<trkpt lat="46.598978" lon="10.430545">
				<ele>1469.000000</ele>
			</trkpt>
			<trkpt lat="46.599355" lon="10.430635">
				<ele>1465.000000</ele>
			</trkpt>
			<trkpt lat="46.599602" lon="10.430690">
				<ele>1462.000000</ele>
			</trkpt>
			<trkpt lat="46.599750" lon="10.430734">
				<ele>1461.000000</ele>
			</trkpt>
			<trkpt lat="46.599768" lon="10.430734">
				<ele>1461.000000</ele>
			</trkpt>
			<trkpt lat="46.599799" lon="10.430725">
				<ele>1460.000000</ele>
			</trkpt>
			<trkpt lat="46.599830" lon="10.430707">
				<ele>1460.000000</ele>
			</trkpt>
			<trkpt lat="46.599842" lon="10.430690">
				<ele>1460.000000</ele>
			</trkpt>
			<trkpt lat="46.599855" lon="10.430654">
				<ele>1460.000000</ele>
			</trkpt>
			<trkpt lat="46.599855" lon="10.430617">
				<ele>1459.000000</ele>
			</trkpt>
			<trkpt lat="46.599855" lon="10.430581">
				<ele>1459.000000</ele>
			</trkpt>
			<trkpt lat="46.599842" lon="10.430554">
				<ele>1459.000000</ele>
			</trkpt>
			<trkpt lat="46.599830" lon="10.430518">
				<ele>1459.000000</ele>
			</trkpt>
			<trkpt lat="46.599812" lon="10.430491">
				<ele>1458.000000</ele>
			</trkpt>
			<trkpt lat="46.599743" lon="10.430384">
				<ele>1457.000000</ele>
			</trkpt>
			<trkpt lat="46.599657" lon="10.430249">
				<ele>1456.000000</ele>
			</trkpt>
			<trkpt lat="46.599627" lon="10.430185">
				<ele>1455.000000</ele>
			</trkpt>
			<trkpt lat="46.599596" lon="10.430132">
				<ele>1455.000000</ele>
			</trkpt>
			<trkpt lat="46.599577" lon="10.430078">
				<ele>1454.000000</ele>
			</trkpt>
			<trkpt lat="46.599552" lon="10.430025">
				<ele>1454.000000</ele>
			</trkpt>
			<trkpt lat="46.599527" lon="10.429944">
				<ele>1453.000000</ele>
			</trkpt>
			<trkpt lat="46.599490" lon="10.429826">
				<ele>1452.000000</ele>
			</trkpt>
			<trkpt lat="46.599256" lon="10.429019">
				<ele>1446.000000</ele>
			</trkpt>
			<trkpt lat="46.599200" lon="10.428847">
				<ele>1444.000000</ele>
			</trkpt>
			<trkpt lat="46.599182" lon="10.428793">
				<ele>1444.000000</ele>
			</trkpt>
			<trkpt lat="46.599034" lon="10.428497">
				<ele>1441.000000</ele>
			</trkpt>
			<trkpt lat="46.598867" lon="10.428147">
				<ele>1438.000000</ele>
			</trkpt>
			<trkpt lat="46.598812" lon="10.428048">
				<ele>1437.000000</ele>
			</trkpt>
			<trkpt lat="46.598793" lon="10.427994">
				<ele>1437.000000</ele>
			</trkpt>
			<trkpt lat="46.598602" lon="10.427599">
				<ele>1433.000000</ele>
			</trkpt>
			<trkpt lat="46.598485" lon="10.427365">
				<ele>1431.000000</ele>
			</trkpt>
			<trkpt lat="46.598312" lon="10.427025">
				<ele>1428.000000</ele>
			</trkpt>
			<trkpt lat="46.598139" lon="10.426692">
				<ele>1425.000000</ele>
			</trkpt>
			<trkpt lat="46.598021" lon="10.426459">
				<ele>1423.000000</ele>
			</trkpt>
			<trkpt lat="46.598003" lon="10.426404">
				<ele>1423.000000</ele>
			</trkpt>
			<trkpt lat="46.597984" lon="10.426333">
				<ele>1422.000000</ele>
			</trkpt>
			<trkpt lat="46.597978" lon="10.426279">
				<ele>1422.000000</ele>
			</trkpt>
			<trkpt lat="46.597984" lon="10.426224">
				<ele>1422.000000</ele>
			</trkpt>
			<trkpt lat="46.597996" lon="10.426170">
				<ele>1421.000000</ele>
			</trkpt>
			<trkpt lat="46.598021" lon="10.426126">
				<ele>1421.000000</ele>
			</trkpt>
			<trkpt lat="46.598040" lon="10.426099">
				<ele>1420.000000</ele>
			</trkpt>
			<trkpt lat="46.598065" lon="10.426080">
				<ele>1420.000000</ele>
			</trkpt>
			<trkpt lat="46.598090" lon="10.426072">
				<ele>1420.000000</ele>
			</trkpt>
			<trkpt lat="46.598114" lon="10.426063">
				<ele>1420.000000</ele>
			</trkpt>
			<trkpt lat="46.598188" lon="10.426054">
				<ele>1419.000000</ele>
			</trkpt>
			<trkpt lat="46.598300" lon="10.426027">
				<ele>1418.000000</ele>
			</trkpt>
			<trkpt lat="46.598454" lon="10.426000">
				<ele>1416.000000</ele>
			</trkpt>
			<trkpt lat="46.598521" lon="10.425991">
				<ele>1415.000000</ele>
			</trkpt>
			<trkpt lat="46.598966" lon="10.425893">
				<ele>1411.000000</ele>
			</trkpt>
			<trkpt lat="46.599515" lon="10.425776">
				<ele>1405.000000</ele>
			</trkpt>
			<trkpt lat="46.599608" lon="10.425748">
				<ele>1404.000000</ele>
			</trkpt>
			<trkpt lat="46.599842" lon="10.425174">
				<ele>1397.000000</ele>
			</trkpt>
			<trkpt lat="46.599879" lon="10.425057">
				<ele>1395.000000</ele>
			</trkpt>
			<trkpt lat="46.599922" lon="10.424975">
				<ele>1394.000000</ele>
			</trkpt>
			<trkpt lat="46.599960" lon="10.424922">
				<ele>1393.000000</ele>
			</trkpt>
			<trkpt lat="46.600009" lon="10.424877">
				<ele>1392.000000</ele>
			</trkpt>
			<trkpt lat="46.600089" lon="10.424824">
				<ele>1391.000000</ele>
			</trkpt>
			<trkpt lat="46.600367" lon="10.424545">
				<ele>1386.000000</ele>
			</trkpt>
			<trkpt lat="46.600441" lon="10.424499">
				<ele>1385.000000</ele>
			</trkpt>
			<trkpt lat="46.600595" lon="10.424446">
				<ele>1383.000000</ele>
			</trkpt>
			<trkpt lat="46.600675" lon="10.424392">
				<ele>1382.000000</ele>
			</trkpt>
			<trkpt lat="46.600775" lon="10.424302">
				<ele>1380.000000</ele>
			</trkpt>
			<trkpt lat="46.600830" lon="10.424203">
				<ele>1380.000000</ele>
			</trkpt>
			<trkpt lat="46.600867" lon="10.424140">
				<ele>1380.000000</ele>
			</trkpt>
			<trkpt lat="46.600904" lon="10.424105">
				<ele>1380.000000</ele>
			</trkpt>
			<trkpt lat="46.601015" lon="10.424059">
				<ele>1380.000000</ele>
			</trkpt>
			<trkpt lat="46.601108" lon="10.424015">
				<ele>1379.000000</ele>
			</trkpt>
			<trkpt lat="46.601182" lon="10.423969">
				<ele>1379.000000</ele>
			</trkpt>
			<trkpt lat="46.601305" lon="10.423862">
				<ele>1379.000000</ele>
			</trkpt>
			<trkpt lat="46.601367" lon="10.423943">
				<ele>1379.000000</ele>
			</trkpt>
			<trkpt lat="46.601397" lon="10.423988">
				<ele>1379.000000</ele>
			</trkpt>
			<trkpt lat="46.601447" lon="10.424078">
				<ele>1379.000000</ele>
			</trkpt>
			<trkpt lat="46.601509" lon="10.424176">
				<ele>1378.000000</ele>
			</trkpt>
			<trkpt lat="46.601589" lon="10.424293">
				<ele>1378.000000</ele>
			</trkpt>
			<trkpt lat="46.601694" lon="10.424212">
				<ele>1375.000000</ele>
			</trkpt>
			<trkpt lat="46.601836" lon="10.424195">
				<ele>1372.000000</ele>
			</trkpt>
			<trkpt lat="46.601971" lon="10.424149">
				<ele>1370.000000</ele>
			</trkpt>
			<trkpt lat="46.602095" lon="10.424086">
				<ele>1368.000000</ele>
			</trkpt>
			<trkpt lat="46.602225" lon="10.424042">
				<ele>1367.000000</ele>
			</trkpt>
			<trkpt lat="46.602342" lon="10.424006">
				<ele>1366.000000</ele>
			</trkpt>
			<trkpt lat="46.602478" lon="10.423996">
				<ele>1365.000000</ele>
			</trkpt>
			<trkpt lat="46.602570" lon="10.423979">
				<ele>1364.000000</ele>
			</trkpt>
			<trkpt lat="46.602657" lon="10.423952">
				<ele>1363.000000</ele>
			</trkpt>
			<trkpt lat="46.602792" lon="10.423906">
				<ele>1362.000000</ele>
			</trkpt>
			<trkpt lat="46.602928" lon="10.423898">
				<ele>1361.000000</ele>
			</trkpt>
			<trkpt lat="46.603046" lon="10.423862">
				<ele>1360.000000</ele>
			</trkpt>
			<trkpt lat="46.603095" lon="10.423843">
				<ele>1359.000000</ele>
			</trkpt>
			<trkpt lat="46.603144" lon="10.423790">
				<ele>1359.000000</ele>
			</trkpt>
			<trkpt lat="46.603212" lon="10.423709">
				<ele>1358.000000</ele>
			</trkpt>
			<trkpt lat="46.603250" lon="10.423673">
				<ele>1358.000000</ele>
			</trkpt>
			<trkpt lat="46.603305" lon="10.423637">
				<ele>1358.000000</ele>
			</trkpt>
			<trkpt lat="46.603459" lon="10.423593">
				<ele>1356.000000</ele>
			</trkpt>
			<trkpt lat="46.603527" lon="10.423566">
				<ele>1356.000000</ele>
			</trkpt>
			<trkpt lat="46.603811" lon="10.423430">
				<ele>1354.000000</ele>
			</trkpt>
			<trkpt lat="46.603854" lon="10.423422">
				<ele>1353.000000</ele>
			</trkpt>
			<trkpt lat="46.603897" lon="10.423422">
				<ele>1353.000000</ele>
			</trkpt>
			<trkpt lat="46.604015" lon="10.423449">
				<ele>1352.000000</ele>
			</trkpt>
			<trkpt lat="46.604225" lon="10.423484">
				<ele>1351.000000</ele>
			</trkpt>
			<trkpt lat="46.604335" lon="10.423484">
				<ele>1350.000000</ele>
			</trkpt>
			<trkpt lat="46.604385" lon="10.423476">
				<ele>1350.000000</ele>
			</trkpt>
			<trkpt lat="46.604768" lon="10.423413">
				<ele>1348.000000</ele>
			</trkpt>
			<trkpt lat="46.604922" lon="10.423350">
				<ele>1347.000000</ele>
			</trkpt>
			<trkpt lat="46.605014" lon="10.423340">
				<ele>1347.000000</ele>
			</trkpt>
			<trkpt lat="46.605187" lon="10.423332">
				<ele>1346.000000</ele>
			</trkpt>
			<trkpt lat="46.605373" lon="10.423243">
				<ele>1345.000000</ele>
			</trkpt>
			<trkpt lat="46.605582" lon="10.423153">
				<ele>1344.000000</ele>
			</trkpt>
			<trkpt lat="46.605637" lon="10.423143">
				<ele>1344.000000</ele>
			</trkpt>
			<trkpt lat="46.605835" lon="10.423170">
				<ele>1343.000000</ele>
			</trkpt>
			<trkpt lat="46.605989" lon="10.423251">
				<ele>1342.000000</ele>
			</trkpt>
			<trkpt lat="46.606211" lon="10.423610">
				<ele>1340.000000</ele>
			</trkpt>
			<trkpt lat="46.606496" lon="10.424113">
				<ele>1342.000000</ele>
			</trkpt>
			<trkpt lat="46.606594" lon="10.424285">
				<ele>1343.000000</ele>
			</trkpt>
			<trkpt lat="46.606854" lon="10.424661">
				<ele>1346.000000</ele>
			</trkpt>
			<trkpt lat="46.607033" lon="10.424796">
				<ele>1347.000000</ele>
			</trkpt>
			<trkpt lat="46.607187" lon="10.425002">
				<ele>1349.000000</ele>
			</trkpt>
			<trkpt lat="46.607261" lon="10.425101">
				<ele>1349.000000</ele>
			</trkpt>
			<trkpt lat="46.607267" lon="10.425237">
				<ele>1349.000000</ele>
			</trkpt>
			<trkpt lat="46.607341" lon="10.425470">
				<ele>1350.000000</ele>
			</trkpt>
			<trkpt lat="46.607508" lon="10.425838">
				<ele>1351.000000</ele>
			</trkpt>
			<trkpt lat="46.607705" lon="10.426216">
				<ele>1354.000000</ele>
			</trkpt>
			<trkpt lat="46.607878" lon="10.426583">
				<ele>1356.000000</ele>
			</trkpt>
			<trkpt lat="46.608285" lon="10.427239">
				<ele>1360.000000</ele>
			</trkpt>
			<trkpt lat="46.608427" lon="10.427501">
				<ele>1360.000000</ele>
			</trkpt>
			<trkpt lat="46.608871" lon="10.428730">
				<ele>1360.000000</ele>
			</trkpt>
			<trkpt lat="46.608983" lon="10.429027">
				<ele>1360.000000</ele>
			</trkpt>
			<trkpt lat="46.609155" lon="10.429323">
				<ele>1360.000000</ele>
			</trkpt>
			<trkpt lat="46.609989" lon="10.430564">
				<ele>1357.000000</ele>
			</trkpt>
			<trkpt lat="46.610550" lon="10.431210">
				<ele>1354.000000</ele>
			</trkpt>
			<trkpt lat="46.610723" lon="10.431399">
				<ele>1354.000000</ele>
			</trkpt>
			<trkpt lat="46.610970" lon="10.431587">
				<ele>1353.000000</ele>
			</trkpt>
			<trkpt lat="46.611093" lon="10.431686">
				<ele>1352.000000</ele>
			</trkpt>
			<trkpt lat="46.611636" lon="10.432252">
				<ele>1350.000000</ele>
			</trkpt>
			<trkpt lat="46.611760" lon="10.432414">
				<ele>1349.000000</ele>
			</trkpt>
			<trkpt lat="46.611896" lon="10.432656">
				<ele>1346.000000</ele>
			</trkpt>
			<trkpt lat="46.612105" lon="10.432899">
				<ele>1344.000000</ele>
			</trkpt>
			<trkpt lat="46.612216" lon="10.433132">
				<ele>1342.000000</ele>
			</trkpt>
			<trkpt lat="46.612561" lon="10.433528">
				<ele>1338.000000</ele>
			</trkpt>
			<trkpt lat="46.612950" lon="10.433824">
				<ele>1336.000000</ele>
			</trkpt>
			<trkpt lat="46.613203" lon="10.433967">
				<ele>1334.000000</ele>
			</trkpt>
			<trkpt lat="46.614648" lon="10.434498">
				<ele>1328.000000</ele>
			</trkpt>
			<trkpt lat="46.614962" lon="10.434623">
				<ele>1327.000000</ele>
			</trkpt>
			<trkpt lat="46.615320" lon="10.434696">
				<ele>1326.000000</ele>
			</trkpt>
			<trkpt lat="46.615444" lon="10.434722">
				<ele>1326.000000</ele>
			</trkpt>
			<trkpt lat="46.615567" lon="10.434839">
				<ele>1325.000000</ele>
			</trkpt>
			<trkpt lat="46.615678" lon="10.435019">
				<ele>1325.000000</ele>
			</trkpt>
			<trkpt lat="46.615727" lon="10.435235">
				<ele>1324.000000</ele>
			</trkpt>
			<trkpt lat="46.615771" lon="10.435522">
				<ele>1324.000000</ele>
			</trkpt>
			<trkpt lat="46.615869" lon="10.436204">
				<ele>1323.000000</ele>
			</trkpt>
			<trkpt lat="46.615980" lon="10.436879">
				<ele>1321.000000</ele>
			</trkpt>
			<trkpt lat="46.616128" lon="10.437525">
				<ele>1320.000000</ele>
			</trkpt>
			<trkpt lat="46.616276" lon="10.438011">
				<ele>1319.000000</ele>
			</trkpt>
			<trkpt lat="46.616431" lon="10.438405">
				<ele>1319.000000</ele>
			</trkpt>
			<trkpt lat="46.616758" lon="10.439034">
				<ele>1317.000000</ele>
			</trkpt>
			<trkpt lat="46.617097" lon="10.439483">
				<ele>1316.000000</ele>
			</trkpt>
			<trkpt lat="46.617504" lon="10.439906">
				<ele>1315.000000</ele>
			</trkpt>
			<trkpt lat="46.617918" lon="10.440373">
				<ele>1314.000000</ele>
			</trkpt>
			<trkpt lat="46.618251" lon="10.440715">
				<ele>1313.000000</ele>
			</trkpt>
			<trkpt lat="46.618448" lon="10.441020">
				<ele>1313.000000</ele>
			</trkpt>
			<trkpt lat="46.618609" lon="10.441280">
				<ele>1312.000000</ele>
			</trkpt>
			<trkpt lat="46.619213" lon="10.442035">
				<ele>1310.000000</ele>
			</trkpt>
			<trkpt lat="46.619337" lon="10.442206">
				<ele>1310.000000</ele>
			</trkpt>
			<trkpt lat="46.619473" lon="10.442403">
				<ele>1309.000000</ele>
			</trkpt>
			<trkpt lat="46.619584" lon="10.442663">
				<ele>1307.000000</ele>
			</trkpt>
			<trkpt lat="46.619689" lon="10.442789">
				<ele>1306.000000</ele>
			</trkpt>
			<trkpt lat="46.619793" lon="10.442906">
				<ele>1305.000000</ele>
			</trkpt>
			<trkpt lat="46.619874" lon="10.443015">
				<ele>1304.000000</ele>
			</trkpt>
			<trkpt lat="46.620546" lon="10.443634">
				<ele>1297.000000</ele>
			</trkpt>
			<trkpt lat="46.620614" lon="10.443705">
				<ele>1296.000000</ele>
			</trkpt>
			<trkpt lat="46.620848" lon="10.444002">
				<ele>1293.000000</ele>
			</trkpt>
			<trkpt lat="46.620978" lon="10.444164">
				<ele>1291.000000</ele>
			</trkpt>
			<trkpt lat="46.621157" lon="10.444460">
				<ele>1287.000000</ele>
			</trkpt>
			<trkpt lat="46.621181" lon="10.444424">
				<ele>1287.000000</ele>
			</trkpt>
			<trkpt lat="46.621397" lon="10.444973">
				<ele>1281.000000</ele>
			</trkpt>
			<trkpt lat="46.621472" lon="10.445125">
				<ele>1278.000000</ele>
			</trkpt>
			<trkpt lat="46.621509" lon="10.445260">
				<ele>1275.000000</ele>
			</trkpt>
			<trkpt lat="46.621533" lon="10.445403">
				<ele>1272.000000</ele>
			</trkpt>
			<trkpt lat="46.621842" lon="10.445368">
				<ele>1271.000000</ele>
			</trkpt>
			<trkpt lat="46.621922" lon="10.445349">
				<ele>1271.000000</ele>
			</trkpt>
			<trkpt lat="46.622045" lon="10.445305">
				<ele>1271.000000</ele>
			</trkpt>
			<trkpt lat="46.622120" lon="10.445286">
				<ele>1271.000000</ele>
			</trkpt>
			<trkpt lat="46.622465" lon="10.445286">
				<ele>1270.000000</ele>
			</trkpt>
			<trkpt lat="46.622638" lon="10.445296">
				<ele>1270.000000</ele>
			</trkpt>
			<trkpt lat="46.622712" lon="10.445313">
				<ele>1270.000000</ele>
			</trkpt>
			<trkpt lat="46.622823" lon="10.445349">
				<ele>1270.000000</ele>
			</trkpt>
			<trkpt lat="46.622903" lon="10.445368">
				<ele>1270.000000</ele>
			</trkpt>
			<trkpt lat="46.622891" lon="10.445449">
				<ele>1268.000000</ele>
			</trkpt>
			<trkpt lat="46.622885" lon="10.445565">
				<ele>1267.000000</ele>
			</trkpt>
			<trkpt lat="46.622885" lon="10.445709">
				<ele>1265.000000</ele>
			</trkpt>
			<trkpt lat="46.623107" lon="10.445665">
				<ele>1264.000000</ele>
			</trkpt>
			<trkpt lat="46.623137" lon="10.445665">
				<ele>1263.000000</ele>
			</trkpt>
			<trkpt lat="46.623168" lon="10.445673">
				<ele>1263.000000</ele>
			</trkpt>
			<trkpt lat="46.623193" lon="10.445682">
				<ele>1263.000000</ele>
			</trkpt>
			<trkpt lat="46.623218" lon="10.445709">
				<ele>1263.000000</ele>
			</trkpt>
			<trkpt lat="46.623230" lon="10.445728">
				<ele>1263.000000</ele>
			</trkpt>
			<trkpt lat="46.623249" lon="10.445754">
				<ele>1263.000000</ele>
			</trkpt>
			<trkpt lat="46.623255" lon="10.445781">
				<ele>1262.000000</ele>
			</trkpt>
			<trkpt lat="46.623267" lon="10.445816">
				<ele>1262.000000</ele>
			</trkpt>
			<trkpt lat="46.623316" lon="10.446051">
				<ele>1261.000000</ele>
			</trkpt>
			<trkpt lat="46.623341" lon="10.446122">
				<ele>1261.000000</ele>
			</trkpt>
			<trkpt lat="46.623378" lon="10.446204">
				<ele>1260.000000</ele>
			</trkpt>
			<trkpt lat="46.623421" lon="10.446284">
				<ele>1260.000000</ele>
			</trkpt>
			<trkpt lat="46.623471" lon="10.446355">
				<ele>1259.000000</ele>
			</trkpt>
			<trkpt lat="46.623557" lon="10.446445">
				<ele>1259.000000</ele>
			</trkpt>
			<trkpt lat="46.623828" lon="10.446652">
				<ele>1256.000000</ele>
			</trkpt>
			<trkpt lat="46.624044" lon="10.446814">
				<ele>1254.000000</ele>
			</trkpt>
			<trkpt lat="46.624174" lon="10.446921">
				<ele>1253.000000</ele>
			</trkpt>
			<trkpt lat="46.624273" lon="10.446976">
				<ele>1252.000000</ele>
			</trkpt>
			<trkpt lat="46.624346" lon="10.447020">
				<ele>1252.000000</ele>
			</trkpt>
			<trkpt lat="46.624427" lon="10.447047">
				<ele>1251.000000</ele>
			</trkpt>
			<trkpt lat="46.624519" lon="10.447074">
				<ele>1250.000000</ele>
			</trkpt>
			<trkpt lat="46.624624" lon="10.447101">
				<ele>1250.000000</ele>
			</trkpt>
			<trkpt lat="46.624711" lon="10.447110">
				<ele>1250.000000</ele>
			</trkpt>
			<trkpt lat="46.624828" lon="10.447120">
				<ele>1250.000000</ele>
			</trkpt>
			<trkpt lat="46.625285" lon="10.447146">
				<ele>1250.000000</ele>
			</trkpt>
			<trkpt lat="46.625661" lon="10.447173">
				<ele>1250.000000</ele>
			</trkpt>
			<trkpt lat="46.626025" lon="10.447191">
				<ele>1250.000000</ele>
			</trkpt>
			<trkpt lat="46.626222" lon="10.447209">
				<ele>1249.000000</ele>
			</trkpt>
			<trkpt lat="46.626351" lon="10.447236">
				<ele>1249.000000</ele>
			</trkpt>
			<trkpt lat="46.626469" lon="10.447273">
				<ele>1248.000000</ele>
			</trkpt>
			<trkpt lat="46.626623" lon="10.447344">
				<ele>1247.000000</ele>
			</trkpt>
			<trkpt lat="46.626734" lon="10.447397">
				<ele>1246.000000</ele>
			</trkpt>
			<trkpt lat="46.626882" lon="10.447487">
				<ele>1244.000000</ele>
			</trkpt>
			<trkpt lat="46.627018" lon="10.447586">
				<ele>1243.000000</ele>
			</trkpt>
			<trkpt lat="46.627117" lon="10.447640">
				<ele>1244.000000</ele>
			</trkpt>
			<trkpt lat="46.627215" lon="10.447686">
				<ele>1243.000000</ele>
			</trkpt>
			<trkpt lat="46.627376" lon="10.447749">
				<ele>1242.000000</ele>
			</trkpt>
			<trkpt lat="46.627511" lon="10.447820">
				<ele>1241.000000</ele>
			</trkpt>
			<trkpt lat="46.627660" lon="10.447928">
				<ele>1241.000000</ele>
			</trkpt>
			<trkpt lat="46.627777" lon="10.448036">
				<ele>1240.000000</ele>
			</trkpt>
			<trkpt lat="46.627870" lon="10.448135">
				<ele>1240.000000</ele>
			</trkpt>
			<trkpt lat="46.627925" lon="10.448198">
				<ele>1240.000000</ele>
			</trkpt>
			<trkpt lat="46.628116" lon="10.448412">
				<ele>1240.000000</ele>
			</trkpt>
			<trkpt lat="46.628277" lon="10.448602">
				<ele>1240.000000</ele>
			</trkpt>
			<trkpt lat="46.628541" lon="10.448925">
				<ele>1240.000000</ele>
			</trkpt>
			<trkpt lat="46.628788" lon="10.449185">
				<ele>1240.000000</ele>
			</trkpt>
			<trkpt lat="46.628955" lon="10.449347">
				<ele>1240.000000</ele>
			</trkpt>
			<trkpt lat="46.629023" lon="10.449401">
				<ele>1241.000000</ele>
			</trkpt>
			<trkpt lat="46.629085" lon="10.449437">
				<ele>1241.000000</ele>
			</trkpt>
			<trkpt lat="46.629146" lon="10.449464">
				<ele>1242.000000</ele>
			</trkpt>
			<trkpt lat="46.629251" lon="10.449481">
				<ele>1242.000000</ele>
			</trkpt>
			<trkpt lat="46.629374" lon="10.449500">
				<ele>1243.000000</ele>
			</trkpt>
			<trkpt lat="46.629405" lon="10.449509">
				<ele>1243.000000</ele>
			</trkpt>
			<trkpt lat="46.629443" lon="10.449527">
				<ele>1244.000000</ele>
			</trkpt>
			<trkpt lat="46.629473" lon="10.449544">
				<ele>1243.000000</ele>
			</trkpt>
			<trkpt lat="46.629504" lon="10.449581">
				<ele>1243.000000</ele>
			</trkpt>
			<trkpt lat="46.629535" lon="10.449626">
				<ele>1243.000000</ele>
			</trkpt>
			<trkpt lat="46.629584" lon="10.449724">
				<ele>1243.000000</ele>
			</trkpt>
			<trkpt lat="46.629640" lon="10.449859">
				<ele>1242.000000</ele>
			</trkpt>
			<trkpt lat="46.629757" lon="10.450173">
				<ele>1241.000000</ele>
			</trkpt>
			<trkpt lat="46.629825" lon="10.450344">
				<ele>1241.000000</ele>
			</trkpt>
			<trkpt lat="46.629923" lon="10.450613">
				<ele>1240.000000</ele>
			</trkpt>
			<trkpt lat="46.630029" lon="10.450982">
				<ele>1240.000000</ele>
			</trkpt>
			<trkpt lat="46.630145" lon="10.451422">
				<ele>1241.000000</ele>
			</trkpt>
			<trkpt lat="46.630306" lon="10.452041">
				<ele>1241.000000</ele>
			</trkpt>
			<trkpt lat="46.630318" lon="10.452096">
				<ele>1241.000000</ele>
			</trkpt>
			<trkpt lat="46.630380" lon="10.452276">
				<ele>1241.000000</ele>
			</trkpt>
			<trkpt lat="46.630448" lon="10.452437">
				<ele>1241.000000</ele>
			</trkpt>
			<trkpt lat="46.630646" lon="10.452752">
				<ele>1242.000000</ele>
			</trkpt>
			<trkpt lat="46.630682" lon="10.452743">
				<ele>1242.000000</ele>
			</trkpt>
			<trkpt lat="46.630725" lon="10.452806">
				<ele>1242.000000</ele>
			</trkpt>
			<trkpt lat="46.630769" lon="10.452860">
				<ele>1242.000000</ele>
			</trkpt>
			<trkpt lat="46.630947" lon="10.453173">
				<ele>1242.000000</ele>
			</trkpt>
			<trkpt lat="46.631120" lon="10.453452">
				<ele>1243.000000</ele>
			</trkpt>
			<trkpt lat="46.631207" lon="10.453596">
				<ele>1243.000000</ele>
			</trkpt>
			<trkpt lat="46.631385" lon="10.453902">
				<ele>1243.000000</ele>
			</trkpt>
			<trkpt lat="46.631527" lon="10.454144">
				<ele>1243.000000</ele>
			</trkpt>
			<trkpt lat="46.631725" lon="10.454468">
				<ele>1244.000000</ele>
			</trkpt>
			<trkpt lat="46.631910" lon="10.454755">
				<ele>1244.000000</ele>
			</trkpt>
			<trkpt lat="46.632052" lon="10.454953">
				<ele>1244.000000</ele>
			</trkpt>
			<trkpt lat="46.632175" lon="10.455097">
				<ele>1244.000000</ele>
			</trkpt>
			<trkpt lat="46.632348" lon="10.455303">
				<ele>1245.000000</ele>
			</trkpt>
			<trkpt lat="46.632453" lon="10.455420">
				<ele>1245.000000</ele>
			</trkpt>
			<trkpt lat="46.632644" lon="10.455653">
				<ele>1245.000000</ele>
			</trkpt>
			<trkpt lat="46.632613" lon="10.455699">
				<ele>1244.000000</ele>
			</trkpt>
			<trkpt lat="46.632700" lon="10.455797">
				<ele>1244.000000</ele>
			</trkpt>
			<trkpt lat="46.632989" lon="10.456120">
				<ele>1245.000000</ele>
			</trkpt>
			<trkpt lat="46.633563" lon="10.456758">
				<ele>1250.000000</ele>
			</trkpt>
			<trkpt lat="46.633631" lon="10.456831">
				<ele>1249.000000</ele>
			</trkpt>
			<trkpt lat="46.634427" lon="10.457657">
				<ele>1250.000000</ele>
			</trkpt>
			<trkpt lat="46.634458" lon="10.457693">
				<ele>1250.000000</ele>
			</trkpt>
			<trkpt lat="46.634470" lon="10.457836">
				<ele>1249.000000</ele>
			</trkpt>
			<trkpt lat="46.634711" lon="10.458097">
				<ele>1248.000000</ele>
			</trkpt>
			<trkpt lat="46.634809" lon="10.458060">
				<ele>1249.000000</ele>
			</trkpt>
			<trkpt lat="46.635062" lon="10.458322">
				<ele>1249.000000</ele>
			</trkpt>
			<trkpt lat="46.635173" lon="10.458439">
				<ele>1249.000000</ele>
			</trkpt>
			<trkpt lat="46.635339" lon="10.458618">
				<ele>1249.000000</ele>
			</trkpt>
			<trkpt lat="46.635364" lon="10.458645">
				<ele>1248.000000</ele>
			</trkpt>
			<trkpt lat="46.635382" lon="10.458672">
				<ele>1248.000000</ele>
			</trkpt>
			<trkpt lat="46.635506" lon="10.458806">
				<ele>1248.000000</ele>
			</trkpt>
			<trkpt lat="46.635611" lon="10.458905">
				<ele>1247.000000</ele>
			</trkpt>
			<trkpt lat="46.635673" lon="10.458968">
				<ele>1247.000000</ele>
			</trkpt>
			<trkpt lat="46.635777" lon="10.459068">
				<ele>1246.000000</ele>
			</trkpt>
			<trkpt lat="46.635845" lon="10.459129">
				<ele>1245.000000</ele>
			</trkpt>
			<trkpt lat="46.636036" lon="10.459328">
				<ele>1243.000000</ele>
			</trkpt>
			<trkpt lat="46.636234" lon="10.459534">
				<ele>1242.000000</ele>
			</trkpt>
			<trkpt lat="46.636506" lon="10.459821">
				<ele>1241.000000</ele>
			</trkpt>
			<trkpt lat="46.636943" lon="10.460270">
				<ele>1240.000000</ele>
			</trkpt>
			<trkpt lat="46.637424" lon="10.460765">
				<ele>1240.000000</ele>
			</trkpt>
			<trkpt lat="46.637597" lon="10.460890">
				<ele>1240.000000</ele>
			</trkpt>
			<trkpt lat="46.637770" lon="10.460963">
				<ele>1240.000000</ele>
			</trkpt>
			<trkpt lat="46.638201" lon="10.461089">
				<ele>1240.000000</ele>
			</trkpt>
			<trkpt lat="46.638399" lon="10.461186">
				<ele>1240.000000</ele>
			</trkpt>
			<trkpt lat="46.638522" lon="10.461268">
				<ele>1240.000000</ele>
			</trkpt>
			<trkpt lat="46.638559" lon="10.461295">
				<ele>1240.000000</ele>
			</trkpt>
			<trkpt lat="46.638738" lon="10.461420">
				<ele>1240.000000</ele>
			</trkpt>
			<trkpt lat="46.638967" lon="10.461582">
				<ele>1240.000000</ele>
			</trkpt>
			<trkpt lat="46.639194" lon="10.461744">
				<ele>1240.000000</ele>
			</trkpt>
			<trkpt lat="46.639225" lon="10.461762">
				<ele>1240.000000</ele>
			</trkpt>
			<trkpt lat="46.639392" lon="10.461878">
				<ele>1240.000000</ele>
			</trkpt>
			<trkpt lat="46.639472" lon="10.461932">
				<ele>1240.000000</ele>
			</trkpt>
			<trkpt lat="46.639638" lon="10.462049">
				<ele>1240.000000</ele>
			</trkpt>
			<trkpt lat="46.639799" lon="10.462157">
				<ele>1240.000000</ele>
			</trkpt>
			<trkpt lat="46.640009" lon="10.462283">
				<ele>1240.000000</ele>
			</trkpt>
			<trkpt lat="46.640144" lon="10.462345">
				<ele>1240.000000</ele>
			</trkpt>
			<trkpt lat="46.640391" lon="10.462471">
				<ele>1240.000000</ele>
			</trkpt>
			<trkpt lat="46.640521" lon="10.462517">
				<ele>1240.000000</ele>
			</trkpt>
			<trkpt lat="46.640835" lon="10.462615">
				<ele>1240.000000</ele>
			</trkpt>
			<trkpt lat="46.641045" lon="10.462678">
				<ele>1240.000000</ele>
			</trkpt>
			<trkpt lat="46.641212" lon="10.462723">
				<ele>1240.000000</ele>
			</trkpt>
			<trkpt lat="46.641397" lon="10.462768">
				<ele>1240.000000</ele>
			</trkpt>
			<trkpt lat="46.641489" lon="10.462777">
				<ele>1240.000000</ele>
			</trkpt>
			<trkpt lat="46.641649" lon="10.462777">
				<ele>1240.000000</ele>
			</trkpt>
			<trkpt lat="46.641951" lon="10.462731">
				<ele>1240.000000</ele>
			</trkpt>
			<trkpt lat="46.642198" lon="10.462697">
				<ele>1240.000000</ele>
			</trkpt>
			<trkpt lat="46.642266" lon="10.462687">
				<ele>1240.000000</ele>
			</trkpt>
			<trkpt lat="46.642223" lon="10.462984">
				<ele>1239.000000</ele>
			</trkpt>
			<trkpt lat="46.642143" lon="10.463316">
				<ele>1237.000000</ele>
			</trkpt>
			<trkpt lat="46.642068" lon="10.463684">
				<ele>1234.000000</ele>
			</trkpt>
			<trkpt lat="46.642062" lon="10.463855">
				<ele>1232.000000</ele>
			</trkpt>
			<trkpt lat="46.642087" lon="10.464008">
				<ele>1231.000000</ele>
			</trkpt>
			<trkpt lat="46.642223" lon="10.464547">
				<ele>1227.000000</ele>
			</trkpt>
			<trkpt lat="46.642296" lon="10.464798">
				<ele>1225.000000</ele>
			</trkpt>
			<trkpt lat="46.642365" lon="10.464978">
				<ele>1224.000000</ele>
			</trkpt>
			<trkpt lat="46.642445" lon="10.465148">
				<ele>1223.000000</ele>
			</trkpt>
			<trkpt lat="46.642488" lon="10.465238">
				<ele>1222.000000</ele>
			</trkpt>
			<trkpt lat="46.642587" lon="10.465364">
				<ele>1221.000000</ele>
			</trkpt>
			<trkpt lat="46.642815" lon="10.465481">
				<ele>1219.000000</ele>
			</trkpt>
			<trkpt lat="46.642901" lon="10.465580">
				<ele>1218.000000</ele>
			</trkpt>
			<trkpt lat="46.642969" lon="10.465777">
				<ele>1216.000000</ele>
			</trkpt>
			<trkpt lat="46.643141" lon="10.466289">
				<ele>1213.000000</ele>
			</trkpt>
			<trkpt lat="46.643241" lon="10.466532">
				<ele>1211.000000</ele>
			</trkpt>
			<trkpt lat="46.643407" lon="10.466828">
				<ele>1208.000000</ele>
			</trkpt>
			<trkpt lat="46.643505" lon="10.467008">
				<ele>1207.000000</ele>
			</trkpt>
			<trkpt lat="46.643721" lon="10.467305">
				<ele>1204.000000</ele>
			</trkpt>
			<trkpt lat="46.643919" lon="10.467655">
				<ele>1200.000000</ele>
			</trkpt>
			<trkpt lat="46.644122" lon="10.467970">
				<ele>1197.000000</ele>
			</trkpt>
			<trkpt lat="46.644196" lon="10.468140">
				<ele>1196.000000</ele>
			</trkpt>
			<trkpt lat="46.644301" lon="10.468723">
				<ele>1191.000000</ele>
			</trkpt>
			<trkpt lat="46.644418" lon="10.469146">
				<ele>1187.000000</ele>
			</trkpt>
			<trkpt lat="46.644480" lon="10.469398">
				<ele>1185.000000</ele>
			</trkpt>
			<trkpt lat="46.644560" lon="10.469721">
				<ele>1183.000000</ele>
			</trkpt>
			<trkpt lat="46.644671" lon="10.469964">
				<ele>1181.000000</ele>
			</trkpt>
			<trkpt lat="46.644887" lon="10.470377">
				<ele>1177.000000</ele>
			</trkpt>
			<trkpt lat="46.644967" lon="10.470691">
				<ele>1174.000000</ele>
			</trkpt>
			<trkpt lat="46.645121" lon="10.471230">
				<ele>1170.000000</ele>
			</trkpt>
			<trkpt lat="46.645270" lon="10.471697">
				<ele>1167.000000</ele>
			</trkpt>
			<trkpt lat="46.645627" lon="10.472344">
				<ele>1161.000000</ele>
			</trkpt>
			<trkpt lat="46.645726" lon="10.472605">
				<ele>1159.000000</ele>
			</trkpt>
			<trkpt lat="46.645830" lon="10.472937">
				<ele>1157.000000</ele>
			</trkpt>
			<trkpt lat="46.646164" lon="10.473656">
				<ele>1152.000000</ele>
			</trkpt>
			<trkpt lat="46.646774" lon="10.474473">
				<ele>1146.000000</ele>
			</trkpt>
			<trkpt lat="46.646922" lon="10.474742">
				<ele>1144.000000</ele>
			</trkpt>
			<trkpt lat="46.647076" lon="10.474949">
				<ele>1143.000000</ele>
			</trkpt>
			<trkpt lat="46.647280" lon="10.475326">
				<ele>1141.000000</ele>
			</trkpt>
			<trkpt lat="46.647829" lon="10.476063">
				<ele>1135.000000</ele>
			</trkpt>
			<trkpt lat="46.647946" lon="10.476161">
				<ele>1134.000000</ele>
			</trkpt>
			<trkpt lat="46.648081" lon="10.476224">
				<ele>1133.000000</ele>
			</trkpt>
			<trkpt lat="46.648279" lon="10.476360">
				<ele>1132.000000</ele>
			</trkpt>
			<trkpt lat="46.648630" lon="10.476683">
				<ele>1129.000000</ele>
			</trkpt>
			<trkpt lat="46.649007" lon="10.477186">
				<ele>1125.000000</ele>
			</trkpt>
			<trkpt lat="46.649136" lon="10.477329">
				<ele>1124.000000</ele>
			</trkpt>
			<trkpt lat="46.649401" lon="10.477618">
				<ele>1121.000000</ele>
			</trkpt>
			<trkpt lat="46.649549" lon="10.477716">
				<ele>1120.000000</ele>
			</trkpt>
			<trkpt lat="46.649660" lon="10.477878">
				<ele>1119.000000</ele>
			</trkpt>
			<trkpt lat="46.649740" lon="10.477958">
				<ele>1118.000000</ele>
			</trkpt>
			<trkpt lat="46.649660" lon="10.478327">
				<ele>1116.000000</ele>
			</trkpt>
			<trkpt lat="46.649673" lon="10.478408">
				<ele>1116.000000</ele>
			</trkpt>
			<trkpt lat="46.649703" lon="10.478425">
				<ele>1116.000000</ele>
			</trkpt>
			<trkpt lat="46.649852" lon="10.478534">
				<ele>1114.000000</ele>
			</trkpt>
			<trkpt lat="46.650110" lon="10.478632">
				<ele>1113.000000</ele>
			</trkpt>
			<trkpt lat="46.650326" lon="10.478650">
				<ele>1111.000000</ele>
			</trkpt>
			<trkpt lat="46.650511" lon="10.478704">
				<ele>1110.000000</ele>
			</trkpt>
			<trkpt lat="46.650703" lon="10.478803">
				<ele>1110.000000</ele>
			</trkpt>
			<trkpt lat="46.650826" lon="10.478884">
				<ele>1110.000000</ele>
			</trkpt>
			<trkpt lat="46.650838" lon="10.479019">
				<ele>1108.000000</ele>
			</trkpt>
			<trkpt lat="46.650961" lon="10.479126">
				<ele>1107.000000</ele>
			</trkpt>
			<trkpt lat="46.651066" lon="10.479350">
				<ele>1107.000000</ele>
			</trkpt>
			<trkpt lat="46.651140" lon="10.479440">
				<ele>1107.000000</ele>
			</trkpt>
			<trkpt lat="46.651214" lon="10.479549">
				<ele>1107.000000</ele>
			</trkpt>
			<trkpt lat="46.651467" lon="10.479890">
				<ele>1108.000000</ele>
			</trkpt>
			<trkpt lat="46.651553" lon="10.480115">
				<ele>1109.000000</ele>
			</trkpt>
			<trkpt lat="46.651664" lon="10.480501">
				<ele>1110.000000</ele>
			</trkpt>
			<trkpt lat="46.651837" lon="10.481130">
				<ele>1111.000000</ele>
			</trkpt>
			<trkpt lat="46.651917" lon="10.481740">
				<ele>1112.000000</ele>
			</trkpt>
			<trkpt lat="46.651942" lon="10.482333">
				<ele>1113.000000</ele>
			</trkpt>
			<trkpt lat="46.651991" lon="10.482576">
				<ele>1113.000000</ele>
			</trkpt>
			<trkpt lat="46.652102" lon="10.482908">
				<ele>1114.000000</ele>
			</trkpt>
			<trkpt lat="46.652275" lon="10.483394">
				<ele>1115.000000</ele>
			</trkpt>
			<trkpt lat="46.652337" lon="10.483456">
				<ele>1115.000000</ele>
			</trkpt>
			<trkpt lat="46.652404" lon="10.483456">
				<ele>1115.000000</ele>
			</trkpt>
			<trkpt lat="46.652534" lon="10.483402">
				<ele>1115.000000</ele>
			</trkpt>
			<trkpt lat="46.652608" lon="10.483447">
				<ele>1115.000000</ele>
			</trkpt>
			<trkpt lat="46.652756" lon="10.483671">
				<ele>1116.000000</ele>
			</trkpt>
			<trkpt lat="46.652885" lon="10.483870">
				<ele>1116.000000</ele>
			</trkpt>
			<trkpt lat="46.652935" lon="10.484013">
				<ele>1116.000000</ele>
			</trkpt>
			<trkpt lat="46.652966" lon="10.484193">
				<ele>1117.000000</ele>
			</trkpt>
			<trkpt lat="46.653070" lon="10.485002">
				<ele>1118.000000</ele>
			</trkpt>
			<trkpt lat="46.653144" lon="10.485289">
				<ele>1118.000000</ele>
			</trkpt>
			<trkpt lat="46.653212" lon="10.485478">
				<ele>1119.000000</ele>
			</trkpt>
			<trkpt lat="46.653286" lon="10.485639">
				<ele>1119.000000</ele>
			</trkpt>
			<trkpt lat="46.653329" lon="10.485711">
				<ele>1119.000000</ele>
			</trkpt>
			<trkpt lat="46.653440" lon="10.485629">
				<ele>1120.000000</ele>
			</trkpt>
			<trkpt lat="46.653576" lon="10.485495">
				<ele>1120.000000</ele>
			</trkpt>
			<trkpt lat="46.653730" lon="10.485306">
				<ele>1122.000000</ele>
			</trkpt>
			<trkpt lat="46.653804" lon="10.485243">
				<ele>1123.000000</ele>
			</trkpt>
			<trkpt lat="46.653896" lon="10.485199">
				<ele>1125.000000</ele>
			</trkpt>
			<trkpt lat="46.653989" lon="10.485182">
				<ele>1126.000000</ele>
			</trkpt>
			<trkpt lat="46.654069" lon="10.485190">
				<ele>1127.000000</ele>
			</trkpt>
			<trkpt lat="46.654211" lon="10.485792">
				<ele>1126.000000</ele>
			</trkpt>
			<trkpt lat="46.654729" lon="10.488029">
				<ele>1118.000000</ele>
			</trkpt>
			<trkpt lat="46.654908" lon="10.488801">
				<ele>1115.000000</ele>
			</trkpt>
			<trkpt lat="46.654938" lon="10.489025">
				<ele>1114.000000</ele>
			</trkpt>
			<trkpt lat="46.654975" lon="10.489197">
				<ele>1113.000000</ele>
			</trkpt>
			<trkpt lat="46.655056" lon="10.489466">
				<ele>1112.000000</ele>
			</trkpt>
			<trkpt lat="46.655136" lon="10.489681">
				<ele>1111.000000</ele>
			</trkpt>
			<trkpt lat="46.655432" lon="10.490419">
				<ele>1108.000000</ele>
			</trkpt>
			<trkpt lat="46.655777" lon="10.491254">
				<ele>1104.000000</ele>
			</trkpt>
			<trkpt lat="46.655894" lon="10.491478">
				<ele>1103.000000</ele>
			</trkpt>
			<trkpt lat="46.656036" lon="10.491658">
				<ele>1102.000000</ele>
			</trkpt>
			<trkpt lat="46.656036" lon="10.491658">
				<ele>1102.000000</ele>
			</trkpt>
			<trkpt lat="46.656054" lon="10.491675">
				<ele>1101.000000</ele>
			</trkpt>
			<trkpt lat="46.656314" lon="10.491954">
				<ele>1100.000000</ele>
			</trkpt>
			<trkpt lat="46.656455" lon="10.492143">
				<ele>1099.000000</ele>
			</trkpt>
			<trkpt lat="46.657115" lon="10.493059">
				<ele>1094.000000</ele>
			</trkpt>
			<trkpt lat="46.657787" lon="10.494011">
				<ele>1088.000000</ele>
			</trkpt>
			<trkpt lat="46.658225" lon="10.494640">
				<ele>1084.000000</ele>
			</trkpt>
			<trkpt lat="46.658329" lon="10.494757">
				<ele>1083.000000</ele>
			</trkpt>
			<trkpt lat="46.658508" lon="10.494946">
				<ele>1081.000000</ele>
			</trkpt>
			<trkpt lat="46.659581" lon="10.495835">
				<ele>1071.000000</ele>
			</trkpt>
			<trkpt lat="46.660377" lon="10.496589">
				<ele>1064.000000</ele>
			</trkpt>
			<trkpt lat="46.661197" lon="10.497290">
				<ele>1056.000000</ele>
			</trkpt>
			<trkpt lat="46.663003" lon="10.498782">
				<ele>1041.000000</ele>
			</trkpt>
			<trkpt lat="46.663102" lon="10.498898">
				<ele>1040.000000</ele>
			</trkpt>
			<trkpt lat="46.663139" lon="10.498935">
				<ele>1040.000000</ele>
			</trkpt>
			<trkpt lat="46.663243" lon="10.499105">
				<ele>1039.000000</ele>
			</trkpt>
			<trkpt lat="46.663311" lon="10.499302">
				<ele>1038.000000</ele>
			</trkpt>
			<trkpt lat="46.663409" lon="10.499707">
				<ele>1035.000000</ele>
			</trkpt>
			<trkpt lat="46.663521" lon="10.500003">
				<ele>1034.000000</ele>
			</trkpt>
			<trkpt lat="46.663749" lon="10.500434">
				<ele>1031.000000</ele>
			</trkpt>
			<trkpt lat="46.664310" lon="10.501485">
				<ele>1024.000000</ele>
			</trkpt>
			<trkpt lat="46.664519" lon="10.501872">
				<ele>1021.000000</ele>
			</trkpt>
			<trkpt lat="46.664686" lon="10.502132">
				<ele>1020.000000</ele>
			</trkpt>
			<trkpt lat="46.664957" lon="10.502464">
				<ele>1017.000000</ele>
			</trkpt>
			<trkpt lat="46.665105" lon="10.502653">
				<ele>1016.000000</ele>
			</trkpt>
			<trkpt lat="46.665216" lon="10.502770">
				<ele>1015.000000</ele>
			</trkpt>
			<trkpt lat="46.665315" lon="10.502841">
				<ele>1014.000000</ele>
			</trkpt>
			<trkpt lat="46.665426" lon="10.502914">
				<ele>1013.000000</ele>
			</trkpt>
			<trkpt lat="46.665518" lon="10.502950">
				<ele>1013.000000</ele>
			</trkpt>
			<trkpt lat="46.665654" lon="10.502986">
				<ele>1012.000000</ele>
			</trkpt>
			<trkpt lat="46.665758" lon="10.503013">
				<ele>1011.000000</ele>
			</trkpt>
			<trkpt lat="46.665839" lon="10.503057">
				<ele>1011.000000</ele>
			</trkpt>
			<trkpt lat="46.665882" lon="10.503111">
				<ele>1010.000000</ele>
			</trkpt>
			<trkpt lat="46.665907" lon="10.503193">
				<ele>1010.000000</ele>
			</trkpt>
			<trkpt lat="46.665919" lon="10.503273">
				<ele>1009.000000</ele>
			</trkpt>
			<trkpt lat="46.665907" lon="10.503345">
				<ele>1009.000000</ele>
			</trkpt>
			<trkpt lat="46.665876" lon="10.503435">
				<ele>1008.000000</ele>
			</trkpt>
			<trkpt lat="46.665814" lon="10.503506">
				<ele>1008.000000</ele>
			</trkpt>
			<trkpt lat="46.665752" lon="10.503543">
				<ele>1007.000000</ele>
			</trkpt>
			<trkpt lat="46.665673" lon="10.503579">
				<ele>1006.000000</ele>
			</trkpt>
			<trkpt lat="46.665586" lon="10.503606">
				<ele>1006.000000</ele>
			</trkpt>
			<trkpt lat="46.665469" lon="10.503606">
				<ele>1005.000000</ele>
			</trkpt>
			<trkpt lat="46.665333" lon="10.503579">
				<ele>1004.000000</ele>
			</trkpt>
			<trkpt lat="46.665266" lon="10.503552">
				<ele>1003.000000</ele>
			</trkpt>
			<trkpt lat="46.665160" lon="10.503533">
				<ele>1002.000000</ele>
			</trkpt>
			<trkpt lat="46.665099" lon="10.503552">
				<ele>1002.000000</ele>
			</trkpt>
			<trkpt lat="46.665007" lon="10.503587">
				<ele>1001.000000</ele>
			</trkpt>
			<trkpt lat="46.664932" lon="10.503650">
				<ele>1000.000000</ele>
			</trkpt>
			<trkpt lat="46.664877" lon="10.503713">
				<ele>999.000000</ele>
			</trkpt>
			<trkpt lat="46.664797" lon="10.503848">
				<ele>993.000000</ele>
			</trkpt>
			<trkpt lat="46.664735" lon="10.503992">
				<ele>990.000000</ele>
			</trkpt>
			<trkpt lat="46.664710" lon="10.504162">
				<ele>989.000000</ele>
			</trkpt>
			<trkpt lat="46.664710" lon="10.504298">
				<ele>989.000000</ele>
			</trkpt>
			<trkpt lat="46.664735" lon="10.504441">
				<ele>988.000000</ele>
			</trkpt>
			<trkpt lat="46.664778" lon="10.504594">
				<ele>988.000000</ele>
			</trkpt>
			<trkpt lat="46.664846" lon="10.504701">
				<ele>987.000000</ele>
			</trkpt>
			<trkpt lat="46.665044" lon="10.504935">
				<ele>986.000000</ele>
			</trkpt>
			<trkpt lat="46.665247" lon="10.505141">
				<ele>985.000000</ele>
			</trkpt>
			<trkpt lat="46.665716" lon="10.505617">
				<ele>982.000000</ele>
			</trkpt>
			<trkpt lat="46.666024" lon="10.505932">
				<ele>981.000000</ele>
			</trkpt>
			<trkpt lat="46.666153" lon="10.506093">
				<ele>980.000000</ele>
			</trkpt>
			<trkpt lat="46.666227" lon="10.506202">
				<ele>980.000000</ele>
			</trkpt>
			<trkpt lat="46.666344" lon="10.506390">
				<ele>979.000000</ele>
			</trkpt>
			<trkpt lat="46.666437" lon="10.506569">
				<ele>979.000000</ele>
			</trkpt>
			<trkpt lat="46.666511" lon="10.506759">
				<ele>978.000000</ele>
			</trkpt>
			<trkpt lat="46.666591" lon="10.506992">
				<ele>978.000000</ele>
			</trkpt>
			<trkpt lat="46.666689" lon="10.507315">
				<ele>977.000000</ele>
			</trkpt>
			<trkpt lat="46.666776" lon="10.507648">
				<ele>976.000000</ele>
			</trkpt>
			<trkpt lat="46.666887" lon="10.507980">
				<ele>976.000000</ele>
			</trkpt>
			<trkpt lat="46.667004" lon="10.508259">
				<ele>975.000000</ele>
			</trkpt>
			<trkpt lat="46.667220" lon="10.508707">
				<ele>974.000000</ele>
			</trkpt>
			<trkpt lat="46.667355" lon="10.508977">
				<ele>974.000000</ele>
			</trkpt>
			<trkpt lat="46.667454" lon="10.509183">
				<ele>973.000000</ele>
			</trkpt>
			<trkpt lat="46.667737" lon="10.509831">
				<ele>972.000000</ele>
			</trkpt>
			<trkpt lat="46.667836" lon="10.510011">
				<ele>971.000000</ele>
			</trkpt>
			<trkpt lat="46.667959" lon="10.510198">
				<ele>971.000000</ele>
			</trkpt>
			<trkpt lat="46.668083" lon="10.510414">
				<ele>970.000000</ele>
			</trkpt>
			<trkpt lat="46.668150" lon="10.510585">
				<ele>970.000000</ele>
			</trkpt>
			<trkpt lat="46.668175" lon="10.510711">
				<ele>970.000000</ele>
			</trkpt>
			<trkpt lat="46.668194" lon="10.510944">
				<ele>969.000000</ele>
			</trkpt>
			<trkpt lat="46.668200" lon="10.511026">
				<ele>969.000000</ele>
			</trkpt>
			<trkpt lat="46.668200" lon="10.511573">
				<ele>968.000000</ele>
			</trkpt>
			<trkpt lat="46.668187" lon="10.511699">
				<ele>968.000000</ele>
			</trkpt>
			<trkpt lat="46.668218" lon="10.511798">
				<ele>967.000000</ele>
			</trkpt>
			<trkpt lat="46.668225" lon="10.511825">
				<ele>967.000000</ele>
			</trkpt>
			<trkpt lat="46.668341" lon="10.512328">
				<ele>965.000000</ele>
			</trkpt>
			<trkpt lat="46.668976" lon="10.513909">
				<ele>959.000000</ele>
			</trkpt>
			<trkpt lat="46.669617" lon="10.515634">
				<ele>956.000000</ele>
			</trkpt>
			<trkpt lat="46.669679" lon="10.515787">
				<ele>956.000000</ele>
			</trkpt>
			<trkpt lat="46.669642" lon="10.515858">
				<ele>956.000000</ele>
			</trkpt>
			<trkpt lat="46.670055" lon="10.516649">
				<ele>955.000000</ele>
			</trkpt>
			<trkpt lat="46.670493" lon="10.517431">
				<ele>953.000000</ele>
			</trkpt>
			<trkpt lat="46.670610" lon="10.517691">
				<ele>953.000000</ele>
			</trkpt>
			<trkpt lat="46.670672" lon="10.517898">
				<ele>953.000000</ele>
			</trkpt>
			<trkpt lat="46.670789" lon="10.518175">
				<ele>952.000000</ele>
			</trkpt>
			<trkpt lat="46.670955" lon="10.518804">
				<ele>951.000000</ele>
			</trkpt>
			<trkpt lat="46.671171" lon="10.519506">
				<ele>950.000000</ele>
			</trkpt>
			<trkpt lat="46.671270" lon="10.519676">
				<ele>950.000000</ele>
			</trkpt>
			<trkpt lat="46.671307" lon="10.519730">
				<ele>950.000000</ele>
			</trkpt>
			<trkpt lat="46.671411" lon="10.519901">
				<ele>950.000000</ele>
			</trkpt>
			<trkpt lat="46.671553" lon="10.520152">
				<ele>950.000000</ele>
			</trkpt>
			<trkpt lat="46.671726" lon="10.520439">
				<ele>950.000000</ele>
			</trkpt>
			<trkpt lat="46.671812" lon="10.520557">
				<ele>950.000000</ele>
			</trkpt>
			<trkpt lat="46.671892" lon="10.520647">
				<ele>950.000000</ele>
			</trkpt>
			<trkpt lat="46.671978" lon="10.520772">
				<ele>950.000000</ele>
			</trkpt>
			<trkpt lat="46.672052" lon="10.520915">
				<ele>950.000000</ele>
			</trkpt>
			<trkpt lat="46.672133" lon="10.521123">
				<ele>950.000000</ele>
			</trkpt>
			<trkpt lat="46.672243" lon="10.521330">
				<ele>950.000000</ele>
			</trkpt>
			<trkpt lat="46.672595" lon="10.522057">
				<ele>950.000000</ele>
			</trkpt>
			<trkpt lat="46.672681" lon="10.522209">
				<ele>950.000000</ele>
			</trkpt>
			<trkpt lat="46.672755" lon="10.522317">
				<ele>950.000000</ele>
			</trkpt>
			<trkpt lat="46.672817" lon="10.522435">
				<ele>950.000000</ele>
			</trkpt>
			<trkpt lat="46.672860" lon="10.522559">
				<ele>950.000000</ele>
			</trkpt>
			<trkpt lat="46.672897" lon="10.522695">
				<ele>950.000000</ele>
			</trkpt>
			<trkpt lat="46.672934" lon="10.522883">
				<ele>950.000000</ele>
			</trkpt>
			<trkpt lat="46.672990" lon="10.523251">
				<ele>950.000000</ele>
			</trkpt>
			<trkpt lat="46.673027" lon="10.523504">
				<ele>950.000000</ele>
			</trkpt>
			<trkpt lat="46.673033" lon="10.523647">
				<ele>950.000000</ele>
			</trkpt>
			<trkpt lat="46.673075" lon="10.523827">
				<ele>950.000000</ele>
			</trkpt>
			<trkpt lat="46.673125" lon="10.524043">
				<ele>950.000000</ele>
			</trkpt>
			<trkpt lat="46.673236" lon="10.524393">
				<ele>950.000000</ele>
			</trkpt>
			<trkpt lat="46.673322" lon="10.524509">
				<ele>950.000000</ele>
			</trkpt>
			<trkpt lat="46.673396" lon="10.524590">
				<ele>950.000000</ele>
			</trkpt>
			<trkpt lat="46.673489" lon="10.524644">
				<ele>950.000000</ele>
			</trkpt>
			<trkpt lat="46.673593" lon="10.524626">
				<ele>950.000000</ele>
			</trkpt>
			<trkpt lat="46.673753" lon="10.524590">
				<ele>950.000000</ele>
			</trkpt>
			<trkpt lat="46.673821" lon="10.524590">
				<ele>950.000000</ele>
			</trkpt>
			<trkpt lat="46.673890" lon="10.524626">
				<ele>950.000000</ele>
			</trkpt>
			<trkpt lat="46.673969" lon="10.524707">
				<ele>950.000000</ele>
			</trkpt>
			<trkpt lat="46.674148" lon="10.524886">
				<ele>950.000000</ele>
			</trkpt>
			<trkpt lat="46.674278" lon="10.525057">
				<ele>950.000000</ele>
			</trkpt>
			<trkpt lat="46.674388" lon="10.525228">
				<ele>950.000000</ele>
			</trkpt>
			<trkpt lat="46.674487" lon="10.525435">
				<ele>950.000000</ele>
			</trkpt>
			<trkpt lat="46.674598" lon="10.525641">
				<ele>950.000000</ele>
			</trkpt>
			<trkpt lat="46.674703" lon="10.525812">
				<ele>950.000000</ele>
			</trkpt>
			<trkpt lat="46.674777" lon="10.525884">
				<ele>950.000000</ele>
			</trkpt>
			<trkpt lat="46.674857" lon="10.525947">
				<ele>950.000000</ele>
			</trkpt>
			<trkpt lat="46.674900" lon="10.526001">
				<ele>950.000000</ele>
			</trkpt>
			<trkpt lat="46.674931" lon="10.526091">
				<ele>951.000000</ele>
			</trkpt>
			<trkpt lat="46.674968" lon="10.526225">
				<ele>951.000000</ele>
			</trkpt>
			<trkpt lat="46.675005" lon="10.526450">
				<ele>951.000000</ele>
			</trkpt>
			<trkpt lat="46.675048" lon="10.526665">
				<ele>952.000000</ele>
			</trkpt>
			<trkpt lat="46.675091" lon="10.526809">
				<ele>952.000000</ele>
			</trkpt>
			<trkpt lat="46.675159" lon="10.526854">
				<ele>952.000000</ele>
			</trkpt>
			<trkpt lat="46.675215" lon="10.527043">
				<ele>953.000000</ele>
			</trkpt>
			<trkpt lat="46.675356" lon="10.527159">
				<ele>954.000000</ele>
			</trkpt>
			<trkpt lat="46.675449" lon="10.527249">
				<ele>955.000000</ele>
			</trkpt>
			<trkpt lat="46.675547" lon="10.527347">
				<ele>957.000000</ele>
			</trkpt>
			<trkpt lat="46.675628" lon="10.527446">
				<ele>958.000000</ele>
			</trkpt>
			<trkpt lat="46.675732" lon="10.527599">
				<ele>959.000000</ele>
			</trkpt>
			<trkpt lat="46.675800" lon="10.527707">
				<ele>960.000000</ele>
			</trkpt>
			<trkpt lat="46.675843" lon="10.527842">
				<ele>961.000000</ele>
			</trkpt>
			<trkpt lat="46.675874" lon="10.527976">
				<ele>962.000000</ele>
			</trkpt>
			<trkpt lat="46.675948" lon="10.528022">
				<ele>962.000000</ele>
			</trkpt>
			<trkpt lat="46.675985" lon="10.528183">
				<ele>962.000000</ele>
			</trkpt>
			<trkpt lat="46.676157" lon="10.528695">
				<ele>963.000000</ele>
			</trkpt>
			<trkpt lat="46.676299" lon="10.529073">
				<ele>964.000000</ele>
			</trkpt>
			<trkpt lat="46.676367" lon="10.529315">
				<ele>965.000000</ele>
			</trkpt>
			<trkpt lat="46.676497" lon="10.529917">
				<ele>966.000000</ele>
			</trkpt>
			<trkpt lat="46.676540" lon="10.530186">
				<ele>967.000000</ele>
			</trkpt>
			<trkpt lat="46.676582" lon="10.530393">
				<ele>967.000000</ele>
			</trkpt>
			<trkpt lat="46.676626" lon="10.530492">
				<ele>967.000000</ele>
			</trkpt>
			<trkpt lat="46.676669" lon="10.530519">
				<ele>967.000000</ele>
			</trkpt>
			<trkpt lat="46.676872" lon="10.530492">
				<ele>966.000000</ele>
			</trkpt>
			<trkpt lat="46.677014" lon="10.530492">
				<ele>966.000000</ele>
			</trkpt>
			<trkpt lat="46.677267" lon="10.530536">
				<ele>966.000000</ele>
			</trkpt>
			<trkpt lat="46.677390" lon="10.530582">
				<ele>966.000000</ele>
			</trkpt>
			<trkpt lat="46.677415" lon="10.530599">
				<ele>966.000000</ele>
			</trkpt>
			<trkpt lat="46.677606" lon="10.530708">
				<ele>968.000000</ele>
			</trkpt>
			<trkpt lat="46.677779" lon="10.530798">
				<ele>970.000000</ele>
			</trkpt>
			<trkpt lat="46.678000" lon="10.530861">
				<ele>971.000000</ele>
			</trkpt>
			<trkpt lat="46.678068" lon="10.530869">
				<ele>971.000000</ele>
			</trkpt>
			<trkpt lat="46.678376" lon="10.530915">
				<ele>972.000000</ele>
			</trkpt>
			<trkpt lat="46.678549" lon="10.530905">
				<ele>973.000000</ele>
			</trkpt>
			<trkpt lat="46.678734" lon="10.530896">
				<ele>974.000000</ele>
			</trkpt>
			<trkpt lat="46.678795" lon="10.530888">
				<ele>974.000000</ele>
			</trkpt>
			<trkpt lat="46.678894" lon="10.530896">
				<ele>974.000000</ele>
			</trkpt>
			<trkpt lat="46.679017" lon="10.530923">
				<ele>975.000000</ele>
			</trkpt>
			<trkpt lat="46.679153" lon="10.530968">
				<ele>975.000000</ele>
			</trkpt>
			<trkpt lat="46.679245" lon="10.531049">
				<ele>976.000000</ele>
			</trkpt>
			<trkpt lat="46.679350" lon="10.531192">
				<ele>976.000000</ele>
			</trkpt>
			<trkpt lat="46.679523" lon="10.531435">
				<ele>977.000000</ele>
			</trkpt>
			<trkpt lat="46.679566" lon="10.531525">
				<ele>977.000000</ele>
			</trkpt>
			<trkpt lat="46.679646" lon="10.531723">
				<ele>978.000000</ele>
			</trkpt>
			<trkpt lat="46.679658" lon="10.531750">
				<ele>978.000000</ele>
			</trkpt>
			<trkpt lat="46.679245" lon="10.532154">
				<ele>972.000000</ele>
			</trkpt>
			<trkpt lat="46.678758" lon="10.532792">
				<ele>968.000000</ele>
			</trkpt>
			<trkpt lat="46.678586" lon="10.532953">
				<ele>967.000000</ele>
			</trkpt>
			<trkpt lat="46.678370" lon="10.533259">
				<ele>965.000000</ele>
			</trkpt>
			<trkpt lat="46.678056" lon="10.533708">
				<ele>963.000000</ele>
			</trkpt>
			<trkpt lat="46.677594" lon="10.534444">
				<ele>960.000000</ele>
			</trkpt>
			<trkpt lat="46.677341" lon="10.534786">
				<ele>958.000000</ele>
			</trkpt>
			<trkpt lat="46.677217" lon="10.534930">
				<ele>958.000000</ele>
			</trkpt>
			<trkpt lat="46.676947" lon="10.535396">
				<ele>956.000000</ele>
			</trkpt>
			<trkpt lat="46.676749" lon="10.535738">
				<ele>955.000000</ele>
			</trkpt>
			<trkpt lat="46.676613" lon="10.535873">
				<ele>954.000000</ele>
			</trkpt>
			<trkpt lat="46.676429" lon="10.536152">
				<ele>953.000000</ele>
			</trkpt>
			<trkpt lat="46.676084" lon="10.536781">
				<ele>951.000000</ele>
			</trkpt>
			<trkpt lat="46.675788" lon="10.537104">
				<ele>949.000000</ele>
			</trkpt>
			<trkpt lat="46.675467" lon="10.537597">
				<ele>947.000000</ele>
			</trkpt>
			<trkpt lat="46.674857" lon="10.538576">
				<ele>943.000000</ele>
			</trkpt>
			<trkpt lat="46.674493" lon="10.539188">
				<ele>941.000000</ele>
			</trkpt>
			<trkpt lat="46.674197" lon="10.539637">
				<ele>939.000000</ele>
			</trkpt>
			<trkpt lat="46.673809" lon="10.540203">
				<ele>937.000000</ele>
			</trkpt>
			<trkpt lat="46.673668" lon="10.540723">
				<ele>936.000000</ele>
			</trkpt>
			<trkpt lat="46.673556" lon="10.541012">
				<ele>935.000000</ele>
			</trkpt>
			<trkpt lat="46.673421" lon="10.541551">
				<ele>934.000000</ele>
			</trkpt>
			<trkpt lat="46.673310" lon="10.541901">
				<ele>933.000000</ele>
			</trkpt>
			<trkpt lat="46.673063" lon="10.542494">
				<ele>931.000000</ele>
			</trkpt>
			<trkpt lat="46.673039" lon="10.542520">
				<ele>931.000000</ele>
			</trkpt>
			<trkpt lat="46.672915" lon="10.542637">
				<ele>931.000000</ele>
			</trkpt>
			<trkpt lat="46.672200" lon="10.543159">
				<ele>928.000000</ele>
			</trkpt>
			<trkpt lat="46.671701" lon="10.543517">
				<ele>927.000000</ele>
			</trkpt>
			<trkpt lat="46.671584" lon="10.543607">
				<ele>927.000000</ele>
			</trkpt>
			<trkpt lat="46.671467" lon="10.543752">
				<ele>926.000000</ele>
			</trkpt>
			<trkpt lat="46.671368" lon="10.543895">
				<ele>926.000000</ele>
			</trkpt>
			<trkpt lat="46.671060" lon="10.544407">
				<ele>924.000000</ele>
			</trkpt>
			<trkpt lat="46.670918" lon="10.544631">
				<ele>924.000000</ele>
			</trkpt>
			<trkpt lat="46.670845" lon="10.544757">
				<ele>924.000000</ele>
			</trkpt>
			<trkpt lat="46.670764" lon="10.544973">
				<ele>923.000000</ele>
			</trkpt>
			<trkpt lat="46.670702" lon="10.545170">
				<ele>923.000000</ele>
			</trkpt>
			<trkpt lat="46.670647" lon="10.545368">
				<ele>922.000000</ele>
			</trkpt>
			<trkpt lat="46.670573" lon="10.545656">
				<ele>922.000000</ele>
			</trkpt>
			<trkpt lat="46.670536" lon="10.545844">
				<ele>921.000000</ele>
			</trkpt>
			<trkpt lat="46.670505" lon="10.546023">
				<ele>921.000000</ele>
			</trkpt>
			<trkpt lat="46.670438" lon="10.546769">
				<ele>920.000000</ele>
			</trkpt>
			<trkpt lat="46.670413" lon="10.547281">
				<ele>919.000000</ele>
			</trkpt>
			<trkpt lat="46.670407" lon="10.547515">
				<ele>919.000000</ele>
			</trkpt>
			<trkpt lat="46.670401" lon="10.547811">
				<ele>919.000000</ele>
			</trkpt>
			<trkpt lat="46.670382" lon="10.548476">
				<ele>918.000000</ele>
			</trkpt>
			<trkpt lat="46.670289" lon="10.550021">
				<ele>916.000000</ele>
			</trkpt>
			<trkpt lat="46.670265" lon="10.550444">
				<ele>916.000000</ele>
			</trkpt>
			<trkpt lat="46.670240" lon="10.550874">
				<ele>915.000000</ele>
			</trkpt>
			<trkpt lat="46.670210" lon="10.551315">
				<ele>915.000000</ele>
			</trkpt>
			<trkpt lat="46.670197" lon="10.551557">
				<ele>914.000000</ele>
			</trkpt>
			<trkpt lat="46.670185" lon="10.552006">
				<ele>914.000000</ele>
			</trkpt>
			<trkpt lat="46.670135" lon="10.552564">
				<ele>913.000000</ele>
			</trkpt>
			<trkpt lat="46.670031" lon="10.552923">
				<ele>913.000000</ele>
			</trkpt>
			<trkpt lat="46.670018" lon="10.552994">
				<ele>913.000000</ele>
			</trkpt>
			<trkpt lat="46.670000" lon="10.553040">
				<ele>913.000000</ele>
			</trkpt>
			<trkpt lat="46.669895" lon="10.553255">
				<ele>912.000000</ele>
			</trkpt>
			<trkpt lat="46.669747" lon="10.553463">
				<ele>912.000000</ele>
			</trkpt>
			<trkpt lat="46.669617" lon="10.553669">
				<ele>912.000000</ele>
			</trkpt>
			<trkpt lat="46.669328" lon="10.554145">
				<ele>912.000000</ele>
			</trkpt>
			<trkpt lat="46.668890" lon="10.554935">
				<ele>911.000000</ele>
			</trkpt>
			<trkpt lat="46.668668" lon="10.555357">
				<ele>910.000000</ele>
			</trkpt>
			<trkpt lat="46.668335" lon="10.555986">
				<ele>910.000000</ele>
			</trkpt>
			<trkpt lat="46.668089" lon="10.556409">
				<ele>910.000000</ele>
			</trkpt>
			<trkpt lat="46.667873" lon="10.556822">
				<ele>909.000000</ele>
			</trkpt>
			<trkpt lat="46.666849" lon="10.558879">
				<ele>908.000000</ele>
			</trkpt>
			<trkpt lat="46.665907" lon="10.560702">
				<ele>907.000000</ele>
			</trkpt>
			<trkpt lat="46.665530" lon="10.561260">
				<ele>907.000000</ele>
			</trkpt>
			<trkpt lat="46.665038" lon="10.561709">
				<ele>906.000000</ele>
			</trkpt>
			<trkpt lat="46.664273" lon="10.562247">
				<ele>905.000000</ele>
			</trkpt>
			<trkpt lat="46.663693" lon="10.562723">
				<ele>905.000000</ele>
			</trkpt>
			<trkpt lat="46.663582" lon="10.562822">
				<ele>905.000000</ele>
			</trkpt>
			<trkpt lat="46.663471" lon="10.562921">
				<ele>905.000000</ele>
			</trkpt>
			<trkpt lat="46.662676" lon="10.563631">
				<ele>904.000000</ele>
			</trkpt>
			<trkpt lat="46.660827" lon="10.565284">
				<ele>903.000000</ele>
			</trkpt>
			<trkpt lat="46.660654" lon="10.565455">
				<ele>902.000000</ele>
			</trkpt>
			<trkpt lat="46.660605" lon="10.565428">
				<ele>902.000000</ele>
			</trkpt>
			<trkpt lat="46.660463" lon="10.565256">
				<ele>902.000000</ele>
			</trkpt>
			<trkpt lat="46.660444" lon="10.565221">
				<ele>902.000000</ele>
			</trkpt>
			<trkpt lat="46.660358" lon="10.565302">
				<ele>902.000000</ele>
			</trkpt>
			<trkpt lat="46.659686" lon="10.565912">
				<ele>902.000000</ele>
			</trkpt>
			<trkpt lat="46.658749" lon="10.566739">
				<ele>901.000000</ele>
			</trkpt>
			<trkpt lat="46.657960" lon="10.567439">
				<ele>900.000000</ele>
			</trkpt>
			<trkpt lat="46.656591" lon="10.568734">
				<ele>899.000000</ele>
			</trkpt>
			<trkpt lat="46.655808" lon="10.569407">
				<ele>899.000000</ele>
			</trkpt>
			<trkpt lat="46.654722" lon="10.570350">
				<ele>898.000000</ele>
			</trkpt>
			<trkpt lat="46.653933" lon="10.571051">
				<ele>897.000000</ele>
			</trkpt>
			<trkpt lat="46.652774" lon="10.572057">
				<ele>896.000000</ele>
			</trkpt>
			<trkpt lat="46.652306" lon="10.572489">
				<ele>896.000000</ele>
			</trkpt>
			<trkpt lat="46.652170" lon="10.572632">
				<ele>896.000000</ele>
			</trkpt>
			<trkpt lat="46.651572" lon="10.573171">
				<ele>896.000000</ele>
			</trkpt>
			<trkpt lat="46.651029" lon="10.573647">
				<ele>895.000000</ele>
			</trkpt>
			<trkpt lat="46.649561" lon="10.574959">
				<ele>894.000000</ele>
			</trkpt>
			<trkpt lat="46.648791" lon="10.575642">
				<ele>893.000000</ele>
			</trkpt>
			<trkpt lat="46.648328" lon="10.576064">
				<ele>893.000000</ele>
			</trkpt>
			<trkpt lat="46.647865" lon="10.576477">
				<ele>893.000000</ele>
			</trkpt>
			<trkpt lat="46.647588" lon="10.576755">
				<ele>892.000000</ele>
			</trkpt>
			<trkpt lat="46.647304" lon="10.577078">
				<ele>892.000000</ele>
			</trkpt>
			<trkpt lat="46.646984" lon="10.577483">
				<ele>892.000000</ele>
			</trkpt>
			<trkpt lat="46.646675" lon="10.577887">
				<ele>892.000000</ele>
			</trkpt>
			<trkpt lat="46.646435" lon="10.578229">
				<ele>891.000000</ele>
			</trkpt>
			<trkpt lat="46.646139" lon="10.578714">
				<ele>891.000000</ele>
			</trkpt>
			<trkpt lat="46.645936" lon="10.579064">
				<ele>891.000000</ele>
			</trkpt>
			<trkpt lat="46.645596" lon="10.579783">
				<ele>891.000000</ele>
			</trkpt>
			<trkpt lat="46.645436" lon="10.580142">
				<ele>890.000000</ele>
			</trkpt>
			<trkpt lat="46.644505" lon="10.582550">
				<ele>890.000000</ele>
			</trkpt>
			<trkpt lat="46.643814" lon="10.584301">
				<ele>890.000000</ele>
			</trkpt>
			<trkpt lat="46.643610" lon="10.584787">
				<ele>890.000000</ele>
			</trkpt>
			<trkpt lat="46.643185" lon="10.585927">
				<ele>890.000000</ele>
			</trkpt>
			<trkpt lat="46.641335" lon="10.590714">
				<ele>890.000000</ele>
			</trkpt>
			<trkpt lat="46.641291" lon="10.590777">
				<ele>890.000000</ele>
			</trkpt>
			<trkpt lat="46.641260" lon="10.590500">
				<ele>890.000000</ele>
			</trkpt>
			<trkpt lat="46.641230" lon="10.590356">
				<ele>890.000000</ele>
			</trkpt>
			<trkpt lat="46.641174" lon="10.590230">
				<ele>890.000000</ele>
			</trkpt>
			<trkpt lat="46.640015" lon="10.589376">
				<ele>890.000000</ele>
			</trkpt>
			<trkpt lat="46.639459" lon="10.588936">
				<ele>890.000000</ele>
			</trkpt>
			<trkpt lat="46.639306" lon="10.588810">
				<ele>890.000000</ele>
			</trkpt>
			<trkpt lat="46.639194" lon="10.588775">
				<ele>890.000000</ele>
			</trkpt>
			<trkpt lat="46.638726" lon="10.588622">
				<ele>890.000000</ele>
			</trkpt>
			<trkpt lat="46.638566" lon="10.588559">
				<ele>890.000000</ele>
			</trkpt>
			<trkpt lat="46.638417" lon="10.588523">
				<ele>890.000000</ele>
			</trkpt>
			<trkpt lat="46.637677" lon="10.588343">
				<ele>890.000000</ele>
			</trkpt>
			<trkpt lat="46.637283" lon="10.588263">
				<ele>890.000000</ele>
			</trkpt>
			<trkpt lat="46.636234" lon="10.588064">
				<ele>890.000000</ele>
			</trkpt>
			<trkpt lat="46.635592" lon="10.587921">
				<ele>890.000000</ele>
			</trkpt>
			<trkpt lat="46.634063" lon="10.587616">
				<ele>892.000000</ele>
			</trkpt>
			<trkpt lat="46.632700" lon="10.587337">
				<ele>894.000000</ele>
			</trkpt>
			<trkpt lat="46.631676" lon="10.587122">
				<ele>897.000000</ele>
			</trkpt>
			<trkpt lat="46.631620" lon="10.587131">
				<ele>897.000000</ele>
			</trkpt>
			<trkpt lat="46.631497" lon="10.587158">
				<ele>897.000000</ele>
			</trkpt>
			<trkpt lat="46.631336" lon="10.586789">
				<ele>897.000000</ele>
			</trkpt>
			<trkpt lat="46.631250" lon="10.586645">
				<ele>897.000000</ele>
			</trkpt>
			<trkpt lat="46.631176" lon="10.586592">
				<ele>897.000000</ele>
			</trkpt>
			<trkpt lat="46.631028" lon="10.586628">
				<ele>897.000000</ele>
			</trkpt>
			<trkpt lat="46.630947" lon="10.586645">
				<ele>897.000000</ele>
			</trkpt>
			<trkpt lat="46.630380" lon="10.586772">
				<ele>896.000000</ele>
			</trkpt>
			<trkpt lat="46.630318" lon="10.586781">
				<ele>896.000000</ele>
			</trkpt>
			<trkpt lat="46.629973" lon="10.586843">
				<ele>896.000000</ele>
			</trkpt>
			<trkpt lat="46.629547" lon="10.586915">
				<ele>896.000000</ele>
			</trkpt>
			<trkpt lat="46.629504" lon="10.586932">
				<ele>896.000000</ele>
			</trkpt>
			<trkpt lat="46.629467" lon="10.586969">
				<ele>896.000000</ele>
			</trkpt>
			<trkpt lat="46.629455" lon="10.587041">
				<ele>896.000000</ele>
			</trkpt>
			<trkpt lat="46.629443" lon="10.587553">
				<ele>896.000000</ele>
			</trkpt>
			<trkpt lat="46.629436" lon="10.587814">
				<ele>896.000000</ele>
			</trkpt>
			<trkpt lat="46.629418" lon="10.588299">
				<ele>896.000000</ele>
			</trkpt>
			<trkpt lat="46.629412" lon="10.588370">
				<ele>896.000000</ele>
			</trkpt>
			<trkpt lat="46.629282" lon="10.588362">
				<ele>896.000000</ele>
			</trkpt>
			<trkpt lat="46.628881" lon="10.588326">
				<ele>896.000000</ele>
			</trkpt>
			<trkpt lat="46.628425" lon="10.588280">
				<ele>896.000000</ele>
			</trkpt>
			<trkpt lat="46.628289" lon="10.588272">
				<ele>896.000000</ele>
			</trkpt>
			<trkpt lat="46.626925" lon="10.588154">
				<ele>896.000000</ele>
			</trkpt>
			<trkpt lat="46.626426" lon="10.588110">
				<ele>900.000000</ele>
			</trkpt>
			<trkpt lat="46.626351" lon="10.588101">
				<ele>900.000000</ele>
			</trkpt>
			<trkpt lat="46.626308" lon="10.588101">
				<ele>900.000000</ele>
			</trkpt>
			<trkpt lat="46.625815" lon="10.588064">
				<ele>901.000000</ele>
			</trkpt>
			<trkpt lat="46.625488" lon="10.588029">
				<ele>902.000000</ele>
			</trkpt>
			<trkpt lat="46.625389" lon="10.588047">
				<ele>902.000000</ele>
			</trkpt>
			<trkpt lat="46.625334" lon="10.588074">
				<ele>902.000000</ele>
			</trkpt>
			<trkpt lat="46.625315" lon="10.588038">
				<ele>902.000000</ele>
			</trkpt>
			<trkpt lat="46.625291" lon="10.588011">
				<ele>902.000000</ele>
			</trkpt>
			<trkpt lat="46.625266" lon="10.588003">
				<ele>903.000000</ele>
			</trkpt>
			<trkpt lat="46.625235" lon="10.588011">
				<ele>903.000000</ele>
			</trkpt>
			<trkpt lat="46.625210" lon="10.588029">
				<ele>903.000000</ele>
			</trkpt>
			<trkpt lat="46.625167" lon="10.587984">
				<ele>903.000000</ele>
			</trkpt>
			<trkpt lat="46.625148" lon="10.588029">
				<ele>903.000000</ele>
			</trkpt>
			<trkpt lat="46.625112" lon="10.588127">
				<ele>903.000000</ele>
			</trkpt>
			<trkpt lat="46.625050" lon="10.588190">
				<ele>903.000000</ele>
			</trkpt>
			<trkpt lat="46.624871" lon="10.588397">
				<ele>903.000000</ele>
			</trkpt>
			<trkpt lat="46.624483" lon="10.588838">
				<ele>904.000000</ele>
			</trkpt>
			<trkpt lat="46.624279" lon="10.589072">
				<ele>905.000000</ele>
			</trkpt>
			<trkpt lat="46.623915" lon="10.589493">
				<ele>906.000000</ele>
			</trkpt>
			<trkpt lat="46.623903" lon="10.589511">
				<ele>906.000000</ele>
			</trkpt>
			<trkpt lat="46.623681" lon="10.589718">
				<ele>907.000000</ele>
			</trkpt>
			<trkpt lat="46.623625" lon="10.589754">
				<ele>906.000000</ele>
			</trkpt>
			<trkpt lat="46.623600" lon="10.589762">
				<ele>906.000000</ele>
			</trkpt>
			<trkpt lat="46.623489" lon="10.589835">
				<ele>906.000000</ele>
			</trkpt>
			<trkpt lat="46.623218" lon="10.589934">
				<ele>906.000000</ele>
			</trkpt>
			<trkpt lat="46.622958" lon="10.589934">
				<ele>907.000000</ele>
			</trkpt>
			<trkpt lat="46.622897" lon="10.589942">
				<ele>907.000000</ele>
			</trkpt>
			<trkpt lat="46.622736" lon="10.589951">
				<ele>907.000000</ele>
			</trkpt>
			<trkpt lat="46.622539" lon="10.589942">
				<ele>907.000000</ele>
			</trkpt>
			<trkpt lat="46.622261" lon="10.589907">
				<ele>907.000000</ele>
			</trkpt>
			<trkpt lat="46.621959" lon="10.589861">
				<ele>908.000000</ele>
			</trkpt>
			<trkpt lat="46.621879" lon="10.589852">
				<ele>908.000000</ele>
			</trkpt>
			<trkpt lat="46.621342" lon="10.589781">
				<ele>908.000000</ele>
			</trkpt>
			<trkpt lat="46.621281" lon="10.589835">
				<ele>908.000000</ele>
			</trkpt>
			<trkpt lat="46.621243" lon="10.589898">
				<ele>907.000000</ele>
			</trkpt>
			<trkpt lat="46.621188" lon="10.589987">
				<ele>907.000000</ele>
			</trkpt>
			<trkpt lat="46.621126" lon="10.590095">
				<ele>907.000000</ele>
			</trkpt>
			<trkpt lat="46.621033" lon="10.590266">
				<ele>907.000000</ele>
			</trkpt>
			<trkpt lat="46.620996" lon="10.590328">
				<ele>907.000000</ele>
			</trkpt>
			<trkpt lat="46.620984" lon="10.590356">
				<ele>907.000000</ele>
			</trkpt>
			<trkpt lat="46.620861" lon="10.590553">
				<ele>907.000000</ele>
			</trkpt>
			<trkpt lat="46.620861" lon="10.590563">
				<ele>907.000000</ele>
			</trkpt>
			<trkpt lat="46.620651" lon="10.590859">
				<ele>907.000000</ele>
			</trkpt>
			<trkpt lat="46.620589" lon="10.590940">
				<ele>907.000000</ele>
			</trkpt>
			<trkpt lat="46.620577" lon="10.590930">
				<ele>907.000000</ele>
			</trkpt>
			<trkpt lat="46.620565" lon="10.590913">
				<ele>907.000000</ele>
			</trkpt>
			<trkpt lat="46.620546" lon="10.590913">
				<ele>907.000000</ele>
			</trkpt>
			<trkpt lat="46.620534" lon="10.590913">
				<ele>907.000000</ele>
			</trkpt>
			<trkpt lat="46.620522" lon="10.590930">
				<ele>907.000000</ele>
			</trkpt>
			<trkpt lat="46.620509" lon="10.590949">
				<ele>907.000000</ele>
			</trkpt>
			<trkpt lat="46.620503" lon="10.590966">
				<ele>907.000000</ele>
			</trkpt>
			<trkpt lat="46.620503" lon="10.590984">
				<ele>907.000000</ele>
			</trkpt>
			<trkpt lat="46.620503" lon="10.591012">
				<ele>907.000000</ele>
			</trkpt>
			<trkpt lat="46.620509" lon="10.591030">
				<ele>907.000000</ele>
			</trkpt>
			<trkpt lat="46.620522" lon="10.591039">
				<ele>907.000000</ele>
			</trkpt>
			<trkpt lat="46.620404" lon="10.591182">
				<ele>907.000000</ele>
			</trkpt>
			<trkpt lat="46.620355" lon="10.591245">
				<ele>907.000000</ele>
			</trkpt>
			<trkpt lat="46.620306" lon="10.591308">
				<ele>907.000000</ele>
			</trkpt>
			<trkpt lat="46.620151" lon="10.591496">
				<ele>907.000000</ele>
			</trkpt>
			<trkpt lat="46.619886" lon="10.591846">
				<ele>907.000000</ele>
			</trkpt>
			<trkpt lat="46.619855" lon="10.591865">
				<ele>907.000000</ele>
			</trkpt>
			<trkpt lat="46.619404" lon="10.592215">
				<ele>907.000000</ele>
			</trkpt>
			<trkpt lat="46.619226" lon="10.592351">
				<ele>907.000000</ele>
			</trkpt>
			<trkpt lat="46.618930" lon="10.592655">
				<ele>907.000000</ele>
			</trkpt>
			<trkpt lat="46.618763" lon="10.592861">
				<ele>907.000000</ele>
			</trkpt>
			<trkpt lat="46.618566" lon="10.593114">
				<ele>907.000000</ele>
			</trkpt>
			<trkpt lat="46.618523" lon="10.593158">
				<ele>907.000000</ele>
			</trkpt>
			<trkpt lat="46.618275" lon="10.593374">
				<ele>907.000000</ele>
			</trkpt>
			<trkpt lat="46.618202" lon="10.593410">
				<ele>907.000000</ele>
			</trkpt>
			<trkpt lat="46.618103" lon="10.593464">
				<ele>907.000000</ele>
			</trkpt>
			<trkpt lat="46.617936" lon="10.593446">
				<ele>907.000000</ele>
			</trkpt>
			<trkpt lat="46.617936" lon="10.593527">
				<ele>907.000000</ele>
			</trkpt>
			<trkpt lat="46.617874" lon="10.594066">
				<ele>907.000000</ele>
			</trkpt>
			<trkpt lat="46.617887" lon="10.594236">
				<ele>907.000000</ele>
			</trkpt>
			<trkpt lat="46.617893" lon="10.594353">
				<ele>907.000000</ele>
			</trkpt>
			<trkpt lat="46.617905" lon="10.594551">
				<ele>906.000000</ele>
			</trkpt>
			<trkpt lat="46.617905" lon="10.594641">
				<ele>906.000000</ele>
			</trkpt>
			<trkpt lat="46.617782" lon="10.594632">
				<ele>906.000000</ele>
			</trkpt>
			<trkpt lat="46.617727" lon="10.594649">
				<ele>906.000000</ele>
			</trkpt>
			<trkpt lat="46.617689" lon="10.594685">
				<ele>906.000000</ele>
			</trkpt>
			<trkpt lat="46.617628" lon="10.594758">
				<ele>906.000000</ele>
			</trkpt>
			<trkpt lat="46.617597" lon="10.594785">
				<ele>906.000000</ele>
			</trkpt>
			<trkpt lat="46.617609" lon="10.594848">
				<ele>906.000000</ele>
			</trkpt>
			<trkpt lat="46.617628" lon="10.594964">
				<ele>906.000000</ele>
			</trkpt>
			<trkpt lat="46.617696" lon="10.595467">
				<ele>905.000000</ele>
			</trkpt>
			<trkpt lat="46.617837" lon="10.595368">
				<ele>907.000000</ele>
			</trkpt>
		</trkseg>
	</trk>
</gpx>

