<?xml version="1.0" encoding="utf-8"?>
<gpx xmlns="http://www.topografix.com/GPX/1/1" version="1.1" creator="https://mapy.com/">
	<trk>
		<name>Triglav - výstup </name>
		<trkseg>
			<trkpt lat="46.383886" lon="13.773517">
				<ele>714.000000</ele>
			</trkpt>
			<trkpt lat="46.383842" lon="13.773446">
				<ele>713.000000</ele>
			</trkpt>
			<trkpt lat="46.383823" lon="13.773500">
				<ele>713.000000</ele>
			</trkpt>
			<trkpt lat="46.383823" lon="13.773554">
				<ele>713.000000</ele>
			</trkpt>
			<trkpt lat="46.383842" lon="13.773634">
				<ele>713.000000</ele>
			</trkpt>
			<trkpt lat="46.383953" lon="13.773931">
				<ele>715.000000</ele>
			</trkpt>
			<trkpt lat="46.384003" lon="13.774110">
				<ele>715.000000</ele>
			</trkpt>
			<trkpt lat="46.384078" lon="13.774462">
				<ele>717.000000</ele>
			</trkpt>
			<trkpt lat="46.384115" lon="13.774712">
				<ele>718.000000</ele>
			</trkpt>
			<trkpt lat="46.384115" lon="13.774739">
				<ele>718.000000</ele>
			</trkpt>
			<trkpt lat="46.384102" lon="13.774775">
				<ele>718.000000</ele>
			</trkpt>
			<trkpt lat="46.384016" lon="13.774865">
				<ele>719.000000</ele>
			</trkpt>
			<trkpt lat="46.383947" lon="13.774991">
				<ele>719.000000</ele>
			</trkpt>
			<trkpt lat="46.383935" lon="13.775045">
				<ele>719.000000</ele>
			</trkpt>
			<trkpt lat="46.383935" lon="13.775162">
				<ele>720.000000</ele>
			</trkpt>
			<trkpt lat="46.383941" lon="13.775746">
				<ele>724.000000</ele>
			</trkpt>
			<trkpt lat="46.383923" lon="13.775961">
				<ele>726.000000</ele>
			</trkpt>
			<trkpt lat="46.383867" lon="13.776267">
				<ele>729.000000</ele>
			</trkpt>
			<trkpt lat="46.383743" lon="13.776806">
				<ele>735.000000</ele>
			</trkpt>
			<trkpt lat="46.383613" lon="13.777112">
				<ele>739.000000</ele>
			</trkpt>
			<trkpt lat="46.383588" lon="13.777219">
				<ele>740.000000</ele>
			</trkpt>
			<trkpt lat="46.383544" lon="13.777444">
				<ele>742.000000</ele>
			</trkpt>
			<trkpt lat="46.383532" lon="13.777615">
				<ele>743.000000</ele>
			</trkpt>
			<trkpt lat="46.383538" lon="13.777848">
				<ele>744.000000</ele>
			</trkpt>
			<trkpt lat="46.383526" lon="13.777920">
				<ele>745.000000</ele>
			</trkpt>
			<trkpt lat="46.383508" lon="13.777982">
				<ele>745.000000</ele>
			</trkpt>
			<trkpt lat="46.383439" lon="13.778091">
				<ele>746.000000</ele>
			</trkpt>
			<trkpt lat="46.383253" lon="13.778396">
				<ele>749.000000</ele>
			</trkpt>
			<trkpt lat="46.383135" lon="13.778620">
				<ele>752.000000</ele>
			</trkpt>
			<trkpt lat="46.383099" lon="13.778737">
				<ele>754.000000</ele>
			</trkpt>
			<trkpt lat="46.383080" lon="13.778917">
				<ele>756.000000</ele>
			</trkpt>
			<trkpt lat="46.383055" lon="13.779240">
				<ele>759.000000</ele>
			</trkpt>
			<trkpt lat="46.383024" lon="13.779519">
				<ele>762.000000</ele>
			</trkpt>
			<trkpt lat="46.382999" lon="13.780291">
				<ele>767.000000</ele>
			</trkpt>
			<trkpt lat="46.382980" lon="13.780578">
				<ele>769.000000</ele>
			</trkpt>
			<trkpt lat="46.382950" lon="13.780875">
				<ele>772.000000</ele>
			</trkpt>
			<trkpt lat="46.382931" lon="13.781091">
				<ele>774.000000</ele>
			</trkpt>
			<trkpt lat="46.382938" lon="13.781261">
				<ele>776.000000</ele>
			</trkpt>
			<trkpt lat="46.382962" lon="13.781603">
				<ele>779.000000</ele>
			</trkpt>
			<trkpt lat="46.382980" lon="13.781863">
				<ele>782.000000</ele>
			</trkpt>
			<trkpt lat="46.382999" lon="13.781970">
				<ele>783.000000</ele>
			</trkpt>
			<trkpt lat="46.383024" lon="13.782088">
				<ele>784.000000</ele>
			</trkpt>
			<trkpt lat="46.383074" lon="13.782249">
				<ele>786.000000</ele>
			</trkpt>
			<trkpt lat="46.383117" lon="13.782357">
				<ele>788.000000</ele>
			</trkpt>
			<trkpt lat="46.383179" lon="13.782475">
				<ele>790.000000</ele>
			</trkpt>
			<trkpt lat="46.383210" lon="13.782536">
				<ele>791.000000</ele>
			</trkpt>
			<trkpt lat="46.383235" lon="13.782645">
				<ele>792.000000</ele>
			</trkpt>
			<trkpt lat="46.383235" lon="13.782725">
				<ele>793.000000</ele>
			</trkpt>
			<trkpt lat="46.383217" lon="13.782798">
				<ele>794.000000</ele>
			</trkpt>
			<trkpt lat="46.383192" lon="13.782861">
				<ele>795.000000</ele>
			</trkpt>
			<trkpt lat="46.383154" lon="13.782888">
				<ele>795.000000</ele>
			</trkpt>
			<trkpt lat="46.383105" lon="13.782905">
				<ele>796.000000</ele>
			</trkpt>
			<trkpt lat="46.382962" lon="13.782905">
				<ele>799.000000</ele>
			</trkpt>
			<trkpt lat="46.382900" lon="13.782915">
				<ele>800.000000</ele>
			</trkpt>
			<trkpt lat="46.382863" lon="13.782941">
				<ele>800.000000</ele>
			</trkpt>
			<trkpt lat="46.382720" lon="13.783067">
				<ele>803.000000</ele>
			</trkpt>
			<trkpt lat="46.382653" lon="13.783130">
				<ele>804.000000</ele>
			</trkpt>
			<trkpt lat="46.382590" lon="13.783202">
				<ele>805.000000</ele>
			</trkpt>
			<trkpt lat="46.382535" lon="13.783328">
				<ele>807.000000</ele>
			</trkpt>
			<trkpt lat="46.382355" lon="13.783758">
				<ele>811.000000</ele>
			</trkpt>
			<trkpt lat="46.382101" lon="13.784352">
				<ele>815.000000</ele>
			</trkpt>
			<trkpt lat="46.382020" lon="13.784657">
				<ele>816.000000</ele>
			</trkpt>
			<trkpt lat="46.381877" lon="13.785286">
				<ele>820.000000</ele>
			</trkpt>
			<trkpt lat="46.381778" lon="13.785654">
				<ele>822.000000</ele>
			</trkpt>
			<trkpt lat="46.381717" lon="13.785815">
				<ele>824.000000</ele>
			</trkpt>
			<trkpt lat="46.381574" lon="13.786031">
				<ele>826.000000</ele>
			</trkpt>
			<trkpt lat="46.381314" lon="13.786301">
				<ele>829.000000</ele>
			</trkpt>
			<trkpt lat="46.381035" lon="13.786696">
				<ele>833.000000</ele>
			</trkpt>
			<trkpt lat="46.380992" lon="13.786750">
				<ele>834.000000</ele>
			</trkpt>
			<trkpt lat="46.380948" lon="13.786786">
				<ele>835.000000</ele>
			</trkpt>
			<trkpt lat="46.380768" lon="13.786876">
				<ele>837.000000</ele>
			</trkpt>
			<trkpt lat="46.380552" lon="13.787056">
				<ele>840.000000</ele>
			</trkpt>
			<trkpt lat="46.380347" lon="13.787262">
				<ele>842.000000</ele>
			</trkpt>
			<trkpt lat="46.380031" lon="13.787549">
				<ele>846.000000</ele>
			</trkpt>
			<trkpt lat="46.379944" lon="13.787639">
				<ele>847.000000</ele>
			</trkpt>
			<trkpt lat="46.379789" lon="13.787865">
				<ele>848.000000</ele>
			</trkpt>
			<trkpt lat="46.379684" lon="13.788071">
				<ele>850.000000</ele>
			</trkpt>
			<trkpt lat="46.379628" lon="13.788241">
				<ele>852.000000</ele>
			</trkpt>
			<trkpt lat="46.379579" lon="13.788448">
				<ele>853.000000</ele>
			</trkpt>
			<trkpt lat="46.379554" lon="13.788637">
				<ele>855.000000</ele>
			</trkpt>
			<trkpt lat="46.379529" lon="13.788718">
				<ele>856.000000</ele>
			</trkpt>
			<trkpt lat="46.379455" lon="13.788817">
				<ele>857.000000</ele>
			</trkpt>
			<trkpt lat="46.379362" lon="13.788878">
				<ele>858.000000</ele>
			</trkpt>
			<trkpt lat="46.379275" lon="13.788933">
				<ele>859.000000</ele>
			</trkpt>
			<trkpt lat="46.379095" lon="13.788960">
				<ele>861.000000</ele>
			</trkpt>
			<trkpt lat="46.379002" lon="13.788960">
				<ele>862.000000</ele>
			</trkpt>
			<trkpt lat="46.378897" lon="13.788996">
				<ele>863.000000</ele>
			</trkpt>
			<trkpt lat="46.378773" lon="13.789113">
				<ele>865.000000</ele>
			</trkpt>
			<trkpt lat="46.378674" lon="13.789257">
				<ele>867.000000</ele>
			</trkpt>
			<trkpt lat="46.378525" lon="13.789499">
				<ele>869.000000</ele>
			</trkpt>
			<trkpt lat="46.378401" lon="13.789750">
				<ele>872.000000</ele>
			</trkpt>
			<trkpt lat="46.378258" lon="13.789939">
				<ele>874.000000</ele>
			</trkpt>
			<trkpt lat="46.378153" lon="13.790056">
				<ele>876.000000</ele>
			</trkpt>
			<trkpt lat="46.378091" lon="13.790155">
				<ele>877.000000</ele>
			</trkpt>
			<trkpt lat="46.377967" lon="13.790523">
				<ele>880.000000</ele>
			</trkpt>
			<trkpt lat="46.377924" lon="13.790685">
				<ele>882.000000</ele>
			</trkpt>
			<trkpt lat="46.377930" lon="13.790882">
				<ele>884.000000</ele>
			</trkpt>
			<trkpt lat="46.377936" lon="13.790981">
				<ele>886.000000</ele>
			</trkpt>
			<trkpt lat="46.377930" lon="13.791062">
				<ele>886.000000</ele>
			</trkpt>
			<trkpt lat="46.377886" lon="13.791152">
				<ele>888.000000</ele>
			</trkpt>
			<trkpt lat="46.377707" lon="13.791232">
				<ele>891.000000</ele>
			</trkpt>
			<trkpt lat="46.377577" lon="13.791287">
				<ele>892.000000</ele>
			</trkpt>
			<trkpt lat="46.377496" lon="13.791350">
				<ele>894.000000</ele>
			</trkpt>
			<trkpt lat="46.377477" lon="13.791394">
				<ele>894.000000</ele>
			</trkpt>
			<trkpt lat="46.377459" lon="13.791448">
				<ele>895.000000</ele>
			</trkpt>
			<trkpt lat="46.377366" lon="13.791691">
				<ele>905.000000</ele>
			</trkpt>
			<trkpt lat="46.377354" lon="13.791708">
				<ele>906.000000</ele>
			</trkpt>
			<trkpt lat="46.377249" lon="13.791951">
				<ele>913.000000</ele>
			</trkpt>
			<trkpt lat="46.377161" lon="13.792194">
				<ele>917.000000</ele>
			</trkpt>
			<trkpt lat="46.377118" lon="13.792383">
				<ele>920.000000</ele>
			</trkpt>
			<trkpt lat="46.377075" lon="13.792616">
				<ele>921.000000</ele>
			</trkpt>
			<trkpt lat="46.377031" lon="13.792922">
				<ele>923.000000</ele>
			</trkpt>
			<trkpt lat="46.377025" lon="13.793146">
				<ele>924.000000</ele>
			</trkpt>
			<trkpt lat="46.377007" lon="13.793452">
				<ele>926.000000</ele>
			</trkpt>
			<trkpt lat="46.376994" lon="13.794188">
				<ele>930.000000</ele>
			</trkpt>
			<trkpt lat="46.376982" lon="13.794394">
				<ele>930.000000</ele>
			</trkpt>
			<trkpt lat="46.376976" lon="13.794664">
				<ele>931.000000</ele>
			</trkpt>
			<trkpt lat="46.376982" lon="13.794799">
				<ele>931.000000</ele>
			</trkpt>
			<trkpt lat="46.376970" lon="13.794960">
				<ele>932.000000</ele>
			</trkpt>
			<trkpt lat="46.376945" lon="13.795194">
				<ele>934.000000</ele>
			</trkpt>
			<trkpt lat="46.376895" lon="13.795410">
				<ele>935.000000</ele>
			</trkpt>
			<trkpt lat="46.376852" lon="13.795580">
				<ele>936.000000</ele>
			</trkpt>
			<trkpt lat="46.376758" lon="13.795805">
				<ele>937.000000</ele>
			</trkpt>
			<trkpt lat="46.376709" lon="13.795931">
				<ele>938.000000</ele>
			</trkpt>
			<trkpt lat="46.376666" lon="13.796056">
				<ele>939.000000</ele>
			</trkpt>
			<trkpt lat="46.376610" lon="13.796228">
				<ele>940.000000</ele>
			</trkpt>
			<trkpt lat="46.376473" lon="13.796452">
				<ele>942.000000</ele>
			</trkpt>
			<trkpt lat="46.376362" lon="13.796658">
				<ele>945.000000</ele>
			</trkpt>
			<trkpt lat="46.376282" lon="13.796811">
				<ele>946.000000</ele>
			</trkpt>
			<trkpt lat="46.376219" lon="13.796928">
				<ele>947.000000</ele>
			</trkpt>
			<trkpt lat="46.376188" lon="13.797027">
				<ele>948.000000</ele>
			</trkpt>
			<trkpt lat="46.376207" lon="13.797098">
				<ele>949.000000</ele>
			</trkpt>
			<trkpt lat="46.376238" lon="13.797161">
				<ele>950.000000</ele>
			</trkpt>
			<trkpt lat="46.376250" lon="13.797216">
				<ele>950.000000</ele>
			</trkpt>
			<trkpt lat="46.376238" lon="13.797278">
				<ele>951.000000</ele>
			</trkpt>
			<trkpt lat="46.376158" lon="13.797423">
				<ele>953.000000</ele>
			</trkpt>
			<trkpt lat="46.376083" lon="13.797574">
				<ele>956.000000</ele>
			</trkpt>
			<trkpt lat="46.376022" lon="13.797692">
				<ele>957.000000</ele>
			</trkpt>
			<trkpt lat="46.375947" lon="13.797773">
				<ele>959.000000</ele>
			</trkpt>
			<trkpt lat="46.375860" lon="13.797826">
				<ele>961.000000</ele>
			</trkpt>
			<trkpt lat="46.375792" lon="13.797889">
				<ele>962.000000</ele>
			</trkpt>
			<trkpt lat="46.375736" lon="13.797979">
				<ele>963.000000</ele>
			</trkpt>
			<trkpt lat="46.375674" lon="13.798096">
				<ele>965.000000</ele>
			</trkpt>
			<trkpt lat="46.375612" lon="13.798293">
				<ele>967.000000</ele>
			</trkpt>
			<trkpt lat="46.375544" lon="13.798518">
				<ele>970.000000</ele>
			</trkpt>
			<trkpt lat="46.375494" lon="13.798725">
				<ele>973.000000</ele>
			</trkpt>
			<trkpt lat="46.375500" lon="13.798815">
				<ele>975.000000</ele>
			</trkpt>
			<trkpt lat="46.375513" lon="13.798949">
				<ele>977.000000</ele>
			</trkpt>
			<trkpt lat="46.375544" lon="13.799075">
				<ele>979.000000</ele>
			</trkpt>
			<trkpt lat="46.375563" lon="13.799192">
				<ele>981.000000</ele>
			</trkpt>
			<trkpt lat="46.375569" lon="13.799308">
				<ele>983.000000</ele>
			</trkpt>
			<trkpt lat="46.375588" lon="13.799515">
				<ele>986.000000</ele>
			</trkpt>
			<trkpt lat="46.375625" lon="13.799686">
				<ele>989.000000</ele>
			</trkpt>
			<trkpt lat="46.375655" lon="13.799857">
				<ele>991.000000</ele>
			</trkpt>
			<trkpt lat="46.375668" lon="13.799964">
				<ele>992.000000</ele>
			</trkpt>
			<trkpt lat="46.375674" lon="13.800010">
				<ele>992.000000</ele>
			</trkpt>
			<trkpt lat="46.375699" lon="13.800234">
				<ele>995.000000</ele>
			</trkpt>
			<trkpt lat="46.375743" lon="13.800584">
				<ele>998.000000</ele>
			</trkpt>
			<trkpt lat="46.375810" lon="13.800818">
				<ele>1001.000000</ele>
			</trkpt>
			<trkpt lat="46.375829" lon="13.800889">
				<ele>1001.000000</ele>
			</trkpt>
			<trkpt lat="46.375829" lon="13.800935">
				<ele>1002.000000</ele>
			</trkpt>
			<trkpt lat="46.375810" lon="13.800962">
				<ele>1002.000000</ele>
			</trkpt>
			<trkpt lat="46.375718" lon="13.801096">
				<ele>1004.000000</ele>
			</trkpt>
			<trkpt lat="46.375612" lon="13.801213">
				<ele>1006.000000</ele>
			</trkpt>
			<trkpt lat="46.375563" lon="13.801266">
				<ele>1007.000000</ele>
			</trkpt>
			<trkpt lat="46.375556" lon="13.801302">
				<ele>1007.000000</ele>
			</trkpt>
			<trkpt lat="46.375749" lon="13.801652">
				<ele>1012.000000</ele>
			</trkpt>
			<trkpt lat="46.375829" lon="13.801832">
				<ele>1014.000000</ele>
			</trkpt>
			<trkpt lat="46.375910" lon="13.801977">
				<ele>1016.000000</ele>
			</trkpt>
			<trkpt lat="46.375841" lon="13.801968">
				<ele>1017.000000</ele>
			</trkpt>
			<trkpt lat="46.375668" lon="13.801878">
				<ele>1020.000000</ele>
			</trkpt>
			<trkpt lat="46.375538" lon="13.801779">
				<ele>1022.000000</ele>
			</trkpt>
			<trkpt lat="46.375445" lon="13.801734">
				<ele>1023.000000</ele>
			</trkpt>
			<trkpt lat="46.375346" lon="13.801725">
				<ele>1025.000000</ele>
			</trkpt>
			<trkpt lat="46.375265" lon="13.801742">
				<ele>1026.000000</ele>
			</trkpt>
			<trkpt lat="46.375185" lon="13.801815">
				<ele>1027.000000</ele>
			</trkpt>
			<trkpt lat="46.375061" lon="13.801977">
				<ele>1029.000000</ele>
			</trkpt>
			<trkpt lat="46.374967" lon="13.802157">
				<ele>1032.000000</ele>
			</trkpt>
			<trkpt lat="46.374893" lon="13.802371">
				<ele>1036.000000</ele>
			</trkpt>
			<trkpt lat="46.374837" lon="13.802560">
				<ele>1039.000000</ele>
			</trkpt>
			<trkpt lat="46.374732" lon="13.802839">
				<ele>1044.000000</ele>
			</trkpt>
			<trkpt lat="46.374670" lon="13.802947">
				<ele>1045.000000</ele>
			</trkpt>
			<trkpt lat="46.374652" lon="13.803037">
				<ele>1047.000000</ele>
			</trkpt>
			<trkpt lat="46.374682" lon="13.803100">
				<ele>1048.000000</ele>
			</trkpt>
			<trkpt lat="46.374726" lon="13.803153">
				<ele>1050.000000</ele>
			</trkpt>
			<trkpt lat="46.374744" lon="13.803234">
				<ele>1052.000000</ele>
			</trkpt>
			<trkpt lat="46.374788" lon="13.803279">
				<ele>1054.000000</ele>
			</trkpt>
			<trkpt lat="46.374763" lon="13.803315">
				<ele>1054.000000</ele>
			</trkpt>
			<trkpt lat="46.374738" lon="13.803315">
				<ele>1055.000000</ele>
			</trkpt>
			<trkpt lat="46.374720" lon="13.803306">
				<ele>1055.000000</ele>
			</trkpt>
			<trkpt lat="46.374695" lon="13.803315">
				<ele>1056.000000</ele>
			</trkpt>
			<trkpt lat="46.374682" lon="13.803342">
				<ele>1056.000000</ele>
			</trkpt>
			<trkpt lat="46.374658" lon="13.803450">
				<ele>1057.000000</ele>
			</trkpt>
			<trkpt lat="46.374627" lon="13.803566">
				<ele>1058.000000</ele>
			</trkpt>
			<trkpt lat="46.374621" lon="13.803612">
				<ele>1059.000000</ele>
			</trkpt>
			<trkpt lat="46.374596" lon="13.803675">
				<ele>1060.000000</ele>
			</trkpt>
			<trkpt lat="46.374552" lon="13.803765">
				<ele>1060.000000</ele>
			</trkpt>
			<trkpt lat="46.374534" lon="13.803872">
				<ele>1060.000000</ele>
			</trkpt>
			<trkpt lat="46.374528" lon="13.803935">
				<ele>1061.000000</ele>
			</trkpt>
			<trkpt lat="46.374491" lon="13.803989">
				<ele>1062.000000</ele>
			</trkpt>
			<trkpt lat="46.374472" lon="13.804042">
				<ele>1063.000000</ele>
			</trkpt>
			<trkpt lat="46.374447" lon="13.804142">
				<ele>1064.000000</ele>
			</trkpt>
			<trkpt lat="46.374428" lon="13.804303">
				<ele>1067.000000</ele>
			</trkpt>
			<trkpt lat="46.374441" lon="13.804402">
				<ele>1068.000000</ele>
			</trkpt>
			<trkpt lat="46.374428" lon="13.804455">
				<ele>1069.000000</ele>
			</trkpt>
			<trkpt lat="46.374434" lon="13.804482">
				<ele>1069.000000</ele>
			</trkpt>
			<trkpt lat="46.374416" lon="13.804572">
				<ele>1071.000000</ele>
			</trkpt>
			<trkpt lat="46.374367" lon="13.804635">
				<ele>1073.000000</ele>
			</trkpt>
			<trkpt lat="46.374267" lon="13.804671">
				<ele>1075.000000</ele>
			</trkpt>
			<trkpt lat="46.374224" lon="13.804681">
				<ele>1077.000000</ele>
			</trkpt>
			<trkpt lat="46.374236" lon="13.804771">
				<ele>1078.000000</ele>
			</trkpt>
			<trkpt lat="46.374224" lon="13.804834">
				<ele>1079.000000</ele>
			</trkpt>
			<trkpt lat="46.374212" lon="13.804905">
				<ele>1081.000000</ele>
			</trkpt>
			<trkpt lat="46.374218" lon="13.804931">
				<ele>1082.000000</ele>
			</trkpt>
			<trkpt lat="46.374199" lon="13.804958">
				<ele>1083.000000</ele>
			</trkpt>
			<trkpt lat="46.374205" lon="13.804995">
				<ele>1084.000000</ele>
			</trkpt>
			<trkpt lat="46.374212" lon="13.805067">
				<ele>1086.000000</ele>
			</trkpt>
			<trkpt lat="46.374180" lon="13.805103">
				<ele>1088.000000</ele>
			</trkpt>
			<trkpt lat="46.374149" lon="13.805130">
				<ele>1089.000000</ele>
			</trkpt>
			<trkpt lat="46.374094" lon="13.805193">
				<ele>1092.000000</ele>
			</trkpt>
			<trkpt lat="46.374081" lon="13.805237">
				<ele>1093.000000</ele>
			</trkpt>
			<trkpt lat="46.374112" lon="13.805283">
				<ele>1095.000000</ele>
			</trkpt>
			<trkpt lat="46.374088" lon="13.805300">
				<ele>1096.000000</ele>
			</trkpt>
			<trkpt lat="46.374069" lon="13.805337">
				<ele>1097.000000</ele>
			</trkpt>
			<trkpt lat="46.374081" lon="13.805390">
				<ele>1098.000000</ele>
			</trkpt>
			<trkpt lat="46.374069" lon="13.805417">
				<ele>1099.000000</ele>
			</trkpt>
			<trkpt lat="46.374044" lon="13.805497">
				<ele>1102.000000</ele>
			</trkpt>
			<trkpt lat="46.374069" lon="13.805534">
				<ele>1103.000000</ele>
			</trkpt>
			<trkpt lat="46.374088" lon="13.805543">
				<ele>1105.000000</ele>
			</trkpt>
			<trkpt lat="46.374088" lon="13.805587">
				<ele>1106.000000</ele>
			</trkpt>
			<trkpt lat="46.374057" lon="13.805587">
				<ele>1108.000000</ele>
			</trkpt>
			<trkpt lat="46.374025" lon="13.805597">
				<ele>1110.000000</ele>
			</trkpt>
			<trkpt lat="46.374032" lon="13.805633">
				<ele>1111.000000</ele>
			</trkpt>
			<trkpt lat="46.374075" lon="13.805677">
				<ele>1114.000000</ele>
			</trkpt>
			<trkpt lat="46.374106" lon="13.805732">
				<ele>1117.000000</ele>
			</trkpt>
			<trkpt lat="46.374125" lon="13.805776">
				<ele>1119.000000</ele>
			</trkpt>
			<trkpt lat="46.374112" lon="13.805866">
				<ele>1125.000000</ele>
			</trkpt>
			<trkpt lat="46.374094" lon="13.805902">
				<ele>1129.000000</ele>
			</trkpt>
			<trkpt lat="46.374075" lon="13.805929">
				<ele>1131.000000</ele>
			</trkpt>
			<trkpt lat="46.374019" lon="13.805920">
				<ele>1134.000000</ele>
			</trkpt>
			<trkpt lat="46.374025" lon="13.805983">
				<ele>1137.000000</ele>
			</trkpt>
			<trkpt lat="46.373988" lon="13.805983">
				<ele>1139.000000</ele>
			</trkpt>
			<trkpt lat="46.373945" lon="13.805992">
				<ele>1143.000000</ele>
			</trkpt>
			<trkpt lat="46.373933" lon="13.806010">
				<ele>1144.000000</ele>
			</trkpt>
			<trkpt lat="46.373908" lon="13.806000">
				<ele>1146.000000</ele>
			</trkpt>
			<trkpt lat="46.373889" lon="13.806019">
				<ele>1148.000000</ele>
			</trkpt>
			<trkpt lat="46.373920" lon="13.806073">
				<ele>1151.000000</ele>
			</trkpt>
			<trkpt lat="46.373901" lon="13.806082">
				<ele>1152.000000</ele>
			</trkpt>
			<trkpt lat="46.373870" lon="13.806063">
				<ele>1154.000000</ele>
			</trkpt>
			<trkpt lat="46.373840" lon="13.806073">
				<ele>1155.000000</ele>
			</trkpt>
			<trkpt lat="46.373790" lon="13.806082">
				<ele>1158.000000</ele>
			</trkpt>
			<trkpt lat="46.373765" lon="13.806082">
				<ele>1159.000000</ele>
			</trkpt>
			<trkpt lat="46.373746" lon="13.806100">
				<ele>1161.000000</ele>
			</trkpt>
			<trkpt lat="46.373759" lon="13.806172">
				<ele>1165.000000</ele>
			</trkpt>
			<trkpt lat="46.373734" lon="13.806199">
				<ele>1168.000000</ele>
			</trkpt>
			<trkpt lat="46.373672" lon="13.806208">
				<ele>1173.000000</ele>
			</trkpt>
			<trkpt lat="46.373635" lon="13.806208">
				<ele>1175.000000</ele>
			</trkpt>
			<trkpt lat="46.373616" lon="13.806235">
				<ele>1176.000000</ele>
			</trkpt>
			<trkpt lat="46.373591" lon="13.806243">
				<ele>1178.000000</ele>
			</trkpt>
			<trkpt lat="46.373567" lon="13.806243">
				<ele>1179.000000</ele>
			</trkpt>
			<trkpt lat="46.373524" lon="13.806243">
				<ele>1183.000000</ele>
			</trkpt>
			<trkpt lat="46.373511" lon="13.806298">
				<ele>1187.000000</ele>
			</trkpt>
			<trkpt lat="46.373480" lon="13.806325">
				<ele>1191.000000</ele>
			</trkpt>
			<trkpt lat="46.373455" lon="13.806333">
				<ele>1193.000000</ele>
			</trkpt>
			<trkpt lat="46.373437" lon="13.806325">
				<ele>1195.000000</ele>
			</trkpt>
			<trkpt lat="46.373418" lon="13.806342">
				<ele>1197.000000</ele>
			</trkpt>
			<trkpt lat="46.373400" lon="13.806360">
				<ele>1199.000000</ele>
			</trkpt>
			<trkpt lat="46.373325" lon="13.806396">
				<ele>1204.000000</ele>
			</trkpt>
			<trkpt lat="46.373232" lon="13.806405">
				<ele>1211.000000</ele>
			</trkpt>
			<trkpt lat="46.373146" lon="13.806379">
				<ele>1214.000000</ele>
			</trkpt>
			<trkpt lat="46.373083" lon="13.806388">
				<ele>1217.000000</ele>
			</trkpt>
			<trkpt lat="46.373058" lon="13.806415">
				<ele>1219.000000</ele>
			</trkpt>
			<trkpt lat="46.373046" lon="13.806459">
				<ele>1220.000000</ele>
			</trkpt>
			<trkpt lat="46.372947" lon="13.806486">
				<ele>1227.000000</ele>
			</trkpt>
			<trkpt lat="46.372656" lon="13.806486">
				<ele>1248.000000</ele>
			</trkpt>
			<trkpt lat="46.372433" lon="13.806450">
				<ele>1264.000000</ele>
			</trkpt>
			<trkpt lat="46.372377" lon="13.806369">
				<ele>1271.000000</ele>
			</trkpt>
			<trkpt lat="46.372395" lon="13.806333">
				<ele>1273.000000</ele>
			</trkpt>
			<trkpt lat="46.372389" lon="13.806316">
				<ele>1274.000000</ele>
			</trkpt>
			<trkpt lat="46.372377" lon="13.806306">
				<ele>1274.000000</ele>
			</trkpt>
			<trkpt lat="46.372364" lon="13.806325">
				<ele>1276.000000</ele>
			</trkpt>
			<trkpt lat="46.372315" lon="13.806306">
				<ele>1279.000000</ele>
			</trkpt>
			<trkpt lat="46.372278" lon="13.806325">
				<ele>1282.000000</ele>
			</trkpt>
			<trkpt lat="46.372247" lon="13.806325">
				<ele>1285.000000</ele>
			</trkpt>
			<trkpt lat="46.372160" lon="13.806325">
				<ele>1294.000000</ele>
			</trkpt>
			<trkpt lat="46.372030" lon="13.806333">
				<ele>1310.000000</ele>
			</trkpt>
			<trkpt lat="46.372018" lon="13.806369">
				<ele>1310.000000</ele>
			</trkpt>
			<trkpt lat="46.371993" lon="13.806342">
				<ele>1315.000000</ele>
			</trkpt>
			<trkpt lat="46.371924" lon="13.806262">
				<ele>1330.000000</ele>
			</trkpt>
			<trkpt lat="46.371906" lon="13.806316">
				<ele>1330.000000</ele>
			</trkpt>
			<trkpt lat="46.371869" lon="13.806298">
				<ele>1330.000000</ele>
			</trkpt>
			<trkpt lat="46.371869" lon="13.806342">
				<ele>1330.000000</ele>
			</trkpt>
			<trkpt lat="46.371837" lon="13.806369">
				<ele>1330.000000</ele>
			</trkpt>
			<trkpt lat="46.371757" lon="13.806405">
				<ele>1335.000000</ele>
			</trkpt>
			<trkpt lat="46.371770" lon="13.806442">
				<ele>1337.000000</ele>
			</trkpt>
			<trkpt lat="46.371701" lon="13.806415">
				<ele>1342.000000</ele>
			</trkpt>
			<trkpt lat="46.371707" lon="13.806576">
				<ele>1350.000000</ele>
			</trkpt>
			<trkpt lat="46.371869" lon="13.806594">
				<ele>1350.000000</ele>
			</trkpt>
			<trkpt lat="46.371850" lon="13.806692">
				<ele>1351.000000</ele>
			</trkpt>
			<trkpt lat="46.371862" lon="13.806872">
				<ele>1356.000000</ele>
			</trkpt>
			<trkpt lat="46.371930" lon="13.806962">
				<ele>1359.000000</ele>
			</trkpt>
			<trkpt lat="46.371906" lon="13.806998">
				<ele>1362.000000</ele>
			</trkpt>
			<trkpt lat="46.371875" lon="13.807025">
				<ele>1370.000000</ele>
			</trkpt>
			<trkpt lat="46.371875" lon="13.807105">
				<ele>1372.000000</ele>
			</trkpt>
			<trkpt lat="46.371875" lon="13.807195">
				<ele>1374.000000</ele>
			</trkpt>
			<trkpt lat="46.371856" lon="13.807250">
				<ele>1375.000000</ele>
			</trkpt>
			<trkpt lat="46.371819" lon="13.807187">
				<ele>1377.000000</ele>
			</trkpt>
			<trkpt lat="46.371806" lon="13.807187">
				<ele>1378.000000</ele>
			</trkpt>
			<trkpt lat="46.371812" lon="13.807321">
				<ele>1380.000000</ele>
			</trkpt>
			<trkpt lat="46.371739" lon="13.807367">
				<ele>1384.000000</ele>
			</trkpt>
			<trkpt lat="46.371732" lon="13.807430">
				<ele>1385.000000</ele>
			</trkpt>
			<trkpt lat="46.371720" lon="13.807465">
				<ele>1387.000000</ele>
			</trkpt>
			<trkpt lat="46.371732" lon="13.807518">
				<ele>1388.000000</ele>
			</trkpt>
			<trkpt lat="46.371776" lon="13.807555">
				<ele>1390.000000</ele>
			</trkpt>
			<trkpt lat="46.371906" lon="13.807600">
				<ele>1390.000000</ele>
			</trkpt>
			<trkpt lat="46.371943" lon="13.807690">
				<ele>1392.000000</ele>
			</trkpt>
			<trkpt lat="46.372042" lon="13.807744">
				<ele>1397.000000</ele>
			</trkpt>
			<trkpt lat="46.372048" lon="13.807753">
				<ele>1398.000000</ele>
			</trkpt>
			<trkpt lat="46.372030" lon="13.807788">
				<ele>1399.000000</ele>
			</trkpt>
			<trkpt lat="46.372061" lon="13.807843">
				<ele>1402.000000</ele>
			</trkpt>
			<trkpt lat="46.372036" lon="13.807878">
				<ele>1404.000000</ele>
			</trkpt>
			<trkpt lat="46.372079" lon="13.808023">
				<ele>1411.000000</ele>
			</trkpt>
			<trkpt lat="46.372067" lon="13.808310">
				<ele>1425.000000</ele>
			</trkpt>
			<trkpt lat="46.372079" lon="13.808363">
				<ele>1427.000000</ele>
			</trkpt>
			<trkpt lat="46.372067" lon="13.808400">
				<ele>1428.000000</ele>
			</trkpt>
			<trkpt lat="46.372042" lon="13.808409">
				<ele>1429.000000</ele>
			</trkpt>
			<trkpt lat="46.371961" lon="13.808453">
				<ele>1433.000000</ele>
			</trkpt>
			<trkpt lat="46.371912" lon="13.808489">
				<ele>1436.000000</ele>
			</trkpt>
			<trkpt lat="46.371875" lon="13.808534">
				<ele>1438.000000</ele>
			</trkpt>
			<trkpt lat="46.371850" lon="13.808579">
				<ele>1440.000000</ele>
			</trkpt>
			<trkpt lat="46.371831" lon="13.808616">
				<ele>1442.000000</ele>
			</trkpt>
			<trkpt lat="46.371782" lon="13.808696">
				<ele>1445.000000</ele>
			</trkpt>
			<trkpt lat="46.371739" lon="13.809029">
				<ele>1459.000000</ele>
			</trkpt>
			<trkpt lat="46.371695" lon="13.809226">
				<ele>1475.000000</ele>
			</trkpt>
			<trkpt lat="46.371682" lon="13.809271">
				<ele>1481.000000</ele>
			</trkpt>
			<trkpt lat="46.371627" lon="13.809325">
				<ele>1492.000000</ele>
			</trkpt>
			<trkpt lat="46.371559" lon="13.809396">
				<ele>1502.000000</ele>
			</trkpt>
			<trkpt lat="46.371503" lon="13.809468">
				<ele>1510.000000</ele>
			</trkpt>
			<trkpt lat="46.371447" lon="13.809541">
				<ele>1513.000000</ele>
			</trkpt>
			<trkpt lat="46.371422" lon="13.809568">
				<ele>1514.000000</ele>
			</trkpt>
			<trkpt lat="46.371403" lon="13.809612">
				<ele>1516.000000</ele>
			</trkpt>
			<trkpt lat="46.371460" lon="13.809604">
				<ele>1518.000000</ele>
			</trkpt>
			<trkpt lat="46.371397" lon="13.809774">
				<ele>1531.000000</ele>
			</trkpt>
			<trkpt lat="46.371447" lon="13.809792">
				<ele>1533.000000</ele>
			</trkpt>
			<trkpt lat="46.371596" lon="13.809747">
				<ele>1539.000000</ele>
			</trkpt>
			<trkpt lat="46.371639" lon="13.809782">
				<ele>1542.000000</ele>
			</trkpt>
			<trkpt lat="46.371621" lon="13.809845">
				<ele>1545.000000</ele>
			</trkpt>
			<trkpt lat="46.371577" lon="13.809908">
				<ele>1549.000000</ele>
			</trkpt>
			<trkpt lat="46.371546" lon="13.810052">
				<ele>1555.000000</ele>
			</trkpt>
			<trkpt lat="46.371527" lon="13.810232">
				<ele>1563.000000</ele>
			</trkpt>
			<trkpt lat="46.371491" lon="13.810268">
				<ele>1565.000000</ele>
			</trkpt>
			<trkpt lat="46.371478" lon="13.810430">
				<ele>1571.000000</ele>
			</trkpt>
			<trkpt lat="46.371491" lon="13.810501">
				<ele>1574.000000</ele>
			</trkpt>
			<trkpt lat="46.371466" lon="13.810726">
				<ele>1582.000000</ele>
			</trkpt>
			<trkpt lat="46.371497" lon="13.810924">
				<ele>1587.000000</ele>
			</trkpt>
			<trkpt lat="46.371527" lon="13.811176">
				<ele>1593.000000</ele>
			</trkpt>
			<trkpt lat="46.371485" lon="13.811300">
				<ele>1597.000000</ele>
			</trkpt>
			<trkpt lat="46.371441" lon="13.811346">
				<ele>1599.000000</ele>
			</trkpt>
			<trkpt lat="46.371354" lon="13.811346">
				<ele>1602.000000</ele>
			</trkpt>
			<trkpt lat="46.371354" lon="13.811247">
				<ele>1604.000000</ele>
			</trkpt>
			<trkpt lat="46.371379" lon="13.811176">
				<ele>1606.000000</ele>
			</trkpt>
			<trkpt lat="46.371367" lon="13.811103">
				<ele>1607.000000</ele>
			</trkpt>
			<trkpt lat="46.371212" lon="13.811193">
				<ele>1615.000000</ele>
			</trkpt>
			<trkpt lat="46.371057" lon="13.811283">
				<ele>1625.000000</ele>
			</trkpt>
			<trkpt lat="46.370858" lon="13.811363">
				<ele>1641.000000</ele>
			</trkpt>
			<trkpt lat="46.370679" lon="13.811409">
				<ele>1651.000000</ele>
			</trkpt>
			<trkpt lat="46.370629" lon="13.811669">
				<ele>1660.000000</ele>
			</trkpt>
			<trkpt lat="46.370455" lon="13.811616">
				<ele>1670.000000</ele>
			</trkpt>
			<trkpt lat="46.370232" lon="13.811625">
				<ele>1683.000000</ele>
			</trkpt>
			<trkpt lat="46.370170" lon="13.811562">
				<ele>1687.000000</ele>
			</trkpt>
			<trkpt lat="46.370115" lon="13.811679">
				<ele>1692.000000</ele>
			</trkpt>
			<trkpt lat="46.370084" lon="13.811929">
				<ele>1699.000000</ele>
			</trkpt>
			<trkpt lat="46.370090" lon="13.812172">
				<ele>1705.000000</ele>
			</trkpt>
			<trkpt lat="46.370115" lon="13.812208">
				<ele>1707.000000</ele>
			</trkpt>
			<trkpt lat="46.370102" lon="13.812271">
				<ele>1708.000000</ele>
			</trkpt>
			<trkpt lat="46.370096" lon="13.812397">
				<ele>1712.000000</ele>
			</trkpt>
			<trkpt lat="46.370127" lon="13.812532">
				<ele>1717.000000</ele>
			</trkpt>
			<trkpt lat="46.370158" lon="13.812640">
				<ele>1722.000000</ele>
			</trkpt>
			<trkpt lat="46.370127" lon="13.812747">
				<ele>1726.000000</ele>
			</trkpt>
			<trkpt lat="46.370015" lon="13.812747">
				<ele>1731.000000</ele>
			</trkpt>
			<trkpt lat="46.369867" lon="13.812721">
				<ele>1738.000000</ele>
			</trkpt>
			<trkpt lat="46.369842" lon="13.812784">
				<ele>1740.000000</ele>
			</trkpt>
			<trkpt lat="46.369823" lon="13.813214">
				<ele>1753.000000</ele>
			</trkpt>
			<trkpt lat="46.369854" lon="13.813287">
				<ele>1756.000000</ele>
			</trkpt>
			<trkpt lat="46.369891" lon="13.813484">
				<ele>1762.000000</ele>
			</trkpt>
			<trkpt lat="46.369960" lon="13.813772">
				<ele>1773.000000</ele>
			</trkpt>
			<trkpt lat="46.369972" lon="13.813906">
				<ele>1778.000000</ele>
			</trkpt>
			<trkpt lat="46.369966" lon="13.814005">
				<ele>1782.000000</ele>
			</trkpt>
			<trkpt lat="46.369935" lon="13.814095">
				<ele>1785.000000</ele>
			</trkpt>
			<trkpt lat="46.369903" lon="13.814373">
				<ele>1794.000000</ele>
			</trkpt>
			<trkpt lat="46.369830" lon="13.814499">
				<ele>1798.000000</ele>
			</trkpt>
			<trkpt lat="46.369786" lon="13.814688">
				<ele>1802.000000</ele>
			</trkpt>
			<trkpt lat="46.369494" lon="13.814992">
				<ele>1816.000000</ele>
			</trkpt>
			<trkpt lat="46.369451" lon="13.815011">
				<ele>1817.000000</ele>
			</trkpt>
			<trkpt lat="46.369414" lon="13.815065">
				<ele>1820.000000</ele>
			</trkpt>
			<trkpt lat="46.369414" lon="13.815137">
				<ele>1822.000000</ele>
			</trkpt>
			<trkpt lat="46.369439" lon="13.815191">
				<ele>1824.000000</ele>
			</trkpt>
			<trkpt lat="46.369501" lon="13.815208">
				<ele>1826.000000</ele>
			</trkpt>
			<trkpt lat="46.369544" lon="13.815245">
				<ele>1829.000000</ele>
			</trkpt>
			<trkpt lat="46.369532" lon="13.815325">
				<ele>1832.000000</ele>
			</trkpt>
			<trkpt lat="46.369513" lon="13.815407">
				<ele>1835.000000</ele>
			</trkpt>
			<trkpt lat="46.369532" lon="13.815424">
				<ele>1836.000000</ele>
			</trkpt>
			<trkpt lat="46.369519" lon="13.815470">
				<ele>1838.000000</ele>
			</trkpt>
			<trkpt lat="46.369557" lon="13.815524">
				<ele>1841.000000</ele>
			</trkpt>
			<trkpt lat="46.369494" lon="13.815621">
				<ele>1846.000000</ele>
			</trkpt>
			<trkpt lat="46.369451" lon="13.815738">
				<ele>1850.000000</ele>
			</trkpt>
			<trkpt lat="46.369433" lon="13.815927">
				<ele>1858.000000</ele>
			</trkpt>
			<trkpt lat="46.369470" lon="13.815981">
				<ele>1861.000000</ele>
			</trkpt>
			<trkpt lat="46.369488" lon="13.816026">
				<ele>1863.000000</ele>
			</trkpt>
			<trkpt lat="46.369513" lon="13.816071">
				<ele>1865.000000</ele>
			</trkpt>
			<trkpt lat="46.369625" lon="13.816017">
				<ele>1871.000000</ele>
			</trkpt>
			<trkpt lat="46.369780" lon="13.816107">
				<ele>1881.000000</ele>
			</trkpt>
			<trkpt lat="46.369966" lon="13.816134">
				<ele>1891.000000</ele>
			</trkpt>
			<trkpt lat="46.369848" lon="13.816233">
				<ele>1894.000000</ele>
			</trkpt>
			<trkpt lat="46.369773" lon="13.816269">
				<ele>1895.000000</ele>
			</trkpt>
			<trkpt lat="46.369736" lon="13.816260">
				<ele>1896.000000</ele>
			</trkpt>
			<trkpt lat="46.369643" lon="13.816350">
				<ele>1898.000000</ele>
			</trkpt>
			<trkpt lat="46.369588" lon="13.816422">
				<ele>1899.000000</ele>
			</trkpt>
			<trkpt lat="46.369582" lon="13.816466">
				<ele>1900.000000</ele>
			</trkpt>
			<trkpt lat="46.369544" lon="13.816520">
				<ele>1901.000000</ele>
			</trkpt>
			<trkpt lat="46.369494" lon="13.816566">
				<ele>1902.000000</ele>
			</trkpt>
			<trkpt lat="46.369389" lon="13.816583">
				<ele>1905.000000</ele>
			</trkpt>
			<trkpt lat="46.369284" lon="13.816600">
				<ele>1907.000000</ele>
			</trkpt>
			<trkpt lat="46.369215" lon="13.816583">
				<ele>1909.000000</ele>
			</trkpt>
			<trkpt lat="46.369185" lon="13.816556">
				<ele>1910.000000</ele>
			</trkpt>
			<trkpt lat="46.369179" lon="13.816566">
				<ele>1910.000000</ele>
			</trkpt>
			<trkpt lat="46.369172" lon="13.816574">
				<ele>1910.000000</ele>
			</trkpt>
			<trkpt lat="46.369172" lon="13.816592">
				<ele>1910.000000</ele>
			</trkpt>
			<trkpt lat="46.369179" lon="13.816610">
				<ele>1911.000000</ele>
			</trkpt>
			<trkpt lat="46.369234" lon="13.816655">
				<ele>1912.000000</ele>
			</trkpt>
			<trkpt lat="46.369278" lon="13.816663">
				<ele>1912.000000</ele>
			</trkpt>
			<trkpt lat="46.369327" lon="13.816655">
				<ele>1913.000000</ele>
			</trkpt>
			<trkpt lat="46.369371" lon="13.816673">
				<ele>1914.000000</ele>
			</trkpt>
			<trkpt lat="46.369433" lon="13.816727">
				<ele>1915.000000</ele>
			</trkpt>
			<trkpt lat="46.369494" lon="13.816745">
				<ele>1916.000000</ele>
			</trkpt>
			<trkpt lat="46.369618" lon="13.816753">
				<ele>1919.000000</ele>
			</trkpt>
			<trkpt lat="46.369681" lon="13.816763">
				<ele>1920.000000</ele>
			</trkpt>
			<trkpt lat="46.369718" lon="13.816763">
				<ele>1920.000000</ele>
			</trkpt>
			<trkpt lat="46.369736" lon="13.816753">
				<ele>1921.000000</ele>
			</trkpt>
			<trkpt lat="46.369742" lon="13.816753">
				<ele>1921.000000</ele>
			</trkpt>
			<trkpt lat="46.369742" lon="13.816763">
				<ele>1921.000000</ele>
			</trkpt>
			<trkpt lat="46.369742" lon="13.816772">
				<ele>1921.000000</ele>
			</trkpt>
			<trkpt lat="46.369736" lon="13.816790">
				<ele>1922.000000</ele>
			</trkpt>
			<trkpt lat="46.369699" lon="13.816816">
				<ele>1923.000000</ele>
			</trkpt>
			<trkpt lat="46.369594" lon="13.816879">
				<ele>1926.000000</ele>
			</trkpt>
			<trkpt lat="46.369488" lon="13.816942">
				<ele>1929.000000</ele>
			</trkpt>
			<trkpt lat="46.369346" lon="13.816960">
				<ele>1931.000000</ele>
			</trkpt>
			<trkpt lat="46.369333" lon="13.816942">
				<ele>1932.000000</ele>
			</trkpt>
			<trkpt lat="46.369290" lon="13.816889">
				<ele>1932.000000</ele>
			</trkpt>
			<trkpt lat="46.369228" lon="13.816853">
				<ele>1933.000000</ele>
			</trkpt>
			<trkpt lat="46.369197" lon="13.816826">
				<ele>1934.000000</ele>
			</trkpt>
			<trkpt lat="46.369123" lon="13.816763">
				<ele>1935.000000</ele>
			</trkpt>
			<trkpt lat="46.369085" lon="13.816736">
				<ele>1936.000000</ele>
			</trkpt>
			<trkpt lat="46.369042" lon="13.816736">
				<ele>1937.000000</ele>
			</trkpt>
			<trkpt lat="46.368993" lon="13.816763">
				<ele>1937.000000</ele>
			</trkpt>
			<trkpt lat="46.368863" lon="13.816727">
				<ele>1939.000000</ele>
			</trkpt>
			<trkpt lat="46.368726" lon="13.816629">
				<ele>1942.000000</ele>
			</trkpt>
			<trkpt lat="46.368627" lon="13.816529">
				<ele>1944.000000</ele>
			</trkpt>
			<trkpt lat="46.368509" lon="13.816466">
				<ele>1945.000000</ele>
			</trkpt>
			<trkpt lat="46.368447" lon="13.816430">
				<ele>1946.000000</ele>
			</trkpt>
			<trkpt lat="46.368403" lon="13.816367">
				<ele>1947.000000</ele>
			</trkpt>
			<trkpt lat="46.368397" lon="13.816340">
				<ele>1948.000000</ele>
			</trkpt>
			<trkpt lat="46.368397" lon="13.816296">
				<ele>1948.000000</ele>
			</trkpt>
			<trkpt lat="46.368397" lon="13.816233">
				<ele>1949.000000</ele>
			</trkpt>
			<trkpt lat="46.368385" lon="13.816242">
				<ele>1949.000000</ele>
			</trkpt>
			<trkpt lat="46.368379" lon="13.816260">
				<ele>1949.000000</ele>
			</trkpt>
			<trkpt lat="46.368379" lon="13.816367">
				<ele>1950.000000</ele>
			</trkpt>
			<trkpt lat="46.368379" lon="13.816403">
				<ele>1951.000000</ele>
			</trkpt>
			<trkpt lat="46.368403" lon="13.816476">
				<ele>1952.000000</ele>
			</trkpt>
			<trkpt lat="46.368422" lon="13.816520">
				<ele>1952.000000</ele>
			</trkpt>
			<trkpt lat="46.368441" lon="13.816574">
				<ele>1953.000000</ele>
			</trkpt>
			<trkpt lat="46.368466" lon="13.816610">
				<ele>1953.000000</ele>
			</trkpt>
			<trkpt lat="46.368478" lon="13.816637">
				<ele>1954.000000</ele>
			</trkpt>
			<trkpt lat="46.368491" lon="13.816655">
				<ele>1954.000000</ele>
			</trkpt>
			<trkpt lat="46.368484" lon="13.816673">
				<ele>1954.000000</ele>
			</trkpt>
			<trkpt lat="46.368472" lon="13.816673">
				<ele>1954.000000</ele>
			</trkpt>
			<trkpt lat="46.368453" lon="13.816646">
				<ele>1955.000000</ele>
			</trkpt>
			<trkpt lat="46.368403" lon="13.816610">
				<ele>1956.000000</ele>
			</trkpt>
			<trkpt lat="46.368280" lon="13.816503">
				<ele>1958.000000</ele>
			</trkpt>
			<trkpt lat="46.368199" lon="13.816457">
				<ele>1959.000000</ele>
			</trkpt>
			<trkpt lat="46.368149" lon="13.816430">
				<ele>1960.000000</ele>
			</trkpt>
			<trkpt lat="46.368106" lon="13.816430">
				<ele>1961.000000</ele>
			</trkpt>
			<trkpt lat="46.368094" lon="13.816449">
				<ele>1961.000000</ele>
			</trkpt>
			<trkpt lat="46.368100" lon="13.816466">
				<ele>1962.000000</ele>
			</trkpt>
			<trkpt lat="46.368143" lon="13.816484">
				<ele>1963.000000</ele>
			</trkpt>
			<trkpt lat="46.368168" lon="13.816503">
				<ele>1963.000000</ele>
			</trkpt>
			<trkpt lat="46.368193" lon="13.816539">
				<ele>1964.000000</ele>
			</trkpt>
			<trkpt lat="46.368242" lon="13.816600">
				<ele>1966.000000</ele>
			</trkpt>
			<trkpt lat="46.368286" lon="13.816637">
				<ele>1967.000000</ele>
			</trkpt>
			<trkpt lat="46.368317" lon="13.816682">
				<ele>1968.000000</ele>
			</trkpt>
			<trkpt lat="46.368323" lon="13.816700">
				<ele>1969.000000</ele>
			</trkpt>
			<trkpt lat="46.368323" lon="13.816745">
				<ele>1970.000000</ele>
			</trkpt>
			<trkpt lat="46.368336" lon="13.816799">
				<ele>1970.000000</ele>
			</trkpt>
			<trkpt lat="46.368354" lon="13.816808">
				<ele>1970.000000</ele>
			</trkpt>
			<trkpt lat="46.368379" lon="13.816835">
				<ele>1970.000000</ele>
			</trkpt>
			<trkpt lat="46.368403" lon="13.816853">
				<ele>1970.000000</ele>
			</trkpt>
			<trkpt lat="46.368422" lon="13.816879">
				<ele>1970.000000</ele>
			</trkpt>
			<trkpt lat="46.368441" lon="13.816969">
				<ele>1971.000000</ele>
			</trkpt>
			<trkpt lat="46.368453" lon="13.817032">
				<ele>1972.000000</ele>
			</trkpt>
			<trkpt lat="46.368484" lon="13.817068">
				<ele>1973.000000</ele>
			</trkpt>
			<trkpt lat="46.368534" lon="13.817140">
				<ele>1975.000000</ele>
			</trkpt>
			<trkpt lat="46.368609" lon="13.817195">
				<ele>1977.000000</ele>
			</trkpt>
			<trkpt lat="46.368689" lon="13.817256">
				<ele>1980.000000</ele>
			</trkpt>
			<trkpt lat="46.368726" lon="13.817329">
				<ele>1981.000000</ele>
			</trkpt>
			<trkpt lat="46.368794" lon="13.817445">
				<ele>1984.000000</ele>
			</trkpt>
			<trkpt lat="46.368825" lon="13.817508">
				<ele>1985.000000</ele>
			</trkpt>
			<trkpt lat="46.368838" lon="13.817554">
				<ele>1986.000000</ele>
			</trkpt>
			<trkpt lat="46.368850" lon="13.817571">
				<ele>1986.000000</ele>
			</trkpt>
			<trkpt lat="46.368850" lon="13.817581">
				<ele>1986.000000</ele>
			</trkpt>
			<trkpt lat="46.368844" lon="13.817589">
				<ele>1986.000000</ele>
			</trkpt>
			<trkpt lat="46.368838" lon="13.817589">
				<ele>1986.000000</ele>
			</trkpt>
			<trkpt lat="46.368813" lon="13.817571">
				<ele>1987.000000</ele>
			</trkpt>
			<trkpt lat="46.368651" lon="13.817472">
				<ele>1992.000000</ele>
			</trkpt>
			<trkpt lat="46.368565" lon="13.817455">
				<ele>1994.000000</ele>
			</trkpt>
			<trkpt lat="46.368478" lon="13.817455">
				<ele>1996.000000</ele>
			</trkpt>
			<trkpt lat="46.368435" lon="13.817464">
				<ele>1998.000000</ele>
			</trkpt>
			<trkpt lat="46.368410" lon="13.817472">
				<ele>1998.000000</ele>
			</trkpt>
			<trkpt lat="46.368379" lon="13.817472">
				<ele>1999.000000</ele>
			</trkpt>
			<trkpt lat="46.368336" lon="13.817455">
				<ele>2000.000000</ele>
			</trkpt>
			<trkpt lat="46.368286" lon="13.817401">
				<ele>2002.000000</ele>
			</trkpt>
			<trkpt lat="46.368230" lon="13.817374">
				<ele>2003.000000</ele>
			</trkpt>
			<trkpt lat="46.368100" lon="13.817365">
				<ele>2006.000000</ele>
			</trkpt>
			<trkpt lat="46.368081" lon="13.817355">
				<ele>2006.000000</ele>
			</trkpt>
			<trkpt lat="46.368075" lon="13.817355">
				<ele>2006.000000</ele>
			</trkpt>
			<trkpt lat="46.368075" lon="13.817382">
				<ele>2007.000000</ele>
			</trkpt>
			<trkpt lat="46.368088" lon="13.817428">
				<ele>2007.000000</ele>
			</trkpt>
			<trkpt lat="46.368112" lon="13.817491">
				<ele>2008.000000</ele>
			</trkpt>
			<trkpt lat="46.368131" lon="13.817581">
				<ele>2010.000000</ele>
			</trkpt>
			<trkpt lat="46.368143" lon="13.817706">
				<ele>2012.000000</ele>
			</trkpt>
			<trkpt lat="46.368137" lon="13.817732">
				<ele>2013.000000</ele>
			</trkpt>
			<trkpt lat="46.368131" lon="13.817742">
				<ele>2013.000000</ele>
			</trkpt>
			<trkpt lat="46.368094" lon="13.817724">
				<ele>2014.000000</ele>
			</trkpt>
			<trkpt lat="46.368057" lon="13.817688">
				<ele>2015.000000</ele>
			</trkpt>
			<trkpt lat="46.368032" lon="13.817679">
				<ele>2016.000000</ele>
			</trkpt>
			<trkpt lat="46.367970" lon="13.817697">
				<ele>2018.000000</ele>
			</trkpt>
			<trkpt lat="46.367963" lon="13.817706">
				<ele>2018.000000</ele>
			</trkpt>
			<trkpt lat="46.367957" lon="13.817732">
				<ele>2019.000000</ele>
			</trkpt>
			<trkpt lat="46.367970" lon="13.817751">
				<ele>2019.000000</ele>
			</trkpt>
			<trkpt lat="46.367988" lon="13.817769">
				<ele>2020.000000</ele>
			</trkpt>
			<trkpt lat="46.367994" lon="13.817795">
				<ele>2020.000000</ele>
			</trkpt>
			<trkpt lat="46.367988" lon="13.817814">
				<ele>2021.000000</ele>
			</trkpt>
			<trkpt lat="46.367976" lon="13.817814">
				<ele>2021.000000</ele>
			</trkpt>
			<trkpt lat="46.367871" lon="13.817778">
				<ele>2023.000000</ele>
			</trkpt>
			<trkpt lat="46.367846" lon="13.817751">
				<ele>2024.000000</ele>
			</trkpt>
			<trkpt lat="46.367827" lon="13.817715">
				<ele>2025.000000</ele>
			</trkpt>
			<trkpt lat="46.367815" lon="13.817724">
				<ele>2025.000000</ele>
			</trkpt>
			<trkpt lat="46.367803" lon="13.817732">
				<ele>2025.000000</ele>
			</trkpt>
			<trkpt lat="46.367784" lon="13.817778">
				<ele>2026.000000</ele>
			</trkpt>
			<trkpt lat="46.367759" lon="13.817858">
				<ele>2027.000000</ele>
			</trkpt>
			<trkpt lat="46.367678" lon="13.817958">
				<ele>2030.000000</ele>
			</trkpt>
			<trkpt lat="46.367654" lon="13.818011">
				<ele>2031.000000</ele>
			</trkpt>
			<trkpt lat="46.367635" lon="13.818065">
				<ele>2032.000000</ele>
			</trkpt>
			<trkpt lat="46.367635" lon="13.818137">
				<ele>2033.000000</ele>
			</trkpt>
			<trkpt lat="46.367648" lon="13.818281">
				<ele>2036.000000</ele>
			</trkpt>
			<trkpt lat="46.367648" lon="13.818398">
				<ele>2038.000000</ele>
			</trkpt>
			<trkpt lat="46.367604" lon="13.818541">
				<ele>2040.000000</ele>
			</trkpt>
			<trkpt lat="46.367524" lon="13.818613">
				<ele>2040.000000</ele>
			</trkpt>
			<trkpt lat="46.367418" lon="13.818713">
				<ele>2040.000000</ele>
			</trkpt>
			<trkpt lat="46.367338" lon="13.818793">
				<ele>2042.000000</ele>
			</trkpt>
			<trkpt lat="46.367214" lon="13.818883">
				<ele>2044.000000</ele>
			</trkpt>
			<trkpt lat="46.367164" lon="13.818883">
				<ele>2045.000000</ele>
			</trkpt>
			<trkpt lat="46.367040" lon="13.818954">
				<ele>2048.000000</ele>
			</trkpt>
			<trkpt lat="46.367040" lon="13.818982">
				<ele>2048.000000</ele>
			</trkpt>
			<trkpt lat="46.367108" lon="13.818990">
				<ele>2049.000000</ele>
			</trkpt>
			<trkpt lat="46.367164" lon="13.818990">
				<ele>2050.000000</ele>
			</trkpt>
			<trkpt lat="46.367189" lon="13.819000">
				<ele>2051.000000</ele>
			</trkpt>
			<trkpt lat="46.367151" lon="13.819009">
				<ele>2051.000000</ele>
			</trkpt>
			<trkpt lat="46.367096" lon="13.819026">
				<ele>2053.000000</ele>
			</trkpt>
			<trkpt lat="46.367065" lon="13.819053">
				<ele>2054.000000</ele>
			</trkpt>
			<trkpt lat="46.367077" lon="13.819063">
				<ele>2054.000000</ele>
			</trkpt>
			<trkpt lat="46.367133" lon="13.819063">
				<ele>2055.000000</ele>
			</trkpt>
			<trkpt lat="46.367195" lon="13.819053">
				<ele>2057.000000</ele>
			</trkpt>
			<trkpt lat="46.367275" lon="13.819036">
				<ele>2059.000000</ele>
			</trkpt>
			<trkpt lat="46.367400" lon="13.818982">
				<ele>2062.000000</ele>
			</trkpt>
			<trkpt lat="46.367430" lon="13.818919">
				<ele>2063.000000</ele>
			</trkpt>
			<trkpt lat="46.367480" lon="13.818874">
				<ele>2064.000000</ele>
			</trkpt>
			<trkpt lat="46.367536" lon="13.818856">
				<ele>2066.000000</ele>
			</trkpt>
			<trkpt lat="46.367567" lon="13.818829">
				<ele>2066.000000</ele>
			</trkpt>
			<trkpt lat="46.367747" lon="13.818740">
				<ele>2071.000000</ele>
			</trkpt>
			<trkpt lat="46.367784" lon="13.818694">
				<ele>2073.000000</ele>
			</trkpt>
			<trkpt lat="46.367877" lon="13.818667">
				<ele>2076.000000</ele>
			</trkpt>
			<trkpt lat="46.367914" lon="13.818650">
				<ele>2077.000000</ele>
			</trkpt>
			<trkpt lat="46.367939" lon="13.818640">
				<ele>2078.000000</ele>
			</trkpt>
			<trkpt lat="46.367927" lon="13.818667">
				<ele>2079.000000</ele>
			</trkpt>
			<trkpt lat="46.367895" lon="13.818703">
				<ele>2080.000000</ele>
			</trkpt>
			<trkpt lat="46.367852" lon="13.818721">
				<ele>2080.000000</ele>
			</trkpt>
			<trkpt lat="46.367815" lon="13.818730">
				<ele>2080.000000</ele>
			</trkpt>
			<trkpt lat="46.367778" lon="13.818793">
				<ele>2080.000000</ele>
			</trkpt>
			<trkpt lat="46.367759" lon="13.818820">
				<ele>2080.000000</ele>
			</trkpt>
			<trkpt lat="46.367747" lon="13.818864">
				<ele>2080.000000</ele>
			</trkpt>
			<trkpt lat="46.367728" lon="13.818946">
				<ele>2081.000000</ele>
			</trkpt>
			<trkpt lat="46.367666" lon="13.819063">
				<ele>2083.000000</ele>
			</trkpt>
			<trkpt lat="46.367598" lon="13.819189">
				<ele>2085.000000</ele>
			</trkpt>
			<trkpt lat="46.367554" lon="13.819296">
				<ele>2087.000000</ele>
			</trkpt>
			<trkpt lat="46.367486" lon="13.819403">
				<ele>2089.000000</ele>
			</trkpt>
			<trkpt lat="46.367418" lon="13.819485">
				<ele>2092.000000</ele>
			</trkpt>
			<trkpt lat="46.367350" lon="13.819503">
				<ele>2094.000000</ele>
			</trkpt>
			<trkpt lat="46.367282" lon="13.819520">
				<ele>2096.000000</ele>
			</trkpt>
			<trkpt lat="46.367226" lon="13.819592">
				<ele>2099.000000</ele>
			</trkpt>
			<trkpt lat="46.367220" lon="13.819629">
				<ele>2100.000000</ele>
			</trkpt>
			<trkpt lat="46.367220" lon="13.819638">
				<ele>2100.000000</ele>
			</trkpt>
			<trkpt lat="46.367257" lon="13.819655">
				<ele>2101.000000</ele>
			</trkpt>
			<trkpt lat="46.367313" lon="13.819665">
				<ele>2102.000000</ele>
			</trkpt>
			<trkpt lat="46.367338" lon="13.819692">
				<ele>2103.000000</ele>
			</trkpt>
			<trkpt lat="46.367313" lon="13.819700">
				<ele>2103.000000</ele>
			</trkpt>
			<trkpt lat="46.367269" lon="13.819709">
				<ele>2104.000000</ele>
			</trkpt>
			<trkpt lat="46.367220" lon="13.819728">
				<ele>2106.000000</ele>
			</trkpt>
			<trkpt lat="46.367102" lon="13.819782">
				<ele>2109.000000</ele>
			</trkpt>
			<trkpt lat="46.367009" lon="13.819898">
				<ele>2111.000000</ele>
			</trkpt>
			<trkpt lat="46.366854" lon="13.820015">
				<ele>2114.000000</ele>
			</trkpt>
			<trkpt lat="46.366742" lon="13.820114">
				<ele>2117.000000</ele>
			</trkpt>
			<trkpt lat="46.366693" lon="13.820141">
				<ele>2118.000000</ele>
			</trkpt>
			<trkpt lat="46.366606" lon="13.820122">
				<ele>2119.000000</ele>
			</trkpt>
			<trkpt lat="46.366457" lon="13.820114">
				<ele>2122.000000</ele>
			</trkpt>
			<trkpt lat="46.366408" lon="13.820114">
				<ele>2122.000000</ele>
			</trkpt>
			<trkpt lat="46.366358" lon="13.820086">
				<ele>2123.000000</ele>
			</trkpt>
			<trkpt lat="46.366290" lon="13.820095">
				<ele>2124.000000</ele>
			</trkpt>
			<trkpt lat="46.366222" lon="13.820176">
				<ele>2125.000000</ele>
			</trkpt>
			<trkpt lat="46.366110" lon="13.820168">
				<ele>2127.000000</ele>
			</trkpt>
			<trkpt lat="46.366048" lon="13.820168">
				<ele>2128.000000</ele>
			</trkpt>
			<trkpt lat="46.365968" lon="13.820105">
				<ele>2129.000000</ele>
			</trkpt>
			<trkpt lat="46.365924" lon="13.820078">
				<ele>2130.000000</ele>
			</trkpt>
			<trkpt lat="46.365856" lon="13.820114">
				<ele>2136.000000</ele>
			</trkpt>
			<trkpt lat="46.365788" lon="13.820095">
				<ele>2140.000000</ele>
			</trkpt>
			<trkpt lat="46.365825" lon="13.820195">
				<ele>2145.000000</ele>
			</trkpt>
			<trkpt lat="46.365869" lon="13.820195">
				<ele>2148.000000</ele>
			</trkpt>
			<trkpt lat="46.365875" lon="13.820212">
				<ele>2149.000000</ele>
			</trkpt>
			<trkpt lat="46.365837" lon="13.820231">
				<ele>2152.000000</ele>
			</trkpt>
			<trkpt lat="46.365806" lon="13.820258">
				<ele>2155.000000</ele>
			</trkpt>
			<trkpt lat="46.365800" lon="13.820311">
				<ele>2159.000000</ele>
			</trkpt>
			<trkpt lat="46.365819" lon="13.820347">
				<ele>2160.000000</ele>
			</trkpt>
			<trkpt lat="46.365881" lon="13.820329">
				<ele>2160.000000</ele>
			</trkpt>
			<trkpt lat="46.365924" lon="13.820329">
				<ele>2160.000000</ele>
			</trkpt>
			<trkpt lat="46.365961" lon="13.820347">
				<ele>2161.000000</ele>
			</trkpt>
			<trkpt lat="46.366011" lon="13.820382">
				<ele>2162.000000</ele>
			</trkpt>
			<trkpt lat="46.366036" lon="13.820437">
				<ele>2164.000000</ele>
			</trkpt>
			<trkpt lat="46.366104" lon="13.820464">
				<ele>2166.000000</ele>
			</trkpt>
			<trkpt lat="46.366154" lon="13.820482">
				<ele>2168.000000</ele>
			</trkpt>
			<trkpt lat="46.366284" lon="13.820445">
				<ele>2171.000000</ele>
			</trkpt>
			<trkpt lat="46.366352" lon="13.820437">
				<ele>2172.000000</ele>
			</trkpt>
			<trkpt lat="46.366408" lon="13.820455">
				<ele>2173.000000</ele>
			</trkpt>
			<trkpt lat="46.366451" lon="13.820491">
				<ele>2174.000000</ele>
			</trkpt>
			<trkpt lat="46.366482" lon="13.820527">
				<ele>2174.000000</ele>
			</trkpt>
			<trkpt lat="46.366532" lon="13.820598">
				<ele>2176.000000</ele>
			</trkpt>
			<trkpt lat="46.366588" lon="13.820671">
				<ele>2177.000000</ele>
			</trkpt>
			<trkpt lat="46.366649" lon="13.820724">
				<ele>2178.000000</ele>
			</trkpt>
			<trkpt lat="46.366730" lon="13.820724">
				<ele>2179.000000</ele>
			</trkpt>
			<trkpt lat="46.366829" lon="13.820688">
				<ele>2181.000000</ele>
			</trkpt>
			<trkpt lat="46.366891" lon="13.820671">
				<ele>2183.000000</ele>
			</trkpt>
			<trkpt lat="46.366935" lon="13.820661">
				<ele>2184.000000</ele>
			</trkpt>
			<trkpt lat="46.366984" lon="13.820634">
				<ele>2186.000000</ele>
			</trkpt>
			<trkpt lat="46.367003" lon="13.820634">
				<ele>2186.000000</ele>
			</trkpt>
			<trkpt lat="46.367027" lon="13.820634">
				<ele>2187.000000</ele>
			</trkpt>
			<trkpt lat="46.367027" lon="13.820652">
				<ele>2187.000000</ele>
			</trkpt>
			<trkpt lat="46.366997" lon="13.820680">
				<ele>2188.000000</ele>
			</trkpt>
			<trkpt lat="46.366947" lon="13.820734">
				<ele>2190.000000</ele>
			</trkpt>
			<trkpt lat="46.366897" lon="13.820761">
				<ele>2190.000000</ele>
			</trkpt>
			<trkpt lat="46.366848" lon="13.820787">
				<ele>2190.000000</ele>
			</trkpt>
			<trkpt lat="46.366761" lon="13.820797">
				<ele>2190.000000</ele>
			</trkpt>
			<trkpt lat="46.366662" lon="13.820824">
				<ele>2191.000000</ele>
			</trkpt>
			<trkpt lat="46.366600" lon="13.820832">
				<ele>2192.000000</ele>
			</trkpt>
			<trkpt lat="46.366538" lon="13.820797">
				<ele>2193.000000</ele>
			</trkpt>
			<trkpt lat="46.366469" lon="13.820787">
				<ele>2194.000000</ele>
			</trkpt>
			<trkpt lat="46.366402" lon="13.820761">
				<ele>2195.000000</ele>
			</trkpt>
			<trkpt lat="46.366364" lon="13.820742">
				<ele>2195.000000</ele>
			</trkpt>
			<trkpt lat="46.366309" lon="13.820742">
				<ele>2196.000000</ele>
			</trkpt>
			<trkpt lat="46.366265" lon="13.820761">
				<ele>2196.000000</ele>
			</trkpt>
			<trkpt lat="46.366191" lon="13.820805">
				<ele>2198.000000</ele>
			</trkpt>
			<trkpt lat="46.366141" lon="13.820841">
				<ele>2198.000000</ele>
			</trkpt>
			<trkpt lat="46.366098" lon="13.820860">
				<ele>2199.000000</ele>
			</trkpt>
			<trkpt lat="46.366079" lon="13.820877">
				<ele>2199.000000</ele>
			</trkpt>
			<trkpt lat="46.366098" lon="13.820913">
				<ele>2200.000000</ele>
			</trkpt>
			<trkpt lat="46.366166" lon="13.820921">
				<ele>2201.000000</ele>
			</trkpt>
			<trkpt lat="46.366228" lon="13.820921">
				<ele>2202.000000</ele>
			</trkpt>
			<trkpt lat="46.366265" lon="13.820940">
				<ele>2203.000000</ele>
			</trkpt>
			<trkpt lat="46.366327" lon="13.820985">
				<ele>2204.000000</ele>
			</trkpt>
			<trkpt lat="46.366402" lon="13.821011">
				<ele>2205.000000</ele>
			</trkpt>
			<trkpt lat="46.366476" lon="13.821003">
				<ele>2207.000000</ele>
			</trkpt>
			<trkpt lat="46.366526" lon="13.821030">
				<ele>2208.000000</ele>
			</trkpt>
			<trkpt lat="46.366569" lon="13.821084">
				<ele>2209.000000</ele>
			</trkpt>
			<trkpt lat="46.366687" lon="13.821200">
				<ele>2211.000000</ele>
			</trkpt>
			<trkpt lat="46.366755" lon="13.821254">
				<ele>2212.000000</ele>
			</trkpt>
			<trkpt lat="46.366860" lon="13.821254">
				<ele>2213.000000</ele>
			</trkpt>
			<trkpt lat="46.366916" lon="13.821308">
				<ele>2213.000000</ele>
			</trkpt>
			<trkpt lat="46.366978" lon="13.821326">
				<ele>2214.000000</ele>
			</trkpt>
			<trkpt lat="46.367052" lon="13.821281">
				<ele>2215.000000</ele>
			</trkpt>
			<trkpt lat="46.367145" lon="13.821227">
				<ele>2216.000000</ele>
			</trkpt>
			<trkpt lat="46.367214" lon="13.821174">
				<ele>2217.000000</ele>
			</trkpt>
			<trkpt lat="46.367331" lon="13.821066">
				<ele>2218.000000</ele>
			</trkpt>
			<trkpt lat="46.367412" lon="13.820976">
				<ele>2219.000000</ele>
			</trkpt>
			<trkpt lat="46.367480" lon="13.820948">
				<ele>2220.000000</ele>
			</trkpt>
			<trkpt lat="46.367524" lon="13.820958">
				<ele>2221.000000</ele>
			</trkpt>
			<trkpt lat="46.367554" lon="13.820967">
				<ele>2221.000000</ele>
			</trkpt>
			<trkpt lat="46.367617" lon="13.820976">
				<ele>2223.000000</ele>
			</trkpt>
			<trkpt lat="46.367722" lon="13.820985">
				<ele>2225.000000</ele>
			</trkpt>
			<trkpt lat="46.367803" lon="13.821011">
				<ele>2227.000000</ele>
			</trkpt>
			<trkpt lat="46.367728" lon="13.821030">
				<ele>2229.000000</ele>
			</trkpt>
			<trkpt lat="46.367629" lon="13.821066">
				<ele>2232.000000</ele>
			</trkpt>
			<trkpt lat="46.367585" lon="13.821084">
				<ele>2233.000000</ele>
			</trkpt>
			<trkpt lat="46.367518" lon="13.821137">
				<ele>2235.000000</ele>
			</trkpt>
			<trkpt lat="46.367461" lon="13.821183">
				<ele>2237.000000</ele>
			</trkpt>
			<trkpt lat="46.367461" lon="13.821227">
				<ele>2238.000000</ele>
			</trkpt>
			<trkpt lat="46.367560" lon="13.821218">
				<ele>2241.000000</ele>
			</trkpt>
			<trkpt lat="46.367623" lon="13.821227">
				<ele>2242.000000</ele>
			</trkpt>
			<trkpt lat="46.367660" lon="13.821200">
				<ele>2243.000000</ele>
			</trkpt>
			<trkpt lat="46.367685" lon="13.821210">
				<ele>2244.000000</ele>
			</trkpt>
			<trkpt lat="46.367660" lon="13.821237">
				<ele>2244.000000</ele>
			</trkpt>
			<trkpt lat="46.367598" lon="13.821290">
				<ele>2246.000000</ele>
			</trkpt>
			<trkpt lat="46.367436" lon="13.821470">
				<ele>2250.000000</ele>
			</trkpt>
			<trkpt lat="46.367412" lon="13.821542">
				<ele>2251.000000</ele>
			</trkpt>
			<trkpt lat="46.367412" lon="13.821613">
				<ele>2252.000000</ele>
			</trkpt>
			<trkpt lat="46.367430" lon="13.821659">
				<ele>2253.000000</ele>
			</trkpt>
			<trkpt lat="46.367548" lon="13.821640">
				<ele>2255.000000</ele>
			</trkpt>
			<trkpt lat="46.367654" lon="13.821640">
				<ele>2257.000000</ele>
			</trkpt>
			<trkpt lat="46.367691" lon="13.821623">
				<ele>2258.000000</ele>
			</trkpt>
			<trkpt lat="46.367753" lon="13.821613">
				<ele>2259.000000</ele>
			</trkpt>
			<trkpt lat="46.367784" lon="13.821667">
				<ele>2261.000000</ele>
			</trkpt>
			<trkpt lat="46.367839" lon="13.821703">
				<ele>2262.000000</ele>
			</trkpt>
			<trkpt lat="46.367883" lon="13.821740">
				<ele>2263.000000</ele>
			</trkpt>
			<trkpt lat="46.367951" lon="13.821749">
				<ele>2265.000000</ele>
			</trkpt>
			<trkpt lat="46.368026" lon="13.821740">
				<ele>2267.000000</ele>
			</trkpt>
			<trkpt lat="46.368081" lon="13.821722">
				<ele>2268.000000</ele>
			</trkpt>
			<trkpt lat="46.368156" lon="13.821632">
				<ele>2270.000000</ele>
			</trkpt>
			<trkpt lat="46.368199" lon="13.821604">
				<ele>2271.000000</ele>
			</trkpt>
			<trkpt lat="46.368280" lon="13.821550">
				<ele>2272.000000</ele>
			</trkpt>
			<trkpt lat="46.368360" lon="13.821506">
				<ele>2273.000000</ele>
			</trkpt>
			<trkpt lat="46.368385" lon="13.821514">
				<ele>2273.000000</ele>
			</trkpt>
			<trkpt lat="46.368385" lon="13.821542">
				<ele>2274.000000</ele>
			</trkpt>
			<trkpt lat="46.368330" lon="13.821604">
				<ele>2275.000000</ele>
			</trkpt>
			<trkpt lat="46.368323" lon="13.821613">
				<ele>2275.000000</ele>
			</trkpt>
			<trkpt lat="46.368348" lon="13.821632">
				<ele>2275.000000</ele>
			</trkpt>
			<trkpt lat="46.368379" lon="13.821613">
				<ele>2276.000000</ele>
			</trkpt>
			<trkpt lat="46.368453" lon="13.821550">
				<ele>2277.000000</ele>
			</trkpt>
			<trkpt lat="46.368559" lon="13.821560">
				<ele>2278.000000</ele>
			</trkpt>
			<trkpt lat="46.368639" lon="13.821577">
				<ele>2279.000000</ele>
			</trkpt>
			<trkpt lat="46.368695" lon="13.821604">
				<ele>2280.000000</ele>
			</trkpt>
			<trkpt lat="46.368782" lon="13.821677">
				<ele>2282.000000</ele>
			</trkpt>
			<trkpt lat="46.368769" lon="13.821722">
				<ele>2283.000000</ele>
			</trkpt>
			<trkpt lat="46.368763" lon="13.821757">
				<ele>2283.000000</ele>
			</trkpt>
			<trkpt lat="46.368720" lon="13.821847">
				<ele>2285.000000</ele>
			</trkpt>
			<trkpt lat="46.368633" lon="13.822135">
				<ele>2289.000000</ele>
			</trkpt>
			<trkpt lat="46.368621" lon="13.822216">
				<ele>2291.000000</ele>
			</trkpt>
			<trkpt lat="46.368633" lon="13.822386">
				<ele>2295.000000</ele>
			</trkpt>
			<trkpt lat="46.368639" lon="13.822512">
				<ele>2297.000000</ele>
			</trkpt>
			<trkpt lat="46.368639" lon="13.822584">
				<ele>2299.000000</ele>
			</trkpt>
			<trkpt lat="46.368676" lon="13.822665">
				<ele>2300.000000</ele>
			</trkpt>
			<trkpt lat="46.368676" lon="13.822736">
				<ele>2301.000000</ele>
			</trkpt>
			<trkpt lat="46.368664" lon="13.822791">
				<ele>2301.000000</ele>
			</trkpt>
			<trkpt lat="46.368676" lon="13.822826">
				<ele>2301.000000</ele>
			</trkpt>
			<trkpt lat="46.368794" lon="13.822755">
				<ele>2302.000000</ele>
			</trkpt>
			<trkpt lat="46.368936" lon="13.822701">
				<ele>2303.000000</ele>
			</trkpt>
			<trkpt lat="46.368968" lon="13.822728">
				<ele>2303.000000</ele>
			</trkpt>
			<trkpt lat="46.368980" lon="13.822791">
				<ele>2304.000000</ele>
			</trkpt>
			<trkpt lat="46.369005" lon="13.822845">
				<ele>2304.000000</ele>
			</trkpt>
			<trkpt lat="46.369092" lon="13.822881">
				<ele>2305.000000</ele>
			</trkpt>
			<trkpt lat="46.369185" lon="13.822871">
				<ele>2305.000000</ele>
			</trkpt>
			<trkpt lat="46.369303" lon="13.822908">
				<ele>2306.000000</ele>
			</trkpt>
			<trkpt lat="46.369414" lon="13.822944">
				<ele>2307.000000</ele>
			</trkpt>
			<trkpt lat="46.369482" lon="13.822944">
				<ele>2307.000000</ele>
			</trkpt>
			<trkpt lat="46.369612" lon="13.822862">
				<ele>2308.000000</ele>
			</trkpt>
			<trkpt lat="46.369693" lon="13.822854">
				<ele>2309.000000</ele>
			</trkpt>
			<trkpt lat="46.369724" lon="13.822799">
				<ele>2309.000000</ele>
			</trkpt>
			<trkpt lat="46.369823" lon="13.822728">
				<ele>2310.000000</ele>
			</trkpt>
			<trkpt lat="46.369910" lon="13.822728">
				<ele>2311.000000</ele>
			</trkpt>
			<trkpt lat="46.369972" lon="13.822745">
				<ele>2311.000000</ele>
			</trkpt>
			<trkpt lat="46.370034" lon="13.822736">
				<ele>2312.000000</ele>
			</trkpt>
			<trkpt lat="46.370090" lon="13.822682">
				<ele>2312.000000</ele>
			</trkpt>
			<trkpt lat="46.370145" lon="13.822619">
				<ele>2313.000000</ele>
			</trkpt>
			<trkpt lat="46.370195" lon="13.822566">
				<ele>2313.000000</ele>
			</trkpt>
			<trkpt lat="46.370239" lon="13.822556">
				<ele>2313.000000</ele>
			</trkpt>
			<trkpt lat="46.370282" lon="13.822566">
				<ele>2314.000000</ele>
			</trkpt>
			<trkpt lat="46.370387" lon="13.822584">
				<ele>2314.000000</ele>
			</trkpt>
			<trkpt lat="46.370511" lon="13.822556">
				<ele>2315.000000</ele>
			</trkpt>
			<trkpt lat="46.370592" lon="13.822539">
				<ele>2316.000000</ele>
			</trkpt>
			<trkpt lat="46.370654" lon="13.822566">
				<ele>2316.000000</ele>
			</trkpt>
			<trkpt lat="46.370728" lon="13.822575">
				<ele>2317.000000</ele>
			</trkpt>
			<trkpt lat="46.370827" lon="13.822503">
				<ele>2317.000000</ele>
			</trkpt>
			<trkpt lat="46.370927" lon="13.822512">
				<ele>2318.000000</ele>
			</trkpt>
			<trkpt lat="46.370976" lon="13.822556">
				<ele>2319.000000</ele>
			</trkpt>
			<trkpt lat="46.371032" lon="13.822638">
				<ele>2319.000000</ele>
			</trkpt>
			<trkpt lat="46.371094" lon="13.822674">
				<ele>2320.000000</ele>
			</trkpt>
			<trkpt lat="46.371168" lon="13.822682">
				<ele>2320.000000</ele>
			</trkpt>
			<trkpt lat="46.371193" lon="13.822692">
				<ele>2321.000000</ele>
			</trkpt>
			<trkpt lat="46.371193" lon="13.822755">
				<ele>2322.000000</ele>
			</trkpt>
			<trkpt lat="46.371206" lon="13.822799">
				<ele>2323.000000</ele>
			</trkpt>
			<trkpt lat="46.371267" lon="13.822818">
				<ele>2324.000000</ele>
			</trkpt>
			<trkpt lat="46.371305" lon="13.822835">
				<ele>2325.000000</ele>
			</trkpt>
			<trkpt lat="46.371336" lon="13.822898">
				<ele>2326.000000</ele>
			</trkpt>
			<trkpt lat="46.371360" lon="13.822934">
				<ele>2327.000000</ele>
			</trkpt>
			<trkpt lat="46.371410" lon="13.822952">
				<ele>2328.000000</ele>
			</trkpt>
			<trkpt lat="46.371453" lon="13.822961">
				<ele>2329.000000</ele>
			</trkpt>
			<trkpt lat="46.371515" lon="13.822961">
				<ele>2331.000000</ele>
			</trkpt>
			<trkpt lat="46.371559" lon="13.822916">
				<ele>2332.000000</ele>
			</trkpt>
			<trkpt lat="46.371596" lon="13.822898">
				<ele>2333.000000</ele>
			</trkpt>
			<trkpt lat="46.371615" lon="13.822925">
				<ele>2334.000000</ele>
			</trkpt>
			<trkpt lat="46.371633" lon="13.822961">
				<ele>2334.000000</ele>
			</trkpt>
			<trkpt lat="46.371645" lon="13.823015">
				<ele>2335.000000</ele>
			</trkpt>
			<trkpt lat="46.371682" lon="13.823051">
				<ele>2337.000000</ele>
			</trkpt>
			<trkpt lat="46.371794" lon="13.823087">
				<ele>2339.000000</ele>
			</trkpt>
			<trkpt lat="46.371856" lon="13.823087">
				<ele>2341.000000</ele>
			</trkpt>
			<trkpt lat="46.371900" lon="13.823069">
				<ele>2343.000000</ele>
			</trkpt>
			<trkpt lat="46.371930" lon="13.823122">
				<ele>2344.000000</ele>
			</trkpt>
			<trkpt lat="46.371986" lon="13.823240">
				<ele>2347.000000</ele>
			</trkpt>
			<trkpt lat="46.372011" lon="13.823294">
				<ele>2348.000000</ele>
			</trkpt>
			<trkpt lat="46.372042" lon="13.823294">
				<ele>2349.000000</ele>
			</trkpt>
			<trkpt lat="46.372073" lon="13.823231">
				<ele>2350.000000</ele>
			</trkpt>
			<trkpt lat="46.372116" lon="13.823132">
				<ele>2352.000000</ele>
			</trkpt>
			<trkpt lat="46.372148" lon="13.823141">
				<ele>2352.000000</ele>
			</trkpt>
			<trkpt lat="46.372228" lon="13.823204">
				<ele>2354.000000</ele>
			</trkpt>
			<trkpt lat="46.372240" lon="13.823357">
				<ele>2359.000000</ele>
			</trkpt>
			<trkpt lat="46.372215" lon="13.823428">
				<ele>2361.000000</ele>
			</trkpt>
			<trkpt lat="46.372197" lon="13.823464">
				<ele>2361.000000</ele>
			</trkpt>
			<trkpt lat="46.372191" lon="13.823563">
				<ele>2363.000000</ele>
			</trkpt>
			<trkpt lat="46.372203" lon="13.823590">
				<ele>2363.000000</ele>
			</trkpt>
			<trkpt lat="46.372203" lon="13.823653">
				<ele>2364.000000</ele>
			</trkpt>
			<trkpt lat="46.372209" lon="13.823743">
				<ele>2366.000000</ele>
			</trkpt>
			<trkpt lat="46.372203" lon="13.823824">
				<ele>2367.000000</ele>
			</trkpt>
			<trkpt lat="46.372234" lon="13.823923">
				<ele>2369.000000</ele>
			</trkpt>
			<trkpt lat="46.372278" lon="13.823994">
				<ele>2370.000000</ele>
			</trkpt>
			<trkpt lat="46.372327" lon="13.824048">
				<ele>2372.000000</ele>
			</trkpt>
			<trkpt lat="46.372395" lon="13.824057">
				<ele>2374.000000</ele>
			</trkpt>
			<trkpt lat="46.372470" lon="13.824084">
				<ele>2376.000000</ele>
			</trkpt>
			<trkpt lat="46.372507" lon="13.824137">
				<ele>2378.000000</ele>
			</trkpt>
			<trkpt lat="46.372513" lon="13.824254">
				<ele>2380.000000</ele>
			</trkpt>
			<trkpt lat="46.372513" lon="13.824372">
				<ele>2383.000000</ele>
			</trkpt>
			<trkpt lat="46.372538" lon="13.824542">
				<ele>2386.000000</ele>
			</trkpt>
			<trkpt lat="46.372600" lon="13.824632">
				<ele>2389.000000</ele>
			</trkpt>
			<trkpt lat="46.372681" lon="13.824677">
				<ele>2391.000000</ele>
			</trkpt>
			<trkpt lat="46.372718" lon="13.824730">
				<ele>2393.000000</ele>
			</trkpt>
			<trkpt lat="46.372730" lon="13.824812">
				<ele>2394.000000</ele>
			</trkpt>
			<trkpt lat="46.372718" lon="13.824892">
				<ele>2396.000000</ele>
			</trkpt>
			<trkpt lat="46.372699" lon="13.824982">
				<ele>2398.000000</ele>
			</trkpt>
			<trkpt lat="46.372681" lon="13.825153">
				<ele>2401.000000</ele>
			</trkpt>
			<trkpt lat="46.372618" lon="13.825458">
				<ele>2407.000000</ele>
			</trkpt>
			<trkpt lat="46.372637" lon="13.825521">
				<ele>2408.000000</ele>
			</trkpt>
			<trkpt lat="46.372674" lon="13.825531">
				<ele>2409.000000</ele>
			</trkpt>
			<trkpt lat="46.372718" lon="13.825495">
				<ele>2411.000000</ele>
			</trkpt>
			<trkpt lat="46.372749" lon="13.825531">
				<ele>2412.000000</ele>
			</trkpt>
			<trkpt lat="46.372767" lon="13.825656">
				<ele>2415.000000</ele>
			</trkpt>
			<trkpt lat="46.372804" lon="13.825728">
				<ele>2417.000000</ele>
			</trkpt>
			<trkpt lat="46.372867" lon="13.825737">
				<ele>2420.000000</ele>
			</trkpt>
			<trkpt lat="46.373071" lon="13.825611">
				<ele>2420.000000</ele>
			</trkpt>
			<trkpt lat="46.373102" lon="13.825629">
				<ele>2420.000000</ele>
			</trkpt>
			<trkpt lat="46.373158" lon="13.825684">
				<ele>2420.000000</ele>
			</trkpt>
			<trkpt lat="46.373201" lon="13.825764">
				<ele>2420.000000</ele>
			</trkpt>
			<trkpt lat="46.373201" lon="13.825818">
				<ele>2420.000000</ele>
			</trkpt>
			<trkpt lat="46.373251" lon="13.825871">
				<ele>2420.000000</ele>
			</trkpt>
			<trkpt lat="46.373270" lon="13.825917">
				<ele>2420.000000</ele>
			</trkpt>
			<trkpt lat="46.373276" lon="13.826024">
				<ele>2420.000000</ele>
			</trkpt>
			<trkpt lat="46.373282" lon="13.826141">
				<ele>2420.000000</ele>
			</trkpt>
			<trkpt lat="46.373288" lon="13.826231">
				<ele>2420.000000</ele>
			</trkpt>
			<trkpt lat="46.373325" lon="13.826330">
				<ele>2420.000000</ele>
			</trkpt>
			<trkpt lat="46.373369" lon="13.826401">
				<ele>2420.000000</ele>
			</trkpt>
			<trkpt lat="46.373437" lon="13.826491">
				<ele>2420.000000</ele>
			</trkpt>
			<trkpt lat="46.373542" lon="13.826608">
				<ele>2420.000000</ele>
			</trkpt>
			<trkpt lat="46.373623" lon="13.826617">
				<ele>2420.000000</ele>
			</trkpt>
			<trkpt lat="46.373746" lon="13.826698">
				<ele>2420.000000</ele>
			</trkpt>
			<trkpt lat="46.373790" lon="13.826787">
				<ele>2420.000000</ele>
			</trkpt>
			<trkpt lat="46.373858" lon="13.826824">
				<ele>2420.000000</ele>
			</trkpt>
			<trkpt lat="46.373895" lon="13.826877">
				<ele>2420.000000</ele>
			</trkpt>
			<trkpt lat="46.373933" lon="13.826967">
				<ele>2421.000000</ele>
			</trkpt>
			<trkpt lat="46.373964" lon="13.826994">
				<ele>2421.000000</ele>
			</trkpt>
			<trkpt lat="46.373994" lon="13.826851">
				<ele>2421.000000</ele>
			</trkpt>
			<trkpt lat="46.373994" lon="13.826851">
				<ele>2421.000000</ele>
			</trkpt>
			<trkpt lat="46.373964" lon="13.826994">
				<ele>2421.000000</ele>
			</trkpt>
			<trkpt lat="46.373964" lon="13.827183">
				<ele>2423.000000</ele>
			</trkpt>
			<trkpt lat="46.373926" lon="13.827353">
				<ele>2424.000000</ele>
			</trkpt>
			<trkpt lat="46.373951" lon="13.827462">
				<ele>2425.000000</ele>
			</trkpt>
			<trkpt lat="46.373970" lon="13.827830">
				<ele>2427.000000</ele>
			</trkpt>
			<trkpt lat="46.374025" lon="13.828009">
				<ele>2429.000000</ele>
			</trkpt>
			<trkpt lat="46.374081" lon="13.828162">
				<ele>2430.000000</ele>
			</trkpt>
			<trkpt lat="46.374149" lon="13.828298">
				<ele>2433.000000</ele>
			</trkpt>
			<trkpt lat="46.374155" lon="13.828450">
				<ele>2435.000000</ele>
			</trkpt>
			<trkpt lat="46.374193" lon="13.828621">
				<ele>2437.000000</ele>
			</trkpt>
			<trkpt lat="46.374255" lon="13.828864">
				<ele>2441.000000</ele>
			</trkpt>
			<trkpt lat="46.374292" lon="13.828961">
				<ele>2442.000000</ele>
			</trkpt>
			<trkpt lat="46.374360" lon="13.829078">
				<ele>2445.000000</ele>
			</trkpt>
			<trkpt lat="46.374416" lon="13.829223">
				<ele>2447.000000</ele>
			</trkpt>
			<trkpt lat="46.374497" lon="13.829366">
				<ele>2450.000000</ele>
			</trkpt>
			<trkpt lat="46.374546" lon="13.829437">
				<ele>2450.000000</ele>
			</trkpt>
			<trkpt lat="46.374564" lon="13.829537">
				<ele>2450.000000</ele>
			</trkpt>
			<trkpt lat="46.374546" lon="13.829590">
				<ele>2450.000000</ele>
			</trkpt>
			<trkpt lat="46.374509" lon="13.829734">
				<ele>2450.000000</ele>
			</trkpt>
			<trkpt lat="46.374503" lon="13.829806">
				<ele>2450.000000</ele>
			</trkpt>
			<trkpt lat="46.374515" lon="13.829887">
				<ele>2450.000000</ele>
			</trkpt>
			<trkpt lat="46.374564" lon="13.830120">
				<ele>2450.000000</ele>
			</trkpt>
			<trkpt lat="46.374670" lon="13.830363">
				<ele>2452.000000</ele>
			</trkpt>
			<trkpt lat="46.374980" lon="13.830319">
				<ele>2456.000000</ele>
			</trkpt>
			<trkpt lat="46.375067" lon="13.830355">
				<ele>2457.000000</ele>
			</trkpt>
			<trkpt lat="46.375135" lon="13.830471">
				<ele>2458.000000</ele>
			</trkpt>
			<trkpt lat="46.375166" lon="13.830624">
				<ele>2459.000000</ele>
			</trkpt>
			<trkpt lat="46.375321" lon="13.830569">
				<ele>2463.000000</ele>
			</trkpt>
			<trkpt lat="46.375352" lon="13.830508">
				<ele>2465.000000</ele>
			</trkpt>
			<trkpt lat="46.375482" lon="13.830569">
				<ele>2469.000000</ele>
			</trkpt>
			<trkpt lat="46.375544" lon="13.830569">
				<ele>2471.000000</ele>
			</trkpt>
			<trkpt lat="46.375643" lon="13.830722">
				<ele>2474.000000</ele>
			</trkpt>
			<trkpt lat="46.375724" lon="13.830768">
				<ele>2476.000000</ele>
			</trkpt>
			<trkpt lat="46.375798" lon="13.830875">
				<ele>2478.000000</ele>
			</trkpt>
			<trkpt lat="46.375798" lon="13.830921">
				<ele>2479.000000</ele>
			</trkpt>
			<trkpt lat="46.375885" lon="13.830938">
				<ele>2480.000000</ele>
			</trkpt>
			<trkpt lat="46.375965" lon="13.830974">
				<ele>2481.000000</ele>
			</trkpt>
			<trkpt lat="46.376034" lon="13.831091">
				<ele>2483.000000</ele>
			</trkpt>
			<trkpt lat="46.376108" lon="13.831225">
				<ele>2484.000000</ele>
			</trkpt>
			<trkpt lat="46.376108" lon="13.831307">
				<ele>2485.000000</ele>
			</trkpt>
			<trkpt lat="46.376164" lon="13.831334">
				<ele>2485.000000</ele>
			</trkpt>
			<trkpt lat="46.376219" lon="13.831378">
				<ele>2486.000000</ele>
			</trkpt>
			<trkpt lat="46.376269" lon="13.831387">
				<ele>2487.000000</ele>
			</trkpt>
			<trkpt lat="46.376331" lon="13.831432">
				<ele>2488.000000</ele>
			</trkpt>
			<trkpt lat="46.376381" lon="13.831567">
				<ele>2489.000000</ele>
			</trkpt>
			<trkpt lat="46.376418" lon="13.831701">
				<ele>2491.000000</ele>
			</trkpt>
			<trkpt lat="46.376424" lon="13.831854">
				<ele>2493.000000</ele>
			</trkpt>
			<trkpt lat="46.376467" lon="13.831944">
				<ele>2495.000000</ele>
			</trkpt>
			<trkpt lat="46.376455" lon="13.832007">
				<ele>2496.000000</ele>
			</trkpt>
			<trkpt lat="46.376449" lon="13.832034">
				<ele>2497.000000</ele>
			</trkpt>
			<trkpt lat="46.376431" lon="13.832053">
				<ele>2498.000000</ele>
			</trkpt>
			<trkpt lat="46.376437" lon="13.832097">
				<ele>2498.000000</ele>
			</trkpt>
			<trkpt lat="46.376437" lon="13.832124">
				<ele>2499.000000</ele>
			</trkpt>
			<trkpt lat="46.376437" lon="13.832177">
				<ele>2500.000000</ele>
			</trkpt>
			<trkpt lat="46.376461" lon="13.832232">
				<ele>2501.000000</ele>
			</trkpt>
			<trkpt lat="46.376511" lon="13.832286">
				<ele>2503.000000</ele>
			</trkpt>
			<trkpt lat="46.376628" lon="13.832376">
				<ele>2507.000000</ele>
			</trkpt>
			<trkpt lat="46.376678" lon="13.832474">
				<ele>2510.000000</ele>
			</trkpt>
			<trkpt lat="46.376678" lon="13.832510">
				<ele>2510.000000</ele>
			</trkpt>
			<trkpt lat="46.376678" lon="13.832592">
				<ele>2512.000000</ele>
			</trkpt>
			<trkpt lat="46.376561" lon="13.832762">
				<ele>2516.000000</ele>
			</trkpt>
			<trkpt lat="46.376610" lon="13.832978">
				<ele>2521.000000</ele>
			</trkpt>
			<trkpt lat="46.376659" lon="13.833139">
				<ele>2526.000000</ele>
			</trkpt>
			<trkpt lat="46.376678" lon="13.833219">
				<ele>2528.000000</ele>
			</trkpt>
			<trkpt lat="46.376746" lon="13.833319">
				<ele>2532.000000</ele>
			</trkpt>
			<trkpt lat="46.376864" lon="13.833399">
				<ele>2539.000000</ele>
			</trkpt>
			<trkpt lat="46.376864" lon="13.833399">
				<ele>2539.000000</ele>
			</trkpt>
			<trkpt lat="46.376982" lon="13.833481">
				<ele>2545.000000</ele>
			</trkpt>
			<trkpt lat="46.376982" lon="13.833606">
				<ele>2550.000000</ele>
			</trkpt>
			<trkpt lat="46.376976" lon="13.833624">
				<ele>2551.000000</ele>
			</trkpt>
			<trkpt lat="46.376932" lon="13.833687">
				<ele>2554.000000</ele>
			</trkpt>
			<trkpt lat="46.376901" lon="13.833768">
				<ele>2556.000000</ele>
			</trkpt>
			<trkpt lat="46.376889" lon="13.833831">
				<ele>2559.000000</ele>
			</trkpt>
			<trkpt lat="46.376858" lon="13.833930">
				<ele>2563.000000</ele>
			</trkpt>
			<trkpt lat="46.376852" lon="13.834028">
				<ele>2568.000000</ele>
			</trkpt>
			<trkpt lat="46.376833" lon="13.834091">
				<ele>2570.000000</ele>
			</trkpt>
			<trkpt lat="46.376790" lon="13.834110">
				<ele>2571.000000</ele>
			</trkpt>
			<trkpt lat="46.376734" lon="13.834118">
				<ele>2573.000000</ele>
			</trkpt>
			<trkpt lat="46.376666" lon="13.834101">
				<ele>2574.000000</ele>
			</trkpt>
			<trkpt lat="46.376616" lon="13.834127">
				<ele>2575.000000</ele>
			</trkpt>
			<trkpt lat="46.376579" lon="13.834154">
				<ele>2576.000000</ele>
			</trkpt>
			<trkpt lat="46.376523" lon="13.834190">
				<ele>2578.000000</ele>
			</trkpt>
			<trkpt lat="46.376479" lon="13.834235">
				<ele>2579.000000</ele>
			</trkpt>
			<trkpt lat="46.376437" lon="13.834280">
				<ele>2580.000000</ele>
			</trkpt>
			<trkpt lat="46.376406" lon="13.834324">
				<ele>2586.000000</ele>
			</trkpt>
			<trkpt lat="46.376343" lon="13.834361">
				<ele>2591.000000</ele>
			</trkpt>
			<trkpt lat="46.376300" lon="13.834451">
				<ele>2593.000000</ele>
			</trkpt>
			<trkpt lat="46.376250" lon="13.834531">
				<ele>2595.000000</ele>
			</trkpt>
			<trkpt lat="46.376201" lon="13.834621">
				<ele>2597.000000</ele>
			</trkpt>
			<trkpt lat="46.376127" lon="13.834703">
				<ele>2600.000000</ele>
			</trkpt>
			<trkpt lat="46.376040" lon="13.834693">
				<ele>2605.000000</ele>
			</trkpt>
			<trkpt lat="46.376034" lon="13.834738">
				<ele>2608.000000</ele>
			</trkpt>
			<trkpt lat="46.376034" lon="13.834738">
				<ele>2608.000000</ele>
			</trkpt>
			<trkpt lat="46.376022" lon="13.834793">
				<ele>2609.000000</ele>
			</trkpt>
			<trkpt lat="46.376064" lon="13.834846">
				<ele>2612.000000</ele>
			</trkpt>
			<trkpt lat="46.376058" lon="13.834890">
				<ele>2613.000000</ele>
			</trkpt>
			<trkpt lat="46.376022" lon="13.834882">
				<ele>2615.000000</ele>
			</trkpt>
			<trkpt lat="46.375953" lon="13.834944">
				<ele>2619.000000</ele>
			</trkpt>
			<trkpt lat="46.375972" lon="13.834972">
				<ele>2620.000000</ele>
			</trkpt>
			<trkpt lat="46.376022" lon="13.834963">
				<ele>2620.000000</ele>
			</trkpt>
			<trkpt lat="46.376009" lon="13.835242">
				<ele>2637.000000</ele>
			</trkpt>
			<trkpt lat="46.375965" lon="13.835250">
				<ele>2640.000000</ele>
			</trkpt>
			<trkpt lat="46.375947" lon="13.835303">
				<ele>2642.000000</ele>
			</trkpt>
			<trkpt lat="46.375953" lon="13.835358">
				<ele>2644.000000</ele>
			</trkpt>
			<trkpt lat="46.375922" lon="13.835439">
				<ele>2647.000000</ele>
			</trkpt>
			<trkpt lat="46.375922" lon="13.835448">
				<ele>2647.000000</ele>
			</trkpt>
			<trkpt lat="46.375922" lon="13.835448">
				<ele>2647.000000</ele>
			</trkpt>
			<trkpt lat="46.375903" lon="13.835556">
				<ele>2651.000000</ele>
			</trkpt>
			<trkpt lat="46.375891" lon="13.835619">
				<ele>2652.000000</ele>
			</trkpt>
			<trkpt lat="46.375854" lon="13.835682">
				<ele>2654.000000</ele>
			</trkpt>
			<trkpt lat="46.375841" lon="13.835762">
				<ele>2656.000000</ele>
			</trkpt>
			<trkpt lat="46.375841" lon="13.835762">
				<ele>2656.000000</ele>
			</trkpt>
			<trkpt lat="46.375841" lon="13.835762">
				<ele>2656.000000</ele>
			</trkpt>
			<trkpt lat="46.375841" lon="13.835843">
				<ele>2658.000000</ele>
			</trkpt>
			<trkpt lat="46.375897" lon="13.835879">
				<ele>2660.000000</ele>
			</trkpt>
			<trkpt lat="46.375959" lon="13.835932">
				<ele>2662.000000</ele>
			</trkpt>
			<trkpt lat="46.375997" lon="13.836022">
				<ele>2665.000000</ele>
			</trkpt>
			<trkpt lat="46.376046" lon="13.836095">
				<ele>2667.000000</ele>
			</trkpt>
			<trkpt lat="46.376114" lon="13.836095">
				<ele>2670.000000</ele>
			</trkpt>
			<trkpt lat="46.376182" lon="13.836095">
				<ele>2675.000000</ele>
			</trkpt>
			<trkpt lat="46.376182" lon="13.836041">
				<ele>2678.000000</ele>
			</trkpt>
			<trkpt lat="46.376158" lon="13.835924">
				<ele>2685.000000</ele>
			</trkpt>
			<trkpt lat="46.376152" lon="13.835825">
				<ele>2690.000000</ele>
			</trkpt>
			<trkpt lat="46.376133" lon="13.835726">
				<ele>2690.000000</ele>
			</trkpt>
			<trkpt lat="46.376213" lon="13.835735">
				<ele>2697.000000</ele>
			</trkpt>
			<trkpt lat="46.376269" lon="13.835772">
				<ele>2704.000000</ele>
			</trkpt>
			<trkpt lat="46.376362" lon="13.835825">
				<ele>2713.000000</ele>
			</trkpt>
			<trkpt lat="46.376467" lon="13.835879">
				<ele>2720.000000</ele>
			</trkpt>
			<trkpt lat="46.376573" lon="13.835924">
				<ele>2727.000000</ele>
			</trkpt>
			<trkpt lat="46.376635" lon="13.835915">
				<ele>2731.000000</ele>
			</trkpt>
			<trkpt lat="46.376647" lon="13.835835">
				<ele>2735.000000</ele>
			</trkpt>
			<trkpt lat="46.376672" lon="13.835808">
				<ele>2738.000000</ele>
			</trkpt>
			<trkpt lat="46.376728" lon="13.835825">
				<ele>2742.000000</ele>
			</trkpt>
			<trkpt lat="46.376771" lon="13.835852">
				<ele>2745.000000</ele>
			</trkpt>
			<trkpt lat="46.376783" lon="13.835835">
				<ele>2747.000000</ele>
			</trkpt>
			<trkpt lat="46.376790" lon="13.835726">
				<ele>2751.000000</ele>
			</trkpt>
			<trkpt lat="46.376827" lon="13.835538">
				<ele>2758.000000</ele>
			</trkpt>
			<trkpt lat="46.376864" lon="13.835582">
				<ele>2761.000000</ele>
			</trkpt>
			<trkpt lat="46.376901" lon="13.835573">
				<ele>2764.000000</ele>
			</trkpt>
			<trkpt lat="46.376938" lon="13.835519">
				<ele>2768.000000</ele>
			</trkpt>
			<trkpt lat="46.376994" lon="13.835529">
				<ele>2773.000000</ele>
			</trkpt>
			<trkpt lat="46.377044" lon="13.835403">
				<ele>2780.000000</ele>
			</trkpt>
			<trkpt lat="46.377068" lon="13.835403">
				<ele>2781.000000</ele>
			</trkpt>
			<trkpt lat="46.377087" lon="13.835502">
				<ele>2784.000000</ele>
			</trkpt>
			<trkpt lat="46.377106" lon="13.835519">
				<ele>2785.000000</ele>
			</trkpt>
			<trkpt lat="46.377131" lon="13.835420">
				<ele>2788.000000</ele>
			</trkpt>
			<trkpt lat="46.377155" lon="13.835403">
				<ele>2789.000000</ele>
			</trkpt>
			<trkpt lat="46.377180" lon="13.835448">
				<ele>2791.000000</ele>
			</trkpt>
			<trkpt lat="46.377255" lon="13.835475">
				<ele>2796.000000</ele>
			</trkpt>
			<trkpt lat="46.377304" lon="13.835519">
				<ele>2800.000000</ele>
			</trkpt>
			<trkpt lat="46.377372" lon="13.835600">
				<ele>2805.000000</ele>
			</trkpt>
			<trkpt lat="46.377440" lon="13.835672">
				<ele>2809.000000</ele>
			</trkpt>
			<trkpt lat="46.377496" lon="13.835726">
				<ele>2813.000000</ele>
			</trkpt>
			<trkpt lat="46.377564" lon="13.835825">
				<ele>2819.000000</ele>
			</trkpt>
			<trkpt lat="46.377645" lon="13.835896">
				<ele>2824.000000</ele>
			</trkpt>
			<trkpt lat="46.377695" lon="13.835896">
				<ele>2826.000000</ele>
			</trkpt>
			<trkpt lat="46.377744" lon="13.835879">
				<ele>2829.000000</ele>
			</trkpt>
			<trkpt lat="46.377763" lon="13.835942">
				<ele>2831.000000</ele>
			</trkpt>
			<trkpt lat="46.377825" lon="13.836014">
				<ele>2833.000000</ele>
			</trkpt>
			<trkpt lat="46.377886" lon="13.836076">
				<ele>2836.000000</ele>
			</trkpt>
			<trkpt lat="46.377980" lon="13.836166">
				<ele>2839.000000</ele>
			</trkpt>
			<trkpt lat="46.378067" lon="13.836274">
				<ele>2847.000000</ele>
			</trkpt>
			<trkpt lat="46.378159" lon="13.836311">
				<ele>2852.000000</ele>
			</trkpt>
			<trkpt lat="46.378228" lon="13.836301">
				<ele>2854.000000</ele>
			</trkpt>
			<trkpt lat="46.378320" lon="13.836319">
				<ele>2857.000000</ele>
			</trkpt>
			<trkpt lat="46.378345" lon="13.836337">
				<ele>2858.000000</ele>
			</trkpt>
			<trkpt lat="46.378345" lon="13.836374">
				<ele>2859.000000</ele>
			</trkpt>
			<trkpt lat="46.378302" lon="13.836580">
				<ele>2860.000000</ele>
			</trkpt>
			<trkpt lat="46.378302" lon="13.836580">
				<ele>2860.000000</ele>
			</trkpt>
			<trkpt lat="46.378345" lon="13.836374">
				<ele>2859.000000</ele>
			</trkpt>
			<trkpt lat="46.378345" lon="13.836337">
				<ele>2858.000000</ele>
			</trkpt>
			<trkpt lat="46.378320" lon="13.836319">
				<ele>2857.000000</ele>
			</trkpt>
			<trkpt lat="46.378228" lon="13.836301">
				<ele>2854.000000</ele>
			</trkpt>
			<trkpt lat="46.378159" lon="13.836311">
				<ele>2852.000000</ele>
			</trkpt>
			<trkpt lat="46.378067" lon="13.836274">
				<ele>2847.000000</ele>
			</trkpt>
			<trkpt lat="46.377980" lon="13.836166">
				<ele>2839.000000</ele>
			</trkpt>
			<trkpt lat="46.377886" lon="13.836076">
				<ele>2836.000000</ele>
			</trkpt>
			<trkpt lat="46.377825" lon="13.836014">
				<ele>2833.000000</ele>
			</trkpt>
			<trkpt lat="46.377763" lon="13.835942">
				<ele>2831.000000</ele>
			</trkpt>
			<trkpt lat="46.377744" lon="13.835879">
				<ele>2829.000000</ele>
			</trkpt>
			<trkpt lat="46.377695" lon="13.835896">
				<ele>2826.000000</ele>
			</trkpt>
			<trkpt lat="46.377645" lon="13.835896">
				<ele>2824.000000</ele>
			</trkpt>
			<trkpt lat="46.377564" lon="13.835825">
				<ele>2819.000000</ele>
			</trkpt>
			<trkpt lat="46.377496" lon="13.835726">
				<ele>2813.000000</ele>
			</trkpt>
			<trkpt lat="46.377440" lon="13.835672">
				<ele>2809.000000</ele>
			</trkpt>
			<trkpt lat="46.377372" lon="13.835600">
				<ele>2805.000000</ele>
			</trkpt>
			<trkpt lat="46.377304" lon="13.835519">
				<ele>2800.000000</ele>
			</trkpt>
			<trkpt lat="46.377255" lon="13.835475">
				<ele>2796.000000</ele>
			</trkpt>
			<trkpt lat="46.377180" lon="13.835448">
				<ele>2791.000000</ele>
			</trkpt>
			<trkpt lat="46.377155" lon="13.835403">
				<ele>2789.000000</ele>
			</trkpt>
			<trkpt lat="46.377131" lon="13.835420">
				<ele>2788.000000</ele>
			</trkpt>
			<trkpt lat="46.377106" lon="13.835519">
				<ele>2785.000000</ele>
			</trkpt>
			<trkpt lat="46.377087" lon="13.835502">
				<ele>2784.000000</ele>
			</trkpt>
			<trkpt lat="46.377068" lon="13.835403">
				<ele>2781.000000</ele>
			</trkpt>
			<trkpt lat="46.377044" lon="13.835403">
				<ele>2780.000000</ele>
			</trkpt>
			<trkpt lat="46.376994" lon="13.835529">
				<ele>2773.000000</ele>
			</trkpt>
			<trkpt lat="46.376938" lon="13.835519">
				<ele>2768.000000</ele>
			</trkpt>
			<trkpt lat="46.376901" lon="13.835573">
				<ele>2764.000000</ele>
			</trkpt>
			<trkpt lat="46.376864" lon="13.835582">
				<ele>2761.000000</ele>
			</trkpt>
			<trkpt lat="46.376827" lon="13.835538">
				<ele>2758.000000</ele>
			</trkpt>
			<trkpt lat="46.376790" lon="13.835726">
				<ele>2751.000000</ele>
			</trkpt>
			<trkpt lat="46.376783" lon="13.835835">
				<ele>2747.000000</ele>
			</trkpt>
			<trkpt lat="46.376771" lon="13.835852">
				<ele>2745.000000</ele>
			</trkpt>
			<trkpt lat="46.376728" lon="13.835825">
				<ele>2742.000000</ele>
			</trkpt>
			<trkpt lat="46.376672" lon="13.835808">
				<ele>2738.000000</ele>
			</trkpt>
			<trkpt lat="46.376647" lon="13.835835">
				<ele>2735.000000</ele>
			</trkpt>
			<trkpt lat="46.376635" lon="13.835915">
				<ele>2731.000000</ele>
			</trkpt>
			<trkpt lat="46.376573" lon="13.835924">
				<ele>2727.000000</ele>
			</trkpt>
			<trkpt lat="46.376467" lon="13.835879">
				<ele>2720.000000</ele>
			</trkpt>
			<trkpt lat="46.376362" lon="13.835825">
				<ele>2713.000000</ele>
			</trkpt>
			<trkpt lat="46.376269" lon="13.835772">
				<ele>2704.000000</ele>
			</trkpt>
			<trkpt lat="46.376213" lon="13.835735">
				<ele>2697.000000</ele>
			</trkpt>
			<trkpt lat="46.376133" lon="13.835726">
				<ele>2690.000000</ele>
			</trkpt>
			<trkpt lat="46.376152" lon="13.835825">
				<ele>2690.000000</ele>
			</trkpt>
			<trkpt lat="46.376158" lon="13.835924">
				<ele>2685.000000</ele>
			</trkpt>
			<trkpt lat="46.376182" lon="13.836041">
				<ele>2678.000000</ele>
			</trkpt>
			<trkpt lat="46.376182" lon="13.836095">
				<ele>2675.000000</ele>
			</trkpt>
			<trkpt lat="46.376114" lon="13.836095">
				<ele>2670.000000</ele>
			</trkpt>
			<trkpt lat="46.376046" lon="13.836095">
				<ele>2667.000000</ele>
			</trkpt>
			<trkpt lat="46.375997" lon="13.836022">
				<ele>2665.000000</ele>
			</trkpt>
			<trkpt lat="46.375959" lon="13.835932">
				<ele>2662.000000</ele>
			</trkpt>
			<trkpt lat="46.375897" lon="13.835879">
				<ele>2660.000000</ele>
			</trkpt>
			<trkpt lat="46.375841" lon="13.835843">
				<ele>2658.000000</ele>
			</trkpt>
			<trkpt lat="46.375841" lon="13.835762">
				<ele>2656.000000</ele>
			</trkpt>
			<trkpt lat="46.375854" lon="13.835682">
				<ele>2654.000000</ele>
			</trkpt>
			<trkpt lat="46.375891" lon="13.835619">
				<ele>2652.000000</ele>
			</trkpt>
			<trkpt lat="46.375903" lon="13.835556">
				<ele>2651.000000</ele>
			</trkpt>
			<trkpt lat="46.375922" lon="13.835439">
				<ele>2647.000000</ele>
			</trkpt>
			<trkpt lat="46.375953" lon="13.835358">
				<ele>2644.000000</ele>
			</trkpt>
			<trkpt lat="46.375947" lon="13.835303">
				<ele>2642.000000</ele>
			</trkpt>
			<trkpt lat="46.375965" lon="13.835250">
				<ele>2640.000000</ele>
			</trkpt>
			<trkpt lat="46.376009" lon="13.835242">
				<ele>2637.000000</ele>
			</trkpt>
			<trkpt lat="46.376022" lon="13.834963">
				<ele>2620.000000</ele>
			</trkpt>
			<trkpt lat="46.375972" lon="13.834972">
				<ele>2620.000000</ele>
			</trkpt>
			<trkpt lat="46.375953" lon="13.834944">
				<ele>2619.000000</ele>
			</trkpt>
			<trkpt lat="46.376022" lon="13.834882">
				<ele>2615.000000</ele>
			</trkpt>
			<trkpt lat="46.376058" lon="13.834890">
				<ele>2613.000000</ele>
			</trkpt>
			<trkpt lat="46.376064" lon="13.834846">
				<ele>2612.000000</ele>
			</trkpt>
			<trkpt lat="46.376022" lon="13.834793">
				<ele>2609.000000</ele>
			</trkpt>
			<trkpt lat="46.376040" lon="13.834693">
				<ele>2605.000000</ele>
			</trkpt>
			<trkpt lat="46.376127" lon="13.834703">
				<ele>2600.000000</ele>
			</trkpt>
			<trkpt lat="46.376201" lon="13.834621">
				<ele>2597.000000</ele>
			</trkpt>
			<trkpt lat="46.376250" lon="13.834531">
				<ele>2595.000000</ele>
			</trkpt>
			<trkpt lat="46.376300" lon="13.834451">
				<ele>2593.000000</ele>
			</trkpt>
			<trkpt lat="46.376343" lon="13.834361">
				<ele>2591.000000</ele>
			</trkpt>
			<trkpt lat="46.376406" lon="13.834324">
				<ele>2586.000000</ele>
			</trkpt>
			<trkpt lat="46.376437" lon="13.834280">
				<ele>2580.000000</ele>
			</trkpt>
			<trkpt lat="46.376479" lon="13.834235">
				<ele>2579.000000</ele>
			</trkpt>
			<trkpt lat="46.376523" lon="13.834190">
				<ele>2578.000000</ele>
			</trkpt>
			<trkpt lat="46.376579" lon="13.834154">
				<ele>2576.000000</ele>
			</trkpt>
			<trkpt lat="46.376616" lon="13.834127">
				<ele>2575.000000</ele>
			</trkpt>
			<trkpt lat="46.376666" lon="13.834101">
				<ele>2574.000000</ele>
			</trkpt>
			<trkpt lat="46.376734" lon="13.834118">
				<ele>2573.000000</ele>
			</trkpt>
			<trkpt lat="46.376790" lon="13.834110">
				<ele>2571.000000</ele>
			</trkpt>
			<trkpt lat="46.376833" lon="13.834091">
				<ele>2570.000000</ele>
			</trkpt>
			<trkpt lat="46.376852" lon="13.834028">
				<ele>2568.000000</ele>
			</trkpt>
			<trkpt lat="46.376858" lon="13.833930">
				<ele>2563.000000</ele>
			</trkpt>
			<trkpt lat="46.376889" lon="13.833831">
				<ele>2559.000000</ele>
			</trkpt>
			<trkpt lat="46.376901" lon="13.833768">
				<ele>2556.000000</ele>
			</trkpt>
			<trkpt lat="46.376932" lon="13.833687">
				<ele>2554.000000</ele>
			</trkpt>
			<trkpt lat="46.376976" lon="13.833624">
				<ele>2551.000000</ele>
			</trkpt>
			<trkpt lat="46.376982" lon="13.833606">
				<ele>2550.000000</ele>
			</trkpt>
			<trkpt lat="46.376982" lon="13.833481">
				<ele>2545.000000</ele>
			</trkpt>
			<trkpt lat="46.376746" lon="13.833319">
				<ele>2532.000000</ele>
			</trkpt>
			<trkpt lat="46.376678" lon="13.833219">
				<ele>2528.000000</ele>
			</trkpt>
			<trkpt lat="46.376659" lon="13.833139">
				<ele>2526.000000</ele>
			</trkpt>
			<trkpt lat="46.376610" lon="13.832978">
				<ele>2521.000000</ele>
			</trkpt>
			<trkpt lat="46.376561" lon="13.832762">
				<ele>2516.000000</ele>
			</trkpt>
			<trkpt lat="46.376678" lon="13.832592">
				<ele>2512.000000</ele>
			</trkpt>
			<trkpt lat="46.376678" lon="13.832510">
				<ele>2510.000000</ele>
			</trkpt>
			<trkpt lat="46.376678" lon="13.832493">
				<ele>2510.000000</ele>
			</trkpt>
			<trkpt lat="46.376678" lon="13.832493">
				<ele>2510.000000</ele>
			</trkpt>
			<trkpt lat="46.376678" lon="13.832474">
				<ele>2510.000000</ele>
			</trkpt>
			<trkpt lat="46.376628" lon="13.832376">
				<ele>2507.000000</ele>
			</trkpt>
			<trkpt lat="46.376511" lon="13.832286">
				<ele>2503.000000</ele>
			</trkpt>
			<trkpt lat="46.376461" lon="13.832232">
				<ele>2501.000000</ele>
			</trkpt>
			<trkpt lat="46.376437" lon="13.832177">
				<ele>2500.000000</ele>
			</trkpt>
			<trkpt lat="46.376437" lon="13.832124">
				<ele>2499.000000</ele>
			</trkpt>
			<trkpt lat="46.376437" lon="13.832097">
				<ele>2498.000000</ele>
			</trkpt>
			<trkpt lat="46.376431" lon="13.832053">
				<ele>2498.000000</ele>
			</trkpt>
			<trkpt lat="46.376449" lon="13.832034">
				<ele>2497.000000</ele>
			</trkpt>
			<trkpt lat="46.376455" lon="13.832007">
				<ele>2496.000000</ele>
			</trkpt>
			<trkpt lat="46.376467" lon="13.831944">
				<ele>2495.000000</ele>
			</trkpt>
			<trkpt lat="46.376424" lon="13.831854">
				<ele>2493.000000</ele>
			</trkpt>
			<trkpt lat="46.376418" lon="13.831701">
				<ele>2491.000000</ele>
			</trkpt>
			<trkpt lat="46.376381" lon="13.831567">
				<ele>2489.000000</ele>
			</trkpt>
			<trkpt lat="46.376331" lon="13.831432">
				<ele>2488.000000</ele>
			</trkpt>
			<trkpt lat="46.376269" lon="13.831387">
				<ele>2487.000000</ele>
			</trkpt>
			<trkpt lat="46.376219" lon="13.831378">
				<ele>2486.000000</ele>
			</trkpt>
			<trkpt lat="46.376164" lon="13.831334">
				<ele>2485.000000</ele>
			</trkpt>
			<trkpt lat="46.376108" lon="13.831307">
				<ele>2485.000000</ele>
			</trkpt>
			<trkpt lat="46.376108" lon="13.831225">
				<ele>2484.000000</ele>
			</trkpt>
			<trkpt lat="46.376034" lon="13.831091">
				<ele>2483.000000</ele>
			</trkpt>
			<trkpt lat="46.375965" lon="13.830974">
				<ele>2481.000000</ele>
			</trkpt>
			<trkpt lat="46.375885" lon="13.830938">
				<ele>2480.000000</ele>
			</trkpt>
			<trkpt lat="46.375798" lon="13.830921">
				<ele>2479.000000</ele>
			</trkpt>
			<trkpt lat="46.375798" lon="13.830875">
				<ele>2478.000000</ele>
			</trkpt>
			<trkpt lat="46.375724" lon="13.830768">
				<ele>2476.000000</ele>
			</trkpt>
			<trkpt lat="46.375643" lon="13.830722">
				<ele>2474.000000</ele>
			</trkpt>
			<trkpt lat="46.375544" lon="13.830569">
				<ele>2471.000000</ele>
			</trkpt>
			<trkpt lat="46.375482" lon="13.830569">
				<ele>2469.000000</ele>
			</trkpt>
			<trkpt lat="46.375352" lon="13.830508">
				<ele>2465.000000</ele>
			</trkpt>
			<trkpt lat="46.375321" lon="13.830569">
				<ele>2463.000000</ele>
			</trkpt>
			<trkpt lat="46.375166" lon="13.830624">
				<ele>2459.000000</ele>
			</trkpt>
			<trkpt lat="46.375135" lon="13.830471">
				<ele>2458.000000</ele>
			</trkpt>
			<trkpt lat="46.375067" lon="13.830355">
				<ele>2457.000000</ele>
			</trkpt>
			<trkpt lat="46.374980" lon="13.830319">
				<ele>2456.000000</ele>
			</trkpt>
			<trkpt lat="46.374670" lon="13.830363">
				<ele>2452.000000</ele>
			</trkpt>
			<trkpt lat="46.374564" lon="13.830120">
				<ele>2450.000000</ele>
			</trkpt>
			<trkpt lat="46.374515" lon="13.829887">
				<ele>2450.000000</ele>
			</trkpt>
			<trkpt lat="46.374503" lon="13.829806">
				<ele>2450.000000</ele>
			</trkpt>
			<trkpt lat="46.374509" lon="13.829734">
				<ele>2450.000000</ele>
			</trkpt>
			<trkpt lat="46.374546" lon="13.829590">
				<ele>2450.000000</ele>
			</trkpt>
			<trkpt lat="46.374564" lon="13.829537">
				<ele>2450.000000</ele>
			</trkpt>
			<trkpt lat="46.374546" lon="13.829437">
				<ele>2450.000000</ele>
			</trkpt>
			<trkpt lat="46.374497" lon="13.829366">
				<ele>2450.000000</ele>
			</trkpt>
			<trkpt lat="46.374416" lon="13.829223">
				<ele>2447.000000</ele>
			</trkpt>
			<trkpt lat="46.374360" lon="13.829078">
				<ele>2445.000000</ele>
			</trkpt>
			<trkpt lat="46.374292" lon="13.828961">
				<ele>2442.000000</ele>
			</trkpt>
			<trkpt lat="46.374255" lon="13.828864">
				<ele>2441.000000</ele>
			</trkpt>
			<trkpt lat="46.374193" lon="13.828621">
				<ele>2437.000000</ele>
			</trkpt>
			<trkpt lat="46.374155" lon="13.828450">
				<ele>2435.000000</ele>
			</trkpt>
			<trkpt lat="46.374149" lon="13.828298">
				<ele>2433.000000</ele>
			</trkpt>
			<trkpt lat="46.374081" lon="13.828162">
				<ele>2430.000000</ele>
			</trkpt>
			<trkpt lat="46.374025" lon="13.828009">
				<ele>2429.000000</ele>
			</trkpt>
			<trkpt lat="46.373970" lon="13.827830">
				<ele>2427.000000</ele>
			</trkpt>
			<trkpt lat="46.373951" lon="13.827462">
				<ele>2425.000000</ele>
			</trkpt>
			<trkpt lat="46.373926" lon="13.827353">
				<ele>2424.000000</ele>
			</trkpt>
			<trkpt lat="46.373964" lon="13.827183">
				<ele>2423.000000</ele>
			</trkpt>
			<trkpt lat="46.373964" lon="13.826994">
				<ele>2421.000000</ele>
			</trkpt>
			<trkpt lat="46.373933" lon="13.826967">
				<ele>2421.000000</ele>
			</trkpt>
			<trkpt lat="46.373895" lon="13.826877">
				<ele>2420.000000</ele>
			</trkpt>
			<trkpt lat="46.373858" lon="13.826824">
				<ele>2420.000000</ele>
			</trkpt>
			<trkpt lat="46.373790" lon="13.826787">
				<ele>2420.000000</ele>
			</trkpt>
			<trkpt lat="46.373746" lon="13.826698">
				<ele>2420.000000</ele>
			</trkpt>
			<trkpt lat="46.373623" lon="13.826617">
				<ele>2420.000000</ele>
			</trkpt>
			<trkpt lat="46.373542" lon="13.826608">
				<ele>2420.000000</ele>
			</trkpt>
			<trkpt lat="46.373437" lon="13.826491">
				<ele>2420.000000</ele>
			</trkpt>
			<trkpt lat="46.373369" lon="13.826401">
				<ele>2420.000000</ele>
			</trkpt>
			<trkpt lat="46.373325" lon="13.826330">
				<ele>2420.000000</ele>
			</trkpt>
			<trkpt lat="46.373288" lon="13.826231">
				<ele>2420.000000</ele>
			</trkpt>
			<trkpt lat="46.373282" lon="13.826141">
				<ele>2420.000000</ele>
			</trkpt>
			<trkpt lat="46.373276" lon="13.826024">
				<ele>2420.000000</ele>
			</trkpt>
			<trkpt lat="46.373270" lon="13.825917">
				<ele>2420.000000</ele>
			</trkpt>
			<trkpt lat="46.373251" lon="13.825871">
				<ele>2420.000000</ele>
			</trkpt>
			<trkpt lat="46.373201" lon="13.825818">
				<ele>2420.000000</ele>
			</trkpt>
			<trkpt lat="46.373201" lon="13.825764">
				<ele>2420.000000</ele>
			</trkpt>
			<trkpt lat="46.373158" lon="13.825684">
				<ele>2420.000000</ele>
			</trkpt>
			<trkpt lat="46.373102" lon="13.825629">
				<ele>2420.000000</ele>
			</trkpt>
			<trkpt lat="46.373071" lon="13.825611">
				<ele>2420.000000</ele>
			</trkpt>
			<trkpt lat="46.372867" lon="13.825737">
				<ele>2420.000000</ele>
			</trkpt>
			<trkpt lat="46.372804" lon="13.825728">
				<ele>2417.000000</ele>
			</trkpt>
			<trkpt lat="46.372767" lon="13.825656">
				<ele>2415.000000</ele>
			</trkpt>
			<trkpt lat="46.372749" lon="13.825531">
				<ele>2412.000000</ele>
			</trkpt>
			<trkpt lat="46.372718" lon="13.825495">
				<ele>2411.000000</ele>
			</trkpt>
			<trkpt lat="46.372674" lon="13.825531">
				<ele>2409.000000</ele>
			</trkpt>
			<trkpt lat="46.372637" lon="13.825521">
				<ele>2408.000000</ele>
			</trkpt>
			<trkpt lat="46.372618" lon="13.825458">
				<ele>2407.000000</ele>
			</trkpt>
			<trkpt lat="46.372681" lon="13.825153">
				<ele>2401.000000</ele>
			</trkpt>
			<trkpt lat="46.372699" lon="13.824982">
				<ele>2398.000000</ele>
			</trkpt>
			<trkpt lat="46.372718" lon="13.824892">
				<ele>2396.000000</ele>
			</trkpt>
			<trkpt lat="46.372730" lon="13.824812">
				<ele>2394.000000</ele>
			</trkpt>
			<trkpt lat="46.372718" lon="13.824730">
				<ele>2393.000000</ele>
			</trkpt>
			<trkpt lat="46.372681" lon="13.824677">
				<ele>2391.000000</ele>
			</trkpt>
			<trkpt lat="46.372600" lon="13.824632">
				<ele>2389.000000</ele>
			</trkpt>
			<trkpt lat="46.372538" lon="13.824542">
				<ele>2386.000000</ele>
			</trkpt>
			<trkpt lat="46.372513" lon="13.824372">
				<ele>2383.000000</ele>
			</trkpt>
			<trkpt lat="46.372513" lon="13.824254">
				<ele>2380.000000</ele>
			</trkpt>
			<trkpt lat="46.372507" lon="13.824137">
				<ele>2378.000000</ele>
			</trkpt>
			<trkpt lat="46.372470" lon="13.824084">
				<ele>2376.000000</ele>
			</trkpt>
			<trkpt lat="46.372395" lon="13.824057">
				<ele>2374.000000</ele>
			</trkpt>
			<trkpt lat="46.372327" lon="13.824048">
				<ele>2372.000000</ele>
			</trkpt>
			<trkpt lat="46.372278" lon="13.823994">
				<ele>2370.000000</ele>
			</trkpt>
			<trkpt lat="46.372234" lon="13.823923">
				<ele>2369.000000</ele>
			</trkpt>
			<trkpt lat="46.372203" lon="13.823824">
				<ele>2367.000000</ele>
			</trkpt>
			<trkpt lat="46.372209" lon="13.823743">
				<ele>2366.000000</ele>
			</trkpt>
			<trkpt lat="46.372203" lon="13.823653">
				<ele>2364.000000</ele>
			</trkpt>
			<trkpt lat="46.372203" lon="13.823590">
				<ele>2363.000000</ele>
			</trkpt>
			<trkpt lat="46.372191" lon="13.823563">
				<ele>2363.000000</ele>
			</trkpt>
			<trkpt lat="46.372197" lon="13.823464">
				<ele>2361.000000</ele>
			</trkpt>
			<trkpt lat="46.372215" lon="13.823428">
				<ele>2361.000000</ele>
			</trkpt>
			<trkpt lat="46.372240" lon="13.823357">
				<ele>2359.000000</ele>
			</trkpt>
			<trkpt lat="46.372228" lon="13.823204">
				<ele>2354.000000</ele>
			</trkpt>
			<trkpt lat="46.372148" lon="13.823141">
				<ele>2352.000000</ele>
			</trkpt>
			<trkpt lat="46.372116" lon="13.823132">
				<ele>2352.000000</ele>
			</trkpt>
			<trkpt lat="46.372073" lon="13.823231">
				<ele>2350.000000</ele>
			</trkpt>
			<trkpt lat="46.372042" lon="13.823294">
				<ele>2349.000000</ele>
			</trkpt>
			<trkpt lat="46.372011" lon="13.823294">
				<ele>2348.000000</ele>
			</trkpt>
			<trkpt lat="46.371986" lon="13.823240">
				<ele>2347.000000</ele>
			</trkpt>
			<trkpt lat="46.371930" lon="13.823122">
				<ele>2344.000000</ele>
			</trkpt>
			<trkpt lat="46.371900" lon="13.823069">
				<ele>2343.000000</ele>
			</trkpt>
			<trkpt lat="46.371856" lon="13.823087">
				<ele>2341.000000</ele>
			</trkpt>
			<trkpt lat="46.371794" lon="13.823087">
				<ele>2339.000000</ele>
			</trkpt>
			<trkpt lat="46.371682" lon="13.823051">
				<ele>2337.000000</ele>
			</trkpt>
			<trkpt lat="46.371645" lon="13.823015">
				<ele>2335.000000</ele>
			</trkpt>
			<trkpt lat="46.371633" lon="13.822961">
				<ele>2334.000000</ele>
			</trkpt>
			<trkpt lat="46.371615" lon="13.822925">
				<ele>2334.000000</ele>
			</trkpt>
			<trkpt lat="46.371596" lon="13.822898">
				<ele>2333.000000</ele>
			</trkpt>
			<trkpt lat="46.371559" lon="13.822916">
				<ele>2332.000000</ele>
			</trkpt>
			<trkpt lat="46.371515" lon="13.822961">
				<ele>2331.000000</ele>
			</trkpt>
			<trkpt lat="46.371453" lon="13.822961">
				<ele>2329.000000</ele>
			</trkpt>
			<trkpt lat="46.371410" lon="13.822952">
				<ele>2328.000000</ele>
			</trkpt>
			<trkpt lat="46.371360" lon="13.822934">
				<ele>2327.000000</ele>
			</trkpt>
			<trkpt lat="46.371336" lon="13.822898">
				<ele>2326.000000</ele>
			</trkpt>
			<trkpt lat="46.371305" lon="13.822835">
				<ele>2325.000000</ele>
			</trkpt>
			<trkpt lat="46.371267" lon="13.822818">
				<ele>2324.000000</ele>
			</trkpt>
			<trkpt lat="46.371206" lon="13.822799">
				<ele>2323.000000</ele>
			</trkpt>
			<trkpt lat="46.371193" lon="13.822755">
				<ele>2322.000000</ele>
			</trkpt>
			<trkpt lat="46.371193" lon="13.822692">
				<ele>2321.000000</ele>
			</trkpt>
			<trkpt lat="46.371168" lon="13.822682">
				<ele>2320.000000</ele>
			</trkpt>
			<trkpt lat="46.371094" lon="13.822674">
				<ele>2320.000000</ele>
			</trkpt>
			<trkpt lat="46.371032" lon="13.822638">
				<ele>2319.000000</ele>
			</trkpt>
			<trkpt lat="46.370976" lon="13.822556">
				<ele>2319.000000</ele>
			</trkpt>
			<trkpt lat="46.370927" lon="13.822512">
				<ele>2318.000000</ele>
			</trkpt>
			<trkpt lat="46.370827" lon="13.822503">
				<ele>2317.000000</ele>
			</trkpt>
			<trkpt lat="46.370728" lon="13.822575">
				<ele>2317.000000</ele>
			</trkpt>
			<trkpt lat="46.370654" lon="13.822566">
				<ele>2316.000000</ele>
			</trkpt>
			<trkpt lat="46.370592" lon="13.822539">
				<ele>2316.000000</ele>
			</trkpt>
			<trkpt lat="46.370511" lon="13.822556">
				<ele>2315.000000</ele>
			</trkpt>
			<trkpt lat="46.370387" lon="13.822584">
				<ele>2314.000000</ele>
			</trkpt>
			<trkpt lat="46.370282" lon="13.822566">
				<ele>2314.000000</ele>
			</trkpt>
			<trkpt lat="46.370239" lon="13.822556">
				<ele>2313.000000</ele>
			</trkpt>
			<trkpt lat="46.370195" lon="13.822566">
				<ele>2313.000000</ele>
			</trkpt>
			<trkpt lat="46.370145" lon="13.822619">
				<ele>2313.000000</ele>
			</trkpt>
			<trkpt lat="46.370090" lon="13.822682">
				<ele>2312.000000</ele>
			</trkpt>
			<trkpt lat="46.370034" lon="13.822736">
				<ele>2312.000000</ele>
			</trkpt>
			<trkpt lat="46.369972" lon="13.822745">
				<ele>2311.000000</ele>
			</trkpt>
			<trkpt lat="46.369910" lon="13.822728">
				<ele>2311.000000</ele>
			</trkpt>
			<trkpt lat="46.369823" lon="13.822728">
				<ele>2310.000000</ele>
			</trkpt>
			<trkpt lat="46.369724" lon="13.822799">
				<ele>2309.000000</ele>
			</trkpt>
			<trkpt lat="46.369693" lon="13.822854">
				<ele>2309.000000</ele>
			</trkpt>
			<trkpt lat="46.369612" lon="13.822862">
				<ele>2308.000000</ele>
			</trkpt>
			<trkpt lat="46.369482" lon="13.822944">
				<ele>2307.000000</ele>
			</trkpt>
			<trkpt lat="46.369414" lon="13.822944">
				<ele>2307.000000</ele>
			</trkpt>
			<trkpt lat="46.369303" lon="13.822908">
				<ele>2306.000000</ele>
			</trkpt>
			<trkpt lat="46.369185" lon="13.822871">
				<ele>2305.000000</ele>
			</trkpt>
			<trkpt lat="46.369092" lon="13.822881">
				<ele>2305.000000</ele>
			</trkpt>
			<trkpt lat="46.369005" lon="13.822845">
				<ele>2304.000000</ele>
			</trkpt>
			<trkpt lat="46.368980" lon="13.822791">
				<ele>2304.000000</ele>
			</trkpt>
			<trkpt lat="46.368968" lon="13.822728">
				<ele>2303.000000</ele>
			</trkpt>
			<trkpt lat="46.368936" lon="13.822701">
				<ele>2303.000000</ele>
			</trkpt>
			<trkpt lat="46.368794" lon="13.822755">
				<ele>2302.000000</ele>
			</trkpt>
			<trkpt lat="46.368676" lon="13.822826">
				<ele>2301.000000</ele>
			</trkpt>
			<trkpt lat="46.368664" lon="13.822791">
				<ele>2301.000000</ele>
			</trkpt>
			<trkpt lat="46.368676" lon="13.822736">
				<ele>2301.000000</ele>
			</trkpt>
			<trkpt lat="46.368676" lon="13.822665">
				<ele>2300.000000</ele>
			</trkpt>
			<trkpt lat="46.368639" lon="13.822584">
				<ele>2299.000000</ele>
			</trkpt>
			<trkpt lat="46.368639" lon="13.822512">
				<ele>2297.000000</ele>
			</trkpt>
			<trkpt lat="46.368633" lon="13.822386">
				<ele>2295.000000</ele>
			</trkpt>
			<trkpt lat="46.368621" lon="13.822216">
				<ele>2291.000000</ele>
			</trkpt>
			<trkpt lat="46.368633" lon="13.822135">
				<ele>2289.000000</ele>
			</trkpt>
			<trkpt lat="46.368720" lon="13.821847">
				<ele>2285.000000</ele>
			</trkpt>
			<trkpt lat="46.368763" lon="13.821757">
				<ele>2283.000000</ele>
			</trkpt>
			<trkpt lat="46.368769" lon="13.821722">
				<ele>2283.000000</ele>
			</trkpt>
			<trkpt lat="46.368782" lon="13.821677">
				<ele>2282.000000</ele>
			</trkpt>
			<trkpt lat="46.368695" lon="13.821604">
				<ele>2280.000000</ele>
			</trkpt>
			<trkpt lat="46.368639" lon="13.821577">
				<ele>2279.000000</ele>
			</trkpt>
			<trkpt lat="46.368559" lon="13.821560">
				<ele>2278.000000</ele>
			</trkpt>
			<trkpt lat="46.368453" lon="13.821550">
				<ele>2277.000000</ele>
			</trkpt>
			<trkpt lat="46.368379" lon="13.821613">
				<ele>2276.000000</ele>
			</trkpt>
			<trkpt lat="46.368348" lon="13.821632">
				<ele>2275.000000</ele>
			</trkpt>
			<trkpt lat="46.368323" lon="13.821613">
				<ele>2275.000000</ele>
			</trkpt>
			<trkpt lat="46.368330" lon="13.821604">
				<ele>2275.000000</ele>
			</trkpt>
			<trkpt lat="46.368385" lon="13.821542">
				<ele>2274.000000</ele>
			</trkpt>
			<trkpt lat="46.368385" lon="13.821514">
				<ele>2273.000000</ele>
			</trkpt>
			<trkpt lat="46.368360" lon="13.821506">
				<ele>2273.000000</ele>
			</trkpt>
			<trkpt lat="46.368280" lon="13.821550">
				<ele>2272.000000</ele>
			</trkpt>
			<trkpt lat="46.368199" lon="13.821604">
				<ele>2271.000000</ele>
			</trkpt>
			<trkpt lat="46.368156" lon="13.821632">
				<ele>2270.000000</ele>
			</trkpt>
			<trkpt lat="46.368081" lon="13.821722">
				<ele>2268.000000</ele>
			</trkpt>
			<trkpt lat="46.368026" lon="13.821740">
				<ele>2267.000000</ele>
			</trkpt>
			<trkpt lat="46.367951" lon="13.821749">
				<ele>2265.000000</ele>
			</trkpt>
			<trkpt lat="46.367883" lon="13.821740">
				<ele>2263.000000</ele>
			</trkpt>
			<trkpt lat="46.367839" lon="13.821703">
				<ele>2262.000000</ele>
			</trkpt>
			<trkpt lat="46.367784" lon="13.821667">
				<ele>2261.000000</ele>
			</trkpt>
			<trkpt lat="46.367753" lon="13.821613">
				<ele>2259.000000</ele>
			</trkpt>
			<trkpt lat="46.367691" lon="13.821623">
				<ele>2258.000000</ele>
			</trkpt>
			<trkpt lat="46.367654" lon="13.821640">
				<ele>2257.000000</ele>
			</trkpt>
			<trkpt lat="46.367548" lon="13.821640">
				<ele>2255.000000</ele>
			</trkpt>
			<trkpt lat="46.367430" lon="13.821659">
				<ele>2253.000000</ele>
			</trkpt>
			<trkpt lat="46.367412" lon="13.821613">
				<ele>2252.000000</ele>
			</trkpt>
			<trkpt lat="46.367412" lon="13.821542">
				<ele>2251.000000</ele>
			</trkpt>
			<trkpt lat="46.367436" lon="13.821470">
				<ele>2250.000000</ele>
			</trkpt>
			<trkpt lat="46.367598" lon="13.821290">
				<ele>2246.000000</ele>
			</trkpt>
			<trkpt lat="46.367660" lon="13.821237">
				<ele>2244.000000</ele>
			</trkpt>
			<trkpt lat="46.367685" lon="13.821210">
				<ele>2244.000000</ele>
			</trkpt>
			<trkpt lat="46.367660" lon="13.821200">
				<ele>2243.000000</ele>
			</trkpt>
			<trkpt lat="46.367623" lon="13.821227">
				<ele>2242.000000</ele>
			</trkpt>
			<trkpt lat="46.367560" lon="13.821218">
				<ele>2241.000000</ele>
			</trkpt>
			<trkpt lat="46.367461" lon="13.821227">
				<ele>2238.000000</ele>
			</trkpt>
			<trkpt lat="46.367461" lon="13.821183">
				<ele>2237.000000</ele>
			</trkpt>
			<trkpt lat="46.367518" lon="13.821137">
				<ele>2235.000000</ele>
			</trkpt>
			<trkpt lat="46.367585" lon="13.821084">
				<ele>2233.000000</ele>
			</trkpt>
			<trkpt lat="46.367629" lon="13.821066">
				<ele>2232.000000</ele>
			</trkpt>
			<trkpt lat="46.367728" lon="13.821030">
				<ele>2229.000000</ele>
			</trkpt>
			<trkpt lat="46.367803" lon="13.821011">
				<ele>2227.000000</ele>
			</trkpt>
			<trkpt lat="46.367722" lon="13.820985">
				<ele>2225.000000</ele>
			</trkpt>
			<trkpt lat="46.367617" lon="13.820976">
				<ele>2223.000000</ele>
			</trkpt>
			<trkpt lat="46.367554" lon="13.820967">
				<ele>2221.000000</ele>
			</trkpt>
			<trkpt lat="46.367524" lon="13.820958">
				<ele>2221.000000</ele>
			</trkpt>
			<trkpt lat="46.367480" lon="13.820948">
				<ele>2220.000000</ele>
			</trkpt>
			<trkpt lat="46.367412" lon="13.820976">
				<ele>2219.000000</ele>
			</trkpt>
			<trkpt lat="46.367331" lon="13.821066">
				<ele>2218.000000</ele>
			</trkpt>
			<trkpt lat="46.367214" lon="13.821174">
				<ele>2217.000000</ele>
			</trkpt>
			<trkpt lat="46.367145" lon="13.821227">
				<ele>2216.000000</ele>
			</trkpt>
			<trkpt lat="46.367052" lon="13.821281">
				<ele>2215.000000</ele>
			</trkpt>
			<trkpt lat="46.366978" lon="13.821326">
				<ele>2214.000000</ele>
			</trkpt>
			<trkpt lat="46.366916" lon="13.821308">
				<ele>2213.000000</ele>
			</trkpt>
			<trkpt lat="46.366860" lon="13.821254">
				<ele>2213.000000</ele>
			</trkpt>
			<trkpt lat="46.366755" lon="13.821254">
				<ele>2212.000000</ele>
			</trkpt>
			<trkpt lat="46.366687" lon="13.821200">
				<ele>2211.000000</ele>
			</trkpt>
			<trkpt lat="46.366569" lon="13.821084">
				<ele>2209.000000</ele>
			</trkpt>
			<trkpt lat="46.366526" lon="13.821030">
				<ele>2208.000000</ele>
			</trkpt>
			<trkpt lat="46.366476" lon="13.821003">
				<ele>2207.000000</ele>
			</trkpt>
			<trkpt lat="46.366402" lon="13.821011">
				<ele>2205.000000</ele>
			</trkpt>
			<trkpt lat="46.366327" lon="13.820985">
				<ele>2204.000000</ele>
			</trkpt>
			<trkpt lat="46.366265" lon="13.820940">
				<ele>2203.000000</ele>
			</trkpt>
			<trkpt lat="46.366228" lon="13.820921">
				<ele>2202.000000</ele>
			</trkpt>
			<trkpt lat="46.366166" lon="13.820921">
				<ele>2201.000000</ele>
			</trkpt>
			<trkpt lat="46.366098" lon="13.820913">
				<ele>2200.000000</ele>
			</trkpt>
			<trkpt lat="46.366079" lon="13.820877">
				<ele>2199.000000</ele>
			</trkpt>
			<trkpt lat="46.366098" lon="13.820860">
				<ele>2199.000000</ele>
			</trkpt>
			<trkpt lat="46.366141" lon="13.820841">
				<ele>2198.000000</ele>
			</trkpt>
			<trkpt lat="46.366191" lon="13.820805">
				<ele>2198.000000</ele>
			</trkpt>
			<trkpt lat="46.366265" lon="13.820761">
				<ele>2196.000000</ele>
			</trkpt>
			<trkpt lat="46.366309" lon="13.820742">
				<ele>2196.000000</ele>
			</trkpt>
			<trkpt lat="46.366364" lon="13.820742">
				<ele>2195.000000</ele>
			</trkpt>
			<trkpt lat="46.366402" lon="13.820761">
				<ele>2195.000000</ele>
			</trkpt>
			<trkpt lat="46.366469" lon="13.820787">
				<ele>2194.000000</ele>
			</trkpt>
			<trkpt lat="46.366538" lon="13.820797">
				<ele>2193.000000</ele>
			</trkpt>
			<trkpt lat="46.366600" lon="13.820832">
				<ele>2192.000000</ele>
			</trkpt>
			<trkpt lat="46.366662" lon="13.820824">
				<ele>2191.000000</ele>
			</trkpt>
			<trkpt lat="46.366761" lon="13.820797">
				<ele>2190.000000</ele>
			</trkpt>
			<trkpt lat="46.366848" lon="13.820787">
				<ele>2190.000000</ele>
			</trkpt>
			<trkpt lat="46.366897" lon="13.820761">
				<ele>2190.000000</ele>
			</trkpt>
			<trkpt lat="46.366947" lon="13.820734">
				<ele>2190.000000</ele>
			</trkpt>
			<trkpt lat="46.366997" lon="13.820680">
				<ele>2188.000000</ele>
			</trkpt>
			<trkpt lat="46.367027" lon="13.820652">
				<ele>2187.000000</ele>
			</trkpt>
			<trkpt lat="46.367027" lon="13.820634">
				<ele>2187.000000</ele>
			</trkpt>
			<trkpt lat="46.367003" lon="13.820634">
				<ele>2186.000000</ele>
			</trkpt>
			<trkpt lat="46.366984" lon="13.820634">
				<ele>2186.000000</ele>
			</trkpt>
			<trkpt lat="46.366935" lon="13.820661">
				<ele>2184.000000</ele>
			</trkpt>
			<trkpt lat="46.366891" lon="13.820671">
				<ele>2183.000000</ele>
			</trkpt>
			<trkpt lat="46.366829" lon="13.820688">
				<ele>2181.000000</ele>
			</trkpt>
			<trkpt lat="46.366730" lon="13.820724">
				<ele>2179.000000</ele>
			</trkpt>
			<trkpt lat="46.366649" lon="13.820724">
				<ele>2178.000000</ele>
			</trkpt>
			<trkpt lat="46.366588" lon="13.820671">
				<ele>2177.000000</ele>
			</trkpt>
			<trkpt lat="46.366532" lon="13.820598">
				<ele>2176.000000</ele>
			</trkpt>
			<trkpt lat="46.366482" lon="13.820527">
				<ele>2174.000000</ele>
			</trkpt>
			<trkpt lat="46.366451" lon="13.820491">
				<ele>2174.000000</ele>
			</trkpt>
			<trkpt lat="46.366408" lon="13.820455">
				<ele>2173.000000</ele>
			</trkpt>
			<trkpt lat="46.366352" lon="13.820437">
				<ele>2172.000000</ele>
			</trkpt>
			<trkpt lat="46.366284" lon="13.820445">
				<ele>2171.000000</ele>
			</trkpt>
			<trkpt lat="46.366154" lon="13.820482">
				<ele>2168.000000</ele>
			</trkpt>
			<trkpt lat="46.366104" lon="13.820464">
				<ele>2166.000000</ele>
			</trkpt>
			<trkpt lat="46.366036" lon="13.820437">
				<ele>2164.000000</ele>
			</trkpt>
			<trkpt lat="46.366011" lon="13.820382">
				<ele>2162.000000</ele>
			</trkpt>
			<trkpt lat="46.365961" lon="13.820347">
				<ele>2161.000000</ele>
			</trkpt>
			<trkpt lat="46.365924" lon="13.820329">
				<ele>2160.000000</ele>
			</trkpt>
			<trkpt lat="46.365881" lon="13.820329">
				<ele>2160.000000</ele>
			</trkpt>
			<trkpt lat="46.365819" lon="13.820347">
				<ele>2160.000000</ele>
			</trkpt>
			<trkpt lat="46.365800" lon="13.820311">
				<ele>2159.000000</ele>
			</trkpt>
			<trkpt lat="46.365806" lon="13.820258">
				<ele>2155.000000</ele>
			</trkpt>
			<trkpt lat="46.365837" lon="13.820231">
				<ele>2152.000000</ele>
			</trkpt>
			<trkpt lat="46.365875" lon="13.820212">
				<ele>2149.000000</ele>
			</trkpt>
			<trkpt lat="46.365869" lon="13.820195">
				<ele>2148.000000</ele>
			</trkpt>
			<trkpt lat="46.365825" lon="13.820195">
				<ele>2145.000000</ele>
			</trkpt>
			<trkpt lat="46.365788" lon="13.820095">
				<ele>2140.000000</ele>
			</trkpt>
			<trkpt lat="46.365856" lon="13.820114">
				<ele>2136.000000</ele>
			</trkpt>
			<trkpt lat="46.365924" lon="13.820078">
				<ele>2130.000000</ele>
			</trkpt>
			<trkpt lat="46.365968" lon="13.820105">
				<ele>2129.000000</ele>
			</trkpt>
			<trkpt lat="46.366048" lon="13.820168">
				<ele>2128.000000</ele>
			</trkpt>
			<trkpt lat="46.366110" lon="13.820168">
				<ele>2127.000000</ele>
			</trkpt>
			<trkpt lat="46.366222" lon="13.820176">
				<ele>2125.000000</ele>
			</trkpt>
			<trkpt lat="46.366290" lon="13.820095">
				<ele>2124.000000</ele>
			</trkpt>
			<trkpt lat="46.366358" lon="13.820086">
				<ele>2123.000000</ele>
			</trkpt>
			<trkpt lat="46.366408" lon="13.820114">
				<ele>2122.000000</ele>
			</trkpt>
			<trkpt lat="46.366457" lon="13.820114">
				<ele>2122.000000</ele>
			</trkpt>
			<trkpt lat="46.366606" lon="13.820122">
				<ele>2119.000000</ele>
			</trkpt>
			<trkpt lat="46.366693" lon="13.820141">
				<ele>2118.000000</ele>
			</trkpt>
			<trkpt lat="46.366742" lon="13.820114">
				<ele>2117.000000</ele>
			</trkpt>
			<trkpt lat="46.366854" lon="13.820015">
				<ele>2114.000000</ele>
			</trkpt>
			<trkpt lat="46.367009" lon="13.819898">
				<ele>2111.000000</ele>
			</trkpt>
			<trkpt lat="46.367102" lon="13.819782">
				<ele>2109.000000</ele>
			</trkpt>
			<trkpt lat="46.367220" lon="13.819728">
				<ele>2106.000000</ele>
			</trkpt>
			<trkpt lat="46.367269" lon="13.819709">
				<ele>2104.000000</ele>
			</trkpt>
			<trkpt lat="46.367313" lon="13.819700">
				<ele>2103.000000</ele>
			</trkpt>
			<trkpt lat="46.367338" lon="13.819692">
				<ele>2103.000000</ele>
			</trkpt>
			<trkpt lat="46.367313" lon="13.819665">
				<ele>2102.000000</ele>
			</trkpt>
			<trkpt lat="46.367257" lon="13.819655">
				<ele>2101.000000</ele>
			</trkpt>
			<trkpt lat="46.367220" lon="13.819638">
				<ele>2100.000000</ele>
			</trkpt>
			<trkpt lat="46.367220" lon="13.819629">
				<ele>2100.000000</ele>
			</trkpt>
			<trkpt lat="46.367226" lon="13.819592">
				<ele>2099.000000</ele>
			</trkpt>
			<trkpt lat="46.367282" lon="13.819520">
				<ele>2096.000000</ele>
			</trkpt>
			<trkpt lat="46.367350" lon="13.819503">
				<ele>2094.000000</ele>
			</trkpt>
			<trkpt lat="46.367418" lon="13.819485">
				<ele>2092.000000</ele>
			</trkpt>
			<trkpt lat="46.367486" lon="13.819403">
				<ele>2089.000000</ele>
			</trkpt>
			<trkpt lat="46.367554" lon="13.819296">
				<ele>2087.000000</ele>
			</trkpt>
			<trkpt lat="46.367598" lon="13.819189">
				<ele>2085.000000</ele>
			</trkpt>
			<trkpt lat="46.367666" lon="13.819063">
				<ele>2083.000000</ele>
			</trkpt>
			<trkpt lat="46.367728" lon="13.818946">
				<ele>2081.000000</ele>
			</trkpt>
			<trkpt lat="46.367747" lon="13.818864">
				<ele>2080.000000</ele>
			</trkpt>
			<trkpt lat="46.367759" lon="13.818820">
				<ele>2080.000000</ele>
			</trkpt>
			<trkpt lat="46.367778" lon="13.818793">
				<ele>2080.000000</ele>
			</trkpt>
			<trkpt lat="46.367815" lon="13.818730">
				<ele>2080.000000</ele>
			</trkpt>
			<trkpt lat="46.367852" lon="13.818721">
				<ele>2080.000000</ele>
			</trkpt>
			<trkpt lat="46.367895" lon="13.818703">
				<ele>2080.000000</ele>
			</trkpt>
			<trkpt lat="46.367927" lon="13.818667">
				<ele>2079.000000</ele>
			</trkpt>
			<trkpt lat="46.367939" lon="13.818640">
				<ele>2078.000000</ele>
			</trkpt>
			<trkpt lat="46.367914" lon="13.818650">
				<ele>2077.000000</ele>
			</trkpt>
			<trkpt lat="46.367877" lon="13.818667">
				<ele>2076.000000</ele>
			</trkpt>
			<trkpt lat="46.367784" lon="13.818694">
				<ele>2073.000000</ele>
			</trkpt>
			<trkpt lat="46.367747" lon="13.818740">
				<ele>2071.000000</ele>
			</trkpt>
			<trkpt lat="46.367567" lon="13.818829">
				<ele>2066.000000</ele>
			</trkpt>
			<trkpt lat="46.367536" lon="13.818856">
				<ele>2066.000000</ele>
			</trkpt>
			<trkpt lat="46.367480" lon="13.818874">
				<ele>2064.000000</ele>
			</trkpt>
			<trkpt lat="46.367430" lon="13.818919">
				<ele>2063.000000</ele>
			</trkpt>
			<trkpt lat="46.367400" lon="13.818982">
				<ele>2062.000000</ele>
			</trkpt>
			<trkpt lat="46.367275" lon="13.819036">
				<ele>2059.000000</ele>
			</trkpt>
			<trkpt lat="46.367195" lon="13.819053">
				<ele>2057.000000</ele>
			</trkpt>
			<trkpt lat="46.367133" lon="13.819063">
				<ele>2055.000000</ele>
			</trkpt>
			<trkpt lat="46.367077" lon="13.819063">
				<ele>2054.000000</ele>
			</trkpt>
			<trkpt lat="46.367065" lon="13.819053">
				<ele>2054.000000</ele>
			</trkpt>
			<trkpt lat="46.367096" lon="13.819026">
				<ele>2053.000000</ele>
			</trkpt>
			<trkpt lat="46.367151" lon="13.819009">
				<ele>2051.000000</ele>
			</trkpt>
			<trkpt lat="46.367189" lon="13.819000">
				<ele>2051.000000</ele>
			</trkpt>
			<trkpt lat="46.367164" lon="13.818990">
				<ele>2050.000000</ele>
			</trkpt>
			<trkpt lat="46.367108" lon="13.818990">
				<ele>2049.000000</ele>
			</trkpt>
			<trkpt lat="46.367040" lon="13.818982">
				<ele>2048.000000</ele>
			</trkpt>
			<trkpt lat="46.367040" lon="13.818954">
				<ele>2048.000000</ele>
			</trkpt>
			<trkpt lat="46.367164" lon="13.818883">
				<ele>2045.000000</ele>
			</trkpt>
			<trkpt lat="46.367214" lon="13.818883">
				<ele>2044.000000</ele>
			</trkpt>
			<trkpt lat="46.367338" lon="13.818793">
				<ele>2042.000000</ele>
			</trkpt>
			<trkpt lat="46.367418" lon="13.818713">
				<ele>2040.000000</ele>
			</trkpt>
			<trkpt lat="46.367524" lon="13.818613">
				<ele>2040.000000</ele>
			</trkpt>
			<trkpt lat="46.367604" lon="13.818541">
				<ele>2040.000000</ele>
			</trkpt>
			<trkpt lat="46.367648" lon="13.818398">
				<ele>2038.000000</ele>
			</trkpt>
			<trkpt lat="46.367648" lon="13.818281">
				<ele>2036.000000</ele>
			</trkpt>
			<trkpt lat="46.367635" lon="13.818137">
				<ele>2033.000000</ele>
			</trkpt>
			<trkpt lat="46.367635" lon="13.818065">
				<ele>2032.000000</ele>
			</trkpt>
			<trkpt lat="46.367654" lon="13.818011">
				<ele>2031.000000</ele>
			</trkpt>
			<trkpt lat="46.367678" lon="13.817958">
				<ele>2030.000000</ele>
			</trkpt>
			<trkpt lat="46.367759" lon="13.817858">
				<ele>2027.000000</ele>
			</trkpt>
			<trkpt lat="46.367784" lon="13.817778">
				<ele>2026.000000</ele>
			</trkpt>
			<trkpt lat="46.367803" lon="13.817732">
				<ele>2025.000000</ele>
			</trkpt>
			<trkpt lat="46.367815" lon="13.817724">
				<ele>2025.000000</ele>
			</trkpt>
			<trkpt lat="46.367827" lon="13.817715">
				<ele>2025.000000</ele>
			</trkpt>
			<trkpt lat="46.367846" lon="13.817751">
				<ele>2024.000000</ele>
			</trkpt>
			<trkpt lat="46.367871" lon="13.817778">
				<ele>2023.000000</ele>
			</trkpt>
			<trkpt lat="46.367976" lon="13.817814">
				<ele>2021.000000</ele>
			</trkpt>
			<trkpt lat="46.367988" lon="13.817814">
				<ele>2021.000000</ele>
			</trkpt>
			<trkpt lat="46.367994" lon="13.817795">
				<ele>2020.000000</ele>
			</trkpt>
			<trkpt lat="46.367988" lon="13.817769">
				<ele>2020.000000</ele>
			</trkpt>
			<trkpt lat="46.367970" lon="13.817751">
				<ele>2019.000000</ele>
			</trkpt>
			<trkpt lat="46.367957" lon="13.817732">
				<ele>2019.000000</ele>
			</trkpt>
			<trkpt lat="46.367963" lon="13.817706">
				<ele>2018.000000</ele>
			</trkpt>
			<trkpt lat="46.367970" lon="13.817697">
				<ele>2018.000000</ele>
			</trkpt>
			<trkpt lat="46.368032" lon="13.817679">
				<ele>2016.000000</ele>
			</trkpt>
			<trkpt lat="46.368057" lon="13.817688">
				<ele>2015.000000</ele>
			</trkpt>
			<trkpt lat="46.368094" lon="13.817724">
				<ele>2014.000000</ele>
			</trkpt>
			<trkpt lat="46.368131" lon="13.817742">
				<ele>2013.000000</ele>
			</trkpt>
			<trkpt lat="46.368137" lon="13.817732">
				<ele>2013.000000</ele>
			</trkpt>
			<trkpt lat="46.368143" lon="13.817706">
				<ele>2012.000000</ele>
			</trkpt>
			<trkpt lat="46.368131" lon="13.817581">
				<ele>2010.000000</ele>
			</trkpt>
			<trkpt lat="46.368112" lon="13.817491">
				<ele>2008.000000</ele>
			</trkpt>
			<trkpt lat="46.368088" lon="13.817428">
				<ele>2007.000000</ele>
			</trkpt>
			<trkpt lat="46.368075" lon="13.817382">
				<ele>2007.000000</ele>
			</trkpt>
			<trkpt lat="46.368075" lon="13.817355">
				<ele>2006.000000</ele>
			</trkpt>
			<trkpt lat="46.368081" lon="13.817355">
				<ele>2006.000000</ele>
			</trkpt>
			<trkpt lat="46.368100" lon="13.817365">
				<ele>2006.000000</ele>
			</trkpt>
			<trkpt lat="46.368230" lon="13.817374">
				<ele>2003.000000</ele>
			</trkpt>
			<trkpt lat="46.368286" lon="13.817401">
				<ele>2002.000000</ele>
			</trkpt>
			<trkpt lat="46.368336" lon="13.817455">
				<ele>2000.000000</ele>
			</trkpt>
			<trkpt lat="46.368379" lon="13.817472">
				<ele>1999.000000</ele>
			</trkpt>
			<trkpt lat="46.368410" lon="13.817472">
				<ele>1998.000000</ele>
			</trkpt>
			<trkpt lat="46.368435" lon="13.817464">
				<ele>1998.000000</ele>
			</trkpt>
			<trkpt lat="46.368478" lon="13.817455">
				<ele>1996.000000</ele>
			</trkpt>
			<trkpt lat="46.368565" lon="13.817455">
				<ele>1994.000000</ele>
			</trkpt>
			<trkpt lat="46.368651" lon="13.817472">
				<ele>1992.000000</ele>
			</trkpt>
			<trkpt lat="46.368813" lon="13.817571">
				<ele>1987.000000</ele>
			</trkpt>
			<trkpt lat="46.368838" lon="13.817589">
				<ele>1986.000000</ele>
			</trkpt>
			<trkpt lat="46.368844" lon="13.817589">
				<ele>1986.000000</ele>
			</trkpt>
			<trkpt lat="46.368850" lon="13.817581">
				<ele>1986.000000</ele>
			</trkpt>
			<trkpt lat="46.368850" lon="13.817571">
				<ele>1986.000000</ele>
			</trkpt>
			<trkpt lat="46.368838" lon="13.817554">
				<ele>1986.000000</ele>
			</trkpt>
			<trkpt lat="46.368825" lon="13.817508">
				<ele>1985.000000</ele>
			</trkpt>
			<trkpt lat="46.368794" lon="13.817445">
				<ele>1984.000000</ele>
			</trkpt>
			<trkpt lat="46.368726" lon="13.817329">
				<ele>1981.000000</ele>
			</trkpt>
			<trkpt lat="46.368689" lon="13.817256">
				<ele>1980.000000</ele>
			</trkpt>
			<trkpt lat="46.368609" lon="13.817195">
				<ele>1977.000000</ele>
			</trkpt>
			<trkpt lat="46.368534" lon="13.817140">
				<ele>1975.000000</ele>
			</trkpt>
			<trkpt lat="46.368484" lon="13.817068">
				<ele>1973.000000</ele>
			</trkpt>
			<trkpt lat="46.368453" lon="13.817032">
				<ele>1972.000000</ele>
			</trkpt>
			<trkpt lat="46.368441" lon="13.816969">
				<ele>1971.000000</ele>
			</trkpt>
			<trkpt lat="46.368422" lon="13.816879">
				<ele>1970.000000</ele>
			</trkpt>
			<trkpt lat="46.368403" lon="13.816853">
				<ele>1970.000000</ele>
			</trkpt>
			<trkpt lat="46.368379" lon="13.816835">
				<ele>1970.000000</ele>
			</trkpt>
			<trkpt lat="46.368354" lon="13.816808">
				<ele>1970.000000</ele>
			</trkpt>
			<trkpt lat="46.368336" lon="13.816799">
				<ele>1970.000000</ele>
			</trkpt>
			<trkpt lat="46.368323" lon="13.816745">
				<ele>1970.000000</ele>
			</trkpt>
			<trkpt lat="46.368323" lon="13.816700">
				<ele>1969.000000</ele>
			</trkpt>
			<trkpt lat="46.368317" lon="13.816682">
				<ele>1968.000000</ele>
			</trkpt>
			<trkpt lat="46.368286" lon="13.816637">
				<ele>1967.000000</ele>
			</trkpt>
			<trkpt lat="46.368242" lon="13.816600">
				<ele>1966.000000</ele>
			</trkpt>
			<trkpt lat="46.368193" lon="13.816539">
				<ele>1964.000000</ele>
			</trkpt>
			<trkpt lat="46.368168" lon="13.816503">
				<ele>1963.000000</ele>
			</trkpt>
			<trkpt lat="46.368143" lon="13.816484">
				<ele>1963.000000</ele>
			</trkpt>
			<trkpt lat="46.368100" lon="13.816466">
				<ele>1962.000000</ele>
			</trkpt>
			<trkpt lat="46.368094" lon="13.816449">
				<ele>1961.000000</ele>
			</trkpt>
			<trkpt lat="46.368106" lon="13.816430">
				<ele>1961.000000</ele>
			</trkpt>
			<trkpt lat="46.368149" lon="13.816430">
				<ele>1960.000000</ele>
			</trkpt>
			<trkpt lat="46.368199" lon="13.816457">
				<ele>1959.000000</ele>
			</trkpt>
			<trkpt lat="46.368280" lon="13.816503">
				<ele>1958.000000</ele>
			</trkpt>
			<trkpt lat="46.368403" lon="13.816610">
				<ele>1956.000000</ele>
			</trkpt>
			<trkpt lat="46.368453" lon="13.816646">
				<ele>1955.000000</ele>
			</trkpt>
			<trkpt lat="46.368472" lon="13.816673">
				<ele>1954.000000</ele>
			</trkpt>
			<trkpt lat="46.368484" lon="13.816673">
				<ele>1954.000000</ele>
			</trkpt>
			<trkpt lat="46.368491" lon="13.816655">
				<ele>1954.000000</ele>
			</trkpt>
			<trkpt lat="46.368478" lon="13.816637">
				<ele>1954.000000</ele>
			</trkpt>
			<trkpt lat="46.368466" lon="13.816610">
				<ele>1953.000000</ele>
			</trkpt>
			<trkpt lat="46.368441" lon="13.816574">
				<ele>1953.000000</ele>
			</trkpt>
			<trkpt lat="46.368422" lon="13.816520">
				<ele>1952.000000</ele>
			</trkpt>
			<trkpt lat="46.368403" lon="13.816476">
				<ele>1952.000000</ele>
			</trkpt>
			<trkpt lat="46.368379" lon="13.816403">
				<ele>1951.000000</ele>
			</trkpt>
			<trkpt lat="46.368379" lon="13.816367">
				<ele>1950.000000</ele>
			</trkpt>
			<trkpt lat="46.368379" lon="13.816260">
				<ele>1949.000000</ele>
			</trkpt>
			<trkpt lat="46.368385" lon="13.816242">
				<ele>1949.000000</ele>
			</trkpt>
			<trkpt lat="46.368397" lon="13.816233">
				<ele>1949.000000</ele>
			</trkpt>
			<trkpt lat="46.368397" lon="13.816296">
				<ele>1948.000000</ele>
			</trkpt>
			<trkpt lat="46.368397" lon="13.816340">
				<ele>1948.000000</ele>
			</trkpt>
			<trkpt lat="46.368403" lon="13.816367">
				<ele>1947.000000</ele>
			</trkpt>
			<trkpt lat="46.368447" lon="13.816430">
				<ele>1946.000000</ele>
			</trkpt>
			<trkpt lat="46.368509" lon="13.816466">
				<ele>1945.000000</ele>
			</trkpt>
			<trkpt lat="46.368627" lon="13.816529">
				<ele>1944.000000</ele>
			</trkpt>
			<trkpt lat="46.368726" lon="13.816629">
				<ele>1942.000000</ele>
			</trkpt>
			<trkpt lat="46.368863" lon="13.816727">
				<ele>1939.000000</ele>
			</trkpt>
			<trkpt lat="46.368993" lon="13.816763">
				<ele>1937.000000</ele>
			</trkpt>
			<trkpt lat="46.369042" lon="13.816736">
				<ele>1937.000000</ele>
			</trkpt>
			<trkpt lat="46.369085" lon="13.816736">
				<ele>1936.000000</ele>
			</trkpt>
			<trkpt lat="46.369123" lon="13.816763">
				<ele>1935.000000</ele>
			</trkpt>
			<trkpt lat="46.369197" lon="13.816826">
				<ele>1934.000000</ele>
			</trkpt>
			<trkpt lat="46.369228" lon="13.816853">
				<ele>1933.000000</ele>
			</trkpt>
			<trkpt lat="46.369290" lon="13.816889">
				<ele>1932.000000</ele>
			</trkpt>
			<trkpt lat="46.369333" lon="13.816942">
				<ele>1932.000000</ele>
			</trkpt>
			<trkpt lat="46.369346" lon="13.816960">
				<ele>1931.000000</ele>
			</trkpt>
			<trkpt lat="46.369488" lon="13.816942">
				<ele>1929.000000</ele>
			</trkpt>
			<trkpt lat="46.369594" lon="13.816879">
				<ele>1926.000000</ele>
			</trkpt>
			<trkpt lat="46.369699" lon="13.816816">
				<ele>1923.000000</ele>
			</trkpt>
			<trkpt lat="46.369736" lon="13.816790">
				<ele>1922.000000</ele>
			</trkpt>
			<trkpt lat="46.369742" lon="13.816772">
				<ele>1921.000000</ele>
			</trkpt>
			<trkpt lat="46.369742" lon="13.816763">
				<ele>1921.000000</ele>
			</trkpt>
			<trkpt lat="46.369742" lon="13.816753">
				<ele>1921.000000</ele>
			</trkpt>
			<trkpt lat="46.369736" lon="13.816753">
				<ele>1921.000000</ele>
			</trkpt>
			<trkpt lat="46.369718" lon="13.816763">
				<ele>1920.000000</ele>
			</trkpt>
			<trkpt lat="46.369681" lon="13.816763">
				<ele>1920.000000</ele>
			</trkpt>
			<trkpt lat="46.369618" lon="13.816753">
				<ele>1919.000000</ele>
			</trkpt>
			<trkpt lat="46.369494" lon="13.816745">
				<ele>1916.000000</ele>
			</trkpt>
			<trkpt lat="46.369433" lon="13.816727">
				<ele>1915.000000</ele>
			</trkpt>
			<trkpt lat="46.369371" lon="13.816673">
				<ele>1914.000000</ele>
			</trkpt>
			<trkpt lat="46.369327" lon="13.816655">
				<ele>1913.000000</ele>
			</trkpt>
			<trkpt lat="46.369278" lon="13.816663">
				<ele>1912.000000</ele>
			</trkpt>
			<trkpt lat="46.369234" lon="13.816655">
				<ele>1912.000000</ele>
			</trkpt>
			<trkpt lat="46.369179" lon="13.816610">
				<ele>1911.000000</ele>
			</trkpt>
			<trkpt lat="46.369172" lon="13.816592">
				<ele>1910.000000</ele>
			</trkpt>
			<trkpt lat="46.369172" lon="13.816574">
				<ele>1910.000000</ele>
			</trkpt>
			<trkpt lat="46.369179" lon="13.816566">
				<ele>1910.000000</ele>
			</trkpt>
			<trkpt lat="46.369185" lon="13.816556">
				<ele>1910.000000</ele>
			</trkpt>
			<trkpt lat="46.369215" lon="13.816583">
				<ele>1909.000000</ele>
			</trkpt>
			<trkpt lat="46.369284" lon="13.816600">
				<ele>1907.000000</ele>
			</trkpt>
			<trkpt lat="46.369389" lon="13.816583">
				<ele>1905.000000</ele>
			</trkpt>
			<trkpt lat="46.369494" lon="13.816566">
				<ele>1902.000000</ele>
			</trkpt>
			<trkpt lat="46.369544" lon="13.816520">
				<ele>1901.000000</ele>
			</trkpt>
			<trkpt lat="46.369582" lon="13.816466">
				<ele>1900.000000</ele>
			</trkpt>
			<trkpt lat="46.369588" lon="13.816422">
				<ele>1899.000000</ele>
			</trkpt>
			<trkpt lat="46.369643" lon="13.816350">
				<ele>1898.000000</ele>
			</trkpt>
			<trkpt lat="46.369736" lon="13.816260">
				<ele>1896.000000</ele>
			</trkpt>
			<trkpt lat="46.369773" lon="13.816269">
				<ele>1895.000000</ele>
			</trkpt>
			<trkpt lat="46.369848" lon="13.816233">
				<ele>1894.000000</ele>
			</trkpt>
			<trkpt lat="46.369966" lon="13.816134">
				<ele>1891.000000</ele>
			</trkpt>
			<trkpt lat="46.369780" lon="13.816107">
				<ele>1881.000000</ele>
			</trkpt>
			<trkpt lat="46.369625" lon="13.816017">
				<ele>1871.000000</ele>
			</trkpt>
			<trkpt lat="46.369513" lon="13.816071">
				<ele>1865.000000</ele>
			</trkpt>
			<trkpt lat="46.369488" lon="13.816026">
				<ele>1863.000000</ele>
			</trkpt>
			<trkpt lat="46.369470" lon="13.815981">
				<ele>1861.000000</ele>
			</trkpt>
			<trkpt lat="46.369433" lon="13.815927">
				<ele>1858.000000</ele>
			</trkpt>
			<trkpt lat="46.369451" lon="13.815738">
				<ele>1850.000000</ele>
			</trkpt>
			<trkpt lat="46.369494" lon="13.815621">
				<ele>1846.000000</ele>
			</trkpt>
			<trkpt lat="46.369557" lon="13.815524">
				<ele>1841.000000</ele>
			</trkpt>
			<trkpt lat="46.369519" lon="13.815470">
				<ele>1838.000000</ele>
			</trkpt>
			<trkpt lat="46.369532" lon="13.815424">
				<ele>1836.000000</ele>
			</trkpt>
			<trkpt lat="46.369513" lon="13.815407">
				<ele>1835.000000</ele>
			</trkpt>
			<trkpt lat="46.369532" lon="13.815325">
				<ele>1832.000000</ele>
			</trkpt>
			<trkpt lat="46.369544" lon="13.815245">
				<ele>1829.000000</ele>
			</trkpt>
			<trkpt lat="46.369501" lon="13.815208">
				<ele>1826.000000</ele>
			</trkpt>
			<trkpt lat="46.369439" lon="13.815191">
				<ele>1824.000000</ele>
			</trkpt>
			<trkpt lat="46.369414" lon="13.815137">
				<ele>1822.000000</ele>
			</trkpt>
			<trkpt lat="46.369414" lon="13.815065">
				<ele>1820.000000</ele>
			</trkpt>
			<trkpt lat="46.369451" lon="13.815011">
				<ele>1817.000000</ele>
			</trkpt>
			<trkpt lat="46.369494" lon="13.814992">
				<ele>1816.000000</ele>
			</trkpt>
			<trkpt lat="46.369786" lon="13.814688">
				<ele>1802.000000</ele>
			</trkpt>
			<trkpt lat="46.369830" lon="13.814499">
				<ele>1798.000000</ele>
			</trkpt>
			<trkpt lat="46.369903" lon="13.814373">
				<ele>1794.000000</ele>
			</trkpt>
			<trkpt lat="46.369935" lon="13.814095">
				<ele>1785.000000</ele>
			</trkpt>
			<trkpt lat="46.369966" lon="13.814005">
				<ele>1782.000000</ele>
			</trkpt>
			<trkpt lat="46.369972" lon="13.813906">
				<ele>1778.000000</ele>
			</trkpt>
			<trkpt lat="46.369960" lon="13.813772">
				<ele>1773.000000</ele>
			</trkpt>
			<trkpt lat="46.369891" lon="13.813484">
				<ele>1762.000000</ele>
			</trkpt>
			<trkpt lat="46.369854" lon="13.813287">
				<ele>1756.000000</ele>
			</trkpt>
			<trkpt lat="46.369823" lon="13.813214">
				<ele>1753.000000</ele>
			</trkpt>
			<trkpt lat="46.369842" lon="13.812784">
				<ele>1740.000000</ele>
			</trkpt>
			<trkpt lat="46.369867" lon="13.812721">
				<ele>1738.000000</ele>
			</trkpt>
			<trkpt lat="46.370015" lon="13.812747">
				<ele>1731.000000</ele>
			</trkpt>
			<trkpt lat="46.370127" lon="13.812747">
				<ele>1726.000000</ele>
			</trkpt>
			<trkpt lat="46.370158" lon="13.812640">
				<ele>1722.000000</ele>
			</trkpt>
			<trkpt lat="46.370127" lon="13.812532">
				<ele>1717.000000</ele>
			</trkpt>
			<trkpt lat="46.370096" lon="13.812397">
				<ele>1712.000000</ele>
			</trkpt>
			<trkpt lat="46.370102" lon="13.812271">
				<ele>1708.000000</ele>
			</trkpt>
			<trkpt lat="46.370115" lon="13.812208">
				<ele>1707.000000</ele>
			</trkpt>
			<trkpt lat="46.370090" lon="13.812172">
				<ele>1705.000000</ele>
			</trkpt>
			<trkpt lat="46.370084" lon="13.811929">
				<ele>1699.000000</ele>
			</trkpt>
			<trkpt lat="46.370115" lon="13.811679">
				<ele>1692.000000</ele>
			</trkpt>
			<trkpt lat="46.370170" lon="13.811562">
				<ele>1687.000000</ele>
			</trkpt>
			<trkpt lat="46.370232" lon="13.811625">
				<ele>1683.000000</ele>
			</trkpt>
			<trkpt lat="46.370455" lon="13.811616">
				<ele>1670.000000</ele>
			</trkpt>
			<trkpt lat="46.370629" lon="13.811669">
				<ele>1660.000000</ele>
			</trkpt>
			<trkpt lat="46.370679" lon="13.811409">
				<ele>1651.000000</ele>
			</trkpt>
			<trkpt lat="46.370858" lon="13.811363">
				<ele>1641.000000</ele>
			</trkpt>
			<trkpt lat="46.371057" lon="13.811283">
				<ele>1625.000000</ele>
			</trkpt>
			<trkpt lat="46.371212" lon="13.811193">
				<ele>1615.000000</ele>
			</trkpt>
			<trkpt lat="46.371367" lon="13.811103">
				<ele>1607.000000</ele>
			</trkpt>
			<trkpt lat="46.371379" lon="13.811176">
				<ele>1606.000000</ele>
			</trkpt>
			<trkpt lat="46.371354" lon="13.811247">
				<ele>1604.000000</ele>
			</trkpt>
			<trkpt lat="46.371354" lon="13.811346">
				<ele>1602.000000</ele>
			</trkpt>
			<trkpt lat="46.371441" lon="13.811346">
				<ele>1599.000000</ele>
			</trkpt>
			<trkpt lat="46.371485" lon="13.811300">
				<ele>1597.000000</ele>
			</trkpt>
			<trkpt lat="46.371527" lon="13.811176">
				<ele>1593.000000</ele>
			</trkpt>
			<trkpt lat="46.371497" lon="13.810924">
				<ele>1587.000000</ele>
			</trkpt>
			<trkpt lat="46.371466" lon="13.810726">
				<ele>1582.000000</ele>
			</trkpt>
			<trkpt lat="46.371491" lon="13.810501">
				<ele>1574.000000</ele>
			</trkpt>
			<trkpt lat="46.371478" lon="13.810430">
				<ele>1571.000000</ele>
			</trkpt>
			<trkpt lat="46.371491" lon="13.810268">
				<ele>1565.000000</ele>
			</trkpt>
			<trkpt lat="46.371527" lon="13.810232">
				<ele>1563.000000</ele>
			</trkpt>
			<trkpt lat="46.371546" lon="13.810052">
				<ele>1555.000000</ele>
			</trkpt>
			<trkpt lat="46.371577" lon="13.809908">
				<ele>1549.000000</ele>
			</trkpt>
			<trkpt lat="46.371621" lon="13.809845">
				<ele>1545.000000</ele>
			</trkpt>
			<trkpt lat="46.371639" lon="13.809782">
				<ele>1542.000000</ele>
			</trkpt>
			<trkpt lat="46.371596" lon="13.809747">
				<ele>1539.000000</ele>
			</trkpt>
			<trkpt lat="46.371447" lon="13.809792">
				<ele>1533.000000</ele>
			</trkpt>
			<trkpt lat="46.371397" lon="13.809774">
				<ele>1531.000000</ele>
			</trkpt>
			<trkpt lat="46.371460" lon="13.809604">
				<ele>1518.000000</ele>
			</trkpt>
			<trkpt lat="46.371403" lon="13.809612">
				<ele>1516.000000</ele>
			</trkpt>
			<trkpt lat="46.371422" lon="13.809568">
				<ele>1514.000000</ele>
			</trkpt>
			<trkpt lat="46.371447" lon="13.809541">
				<ele>1513.000000</ele>
			</trkpt>
			<trkpt lat="46.371503" lon="13.809468">
				<ele>1510.000000</ele>
			</trkpt>
			<trkpt lat="46.371559" lon="13.809396">
				<ele>1502.000000</ele>
			</trkpt>
			<trkpt lat="46.371627" lon="13.809325">
				<ele>1492.000000</ele>
			</trkpt>
			<trkpt lat="46.371682" lon="13.809271">
				<ele>1481.000000</ele>
			</trkpt>
			<trkpt lat="46.371695" lon="13.809226">
				<ele>1475.000000</ele>
			</trkpt>
			<trkpt lat="46.371739" lon="13.809029">
				<ele>1459.000000</ele>
			</trkpt>
			<trkpt lat="46.371782" lon="13.808696">
				<ele>1445.000000</ele>
			</trkpt>
			<trkpt lat="46.371831" lon="13.808616">
				<ele>1442.000000</ele>
			</trkpt>
			<trkpt lat="46.371850" lon="13.808579">
				<ele>1440.000000</ele>
			</trkpt>
			<trkpt lat="46.371875" lon="13.808534">
				<ele>1438.000000</ele>
			</trkpt>
			<trkpt lat="46.371912" lon="13.808489">
				<ele>1436.000000</ele>
			</trkpt>
			<trkpt lat="46.371961" lon="13.808453">
				<ele>1433.000000</ele>
			</trkpt>
			<trkpt lat="46.372042" lon="13.808409">
				<ele>1429.000000</ele>
			</trkpt>
			<trkpt lat="46.372067" lon="13.808400">
				<ele>1428.000000</ele>
			</trkpt>
			<trkpt lat="46.372079" lon="13.808363">
				<ele>1427.000000</ele>
			</trkpt>
			<trkpt lat="46.372067" lon="13.808310">
				<ele>1425.000000</ele>
			</trkpt>
			<trkpt lat="46.372079" lon="13.808023">
				<ele>1411.000000</ele>
			</trkpt>
			<trkpt lat="46.372036" lon="13.807878">
				<ele>1404.000000</ele>
			</trkpt>
			<trkpt lat="46.372061" lon="13.807843">
				<ele>1402.000000</ele>
			</trkpt>
			<trkpt lat="46.372030" lon="13.807788">
				<ele>1399.000000</ele>
			</trkpt>
			<trkpt lat="46.372048" lon="13.807753">
				<ele>1398.000000</ele>
			</trkpt>
			<trkpt lat="46.372042" lon="13.807744">
				<ele>1397.000000</ele>
			</trkpt>
			<trkpt lat="46.371943" lon="13.807690">
				<ele>1392.000000</ele>
			</trkpt>
			<trkpt lat="46.371906" lon="13.807600">
				<ele>1390.000000</ele>
			</trkpt>
			<trkpt lat="46.371776" lon="13.807555">
				<ele>1390.000000</ele>
			</trkpt>
			<trkpt lat="46.371732" lon="13.807518">
				<ele>1388.000000</ele>
			</trkpt>
			<trkpt lat="46.371720" lon="13.807465">
				<ele>1387.000000</ele>
			</trkpt>
			<trkpt lat="46.371732" lon="13.807430">
				<ele>1385.000000</ele>
			</trkpt>
			<trkpt lat="46.371739" lon="13.807367">
				<ele>1384.000000</ele>
			</trkpt>
			<trkpt lat="46.371812" lon="13.807321">
				<ele>1380.000000</ele>
			</trkpt>
			<trkpt lat="46.371806" lon="13.807187">
				<ele>1378.000000</ele>
			</trkpt>
			<trkpt lat="46.371819" lon="13.807187">
				<ele>1377.000000</ele>
			</trkpt>
			<trkpt lat="46.371856" lon="13.807250">
				<ele>1375.000000</ele>
			</trkpt>
			<trkpt lat="46.371875" lon="13.807195">
				<ele>1374.000000</ele>
			</trkpt>
			<trkpt lat="46.371875" lon="13.807105">
				<ele>1372.000000</ele>
			</trkpt>
			<trkpt lat="46.371875" lon="13.807025">
				<ele>1370.000000</ele>
			</trkpt>
			<trkpt lat="46.371906" lon="13.806998">
				<ele>1362.000000</ele>
			</trkpt>
			<trkpt lat="46.371930" lon="13.806962">
				<ele>1359.000000</ele>
			</trkpt>
			<trkpt lat="46.371862" lon="13.806872">
				<ele>1356.000000</ele>
			</trkpt>
			<trkpt lat="46.371850" lon="13.806692">
				<ele>1351.000000</ele>
			</trkpt>
			<trkpt lat="46.371869" lon="13.806594">
				<ele>1350.000000</ele>
			</trkpt>
			<trkpt lat="46.371707" lon="13.806576">
				<ele>1350.000000</ele>
			</trkpt>
			<trkpt lat="46.371701" lon="13.806415">
				<ele>1342.000000</ele>
			</trkpt>
			<trkpt lat="46.371770" lon="13.806442">
				<ele>1337.000000</ele>
			</trkpt>
			<trkpt lat="46.371757" lon="13.806405">
				<ele>1335.000000</ele>
			</trkpt>
			<trkpt lat="46.371837" lon="13.806369">
				<ele>1330.000000</ele>
			</trkpt>
			<trkpt lat="46.371869" lon="13.806342">
				<ele>1330.000000</ele>
			</trkpt>
			<trkpt lat="46.371869" lon="13.806298">
				<ele>1330.000000</ele>
			</trkpt>
			<trkpt lat="46.371906" lon="13.806316">
				<ele>1330.000000</ele>
			</trkpt>
			<trkpt lat="46.371924" lon="13.806262">
				<ele>1330.000000</ele>
			</trkpt>
			<trkpt lat="46.371993" lon="13.806342">
				<ele>1315.000000</ele>
			</trkpt>
			<trkpt lat="46.372018" lon="13.806369">
				<ele>1310.000000</ele>
			</trkpt>
			<trkpt lat="46.372030" lon="13.806333">
				<ele>1310.000000</ele>
			</trkpt>
			<trkpt lat="46.372160" lon="13.806325">
				<ele>1294.000000</ele>
			</trkpt>
			<trkpt lat="46.372247" lon="13.806325">
				<ele>1285.000000</ele>
			</trkpt>
			<trkpt lat="46.372278" lon="13.806325">
				<ele>1282.000000</ele>
			</trkpt>
			<trkpt lat="46.372315" lon="13.806306">
				<ele>1279.000000</ele>
			</trkpt>
			<trkpt lat="46.372364" lon="13.806325">
				<ele>1276.000000</ele>
			</trkpt>
			<trkpt lat="46.372377" lon="13.806306">
				<ele>1274.000000</ele>
			</trkpt>
			<trkpt lat="46.372389" lon="13.806316">
				<ele>1274.000000</ele>
			</trkpt>
			<trkpt lat="46.372395" lon="13.806333">
				<ele>1273.000000</ele>
			</trkpt>
			<trkpt lat="46.372377" lon="13.806369">
				<ele>1271.000000</ele>
			</trkpt>
			<trkpt lat="46.372433" lon="13.806450">
				<ele>1264.000000</ele>
			</trkpt>
			<trkpt lat="46.372656" lon="13.806486">
				<ele>1248.000000</ele>
			</trkpt>
			<trkpt lat="46.372947" lon="13.806486">
				<ele>1227.000000</ele>
			</trkpt>
			<trkpt lat="46.373046" lon="13.806459">
				<ele>1220.000000</ele>
			</trkpt>
			<trkpt lat="46.373058" lon="13.806415">
				<ele>1219.000000</ele>
			</trkpt>
			<trkpt lat="46.373083" lon="13.806388">
				<ele>1217.000000</ele>
			</trkpt>
			<trkpt lat="46.373146" lon="13.806379">
				<ele>1214.000000</ele>
			</trkpt>
			<trkpt lat="46.373232" lon="13.806405">
				<ele>1211.000000</ele>
			</trkpt>
			<trkpt lat="46.373325" lon="13.806396">
				<ele>1204.000000</ele>
			</trkpt>
			<trkpt lat="46.373400" lon="13.806360">
				<ele>1199.000000</ele>
			</trkpt>
			<trkpt lat="46.373418" lon="13.806342">
				<ele>1197.000000</ele>
			</trkpt>
			<trkpt lat="46.373437" lon="13.806325">
				<ele>1195.000000</ele>
			</trkpt>
			<trkpt lat="46.373455" lon="13.806333">
				<ele>1193.000000</ele>
			</trkpt>
			<trkpt lat="46.373480" lon="13.806325">
				<ele>1191.000000</ele>
			</trkpt>
			<trkpt lat="46.373511" lon="13.806298">
				<ele>1187.000000</ele>
			</trkpt>
			<trkpt lat="46.373524" lon="13.806243">
				<ele>1183.000000</ele>
			</trkpt>
			<trkpt lat="46.373567" lon="13.806243">
				<ele>1179.000000</ele>
			</trkpt>
			<trkpt lat="46.373591" lon="13.806243">
				<ele>1178.000000</ele>
			</trkpt>
			<trkpt lat="46.373616" lon="13.806235">
				<ele>1176.000000</ele>
			</trkpt>
			<trkpt lat="46.373635" lon="13.806208">
				<ele>1175.000000</ele>
			</trkpt>
			<trkpt lat="46.373672" lon="13.806208">
				<ele>1173.000000</ele>
			</trkpt>
			<trkpt lat="46.373734" lon="13.806199">
				<ele>1168.000000</ele>
			</trkpt>
			<trkpt lat="46.373759" lon="13.806172">
				<ele>1165.000000</ele>
			</trkpt>
			<trkpt lat="46.373746" lon="13.806100">
				<ele>1161.000000</ele>
			</trkpt>
			<trkpt lat="46.373765" lon="13.806082">
				<ele>1159.000000</ele>
			</trkpt>
			<trkpt lat="46.373790" lon="13.806082">
				<ele>1158.000000</ele>
			</trkpt>
			<trkpt lat="46.373840" lon="13.806073">
				<ele>1155.000000</ele>
			</trkpt>
			<trkpt lat="46.373870" lon="13.806063">
				<ele>1154.000000</ele>
			</trkpt>
			<trkpt lat="46.373901" lon="13.806082">
				<ele>1152.000000</ele>
			</trkpt>
			<trkpt lat="46.373920" lon="13.806073">
				<ele>1151.000000</ele>
			</trkpt>
			<trkpt lat="46.373889" lon="13.806019">
				<ele>1148.000000</ele>
			</trkpt>
			<trkpt lat="46.373908" lon="13.806000">
				<ele>1146.000000</ele>
			</trkpt>
			<trkpt lat="46.373933" lon="13.806010">
				<ele>1144.000000</ele>
			</trkpt>
			<trkpt lat="46.373945" lon="13.805992">
				<ele>1143.000000</ele>
			</trkpt>
			<trkpt lat="46.373988" lon="13.805983">
				<ele>1139.000000</ele>
			</trkpt>
			<trkpt lat="46.374025" lon="13.805983">
				<ele>1137.000000</ele>
			</trkpt>
			<trkpt lat="46.374019" lon="13.805920">
				<ele>1134.000000</ele>
			</trkpt>
			<trkpt lat="46.374075" lon="13.805929">
				<ele>1131.000000</ele>
			</trkpt>
			<trkpt lat="46.374094" lon="13.805902">
				<ele>1129.000000</ele>
			</trkpt>
			<trkpt lat="46.374112" lon="13.805866">
				<ele>1125.000000</ele>
			</trkpt>
			<trkpt lat="46.374125" lon="13.805776">
				<ele>1119.000000</ele>
			</trkpt>
			<trkpt lat="46.374106" lon="13.805732">
				<ele>1117.000000</ele>
			</trkpt>
			<trkpt lat="46.374075" lon="13.805677">
				<ele>1114.000000</ele>
			</trkpt>
			<trkpt lat="46.374032" lon="13.805633">
				<ele>1111.000000</ele>
			</trkpt>
			<trkpt lat="46.374025" lon="13.805597">
				<ele>1110.000000</ele>
			</trkpt>
			<trkpt lat="46.374057" lon="13.805587">
				<ele>1108.000000</ele>
			</trkpt>
			<trkpt lat="46.374088" lon="13.805587">
				<ele>1106.000000</ele>
			</trkpt>
			<trkpt lat="46.374088" lon="13.805543">
				<ele>1105.000000</ele>
			</trkpt>
			<trkpt lat="46.374069" lon="13.805534">
				<ele>1103.000000</ele>
			</trkpt>
			<trkpt lat="46.374044" lon="13.805497">
				<ele>1102.000000</ele>
			</trkpt>
			<trkpt lat="46.374069" lon="13.805417">
				<ele>1099.000000</ele>
			</trkpt>
			<trkpt lat="46.374081" lon="13.805390">
				<ele>1098.000000</ele>
			</trkpt>
			<trkpt lat="46.374069" lon="13.805337">
				<ele>1097.000000</ele>
			</trkpt>
			<trkpt lat="46.374088" lon="13.805300">
				<ele>1096.000000</ele>
			</trkpt>
			<trkpt lat="46.374112" lon="13.805283">
				<ele>1095.000000</ele>
			</trkpt>
			<trkpt lat="46.374081" lon="13.805237">
				<ele>1093.000000</ele>
			</trkpt>
			<trkpt lat="46.374094" lon="13.805193">
				<ele>1092.000000</ele>
			</trkpt>
			<trkpt lat="46.374149" lon="13.805130">
				<ele>1089.000000</ele>
			</trkpt>
			<trkpt lat="46.374180" lon="13.805103">
				<ele>1088.000000</ele>
			</trkpt>
			<trkpt lat="46.374212" lon="13.805067">
				<ele>1086.000000</ele>
			</trkpt>
			<trkpt lat="46.374205" lon="13.804995">
				<ele>1084.000000</ele>
			</trkpt>
			<trkpt lat="46.374199" lon="13.804958">
				<ele>1083.000000</ele>
			</trkpt>
			<trkpt lat="46.374218" lon="13.804931">
				<ele>1082.000000</ele>
			</trkpt>
			<trkpt lat="46.374212" lon="13.804905">
				<ele>1081.000000</ele>
			</trkpt>
			<trkpt lat="46.374224" lon="13.804834">
				<ele>1079.000000</ele>
			</trkpt>
			<trkpt lat="46.374236" lon="13.804771">
				<ele>1078.000000</ele>
			</trkpt>
			<trkpt lat="46.374224" lon="13.804681">
				<ele>1077.000000</ele>
			</trkpt>
			<trkpt lat="46.374267" lon="13.804671">
				<ele>1075.000000</ele>
			</trkpt>
			<trkpt lat="46.374367" lon="13.804635">
				<ele>1073.000000</ele>
			</trkpt>
			<trkpt lat="46.374416" lon="13.804572">
				<ele>1071.000000</ele>
			</trkpt>
			<trkpt lat="46.374434" lon="13.804482">
				<ele>1069.000000</ele>
			</trkpt>
			<trkpt lat="46.374428" lon="13.804455">
				<ele>1069.000000</ele>
			</trkpt>
			<trkpt lat="46.374441" lon="13.804402">
				<ele>1068.000000</ele>
			</trkpt>
			<trkpt lat="46.374428" lon="13.804303">
				<ele>1067.000000</ele>
			</trkpt>
			<trkpt lat="46.374447" lon="13.804142">
				<ele>1064.000000</ele>
			</trkpt>
			<trkpt lat="46.374472" lon="13.804042">
				<ele>1063.000000</ele>
			</trkpt>
			<trkpt lat="46.374491" lon="13.803989">
				<ele>1062.000000</ele>
			</trkpt>
			<trkpt lat="46.374528" lon="13.803935">
				<ele>1061.000000</ele>
			</trkpt>
			<trkpt lat="46.374534" lon="13.803872">
				<ele>1060.000000</ele>
			</trkpt>
			<trkpt lat="46.374552" lon="13.803765">
				<ele>1060.000000</ele>
			</trkpt>
			<trkpt lat="46.374596" lon="13.803675">
				<ele>1060.000000</ele>
			</trkpt>
			<trkpt lat="46.374621" lon="13.803612">
				<ele>1059.000000</ele>
			</trkpt>
			<trkpt lat="46.374627" lon="13.803566">
				<ele>1058.000000</ele>
			</trkpt>
			<trkpt lat="46.374658" lon="13.803450">
				<ele>1057.000000</ele>
			</trkpt>
			<trkpt lat="46.374682" lon="13.803342">
				<ele>1056.000000</ele>
			</trkpt>
			<trkpt lat="46.374695" lon="13.803315">
				<ele>1056.000000</ele>
			</trkpt>
			<trkpt lat="46.374720" lon="13.803306">
				<ele>1055.000000</ele>
			</trkpt>
			<trkpt lat="46.374738" lon="13.803315">
				<ele>1055.000000</ele>
			</trkpt>
			<trkpt lat="46.374763" lon="13.803315">
				<ele>1054.000000</ele>
			</trkpt>
			<trkpt lat="46.374788" lon="13.803279">
				<ele>1054.000000</ele>
			</trkpt>
			<trkpt lat="46.374744" lon="13.803234">
				<ele>1052.000000</ele>
			</trkpt>
			<trkpt lat="46.374726" lon="13.803153">
				<ele>1050.000000</ele>
			</trkpt>
			<trkpt lat="46.374682" lon="13.803100">
				<ele>1048.000000</ele>
			</trkpt>
			<trkpt lat="46.374652" lon="13.803037">
				<ele>1047.000000</ele>
			</trkpt>
			<trkpt lat="46.374670" lon="13.802947">
				<ele>1045.000000</ele>
			</trkpt>
			<trkpt lat="46.374732" lon="13.802839">
				<ele>1044.000000</ele>
			</trkpt>
			<trkpt lat="46.374837" lon="13.802560">
				<ele>1039.000000</ele>
			</trkpt>
			<trkpt lat="46.374893" lon="13.802371">
				<ele>1036.000000</ele>
			</trkpt>
			<trkpt lat="46.374967" lon="13.802157">
				<ele>1032.000000</ele>
			</trkpt>
			<trkpt lat="46.375061" lon="13.801977">
				<ele>1029.000000</ele>
			</trkpt>
			<trkpt lat="46.375185" lon="13.801815">
				<ele>1027.000000</ele>
			</trkpt>
			<trkpt lat="46.375265" lon="13.801742">
				<ele>1026.000000</ele>
			</trkpt>
			<trkpt lat="46.375346" lon="13.801725">
				<ele>1025.000000</ele>
			</trkpt>
			<trkpt lat="46.375445" lon="13.801734">
				<ele>1023.000000</ele>
			</trkpt>
			<trkpt lat="46.375538" lon="13.801779">
				<ele>1022.000000</ele>
			</trkpt>
			<trkpt lat="46.375668" lon="13.801878">
				<ele>1020.000000</ele>
			</trkpt>
			<trkpt lat="46.375841" lon="13.801968">
				<ele>1017.000000</ele>
			</trkpt>
			<trkpt lat="46.375910" lon="13.801977">
				<ele>1016.000000</ele>
			</trkpt>
			<trkpt lat="46.375829" lon="13.801832">
				<ele>1014.000000</ele>
			</trkpt>
			<trkpt lat="46.375749" lon="13.801652">
				<ele>1012.000000</ele>
			</trkpt>
			<trkpt lat="46.375556" lon="13.801302">
				<ele>1007.000000</ele>
			</trkpt>
			<trkpt lat="46.375563" lon="13.801266">
				<ele>1007.000000</ele>
			</trkpt>
			<trkpt lat="46.375612" lon="13.801213">
				<ele>1006.000000</ele>
			</trkpt>
			<trkpt lat="46.375718" lon="13.801096">
				<ele>1004.000000</ele>
			</trkpt>
			<trkpt lat="46.375810" lon="13.800962">
				<ele>1002.000000</ele>
			</trkpt>
			<trkpt lat="46.375829" lon="13.800935">
				<ele>1002.000000</ele>
			</trkpt>
			<trkpt lat="46.375829" lon="13.800889">
				<ele>1001.000000</ele>
			</trkpt>
			<trkpt lat="46.375810" lon="13.800818">
				<ele>1001.000000</ele>
			</trkpt>
			<trkpt lat="46.375743" lon="13.800584">
				<ele>998.000000</ele>
			</trkpt>
			<trkpt lat="46.375699" lon="13.800234">
				<ele>995.000000</ele>
			</trkpt>
			<trkpt lat="46.375674" lon="13.800010">
				<ele>992.000000</ele>
			</trkpt>
			<trkpt lat="46.375668" lon="13.799964">
				<ele>992.000000</ele>
			</trkpt>
			<trkpt lat="46.375655" lon="13.799857">
				<ele>991.000000</ele>
			</trkpt>
			<trkpt lat="46.375625" lon="13.799686">
				<ele>989.000000</ele>
			</trkpt>
			<trkpt lat="46.375588" lon="13.799515">
				<ele>986.000000</ele>
			</trkpt>
			<trkpt lat="46.375569" lon="13.799308">
				<ele>983.000000</ele>
			</trkpt>
			<trkpt lat="46.375563" lon="13.799192">
				<ele>981.000000</ele>
			</trkpt>
			<trkpt lat="46.375544" lon="13.799075">
				<ele>979.000000</ele>
			</trkpt>
			<trkpt lat="46.375513" lon="13.798949">
				<ele>977.000000</ele>
			</trkpt>
			<trkpt lat="46.375500" lon="13.798815">
				<ele>975.000000</ele>
			</trkpt>
			<trkpt lat="46.375494" lon="13.798725">
				<ele>973.000000</ele>
			</trkpt>
			<trkpt lat="46.375544" lon="13.798518">
				<ele>970.000000</ele>
			</trkpt>
			<trkpt lat="46.375612" lon="13.798293">
				<ele>967.000000</ele>
			</trkpt>
			<trkpt lat="46.375674" lon="13.798096">
				<ele>965.000000</ele>
			</trkpt>
			<trkpt lat="46.375736" lon="13.797979">
				<ele>963.000000</ele>
			</trkpt>
			<trkpt lat="46.375792" lon="13.797889">
				<ele>962.000000</ele>
			</trkpt>
			<trkpt lat="46.375860" lon="13.797826">
				<ele>961.000000</ele>
			</trkpt>
			<trkpt lat="46.375947" lon="13.797773">
				<ele>959.000000</ele>
			</trkpt>
			<trkpt lat="46.376022" lon="13.797692">
				<ele>957.000000</ele>
			</trkpt>
			<trkpt lat="46.376083" lon="13.797574">
				<ele>956.000000</ele>
			</trkpt>
			<trkpt lat="46.376158" lon="13.797423">
				<ele>953.000000</ele>
			</trkpt>
			<trkpt lat="46.376238" lon="13.797278">
				<ele>951.000000</ele>
			</trkpt>
			<trkpt lat="46.376250" lon="13.797216">
				<ele>950.000000</ele>
			</trkpt>
			<trkpt lat="46.376238" lon="13.797161">
				<ele>950.000000</ele>
			</trkpt>
			<trkpt lat="46.376207" lon="13.797098">
				<ele>949.000000</ele>
			</trkpt>
			<trkpt lat="46.376188" lon="13.797027">
				<ele>948.000000</ele>
			</trkpt>
			<trkpt lat="46.376219" lon="13.796928">
				<ele>947.000000</ele>
			</trkpt>
			<trkpt lat="46.376282" lon="13.796811">
				<ele>946.000000</ele>
			</trkpt>
			<trkpt lat="46.376362" lon="13.796658">
				<ele>945.000000</ele>
			</trkpt>
			<trkpt lat="46.376473" lon="13.796452">
				<ele>942.000000</ele>
			</trkpt>
			<trkpt lat="46.376610" lon="13.796228">
				<ele>940.000000</ele>
			</trkpt>
			<trkpt lat="46.376666" lon="13.796056">
				<ele>939.000000</ele>
			</trkpt>
			<trkpt lat="46.376709" lon="13.795931">
				<ele>938.000000</ele>
			</trkpt>
			<trkpt lat="46.376758" lon="13.795805">
				<ele>937.000000</ele>
			</trkpt>
			<trkpt lat="46.376852" lon="13.795580">
				<ele>936.000000</ele>
			</trkpt>
			<trkpt lat="46.376895" lon="13.795410">
				<ele>935.000000</ele>
			</trkpt>
			<trkpt lat="46.376945" lon="13.795194">
				<ele>934.000000</ele>
			</trkpt>
			<trkpt lat="46.376970" lon="13.794960">
				<ele>932.000000</ele>
			</trkpt>
			<trkpt lat="46.376982" lon="13.794799">
				<ele>931.000000</ele>
			</trkpt>
			<trkpt lat="46.376976" lon="13.794664">
				<ele>931.000000</ele>
			</trkpt>
			<trkpt lat="46.376982" lon="13.794394">
				<ele>930.000000</ele>
			</trkpt>
			<trkpt lat="46.376994" lon="13.794188">
				<ele>930.000000</ele>
			</trkpt>
			<trkpt lat="46.377007" lon="13.793452">
				<ele>926.000000</ele>
			</trkpt>
			<trkpt lat="46.377025" lon="13.793146">
				<ele>924.000000</ele>
			</trkpt>
			<trkpt lat="46.377031" lon="13.792922">
				<ele>923.000000</ele>
			</trkpt>
			<trkpt lat="46.377075" lon="13.792616">
				<ele>921.000000</ele>
			</trkpt>
			<trkpt lat="46.377118" lon="13.792383">
				<ele>920.000000</ele>
			</trkpt>
			<trkpt lat="46.377161" lon="13.792194">
				<ele>917.000000</ele>
			</trkpt>
			<trkpt lat="46.377249" lon="13.791951">
				<ele>913.000000</ele>
			</trkpt>
			<trkpt lat="46.377354" lon="13.791708">
				<ele>906.000000</ele>
			</trkpt>
			<trkpt lat="46.377366" lon="13.791691">
				<ele>905.000000</ele>
			</trkpt>
			<trkpt lat="46.377459" lon="13.791448">
				<ele>895.000000</ele>
			</trkpt>
			<trkpt lat="46.377477" lon="13.791394">
				<ele>894.000000</ele>
			</trkpt>
			<trkpt lat="46.377496" lon="13.791350">
				<ele>894.000000</ele>
			</trkpt>
			<trkpt lat="46.377577" lon="13.791287">
				<ele>892.000000</ele>
			</trkpt>
			<trkpt lat="46.377707" lon="13.791232">
				<ele>891.000000</ele>
			</trkpt>
			<trkpt lat="46.377886" lon="13.791152">
				<ele>888.000000</ele>
			</trkpt>
			<trkpt lat="46.377930" lon="13.791062">
				<ele>886.000000</ele>
			</trkpt>
			<trkpt lat="46.377936" lon="13.790981">
				<ele>886.000000</ele>
			</trkpt>
			<trkpt lat="46.377930" lon="13.790882">
				<ele>884.000000</ele>
			</trkpt>
			<trkpt lat="46.377924" lon="13.790685">
				<ele>882.000000</ele>
			</trkpt>
			<trkpt lat="46.377967" lon="13.790523">
				<ele>880.000000</ele>
			</trkpt>
			<trkpt lat="46.378091" lon="13.790155">
				<ele>877.000000</ele>
			</trkpt>
			<trkpt lat="46.378153" lon="13.790056">
				<ele>876.000000</ele>
			</trkpt>
			<trkpt lat="46.378258" lon="13.789939">
				<ele>874.000000</ele>
			</trkpt>
			<trkpt lat="46.378401" lon="13.789750">
				<ele>872.000000</ele>
			</trkpt>
			<trkpt lat="46.378525" lon="13.789499">
				<ele>869.000000</ele>
			</trkpt>
			<trkpt lat="46.378674" lon="13.789257">
				<ele>867.000000</ele>
			</trkpt>
			<trkpt lat="46.378773" lon="13.789113">
				<ele>865.000000</ele>
			</trkpt>
			<trkpt lat="46.378897" lon="13.788996">
				<ele>863.000000</ele>
			</trkpt>
			<trkpt lat="46.379002" lon="13.788960">
				<ele>862.000000</ele>
			</trkpt>
			<trkpt lat="46.379095" lon="13.788960">
				<ele>861.000000</ele>
			</trkpt>
			<trkpt lat="46.379275" lon="13.788933">
				<ele>859.000000</ele>
			</trkpt>
			<trkpt lat="46.379362" lon="13.788878">
				<ele>858.000000</ele>
			</trkpt>
			<trkpt lat="46.379455" lon="13.788817">
				<ele>857.000000</ele>
			</trkpt>
			<trkpt lat="46.379529" lon="13.788718">
				<ele>856.000000</ele>
			</trkpt>
			<trkpt lat="46.379554" lon="13.788637">
				<ele>855.000000</ele>
			</trkpt>
			<trkpt lat="46.379579" lon="13.788448">
				<ele>853.000000</ele>
			</trkpt>
			<trkpt lat="46.379628" lon="13.788241">
				<ele>852.000000</ele>
			</trkpt>
			<trkpt lat="46.379684" lon="13.788071">
				<ele>850.000000</ele>
			</trkpt>
			<trkpt lat="46.379789" lon="13.787865">
				<ele>848.000000</ele>
			</trkpt>
			<trkpt lat="46.379944" lon="13.787639">
				<ele>847.000000</ele>
			</trkpt>
			<trkpt lat="46.380031" lon="13.787549">
				<ele>846.000000</ele>
			</trkpt>
			<trkpt lat="46.380347" lon="13.787262">
				<ele>842.000000</ele>
			</trkpt>
			<trkpt lat="46.380552" lon="13.787056">
				<ele>840.000000</ele>
			</trkpt>
			<trkpt lat="46.380768" lon="13.786876">
				<ele>837.000000</ele>
			</trkpt>
			<trkpt lat="46.380948" lon="13.786786">
				<ele>835.000000</ele>
			</trkpt>
			<trkpt lat="46.380992" lon="13.786750">
				<ele>834.000000</ele>
			</trkpt>
			<trkpt lat="46.381035" lon="13.786696">
				<ele>833.000000</ele>
			</trkpt>
			<trkpt lat="46.381314" lon="13.786301">
				<ele>829.000000</ele>
			</trkpt>
			<trkpt lat="46.381574" lon="13.786031">
				<ele>826.000000</ele>
			</trkpt>
			<trkpt lat="46.381717" lon="13.785815">
				<ele>824.000000</ele>
			</trkpt>
			<trkpt lat="46.381778" lon="13.785654">
				<ele>822.000000</ele>
			</trkpt>
			<trkpt lat="46.381877" lon="13.785286">
				<ele>820.000000</ele>
			</trkpt>
			<trkpt lat="46.382020" lon="13.784657">
				<ele>816.000000</ele>
			</trkpt>
			<trkpt lat="46.382101" lon="13.784352">
				<ele>815.000000</ele>
			</trkpt>
			<trkpt lat="46.382355" lon="13.783758">
				<ele>811.000000</ele>
			</trkpt>
			<trkpt lat="46.382535" lon="13.783328">
				<ele>807.000000</ele>
			</trkpt>
			<trkpt lat="46.382590" lon="13.783202">
				<ele>805.000000</ele>
			</trkpt>
			<trkpt lat="46.382653" lon="13.783130">
				<ele>804.000000</ele>
			</trkpt>
			<trkpt lat="46.382720" lon="13.783067">
				<ele>803.000000</ele>
			</trkpt>
			<trkpt lat="46.382863" lon="13.782941">
				<ele>800.000000</ele>
			</trkpt>
			<trkpt lat="46.382900" lon="13.782915">
				<ele>800.000000</ele>
			</trkpt>
			<trkpt lat="46.382962" lon="13.782905">
				<ele>799.000000</ele>
			</trkpt>
			<trkpt lat="46.383105" lon="13.782905">
				<ele>796.000000</ele>
			</trkpt>
			<trkpt lat="46.383154" lon="13.782888">
				<ele>795.000000</ele>
			</trkpt>
			<trkpt lat="46.383192" lon="13.782861">
				<ele>795.000000</ele>
			</trkpt>
			<trkpt lat="46.383217" lon="13.782798">
				<ele>794.000000</ele>
			</trkpt>
			<trkpt lat="46.383235" lon="13.782725">
				<ele>793.000000</ele>
			</trkpt>
			<trkpt lat="46.383235" lon="13.782645">
				<ele>792.000000</ele>
			</trkpt>
			<trkpt lat="46.383210" lon="13.782536">
				<ele>791.000000</ele>
			</trkpt>
			<trkpt lat="46.383179" lon="13.782475">
				<ele>790.000000</ele>
			</trkpt>
			<trkpt lat="46.383117" lon="13.782357">
				<ele>788.000000</ele>
			</trkpt>
			<trkpt lat="46.383074" lon="13.782249">
				<ele>786.000000</ele>
			</trkpt>
			<trkpt lat="46.383024" lon="13.782088">
				<ele>784.000000</ele>
			</trkpt>
			<trkpt lat="46.382999" lon="13.781970">
				<ele>783.000000</ele>
			</trkpt>
			<trkpt lat="46.382980" lon="13.781863">
				<ele>782.000000</ele>
			</trkpt>
			<trkpt lat="46.382962" lon="13.781603">
				<ele>779.000000</ele>
			</trkpt>
			<trkpt lat="46.382938" lon="13.781261">
				<ele>776.000000</ele>
			</trkpt>
			<trkpt lat="46.382931" lon="13.781091">
				<ele>774.000000</ele>
			</trkpt>
			<trkpt lat="46.382950" lon="13.780875">
				<ele>772.000000</ele>
			</trkpt>
			<trkpt lat="46.382980" lon="13.780578">
				<ele>769.000000</ele>
			</trkpt>
			<trkpt lat="46.382999" lon="13.780291">
				<ele>767.000000</ele>
			</trkpt>
			<trkpt lat="46.383024" lon="13.779519">
				<ele>762.000000</ele>
			</trkpt>
			<trkpt lat="46.383055" lon="13.779240">
				<ele>759.000000</ele>
			</trkpt>
			<trkpt lat="46.383080" lon="13.778917">
				<ele>756.000000</ele>
			</trkpt>
			<trkpt lat="46.383099" lon="13.778737">
				<ele>754.000000</ele>
			</trkpt>
			<trkpt lat="46.383135" lon="13.778620">
				<ele>752.000000</ele>
			</trkpt>
			<trkpt lat="46.383253" lon="13.778396">
				<ele>749.000000</ele>
			</trkpt>
			<trkpt lat="46.383439" lon="13.778091">
				<ele>746.000000</ele>
			</trkpt>
			<trkpt lat="46.383508" lon="13.777982">
				<ele>745.000000</ele>
			</trkpt>
			<trkpt lat="46.383526" lon="13.777920">
				<ele>745.000000</ele>
			</trkpt>
			<trkpt lat="46.383538" lon="13.777848">
				<ele>744.000000</ele>
			</trkpt>
			<trkpt lat="46.383532" lon="13.777615">
				<ele>743.000000</ele>
			</trkpt>
			<trkpt lat="46.383544" lon="13.777444">
				<ele>742.000000</ele>
			</trkpt>
			<trkpt lat="46.383588" lon="13.777219">
				<ele>740.000000</ele>
			</trkpt>
			<trkpt lat="46.383613" lon="13.777112">
				<ele>739.000000</ele>
			</trkpt>
			<trkpt lat="46.383743" lon="13.776806">
				<ele>735.000000</ele>
			</trkpt>
			<trkpt lat="46.383867" lon="13.776267">
				<ele>729.000000</ele>
			</trkpt>
			<trkpt lat="46.383923" lon="13.775961">
				<ele>726.000000</ele>
			</trkpt>
			<trkpt lat="46.383941" lon="13.775746">
				<ele>724.000000</ele>
			</trkpt>
			<trkpt lat="46.383935" lon="13.775162">
				<ele>720.000000</ele>
			</trkpt>
			<trkpt lat="46.383935" lon="13.775045">
				<ele>719.000000</ele>
			</trkpt>
			<trkpt lat="46.383947" lon="13.774991">
				<ele>719.000000</ele>
			</trkpt>
			<trkpt lat="46.384016" lon="13.774865">
				<ele>719.000000</ele>
			</trkpt>
			<trkpt lat="46.384102" lon="13.774775">
				<ele>718.000000</ele>
			</trkpt>
			<trkpt lat="46.384115" lon="13.774739">
				<ele>718.000000</ele>
			</trkpt>
			<trkpt lat="46.384115" lon="13.774712">
				<ele>718.000000</ele>
			</trkpt>
			<trkpt lat="46.384078" lon="13.774462">
				<ele>717.000000</ele>
			</trkpt>
			<trkpt lat="46.384003" lon="13.774110">
				<ele>715.000000</ele>
			</trkpt>
			<trkpt lat="46.383953" lon="13.773931">
				<ele>715.000000</ele>
			</trkpt>
			<trkpt lat="46.383842" lon="13.773634">
				<ele>713.000000</ele>
			</trkpt>
			<trkpt lat="46.383823" lon="13.773554">
				<ele>713.000000</ele>
			</trkpt>
			<trkpt lat="46.383823" lon="13.773500">
				<ele>713.000000</ele>
			</trkpt>
			<trkpt lat="46.383842" lon="13.773446">
				<ele>713.000000</ele>
			</trkpt>
			<trkpt lat="46.383917" lon="13.773572">
				<ele>714.000000</ele>
			</trkpt>
		</trkseg>
	</trk>
</gpx>

