<?xml version="1.0" encoding="utf-8"?>
<gpx xmlns="http://www.topografix.com/GPX/1/1" version="1.1" creator="https://mapy.com/">
	<trk>
		<name>Trasa z 46.338692N, 13.904590E do 46.338680N, 13.904636E</name>
		<trkseg>
			<trkpt lat="46.338680" lon="13.904636">
				<ele>1311.000000</ele>
			</trkpt>
			<trkpt lat="46.339008" lon="13.904825">
				<ele>1311.000000</ele>
			</trkpt>
			<trkpt lat="46.339443" lon="13.904825">
				<ele>1313.000000</ele>
			</trkpt>
			<trkpt lat="46.339567" lon="13.904825">
				<ele>1314.000000</ele>
			</trkpt>
			<trkpt lat="46.339610" lon="13.904825">
				<ele>1314.000000</ele>
			</trkpt>
			<trkpt lat="46.339653" lon="13.904816">
				<ele>1314.000000</ele>
			</trkpt>
			<trkpt lat="46.339716" lon="13.904816">
				<ele>1315.000000</ele>
			</trkpt>
			<trkpt lat="46.339796" lon="13.904888">
				<ele>1312.000000</ele>
			</trkpt>
			<trkpt lat="46.340112" lon="13.904932">
				<ele>1317.000000</ele>
			</trkpt>
			<trkpt lat="46.340199" lon="13.904743">
				<ele>1322.000000</ele>
			</trkpt>
			<trkpt lat="46.340305" lon="13.904753">
				<ele>1326.000000</ele>
			</trkpt>
			<trkpt lat="46.340453" lon="13.904537">
				<ele>1334.000000</ele>
			</trkpt>
			<trkpt lat="46.341229" lon="13.904618">
				<ele>1348.000000</ele>
			</trkpt>
			<trkpt lat="46.341383" lon="13.904466">
				<ele>1352.000000</ele>
			</trkpt>
			<trkpt lat="46.341626" lon="13.904223">
				<ele>1357.000000</ele>
			</trkpt>
			<trkpt lat="46.341911" lon="13.904169">
				<ele>1362.000000</ele>
			</trkpt>
			<trkpt lat="46.342736" lon="13.903648">
				<ele>1374.000000</ele>
			</trkpt>
			<trkpt lat="46.343157" lon="13.903361">
				<ele>1377.000000</ele>
			</trkpt>
			<trkpt lat="46.343449" lon="13.903343">
				<ele>1379.000000</ele>
			</trkpt>
			<trkpt lat="46.343610" lon="13.903217">
				<ele>1380.000000</ele>
			</trkpt>
			<trkpt lat="46.343746" lon="13.903181">
				<ele>1381.000000</ele>
			</trkpt>
			<trkpt lat="46.343871" lon="13.903028">
				<ele>1381.000000</ele>
			</trkpt>
			<trkpt lat="46.343920" lon="13.902894">
				<ele>1382.000000</ele>
			</trkpt>
			<trkpt lat="46.344187" lon="13.902651">
				<ele>1383.000000</ele>
			</trkpt>
			<trkpt lat="46.344367" lon="13.902372">
				<ele>1384.000000</ele>
			</trkpt>
			<trkpt lat="46.344540" lon="13.902031">
				<ele>1385.000000</ele>
			</trkpt>
			<trkpt lat="46.344602" lon="13.901968">
				<ele>1385.000000</ele>
			</trkpt>
			<trkpt lat="46.344819" lon="13.901950">
				<ele>1380.000000</ele>
			</trkpt>
			<trkpt lat="46.345055" lon="13.901617">
				<ele>1380.000000</ele>
			</trkpt>
			<trkpt lat="46.345161" lon="13.901563">
				<ele>1380.000000</ele>
			</trkpt>
			<trkpt lat="46.345520" lon="13.900900">
				<ele>1380.000000</ele>
			</trkpt>
			<trkpt lat="46.345731" lon="13.900558">
				<ele>1384.000000</ele>
			</trkpt>
			<trkpt lat="46.345917" lon="13.900189">
				<ele>1389.000000</ele>
			</trkpt>
			<trkpt lat="46.345929" lon="13.900189">
				<ele>1389.000000</ele>
			</trkpt>
			<trkpt lat="46.345973" lon="13.900181">
				<ele>1389.000000</ele>
			</trkpt>
			<trkpt lat="46.346016" lon="13.900171">
				<ele>1389.000000</ele>
			</trkpt>
			<trkpt lat="46.346165" lon="13.900154">
				<ele>1392.000000</ele>
			</trkpt>
			<trkpt lat="46.346196" lon="13.900064">
				<ele>1393.000000</ele>
			</trkpt>
			<trkpt lat="46.346419" lon="13.899758">
				<ele>1395.000000</ele>
			</trkpt>
			<trkpt lat="46.346810" lon="13.899139">
				<ele>1400.000000</ele>
			</trkpt>
			<trkpt lat="46.346996" lon="13.899013">
				<ele>1404.000000</ele>
			</trkpt>
			<trkpt lat="46.347082" lon="13.898680">
				<ele>1409.000000</ele>
			</trkpt>
			<trkpt lat="46.347337" lon="13.898573">
				<ele>1414.000000</ele>
			</trkpt>
			<trkpt lat="46.347734" lon="13.898401">
				<ele>1422.000000</ele>
			</trkpt>
			<trkpt lat="46.347758" lon="13.898240">
				<ele>1424.000000</ele>
			</trkpt>
			<trkpt lat="46.347765" lon="13.898141">
				<ele>1425.000000</ele>
			</trkpt>
			<trkpt lat="46.347790" lon="13.898105">
				<ele>1425.000000</ele>
			</trkpt>
			<trkpt lat="46.347920" lon="13.898141">
				<ele>1427.000000</ele>
			</trkpt>
			<trkpt lat="46.347957" lon="13.898097">
				<ele>1428.000000</ele>
			</trkpt>
			<trkpt lat="46.347970" lon="13.897944">
				<ele>1430.000000</ele>
			</trkpt>
			<trkpt lat="46.348031" lon="13.897898">
				<ele>1430.000000</ele>
			</trkpt>
			<trkpt lat="46.348112" lon="13.897800">
				<ele>1431.000000</ele>
			</trkpt>
			<trkpt lat="46.348180" lon="13.897728">
				<ele>1431.000000</ele>
			</trkpt>
			<trkpt lat="46.348304" lon="13.897629">
				<ele>1432.000000</ele>
			</trkpt>
			<trkpt lat="46.348391" lon="13.897512">
				<ele>1433.000000</ele>
			</trkpt>
			<trkpt lat="46.348478" lon="13.897387">
				<ele>1434.000000</ele>
			</trkpt>
			<trkpt lat="46.348534" lon="13.897261">
				<ele>1435.000000</ele>
			</trkpt>
			<trkpt lat="46.348596" lon="13.897179">
				<ele>1435.000000</ele>
			</trkpt>
			<trkpt lat="46.348713" lon="13.897081">
				<ele>1436.000000</ele>
			</trkpt>
			<trkpt lat="46.348732" lon="13.897072">
				<ele>1436.000000</ele>
			</trkpt>
			<trkpt lat="46.348751" lon="13.897018">
				<ele>1436.000000</ele>
			</trkpt>
			<trkpt lat="46.348738" lon="13.896982">
				<ele>1437.000000</ele>
			</trkpt>
			<trkpt lat="46.348707" lon="13.896946">
				<ele>1437.000000</ele>
			</trkpt>
			<trkpt lat="46.348676" lon="13.896902">
				<ele>1437.000000</ele>
			</trkpt>
			<trkpt lat="46.348707" lon="13.896758">
				<ele>1438.000000</ele>
			</trkpt>
			<trkpt lat="46.348701" lon="13.896632">
				<ele>1438.000000</ele>
			</trkpt>
			<trkpt lat="46.348707" lon="13.896560">
				<ele>1439.000000</ele>
			</trkpt>
			<trkpt lat="46.348695" lon="13.896470">
				<ele>1439.000000</ele>
			</trkpt>
			<trkpt lat="46.348738" lon="13.896416">
				<ele>1440.000000</ele>
			</trkpt>
			<trkpt lat="46.348850" lon="13.896326">
				<ele>1440.000000</ele>
			</trkpt>
			<trkpt lat="46.348881" lon="13.896273">
				<ele>1441.000000</ele>
			</trkpt>
			<trkpt lat="46.348931" lon="13.896255">
				<ele>1441.000000</ele>
			</trkpt>
			<trkpt lat="46.348999" lon="13.896237">
				<ele>1442.000000</ele>
			</trkpt>
			<trkpt lat="46.349011" lon="13.896174">
				<ele>1442.000000</ele>
			</trkpt>
			<trkpt lat="46.349061" lon="13.896102">
				<ele>1443.000000</ele>
			</trkpt>
			<trkpt lat="46.349129" lon="13.896030">
				<ele>1444.000000</ele>
			</trkpt>
			<trkpt lat="46.349234" lon="13.895931">
				<ele>1445.000000</ele>
			</trkpt>
			<trkpt lat="46.349507" lon="13.895770">
				<ele>1448.000000</ele>
			</trkpt>
			<trkpt lat="46.349805" lon="13.895600">
				<ele>1451.000000</ele>
			</trkpt>
			<trkpt lat="46.349985" lon="13.895500">
				<ele>1453.000000</ele>
			</trkpt>
			<trkpt lat="46.350133" lon="13.895410">
				<ele>1455.000000</ele>
			</trkpt>
			<trkpt lat="46.350282" lon="13.895311">
				<ele>1457.000000</ele>
			</trkpt>
			<trkpt lat="46.350456" lon="13.895185">
				<ele>1459.000000</ele>
			</trkpt>
			<trkpt lat="46.350555" lon="13.895123">
				<ele>1460.000000</ele>
			</trkpt>
			<trkpt lat="46.350599" lon="13.895078">
				<ele>1461.000000</ele>
			</trkpt>
			<trkpt lat="46.350716" lon="13.895042">
				<ele>1462.000000</ele>
			</trkpt>
			<trkpt lat="46.350828" lon="13.895034">
				<ele>1464.000000</ele>
			</trkpt>
			<trkpt lat="46.350909" lon="13.894988">
				<ele>1465.000000</ele>
			</trkpt>
			<trkpt lat="46.351033" lon="13.894908">
				<ele>1467.000000</ele>
			</trkpt>
			<trkpt lat="46.351126" lon="13.894854">
				<ele>1468.000000</ele>
			</trkpt>
			<trkpt lat="46.351218" lon="13.894827">
				<ele>1470.000000</ele>
			</trkpt>
			<trkpt lat="46.351324" lon="13.894728">
				<ele>1472.000000</ele>
			</trkpt>
			<trkpt lat="46.351485" lon="13.894592">
				<ele>1474.000000</ele>
			</trkpt>
			<trkpt lat="46.351615" lon="13.894476">
				<ele>1476.000000</ele>
			</trkpt>
			<trkpt lat="46.351715" lon="13.894413">
				<ele>1478.000000</ele>
			</trkpt>
			<trkpt lat="46.351919" lon="13.894135">
				<ele>1483.000000</ele>
			</trkpt>
			<trkpt lat="46.351988" lon="13.894053">
				<ele>1485.000000</ele>
			</trkpt>
			<trkpt lat="46.352031" lon="13.893992">
				<ele>1486.000000</ele>
			</trkpt>
			<trkpt lat="46.352087" lon="13.893955">
				<ele>1488.000000</ele>
			</trkpt>
			<trkpt lat="46.352118" lon="13.893929">
				<ele>1489.000000</ele>
			</trkpt>
			<trkpt lat="46.352142" lon="13.893874">
				<ele>1490.000000</ele>
			</trkpt>
			<trkpt lat="46.352180" lon="13.893766">
				<ele>1491.000000</ele>
			</trkpt>
			<trkpt lat="46.352180" lon="13.893667">
				<ele>1492.000000</ele>
			</trkpt>
			<trkpt lat="46.352204" lon="13.893560">
				<ele>1493.000000</ele>
			</trkpt>
			<trkpt lat="46.352211" lon="13.893460">
				<ele>1494.000000</ele>
			</trkpt>
			<trkpt lat="46.352204" lon="13.893389">
				<ele>1495.000000</ele>
			</trkpt>
			<trkpt lat="46.352167" lon="13.893344">
				<ele>1496.000000</ele>
			</trkpt>
			<trkpt lat="46.352130" lon="13.893290">
				<ele>1497.000000</ele>
			</trkpt>
			<trkpt lat="46.352124" lon="13.893263">
				<ele>1497.000000</ele>
			</trkpt>
			<trkpt lat="46.352130" lon="13.893237">
				<ele>1497.000000</ele>
			</trkpt>
			<trkpt lat="46.352167" lon="13.893191">
				<ele>1498.000000</ele>
			</trkpt>
			<trkpt lat="46.352204" lon="13.893129">
				<ele>1499.000000</ele>
			</trkpt>
			<trkpt lat="46.352242" lon="13.893093">
				<ele>1500.000000</ele>
			</trkpt>
			<trkpt lat="46.352285" lon="13.893047">
				<ele>1501.000000</ele>
			</trkpt>
			<trkpt lat="46.352297" lon="13.893003">
				<ele>1502.000000</ele>
			</trkpt>
			<trkpt lat="46.352322" lon="13.892994">
				<ele>1502.000000</ele>
			</trkpt>
			<trkpt lat="46.352335" lon="13.892950">
				<ele>1503.000000</ele>
			</trkpt>
			<trkpt lat="46.352328" lon="13.892913">
				<ele>1504.000000</ele>
			</trkpt>
			<trkpt lat="46.352341" lon="13.892877">
				<ele>1504.000000</ele>
			</trkpt>
			<trkpt lat="46.352347" lon="13.892860">
				<ele>1505.000000</ele>
			</trkpt>
			<trkpt lat="46.352328" lon="13.892814">
				<ele>1506.000000</ele>
			</trkpt>
			<trkpt lat="46.352353" lon="13.892760">
				<ele>1507.000000</ele>
			</trkpt>
			<trkpt lat="46.352385" lon="13.892697">
				<ele>1508.000000</ele>
			</trkpt>
			<trkpt lat="46.352427" lon="13.892634">
				<ele>1509.000000</ele>
			</trkpt>
			<trkpt lat="46.352452" lon="13.892590">
				<ele>1510.000000</ele>
			</trkpt>
			<trkpt lat="46.352452" lon="13.892545">
				<ele>1511.000000</ele>
			</trkpt>
			<trkpt lat="46.352490" lon="13.892445">
				<ele>1513.000000</ele>
			</trkpt>
			<trkpt lat="46.352515" lon="13.892392">
				<ele>1514.000000</ele>
			</trkpt>
			<trkpt lat="46.352545" lon="13.892374">
				<ele>1515.000000</ele>
			</trkpt>
			<trkpt lat="46.352589" lon="13.892392">
				<ele>1516.000000</ele>
			</trkpt>
			<trkpt lat="46.352626" lon="13.892392">
				<ele>1517.000000</ele>
			</trkpt>
			<trkpt lat="46.352663" lon="13.892329">
				<ele>1519.000000</ele>
			</trkpt>
			<trkpt lat="46.352694" lon="13.892248">
				<ele>1521.000000</ele>
			</trkpt>
			<trkpt lat="46.352744" lon="13.892194">
				<ele>1523.000000</ele>
			</trkpt>
			<trkpt lat="46.352769" lon="13.892158">
				<ele>1524.000000</ele>
			</trkpt>
			<trkpt lat="46.352824" lon="13.892122">
				<ele>1525.000000</ele>
			</trkpt>
			<trkpt lat="46.352893" lon="13.892105">
				<ele>1527.000000</ele>
			</trkpt>
			<trkpt lat="46.352905" lon="13.892042">
				<ele>1528.000000</ele>
			</trkpt>
			<trkpt lat="46.352912" lon="13.892005">
				<ele>1529.000000</ele>
			</trkpt>
			<trkpt lat="46.352893" lon="13.891969">
				<ele>1530.000000</ele>
			</trkpt>
			<trkpt lat="46.352899" lon="13.891916">
				<ele>1531.000000</ele>
			</trkpt>
			<trkpt lat="46.352918" lon="13.891871">
				<ele>1532.000000</ele>
			</trkpt>
			<trkpt lat="46.352948" lon="13.891871">
				<ele>1533.000000</ele>
			</trkpt>
			<trkpt lat="46.353011" lon="13.891879">
				<ele>1535.000000</ele>
			</trkpt>
			<trkpt lat="46.353017" lon="13.891818">
				<ele>1536.000000</ele>
			</trkpt>
			<trkpt lat="46.353042" lon="13.891728">
				<ele>1538.000000</ele>
			</trkpt>
			<trkpt lat="46.353073" lon="13.891709">
				<ele>1539.000000</ele>
			</trkpt>
			<trkpt lat="46.353110" lon="13.891692">
				<ele>1540.000000</ele>
			</trkpt>
			<trkpt lat="46.353122" lon="13.891629">
				<ele>1541.000000</ele>
			</trkpt>
			<trkpt lat="46.353159" lon="13.891539">
				<ele>1543.000000</ele>
			</trkpt>
			<trkpt lat="46.353209" lon="13.891466">
				<ele>1545.000000</ele>
			</trkpt>
			<trkpt lat="46.353246" lon="13.891413">
				<ele>1546.000000</ele>
			</trkpt>
			<trkpt lat="46.353296" lon="13.891403">
				<ele>1548.000000</ele>
			</trkpt>
			<trkpt lat="46.353333" lon="13.891395">
				<ele>1549.000000</ele>
			</trkpt>
			<trkpt lat="46.353414" lon="13.891386">
				<ele>1551.000000</ele>
			</trkpt>
			<trkpt lat="46.353439" lon="13.891368">
				<ele>1551.000000</ele>
			</trkpt>
			<trkpt lat="46.353482" lon="13.891332">
				<ele>1552.000000</ele>
			</trkpt>
			<trkpt lat="46.353506" lon="13.891252">
				<ele>1554.000000</ele>
			</trkpt>
			<trkpt lat="46.353500" lon="13.891189">
				<ele>1555.000000</ele>
			</trkpt>
			<trkpt lat="46.353457" lon="13.891126">
				<ele>1557.000000</ele>
			</trkpt>
			<trkpt lat="46.353451" lon="13.891099">
				<ele>1557.000000</ele>
			</trkpt>
			<trkpt lat="46.353457" lon="13.891089">
				<ele>1557.000000</ele>
			</trkpt>
			<trkpt lat="46.353506" lon="13.891036">
				<ele>1559.000000</ele>
			</trkpt>
			<trkpt lat="46.353525" lon="13.891017">
				<ele>1559.000000</ele>
			</trkpt>
			<trkpt lat="46.353538" lon="13.890973">
				<ele>1560.000000</ele>
			</trkpt>
			<trkpt lat="46.353562" lon="13.890946">
				<ele>1561.000000</ele>
			</trkpt>
			<trkpt lat="46.353600" lon="13.890927">
				<ele>1562.000000</ele>
			</trkpt>
			<trkpt lat="46.353661" lon="13.890910">
				<ele>1564.000000</ele>
			</trkpt>
			<trkpt lat="46.353693" lon="13.890892">
				<ele>1566.000000</ele>
			</trkpt>
			<trkpt lat="46.353699" lon="13.890837">
				<ele>1567.000000</ele>
			</trkpt>
			<trkpt lat="46.353724" lon="13.890810">
				<ele>1568.000000</ele>
			</trkpt>
			<trkpt lat="46.353730" lon="13.890776">
				<ele>1569.000000</ele>
			</trkpt>
			<trkpt lat="46.353754" lon="13.890747">
				<ele>1570.000000</ele>
			</trkpt>
			<trkpt lat="46.353810" lon="13.890721">
				<ele>1571.000000</ele>
			</trkpt>
			<trkpt lat="46.353860" lon="13.890703">
				<ele>1573.000000</ele>
			</trkpt>
			<trkpt lat="46.353916" lon="13.890658">
				<ele>1574.000000</ele>
			</trkpt>
			<trkpt lat="46.353947" lon="13.890613">
				<ele>1576.000000</ele>
			</trkpt>
			<trkpt lat="46.353953" lon="13.890541">
				<ele>1577.000000</ele>
			</trkpt>
			<trkpt lat="46.353972" lon="13.890533">
				<ele>1578.000000</ele>
			</trkpt>
			<trkpt lat="46.354009" lon="13.890487">
				<ele>1579.000000</ele>
			</trkpt>
			<trkpt lat="46.354064" lon="13.890424">
				<ele>1581.000000</ele>
			</trkpt>
			<trkpt lat="46.354102" lon="13.890416">
				<ele>1582.000000</ele>
			</trkpt>
			<trkpt lat="46.354145" lon="13.890416">
				<ele>1584.000000</ele>
			</trkpt>
			<trkpt lat="46.354170" lon="13.890407">
				<ele>1584.000000</ele>
			</trkpt>
			<trkpt lat="46.354188" lon="13.890371">
				<ele>1585.000000</ele>
			</trkpt>
			<trkpt lat="46.354195" lon="13.890334">
				<ele>1586.000000</ele>
			</trkpt>
			<trkpt lat="46.354207" lon="13.890326">
				<ele>1586.000000</ele>
			</trkpt>
			<trkpt lat="46.354220" lon="13.890334">
				<ele>1587.000000</ele>
			</trkpt>
			<trkpt lat="46.354232" lon="13.890334">
				<ele>1587.000000</ele>
			</trkpt>
			<trkpt lat="46.354257" lon="13.890334">
				<ele>1588.000000</ele>
			</trkpt>
			<trkpt lat="46.354300" lon="13.890334">
				<ele>1589.000000</ele>
			</trkpt>
			<trkpt lat="46.354337" lon="13.890281">
				<ele>1591.000000</ele>
			</trkpt>
			<trkpt lat="46.354375" lon="13.890299">
				<ele>1593.000000</ele>
			</trkpt>
			<trkpt lat="46.354394" lon="13.890290">
				<ele>1594.000000</ele>
			</trkpt>
			<trkpt lat="46.354418" lon="13.890245">
				<ele>1595.000000</ele>
			</trkpt>
			<trkpt lat="46.354424" lon="13.890200">
				<ele>1596.000000</ele>
			</trkpt>
			<trkpt lat="46.354424" lon="13.890173">
				<ele>1597.000000</ele>
			</trkpt>
			<trkpt lat="46.354424" lon="13.890147">
				<ele>1598.000000</ele>
			</trkpt>
			<trkpt lat="46.354406" lon="13.890101">
				<ele>1599.000000</ele>
			</trkpt>
			<trkpt lat="46.354418" lon="13.890057">
				<ele>1600.000000</ele>
			</trkpt>
			<trkpt lat="46.354387" lon="13.890030">
				<ele>1602.000000</ele>
			</trkpt>
			<trkpt lat="46.354369" lon="13.889984">
				<ele>1603.000000</ele>
			</trkpt>
			<trkpt lat="46.354350" lon="13.889904">
				<ele>1605.000000</ele>
			</trkpt>
			<trkpt lat="46.354350" lon="13.889831">
				<ele>1607.000000</ele>
			</trkpt>
			<trkpt lat="46.354312" lon="13.889742">
				<ele>1610.000000</ele>
			</trkpt>
			<trkpt lat="46.354294" lon="13.889652">
				<ele>1612.000000</ele>
			</trkpt>
			<trkpt lat="46.354263" lon="13.889616">
				<ele>1614.000000</ele>
			</trkpt>
			<trkpt lat="46.354220" lon="13.889589">
				<ele>1616.000000</ele>
			</trkpt>
			<trkpt lat="46.354207" lon="13.889562">
				<ele>1617.000000</ele>
			</trkpt>
			<trkpt lat="46.354220" lon="13.889535">
				<ele>1618.000000</ele>
			</trkpt>
			<trkpt lat="46.354263" lon="13.889518">
				<ele>1620.000000</ele>
			</trkpt>
			<trkpt lat="46.354257" lon="13.889491">
				<ele>1620.000000</ele>
			</trkpt>
			<trkpt lat="46.354238" lon="13.889491">
				<ele>1620.000000</ele>
			</trkpt>
			<trkpt lat="46.354220" lon="13.889481">
				<ele>1620.000000</ele>
			</trkpt>
			<trkpt lat="46.354170" lon="13.889445">
				<ele>1620.000000</ele>
			</trkpt>
			<trkpt lat="46.354164" lon="13.889409">
				<ele>1621.000000</ele>
			</trkpt>
			<trkpt lat="46.354170" lon="13.889392">
				<ele>1621.000000</ele>
			</trkpt>
			<trkpt lat="46.354201" lon="13.889382">
				<ele>1622.000000</ele>
			</trkpt>
			<trkpt lat="46.354220" lon="13.889392">
				<ele>1622.000000</ele>
			</trkpt>
			<trkpt lat="46.354251" lon="13.889401">
				<ele>1623.000000</ele>
			</trkpt>
			<trkpt lat="46.354251" lon="13.889374">
				<ele>1623.000000</ele>
			</trkpt>
			<trkpt lat="46.354232" lon="13.889347">
				<ele>1624.000000</ele>
			</trkpt>
			<trkpt lat="46.354220" lon="13.889319">
				<ele>1625.000000</ele>
			</trkpt>
			<trkpt lat="46.354195" lon="13.889284">
				<ele>1625.000000</ele>
			</trkpt>
			<trkpt lat="46.354207" lon="13.889248">
				<ele>1626.000000</ele>
			</trkpt>
			<trkpt lat="46.354232" lon="13.889257">
				<ele>1627.000000</ele>
			</trkpt>
			<trkpt lat="46.354257" lon="13.889275">
				<ele>1627.000000</ele>
			</trkpt>
			<trkpt lat="46.354275" lon="13.889292">
				<ele>1628.000000</ele>
			</trkpt>
			<trkpt lat="46.354288" lon="13.889266">
				<ele>1629.000000</ele>
			</trkpt>
			<trkpt lat="46.354275" lon="13.889229">
				<ele>1629.000000</ele>
			</trkpt>
			<trkpt lat="46.354257" lon="13.889168">
				<ele>1630.000000</ele>
			</trkpt>
			<trkpt lat="46.354251" lon="13.889139">
				<ele>1631.000000</ele>
			</trkpt>
			<trkpt lat="46.354269" lon="13.889131">
				<ele>1631.000000</ele>
			</trkpt>
			<trkpt lat="46.354294" lon="13.889158">
				<ele>1632.000000</ele>
			</trkpt>
			<trkpt lat="46.354344" lon="13.889176">
				<ele>1633.000000</ele>
			</trkpt>
			<trkpt lat="46.354394" lon="13.889229">
				<ele>1635.000000</ele>
			</trkpt>
			<trkpt lat="46.354418" lon="13.889284">
				<ele>1636.000000</ele>
			</trkpt>
			<trkpt lat="46.354412" lon="13.889338">
				<ele>1637.000000</ele>
			</trkpt>
			<trkpt lat="46.354430" lon="13.889374">
				<ele>1638.000000</ele>
			</trkpt>
			<trkpt lat="46.354449" lon="13.889409">
				<ele>1638.000000</ele>
			</trkpt>
			<trkpt lat="46.354480" lon="13.889428">
				<ele>1639.000000</ele>
			</trkpt>
			<trkpt lat="46.354530" lon="13.889445">
				<ele>1640.000000</ele>
			</trkpt>
			<trkpt lat="46.354567" lon="13.889472">
				<ele>1641.000000</ele>
			</trkpt>
			<trkpt lat="46.354641" lon="13.889499">
				<ele>1643.000000</ele>
			</trkpt>
			<trkpt lat="46.354715" lon="13.889508">
				<ele>1645.000000</ele>
			</trkpt>
			<trkpt lat="46.354753" lon="13.889544">
				<ele>1646.000000</ele>
			</trkpt>
			<trkpt lat="46.354827" lon="13.889571">
				<ele>1648.000000</ele>
			</trkpt>
			<trkpt lat="46.354870" lon="13.889598">
				<ele>1649.000000</ele>
			</trkpt>
			<trkpt lat="46.354914" lon="13.889589">
				<ele>1650.000000</ele>
			</trkpt>
			<trkpt lat="46.354970" lon="13.889616">
				<ele>1651.000000</ele>
			</trkpt>
			<trkpt lat="46.355013" lon="13.889634">
				<ele>1652.000000</ele>
			</trkpt>
			<trkpt lat="46.355075" lon="13.889634">
				<ele>1653.000000</ele>
			</trkpt>
			<trkpt lat="46.355168" lon="13.889652">
				<ele>1655.000000</ele>
			</trkpt>
			<trkpt lat="46.355248" lon="13.889679">
				<ele>1656.000000</ele>
			</trkpt>
			<trkpt lat="46.355317" lon="13.889715">
				<ele>1657.000000</ele>
			</trkpt>
			<trkpt lat="46.355360" lon="13.889715">
				<ele>1658.000000</ele>
			</trkpt>
			<trkpt lat="46.355422" lon="13.889751">
				<ele>1659.000000</ele>
			</trkpt>
			<trkpt lat="46.355460" lon="13.889760">
				<ele>1660.000000</ele>
			</trkpt>
			<trkpt lat="46.355491" lon="13.889768">
				<ele>1660.000000</ele>
			</trkpt>
			<trkpt lat="46.355515" lon="13.889787">
				<ele>1661.000000</ele>
			</trkpt>
			<trkpt lat="46.355559" lon="13.889787">
				<ele>1662.000000</ele>
			</trkpt>
			<trkpt lat="46.355571" lon="13.889814">
				<ele>1663.000000</ele>
			</trkpt>
			<trkpt lat="46.355578" lon="13.889841">
				<ele>1663.000000</ele>
			</trkpt>
			<trkpt lat="46.355596" lon="13.889850">
				<ele>1664.000000</ele>
			</trkpt>
			<trkpt lat="46.355609" lon="13.889868">
				<ele>1664.000000</ele>
			</trkpt>
			<trkpt lat="46.355633" lon="13.889877">
				<ele>1665.000000</ele>
			</trkpt>
			<trkpt lat="46.355645" lon="13.889868">
				<ele>1665.000000</ele>
			</trkpt>
			<trkpt lat="46.355670" lon="13.889823">
				<ele>1666.000000</ele>
			</trkpt>
			<trkpt lat="46.355683" lon="13.889795">
				<ele>1667.000000</ele>
			</trkpt>
			<trkpt lat="46.355720" lon="13.889831">
				<ele>1668.000000</ele>
			</trkpt>
			<trkpt lat="46.355751" lon="13.889831">
				<ele>1669.000000</ele>
			</trkpt>
			<trkpt lat="46.355807" lon="13.889814">
				<ele>1670.000000</ele>
			</trkpt>
			<trkpt lat="46.355832" lon="13.889768">
				<ele>1671.000000</ele>
			</trkpt>
			<trkpt lat="46.355813" lon="13.889715">
				<ele>1672.000000</ele>
			</trkpt>
			<trkpt lat="46.355813" lon="13.889679">
				<ele>1673.000000</ele>
			</trkpt>
			<trkpt lat="46.355863" lon="13.889671">
				<ele>1674.000000</ele>
			</trkpt>
			<trkpt lat="46.355888" lon="13.889634">
				<ele>1675.000000</ele>
			</trkpt>
			<trkpt lat="46.355918" lon="13.889607">
				<ele>1676.000000</ele>
			</trkpt>
			<trkpt lat="46.355949" lon="13.889589">
				<ele>1677.000000</ele>
			</trkpt>
			<trkpt lat="46.355956" lon="13.889554">
				<ele>1678.000000</ele>
			</trkpt>
			<trkpt lat="46.355981" lon="13.889554">
				<ele>1679.000000</ele>
			</trkpt>
			<trkpt lat="46.356006" lon="13.889535">
				<ele>1680.000000</ele>
			</trkpt>
			<trkpt lat="46.356042" lon="13.889508">
				<ele>1681.000000</ele>
			</trkpt>
			<trkpt lat="46.356079" lon="13.889491">
				<ele>1682.000000</ele>
			</trkpt>
			<trkpt lat="46.356117" lon="13.889481">
				<ele>1684.000000</ele>
			</trkpt>
			<trkpt lat="46.356160" lon="13.889472">
				<ele>1685.000000</ele>
			</trkpt>
			<trkpt lat="46.356191" lon="13.889455">
				<ele>1686.000000</ele>
			</trkpt>
			<trkpt lat="46.356228" lon="13.889455">
				<ele>1687.000000</ele>
			</trkpt>
			<trkpt lat="46.356291" lon="13.889437">
				<ele>1690.000000</ele>
			</trkpt>
			<trkpt lat="46.356327" lon="13.889428">
				<ele>1691.000000</ele>
			</trkpt>
			<trkpt lat="46.356371" lon="13.889428">
				<ele>1691.000000</ele>
			</trkpt>
			<trkpt lat="46.356409" lon="13.889392">
				<ele>1692.000000</ele>
			</trkpt>
			<trkpt lat="46.356439" lon="13.889355">
				<ele>1693.000000</ele>
			</trkpt>
			<trkpt lat="46.356606" lon="13.889202">
				<ele>1696.000000</ele>
			</trkpt>
			<trkpt lat="46.356737" lon="13.889059">
				<ele>1698.000000</ele>
			</trkpt>
			<trkpt lat="46.356860" lon="13.888979">
				<ele>1700.000000</ele>
			</trkpt>
			<trkpt lat="46.356991" lon="13.888915">
				<ele>1704.000000</ele>
			</trkpt>
			<trkpt lat="46.357097" lon="13.888871">
				<ele>1707.000000</ele>
			</trkpt>
			<trkpt lat="46.357202" lon="13.888843">
				<ele>1710.000000</ele>
			</trkpt>
			<trkpt lat="46.357357" lon="13.888826">
				<ele>1712.000000</ele>
			</trkpt>
			<trkpt lat="46.357450" lon="13.888781">
				<ele>1713.000000</ele>
			</trkpt>
			<trkpt lat="46.357530" lon="13.888700">
				<ele>1715.000000</ele>
			</trkpt>
			<trkpt lat="46.357512" lon="13.888637">
				<ele>1716.000000</ele>
			</trkpt>
			<trkpt lat="46.357481" lon="13.888547">
				<ele>1717.000000</ele>
			</trkpt>
			<trkpt lat="46.357512" lon="13.888269">
				<ele>1719.000000</ele>
			</trkpt>
			<trkpt lat="46.357542" lon="13.887990">
				<ele>1721.000000</ele>
			</trkpt>
			<trkpt lat="46.357567" lon="13.887820">
				<ele>1722.000000</ele>
			</trkpt>
			<trkpt lat="46.357574" lon="13.887649">
				<ele>1723.000000</ele>
			</trkpt>
			<trkpt lat="46.357567" lon="13.887505">
				<ele>1724.000000</ele>
			</trkpt>
			<trkpt lat="46.357567" lon="13.887352">
				<ele>1725.000000</ele>
			</trkpt>
			<trkpt lat="46.357561" lon="13.887235">
				<ele>1726.000000</ele>
			</trkpt>
			<trkpt lat="46.357542" lon="13.887128">
				<ele>1726.000000</ele>
			</trkpt>
			<trkpt lat="46.357487" lon="13.886984">
				<ele>1727.000000</ele>
			</trkpt>
			<trkpt lat="46.357394" lon="13.886876">
				<ele>1728.000000</ele>
			</trkpt>
			<trkpt lat="46.357326" lon="13.886742">
				<ele>1729.000000</ele>
			</trkpt>
			<trkpt lat="46.357233" lon="13.886634">
				<ele>1731.000000</ele>
			</trkpt>
			<trkpt lat="46.357121" lon="13.886481">
				<ele>1734.000000</ele>
			</trkpt>
			<trkpt lat="46.357022" lon="13.886302">
				<ele>1737.000000</ele>
			</trkpt>
			<trkpt lat="46.356954" lon="13.886221">
				<ele>1738.000000</ele>
			</trkpt>
			<trkpt lat="46.356860" lon="13.886166">
				<ele>1740.000000</ele>
			</trkpt>
			<trkpt lat="46.356780" lon="13.886131">
				<ele>1743.000000</ele>
			</trkpt>
			<trkpt lat="46.356712" lon="13.886005">
				<ele>1746.000000</ele>
			</trkpt>
			<trkpt lat="46.356631" lon="13.885915">
				<ele>1749.000000</ele>
			</trkpt>
			<trkpt lat="46.356532" lon="13.885889">
				<ele>1751.000000</ele>
			</trkpt>
			<trkpt lat="46.356415" lon="13.885726">
				<ele>1756.000000</ele>
			</trkpt>
			<trkpt lat="46.356303" lon="13.885619">
				<ele>1759.000000</ele>
			</trkpt>
			<trkpt lat="46.356210" lon="13.885476">
				<ele>1763.000000</ele>
			</trkpt>
			<trkpt lat="46.356092" lon="13.885358">
				<ele>1767.000000</ele>
			</trkpt>
			<trkpt lat="46.355949" lon="13.885134">
				<ele>1773.000000</ele>
			</trkpt>
			<trkpt lat="46.355875" lon="13.885017">
				<ele>1776.000000</ele>
			</trkpt>
			<trkpt lat="46.355825" lon="13.884873">
				<ele>1779.000000</ele>
			</trkpt>
			<trkpt lat="46.355794" lon="13.884864">
				<ele>1780.000000</ele>
			</trkpt>
			<trkpt lat="46.355769" lon="13.884855">
				<ele>1781.000000</ele>
			</trkpt>
			<trkpt lat="46.355714" lon="13.884757">
				<ele>1785.000000</ele>
			</trkpt>
			<trkpt lat="46.355670" lon="13.884784">
				<ele>1787.000000</ele>
			</trkpt>
			<trkpt lat="46.355621" lon="13.884721">
				<ele>1789.000000</ele>
			</trkpt>
			<trkpt lat="46.355590" lon="13.884694">
				<ele>1790.000000</ele>
			</trkpt>
			<trkpt lat="46.355553" lon="13.884604">
				<ele>1792.000000</ele>
			</trkpt>
			<trkpt lat="46.355571" lon="13.884505">
				<ele>1794.000000</ele>
			</trkpt>
			<trkpt lat="46.355584" lon="13.884379">
				<ele>1797.000000</ele>
			</trkpt>
			<trkpt lat="46.355521" lon="13.884208">
				<ele>1801.000000</ele>
			</trkpt>
			<trkpt lat="46.355503" lon="13.884145">
				<ele>1802.000000</ele>
			</trkpt>
			<trkpt lat="46.355466" lon="13.884092">
				<ele>1804.000000</ele>
			</trkpt>
			<trkpt lat="46.355435" lon="13.884002">
				<ele>1807.000000</ele>
			</trkpt>
			<trkpt lat="46.355410" lon="13.884028">
				<ele>1808.000000</ele>
			</trkpt>
			<trkpt lat="46.355391" lon="13.884011">
				<ele>1809.000000</ele>
			</trkpt>
			<trkpt lat="46.355385" lon="13.883975">
				<ele>1810.000000</ele>
			</trkpt>
			<trkpt lat="46.355391" lon="13.883912">
				<ele>1811.000000</ele>
			</trkpt>
			<trkpt lat="46.355391" lon="13.883822">
				<ele>1813.000000</ele>
			</trkpt>
			<trkpt lat="46.355404" lon="13.883678">
				<ele>1816.000000</ele>
			</trkpt>
			<trkpt lat="46.355422" lon="13.883543">
				<ele>1819.000000</ele>
			</trkpt>
			<trkpt lat="46.355485" lon="13.883579">
				<ele>1821.000000</ele>
			</trkpt>
			<trkpt lat="46.355521" lon="13.883642">
				<ele>1822.000000</ele>
			</trkpt>
			<trkpt lat="46.355540" lon="13.883625">
				<ele>1823.000000</ele>
			</trkpt>
			<trkpt lat="46.355534" lon="13.883543">
				<ele>1825.000000</ele>
			</trkpt>
			<trkpt lat="46.355515" lon="13.883453">
				<ele>1827.000000</ele>
			</trkpt>
			<trkpt lat="46.355521" lon="13.883382">
				<ele>1828.000000</ele>
			</trkpt>
			<trkpt lat="46.355565" lon="13.883363">
				<ele>1829.000000</ele>
			</trkpt>
			<trkpt lat="46.355571" lon="13.883302">
				<ele>1831.000000</ele>
			</trkpt>
			<trkpt lat="46.355546" lon="13.883256">
				<ele>1832.000000</ele>
			</trkpt>
			<trkpt lat="46.355540" lon="13.883184">
				<ele>1833.000000</ele>
			</trkpt>
			<trkpt lat="46.355528" lon="13.883086">
				<ele>1835.000000</ele>
			</trkpt>
			<trkpt lat="46.355521" lon="13.882996">
				<ele>1837.000000</ele>
			</trkpt>
			<trkpt lat="46.355497" lon="13.882887">
				<ele>1839.000000</ele>
			</trkpt>
			<trkpt lat="46.355521" lon="13.882744">
				<ele>1842.000000</ele>
			</trkpt>
			<trkpt lat="46.355509" lon="13.882618">
				<ele>1843.000000</ele>
			</trkpt>
			<trkpt lat="46.355460" lon="13.882528">
				<ele>1845.000000</ele>
			</trkpt>
			<trkpt lat="46.355397" lon="13.882457">
				<ele>1847.000000</ele>
			</trkpt>
			<trkpt lat="46.355317" lon="13.882430">
				<ele>1848.000000</ele>
			</trkpt>
			<trkpt lat="46.355255" lon="13.882439">
				<ele>1850.000000</ele>
			</trkpt>
			<trkpt lat="46.355218" lon="13.882403">
				<ele>1851.000000</ele>
			</trkpt>
			<trkpt lat="46.355175" lon="13.882403">
				<ele>1852.000000</ele>
			</trkpt>
			<trkpt lat="46.355100" lon="13.882430">
				<ele>1854.000000</ele>
			</trkpt>
			<trkpt lat="46.355026" lon="13.882421">
				<ele>1856.000000</ele>
			</trkpt>
			<trkpt lat="46.354951" lon="13.882421">
				<ele>1859.000000</ele>
			</trkpt>
			<trkpt lat="46.354902" lon="13.882430">
				<ele>1860.000000</ele>
			</trkpt>
			<trkpt lat="46.354870" lon="13.882403">
				<ele>1861.000000</ele>
			</trkpt>
			<trkpt lat="46.354870" lon="13.882321">
				<ele>1862.000000</ele>
			</trkpt>
			<trkpt lat="46.354908" lon="13.882205">
				<ele>1864.000000</ele>
			</trkpt>
			<trkpt lat="46.354877" lon="13.882187">
				<ele>1865.000000</ele>
			</trkpt>
			<trkpt lat="46.354845" lon="13.882214">
				<ele>1866.000000</ele>
			</trkpt>
			<trkpt lat="46.354809" lon="13.882268">
				<ele>1868.000000</ele>
			</trkpt>
			<trkpt lat="46.354784" lon="13.882268">
				<ele>1868.000000</ele>
			</trkpt>
			<trkpt lat="46.354778" lon="13.882124">
				<ele>1871.000000</ele>
			</trkpt>
			<trkpt lat="46.354765" lon="13.882107">
				<ele>1871.000000</ele>
			</trkpt>
			<trkpt lat="46.354691" lon="13.882205">
				<ele>1875.000000</ele>
			</trkpt>
			<trkpt lat="46.354585" lon="13.882294">
				<ele>1878.000000</ele>
			</trkpt>
			<trkpt lat="46.354554" lon="13.882187">
				<ele>1882.000000</ele>
			</trkpt>
			<trkpt lat="46.354499" lon="13.882214">
				<ele>1885.000000</ele>
			</trkpt>
			<trkpt lat="46.354461" lon="13.882170">
				<ele>1887.000000</ele>
			</trkpt>
			<trkpt lat="46.354442" lon="13.882124">
				<ele>1889.000000</ele>
			</trkpt>
			<trkpt lat="46.354387" lon="13.882107">
				<ele>1890.000000</ele>
			</trkpt>
			<trkpt lat="46.354356" lon="13.882070">
				<ele>1890.000000</ele>
			</trkpt>
			<trkpt lat="46.354331" lon="13.882070">
				<ele>1890.000000</ele>
			</trkpt>
			<trkpt lat="46.354300" lon="13.882052">
				<ele>1889.000000</ele>
			</trkpt>
			<trkpt lat="46.354269" lon="13.882052">
				<ele>1888.000000</ele>
			</trkpt>
			<trkpt lat="46.354245" lon="13.882061">
				<ele>1887.000000</ele>
			</trkpt>
			<trkpt lat="46.354226" lon="13.882070">
				<ele>1887.000000</ele>
			</trkpt>
			<trkpt lat="46.354207" lon="13.882080">
				<ele>1886.000000</ele>
			</trkpt>
			<trkpt lat="46.354133" lon="13.882080">
				<ele>1883.000000</ele>
			</trkpt>
			<trkpt lat="46.354121" lon="13.882080">
				<ele>1883.000000</ele>
			</trkpt>
			<trkpt lat="46.354108" lon="13.882070">
				<ele>1883.000000</ele>
			</trkpt>
			<trkpt lat="46.354102" lon="13.882070">
				<ele>1882.000000</ele>
			</trkpt>
			<trkpt lat="46.354089" lon="13.882080">
				<ele>1882.000000</ele>
			</trkpt>
			<trkpt lat="46.354077" lon="13.882080">
				<ele>1881.000000</ele>
			</trkpt>
			<trkpt lat="46.354071" lon="13.882070">
				<ele>1881.000000</ele>
			</trkpt>
			<trkpt lat="46.354064" lon="13.882052">
				<ele>1881.000000</ele>
			</trkpt>
			<trkpt lat="46.354077" lon="13.882044">
				<ele>1880.000000</ele>
			</trkpt>
			<trkpt lat="46.354089" lon="13.882007">
				<ele>1880.000000</ele>
			</trkpt>
			<trkpt lat="46.354102" lon="13.882007">
				<ele>1879.000000</ele>
			</trkpt>
			<trkpt lat="46.354121" lon="13.881963">
				<ele>1878.000000</ele>
			</trkpt>
			<trkpt lat="46.354127" lon="13.881927">
				<ele>1878.000000</ele>
			</trkpt>
			<trkpt lat="46.354139" lon="13.881881">
				<ele>1877.000000</ele>
			</trkpt>
			<trkpt lat="46.354164" lon="13.881837">
				<ele>1876.000000</ele>
			</trkpt>
			<trkpt lat="46.354170" lon="13.881810">
				<ele>1876.000000</ele>
			</trkpt>
			<trkpt lat="46.354170" lon="13.881774">
				<ele>1875.000000</ele>
			</trkpt>
			<trkpt lat="46.354170" lon="13.881711">
				<ele>1874.000000</ele>
			</trkpt>
			<trkpt lat="46.354164" lon="13.881665">
				<ele>1873.000000</ele>
			</trkpt>
			<trkpt lat="46.354157" lon="13.881631">
				<ele>1873.000000</ele>
			</trkpt>
			<trkpt lat="46.354145" lon="13.881568">
				<ele>1872.000000</ele>
			</trkpt>
			<trkpt lat="46.354139" lon="13.881541">
				<ele>1871.000000</ele>
			</trkpt>
			<trkpt lat="46.354133" lon="13.881451">
				<ele>1870.000000</ele>
			</trkpt>
			<trkpt lat="46.354127" lon="13.881424">
				<ele>1869.000000</ele>
			</trkpt>
			<trkpt lat="46.354127" lon="13.881397">
				<ele>1869.000000</ele>
			</trkpt>
			<trkpt lat="46.354114" lon="13.881378">
				<ele>1868.000000</ele>
			</trkpt>
			<trkpt lat="46.354102" lon="13.881369">
				<ele>1868.000000</ele>
			</trkpt>
			<trkpt lat="46.354089" lon="13.881361">
				<ele>1868.000000</ele>
			</trkpt>
			<trkpt lat="46.354077" lon="13.881334">
				<ele>1867.000000</ele>
			</trkpt>
			<trkpt lat="46.354064" lon="13.881315">
				<ele>1867.000000</ele>
			</trkpt>
			<trkpt lat="46.354058" lon="13.881298">
				<ele>1866.000000</ele>
			</trkpt>
			<trkpt lat="46.354052" lon="13.881298">
				<ele>1866.000000</ele>
			</trkpt>
			<trkpt lat="46.354046" lon="13.881289">
				<ele>1866.000000</ele>
			</trkpt>
			<trkpt lat="46.354027" lon="13.881289">
				<ele>1865.000000</ele>
			</trkpt>
			<trkpt lat="46.354003" lon="13.881289">
				<ele>1865.000000</ele>
			</trkpt>
			<trkpt lat="46.353990" lon="13.881279">
				<ele>1864.000000</ele>
			</trkpt>
			<trkpt lat="46.353984" lon="13.881262">
				<ele>1864.000000</ele>
			</trkpt>
			<trkpt lat="46.353978" lon="13.881244">
				<ele>1864.000000</ele>
			</trkpt>
			<trkpt lat="46.353984" lon="13.881226">
				<ele>1863.000000</ele>
			</trkpt>
			<trkpt lat="46.353984" lon="13.881199">
				<ele>1863.000000</ele>
			</trkpt>
			<trkpt lat="46.353984" lon="13.881172">
				<ele>1862.000000</ele>
			</trkpt>
			<trkpt lat="46.353972" lon="13.881145">
				<ele>1862.000000</ele>
			</trkpt>
			<trkpt lat="46.353903" lon="13.881073">
				<ele>1859.000000</ele>
			</trkpt>
			<trkpt lat="46.353891" lon="13.881055">
				<ele>1859.000000</ele>
			</trkpt>
			<trkpt lat="46.353872" lon="13.881055">
				<ele>1858.000000</ele>
			</trkpt>
			<trkpt lat="46.353860" lon="13.881073">
				<ele>1857.000000</ele>
			</trkpt>
			<trkpt lat="46.353848" lon="13.881082">
				<ele>1857.000000</ele>
			</trkpt>
			<trkpt lat="46.353829" lon="13.881073">
				<ele>1856.000000</ele>
			</trkpt>
			<trkpt lat="46.353823" lon="13.881065">
				<ele>1856.000000</ele>
			</trkpt>
			<trkpt lat="46.353823" lon="13.881046">
				<ele>1856.000000</ele>
			</trkpt>
			<trkpt lat="46.353829" lon="13.881028">
				<ele>1855.000000</ele>
			</trkpt>
			<trkpt lat="46.353835" lon="13.881002">
				<ele>1855.000000</ele>
			</trkpt>
			<trkpt lat="46.353842" lon="13.880956">
				<ele>1853.000000</ele>
			</trkpt>
			<trkpt lat="46.353842" lon="13.880902">
				<ele>1852.000000</ele>
			</trkpt>
			<trkpt lat="46.353798" lon="13.880813">
				<ele>1850.000000</ele>
			</trkpt>
			<trkpt lat="46.353754" lon="13.880749">
				<ele>1850.000000</ele>
			</trkpt>
			<trkpt lat="46.353724" lon="13.880705">
				<ele>1850.000000</ele>
			</trkpt>
			<trkpt lat="46.353699" lon="13.880669">
				<ele>1850.000000</ele>
			</trkpt>
			<trkpt lat="46.353686" lon="13.880633">
				<ele>1850.000000</ele>
			</trkpt>
			<trkpt lat="46.353680" lon="13.880579">
				<ele>1850.000000</ele>
			</trkpt>
			<trkpt lat="46.353674" lon="13.880499">
				<ele>1850.000000</ele>
			</trkpt>
			<trkpt lat="46.353643" lon="13.880382">
				<ele>1850.000000</ele>
			</trkpt>
			<trkpt lat="46.353636" lon="13.880327">
				<ele>1850.000000</ele>
			</trkpt>
			<trkpt lat="46.353636" lon="13.880292">
				<ele>1850.000000</ele>
			</trkpt>
			<trkpt lat="46.353636" lon="13.880273">
				<ele>1850.000000</ele>
			</trkpt>
			<trkpt lat="46.353618" lon="13.880237">
				<ele>1850.000000</ele>
			</trkpt>
			<trkpt lat="46.353612" lon="13.880202">
				<ele>1850.000000</ele>
			</trkpt>
			<trkpt lat="46.353606" lon="13.880176">
				<ele>1850.000000</ele>
			</trkpt>
			<trkpt lat="46.353600" lon="13.880103">
				<ele>1850.000000</ele>
			</trkpt>
			<trkpt lat="46.353600" lon="13.880076">
				<ele>1850.000000</ele>
			</trkpt>
			<trkpt lat="46.353606" lon="13.880023">
				<ele>1850.000000</ele>
			</trkpt>
			<trkpt lat="46.353618" lon="13.879914">
				<ele>1850.000000</ele>
			</trkpt>
			<trkpt lat="46.353624" lon="13.879870">
				<ele>1850.000000</ele>
			</trkpt>
			<trkpt lat="46.353618" lon="13.879843">
				<ele>1850.000000</ele>
			</trkpt>
			<trkpt lat="46.353612" lon="13.879807">
				<ele>1850.000000</ele>
			</trkpt>
			<trkpt lat="46.353600" lon="13.879780">
				<ele>1850.000000</ele>
			</trkpt>
			<trkpt lat="46.353562" lon="13.879699">
				<ele>1850.000000</ele>
			</trkpt>
			<trkpt lat="46.353457" lon="13.879367">
				<ele>1850.000000</ele>
			</trkpt>
			<trkpt lat="46.353445" lon="13.879277">
				<ele>1850.000000</ele>
			</trkpt>
			<trkpt lat="46.353439" lon="13.879250">
				<ele>1850.000000</ele>
			</trkpt>
			<trkpt lat="46.353420" lon="13.879223">
				<ele>1850.000000</ele>
			</trkpt>
			<trkpt lat="46.353395" lon="13.879151">
				<ele>1850.000000</ele>
			</trkpt>
			<trkpt lat="46.353370" lon="13.879070">
				<ele>1850.000000</ele>
			</trkpt>
			<trkpt lat="46.353351" lon="13.878981">
				<ele>1850.000000</ele>
			</trkpt>
			<trkpt lat="46.353327" lon="13.878891">
				<ele>1850.000000</ele>
			</trkpt>
			<trkpt lat="46.353327" lon="13.878864">
				<ele>1850.000000</ele>
			</trkpt>
			<trkpt lat="46.353327" lon="13.878818">
				<ele>1850.000000</ele>
			</trkpt>
			<trkpt lat="46.353333" lon="13.878738">
				<ele>1850.000000</ele>
			</trkpt>
			<trkpt lat="46.353339" lon="13.878665">
				<ele>1850.000000</ele>
			</trkpt>
			<trkpt lat="46.353333" lon="13.878576">
				<ele>1850.000000</ele>
			</trkpt>
			<trkpt lat="46.353302" lon="13.878522">
				<ele>1850.000000</ele>
			</trkpt>
			<trkpt lat="46.353246" lon="13.878423">
				<ele>1850.000000</ele>
			</trkpt>
			<trkpt lat="46.353191" lon="13.878352">
				<ele>1850.000000</ele>
			</trkpt>
			<trkpt lat="46.353153" lon="13.878289">
				<ele>1850.000000</ele>
			</trkpt>
			<trkpt lat="46.353122" lon="13.878226">
				<ele>1850.000000</ele>
			</trkpt>
			<trkpt lat="46.353103" lon="13.878199">
				<ele>1850.000000</ele>
			</trkpt>
			<trkpt lat="46.353110" lon="13.878145">
				<ele>1850.000000</ele>
			</trkpt>
			<trkpt lat="46.353147" lon="13.878109">
				<ele>1850.000000</ele>
			</trkpt>
			<trkpt lat="46.353215" lon="13.878073">
				<ele>1850.000000</ele>
			</trkpt>
			<trkpt lat="46.353258" lon="13.878073">
				<ele>1850.000000</ele>
			</trkpt>
			<trkpt lat="46.353290" lon="13.878073">
				<ele>1850.000000</ele>
			</trkpt>
			<trkpt lat="46.353315" lon="13.878036">
				<ele>1850.000000</ele>
			</trkpt>
			<trkpt lat="46.353321" lon="13.878002">
				<ele>1850.000000</ele>
			</trkpt>
			<trkpt lat="46.353376" lon="13.877902">
				<ele>1850.000000</ele>
			</trkpt>
			<trkpt lat="46.353432" lon="13.877776">
				<ele>1850.000000</ele>
			</trkpt>
			<trkpt lat="46.353451" lon="13.877732">
				<ele>1850.000000</ele>
			</trkpt>
			<trkpt lat="46.353476" lon="13.877669">
				<ele>1850.000000</ele>
			</trkpt>
			<trkpt lat="46.353494" lon="13.877543">
				<ele>1850.000000</ele>
			</trkpt>
			<trkpt lat="46.353513" lon="13.877489">
				<ele>1850.000000</ele>
			</trkpt>
			<trkpt lat="46.353519" lon="13.877390">
				<ele>1850.000000</ele>
			</trkpt>
			<trkpt lat="46.353506" lon="13.877273">
				<ele>1850.000000</ele>
			</trkpt>
			<trkpt lat="46.353506" lon="13.877174">
				<ele>1850.000000</ele>
			</trkpt>
			<trkpt lat="46.353513" lon="13.877130">
				<ele>1850.000000</ele>
			</trkpt>
			<trkpt lat="46.353519" lon="13.877094">
				<ele>1850.000000</ele>
			</trkpt>
			<trkpt lat="46.353506" lon="13.877057">
				<ele>1850.000000</ele>
			</trkpt>
			<trkpt lat="46.353488" lon="13.877040">
				<ele>1850.000000</ele>
			</trkpt>
			<trkpt lat="46.353457" lon="13.876986">
				<ele>1850.000000</ele>
			</trkpt>
			<trkpt lat="46.353445" lon="13.876950">
				<ele>1850.000000</ele>
			</trkpt>
			<trkpt lat="46.353401" lon="13.876860">
				<ele>1850.000000</ele>
			</trkpt>
			<trkpt lat="46.353389" lon="13.876807">
				<ele>1850.000000</ele>
			</trkpt>
			<trkpt lat="46.353364" lon="13.876734">
				<ele>1850.000000</ele>
			</trkpt>
			<trkpt lat="46.353345" lon="13.876690">
				<ele>1850.000000</ele>
			</trkpt>
			<trkpt lat="46.353283" lon="13.876608">
				<ele>1850.000000</ele>
			</trkpt>
			<trkpt lat="46.353227" lon="13.876510">
				<ele>1850.000000</ele>
			</trkpt>
			<trkpt lat="46.353184" lon="13.876483">
				<ele>1850.000000</ele>
			</trkpt>
			<trkpt lat="46.353128" lon="13.876438">
				<ele>1850.000000</ele>
			</trkpt>
			<trkpt lat="46.353073" lon="13.876348">
				<ele>1850.000000</ele>
			</trkpt>
			<trkpt lat="46.353048" lon="13.876321">
				<ele>1850.000000</ele>
			</trkpt>
			<trkpt lat="46.353036" lon="13.876304">
				<ele>1850.000000</ele>
			</trkpt>
			<trkpt lat="46.353029" lon="13.876276">
				<ele>1851.000000</ele>
			</trkpt>
			<trkpt lat="46.353023" lon="13.876249">
				<ele>1851.000000</ele>
			</trkpt>
			<trkpt lat="46.352992" lon="13.876186">
				<ele>1851.000000</ele>
			</trkpt>
			<trkpt lat="46.352979" lon="13.876151">
				<ele>1851.000000</ele>
			</trkpt>
			<trkpt lat="46.352955" lon="13.876078">
				<ele>1851.000000</ele>
			</trkpt>
			<trkpt lat="46.352905" lon="13.875971">
				<ele>1852.000000</ele>
			</trkpt>
			<trkpt lat="46.352899" lon="13.875917">
				<ele>1852.000000</ele>
			</trkpt>
			<trkpt lat="46.352899" lon="13.875863">
				<ele>1852.000000</ele>
			</trkpt>
			<trkpt lat="46.352905" lon="13.875809">
				<ele>1852.000000</ele>
			</trkpt>
			<trkpt lat="46.352930" lon="13.875719">
				<ele>1853.000000</ele>
			</trkpt>
			<trkpt lat="46.352955" lon="13.875648">
				<ele>1853.000000</ele>
			</trkpt>
			<trkpt lat="46.352961" lon="13.875602">
				<ele>1853.000000</ele>
			</trkpt>
			<trkpt lat="46.352961" lon="13.875558">
				<ele>1853.000000</ele>
			</trkpt>
			<trkpt lat="46.352961" lon="13.875531">
				<ele>1854.000000</ele>
			</trkpt>
			<trkpt lat="46.352942" lon="13.875476">
				<ele>1854.000000</ele>
			</trkpt>
			<trkpt lat="46.352936" lon="13.875459">
				<ele>1854.000000</ele>
			</trkpt>
			<trkpt lat="46.352936" lon="13.875441">
				<ele>1854.000000</ele>
			</trkpt>
			<trkpt lat="46.352942" lon="13.875413">
				<ele>1854.000000</ele>
			</trkpt>
			<trkpt lat="46.352948" lon="13.875360">
				<ele>1854.000000</ele>
			</trkpt>
			<trkpt lat="46.352948" lon="13.875323">
				<ele>1854.000000</ele>
			</trkpt>
			<trkpt lat="46.352942" lon="13.875289">
				<ele>1854.000000</ele>
			</trkpt>
			<trkpt lat="46.352918" lon="13.875234">
				<ele>1855.000000</ele>
			</trkpt>
			<trkpt lat="46.352893" lon="13.875189">
				<ele>1855.000000</ele>
			</trkpt>
			<trkpt lat="46.352887" lon="13.875153">
				<ele>1855.000000</ele>
			</trkpt>
			<trkpt lat="46.352880" lon="13.875117">
				<ele>1855.000000</ele>
			</trkpt>
			<trkpt lat="46.352880" lon="13.875090">
				<ele>1855.000000</ele>
			</trkpt>
			<trkpt lat="46.352874" lon="13.875082">
				<ele>1855.000000</ele>
			</trkpt>
			<trkpt lat="46.352862" lon="13.875046">
				<ele>1855.000000</ele>
			</trkpt>
			<trkpt lat="46.352849" lon="13.875019">
				<ele>1856.000000</ele>
			</trkpt>
			<trkpt lat="46.352837" lon="13.875000">
				<ele>1856.000000</ele>
			</trkpt>
			<trkpt lat="46.352818" lon="13.874973">
				<ele>1856.000000</ele>
			</trkpt>
			<trkpt lat="46.352800" lon="13.874902">
				<ele>1856.000000</ele>
			</trkpt>
			<trkpt lat="46.352794" lon="13.874847">
				<ele>1856.000000</ele>
			</trkpt>
			<trkpt lat="46.352781" lon="13.874786">
				<ele>1856.000000</ele>
			</trkpt>
			<trkpt lat="46.352756" lon="13.874686">
				<ele>1857.000000</ele>
			</trkpt>
			<trkpt lat="46.352731" lon="13.874641">
				<ele>1857.000000</ele>
			</trkpt>
			<trkpt lat="46.352694" lon="13.874578">
				<ele>1857.000000</ele>
			</trkpt>
			<trkpt lat="46.352682" lon="13.874551">
				<ele>1857.000000</ele>
			</trkpt>
			<trkpt lat="46.352651" lon="13.874507">
				<ele>1858.000000</ele>
			</trkpt>
			<trkpt lat="46.352639" lon="13.874470">
				<ele>1858.000000</ele>
			</trkpt>
			<trkpt lat="46.352614" lon="13.874371">
				<ele>1858.000000</ele>
			</trkpt>
			<trkpt lat="46.352595" lon="13.874291">
				<ele>1859.000000</ele>
			</trkpt>
			<trkpt lat="46.352589" lon="13.874264">
				<ele>1859.000000</ele>
			</trkpt>
			<trkpt lat="46.352583" lon="13.874246">
				<ele>1859.000000</ele>
			</trkpt>
			<trkpt lat="46.352570" lon="13.874228">
				<ele>1859.000000</ele>
			</trkpt>
			<trkpt lat="46.352558" lon="13.874210">
				<ele>1859.000000</ele>
			</trkpt>
			<trkpt lat="46.352533" lon="13.874191">
				<ele>1859.000000</ele>
			</trkpt>
			<trkpt lat="46.352515" lon="13.874165">
				<ele>1859.000000</ele>
			</trkpt>
			<trkpt lat="46.352477" lon="13.874111">
				<ele>1859.000000</ele>
			</trkpt>
			<trkpt lat="46.352440" lon="13.874031">
				<ele>1860.000000</ele>
			</trkpt>
			<trkpt lat="46.352427" lon="13.873994">
				<ele>1860.000000</ele>
			</trkpt>
			<trkpt lat="46.352421" lon="13.873968">
				<ele>1860.000000</ele>
			</trkpt>
			<trkpt lat="46.352409" lon="13.873941">
				<ele>1860.000000</ele>
			</trkpt>
			<trkpt lat="46.352391" lon="13.873914">
				<ele>1860.000000</ele>
			</trkpt>
			<trkpt lat="46.352378" lon="13.873904">
				<ele>1860.000000</ele>
			</trkpt>
			<trkpt lat="46.352366" lon="13.873887">
				<ele>1860.000000</ele>
			</trkpt>
			<trkpt lat="46.352303" lon="13.873788">
				<ele>1860.000000</ele>
			</trkpt>
			<trkpt lat="46.352236" lon="13.873698">
				<ele>1860.000000</ele>
			</trkpt>
			<trkpt lat="46.352204" lon="13.873662">
				<ele>1860.000000</ele>
			</trkpt>
			<trkpt lat="46.352173" lon="13.873644">
				<ele>1860.000000</ele>
			</trkpt>
			<trkpt lat="46.352155" lon="13.873635">
				<ele>1860.000000</ele>
			</trkpt>
			<trkpt lat="46.352118" lon="13.873626">
				<ele>1860.000000</ele>
			</trkpt>
			<trkpt lat="46.352099" lon="13.873626">
				<ele>1860.000000</ele>
			</trkpt>
			<trkpt lat="46.352074" lon="13.873599">
				<ele>1860.000000</ele>
			</trkpt>
			<trkpt lat="46.352056" lon="13.873572">
				<ele>1860.000000</ele>
			</trkpt>
			<trkpt lat="46.352043" lon="13.873536">
				<ele>1860.000000</ele>
			</trkpt>
			<trkpt lat="46.352031" lon="13.873528">
				<ele>1860.000000</ele>
			</trkpt>
			<trkpt lat="46.352012" lon="13.873518">
				<ele>1860.000000</ele>
			</trkpt>
			<trkpt lat="46.351988" lon="13.873518">
				<ele>1860.000000</ele>
			</trkpt>
			<trkpt lat="46.351957" lon="13.873509">
				<ele>1860.000000</ele>
			</trkpt>
			<trkpt lat="46.351888" lon="13.873482">
				<ele>1860.000000</ele>
			</trkpt>
			<trkpt lat="46.351795" lon="13.873419">
				<ele>1860.000000</ele>
			</trkpt>
			<trkpt lat="46.351739" lon="13.873392">
				<ele>1860.000000</ele>
			</trkpt>
			<trkpt lat="46.351727" lon="13.873384">
				<ele>1860.000000</ele>
			</trkpt>
			<trkpt lat="46.351715" lon="13.873365">
				<ele>1860.000000</ele>
			</trkpt>
			<trkpt lat="46.351703" lon="13.873321">
				<ele>1860.000000</ele>
			</trkpt>
			<trkpt lat="46.351653" lon="13.873212">
				<ele>1860.000000</ele>
			</trkpt>
			<trkpt lat="46.351628" lon="13.873178">
				<ele>1860.000000</ele>
			</trkpt>
			<trkpt lat="46.351628" lon="13.873168">
				<ele>1860.000000</ele>
			</trkpt>
			<trkpt lat="46.351628" lon="13.873149">
				<ele>1860.000000</ele>
			</trkpt>
			<trkpt lat="46.351628" lon="13.873141">
				<ele>1860.000000</ele>
			</trkpt>
			<trkpt lat="46.351615" lon="13.873132">
				<ele>1860.000000</ele>
			</trkpt>
			<trkpt lat="46.351603" lon="13.873132">
				<ele>1860.000000</ele>
			</trkpt>
			<trkpt lat="46.351572" lon="13.873141">
				<ele>1860.000000</ele>
			</trkpt>
			<trkpt lat="46.351560" lon="13.873141">
				<ele>1860.000000</ele>
			</trkpt>
			<trkpt lat="46.351547" lon="13.873141">
				<ele>1860.000000</ele>
			</trkpt>
			<trkpt lat="46.351535" lon="13.873132">
				<ele>1860.000000</ele>
			</trkpt>
			<trkpt lat="46.351529" lon="13.873123">
				<ele>1860.000000</ele>
			</trkpt>
			<trkpt lat="46.351510" lon="13.873088">
				<ele>1860.000000</ele>
			</trkpt>
			<trkpt lat="46.351497" lon="13.873069">
				<ele>1860.000000</ele>
			</trkpt>
			<trkpt lat="46.351467" lon="13.873033">
				<ele>1860.000000</ele>
			</trkpt>
			<trkpt lat="46.351411" lon="13.873015">
				<ele>1860.000000</ele>
			</trkpt>
			<trkpt lat="46.351398" lon="13.873006">
				<ele>1860.000000</ele>
			</trkpt>
			<trkpt lat="46.351367" lon="13.872962">
				<ele>1860.000000</ele>
			</trkpt>
			<trkpt lat="46.351336" lon="13.872925">
				<ele>1860.000000</ele>
			</trkpt>
			<trkpt lat="46.351306" lon="13.872899">
				<ele>1860.000000</ele>
			</trkpt>
			<trkpt lat="46.351293" lon="13.872872">
				<ele>1860.000000</ele>
			</trkpt>
			<trkpt lat="46.351293" lon="13.872853">
				<ele>1860.000000</ele>
			</trkpt>
			<trkpt lat="46.351281" lon="13.872826">
				<ele>1860.000000</ele>
			</trkpt>
			<trkpt lat="46.351256" lon="13.872782">
				<ele>1860.000000</ele>
			</trkpt>
			<trkpt lat="46.351157" lon="13.872673">
				<ele>1860.000000</ele>
			</trkpt>
			<trkpt lat="46.351113" lon="13.872620">
				<ele>1860.000000</ele>
			</trkpt>
			<trkpt lat="46.351101" lon="13.872575">
				<ele>1860.000000</ele>
			</trkpt>
			<trkpt lat="46.351094" lon="13.872530">
				<ele>1860.000000</ele>
			</trkpt>
			<trkpt lat="46.351076" lon="13.872494">
				<ele>1860.000000</ele>
			</trkpt>
			<trkpt lat="46.350995" lon="13.872512">
				<ele>1860.000000</ele>
			</trkpt>
			<trkpt lat="46.350921" lon="13.872512">
				<ele>1860.000000</ele>
			</trkpt>
			<trkpt lat="46.350884" lon="13.872503">
				<ele>1860.000000</ele>
			</trkpt>
			<trkpt lat="46.350840" lon="13.872476">
				<ele>1860.000000</ele>
			</trkpt>
			<trkpt lat="46.350821" lon="13.872449">
				<ele>1860.000000</ele>
			</trkpt>
			<trkpt lat="46.350803" lon="13.872404">
				<ele>1860.000000</ele>
			</trkpt>
			<trkpt lat="46.350779" lon="13.872360">
				<ele>1860.000000</ele>
			</trkpt>
			<trkpt lat="46.350716" lon="13.872323">
				<ele>1860.000000</ele>
			</trkpt>
			<trkpt lat="46.350679" lon="13.872297">
				<ele>1860.000000</ele>
			</trkpt>
			<trkpt lat="46.350624" lon="13.872260">
				<ele>1860.000000</ele>
			</trkpt>
			<trkpt lat="46.350599" lon="13.872225">
				<ele>1860.000000</ele>
			</trkpt>
			<trkpt lat="46.350580" lon="13.872189">
				<ele>1860.000000</ele>
			</trkpt>
			<trkpt lat="46.350580" lon="13.872153">
				<ele>1860.000000</ele>
			</trkpt>
			<trkpt lat="46.350555" lon="13.872126">
				<ele>1860.000000</ele>
			</trkpt>
			<trkpt lat="46.350524" lon="13.872073">
				<ele>1860.000000</ele>
			</trkpt>
			<trkpt lat="46.350506" lon="13.872036">
				<ele>1860.000000</ele>
			</trkpt>
			<trkpt lat="46.350468" lon="13.872027">
				<ele>1860.000000</ele>
			</trkpt>
			<trkpt lat="46.350450" lon="13.872018">
				<ele>1860.000000</ele>
			</trkpt>
			<trkpt lat="46.350437" lon="13.871983">
				<ele>1860.000000</ele>
			</trkpt>
			<trkpt lat="46.350400" lon="13.871937">
				<ele>1860.000000</ele>
			</trkpt>
			<trkpt lat="46.350376" lon="13.871893">
				<ele>1860.000000</ele>
			</trkpt>
			<trkpt lat="46.350344" lon="13.871857">
				<ele>1860.000000</ele>
			</trkpt>
			<trkpt lat="46.350264" lon="13.871803">
				<ele>1860.000000</ele>
			</trkpt>
			<trkpt lat="46.350227" lon="13.871784">
				<ele>1860.000000</ele>
			</trkpt>
			<trkpt lat="46.350177" lon="13.871776">
				<ele>1860.000000</ele>
			</trkpt>
			<trkpt lat="46.350158" lon="13.871794">
				<ele>1860.000000</ele>
			</trkpt>
			<trkpt lat="46.350140" lon="13.871794">
				<ele>1860.000000</ele>
			</trkpt>
			<trkpt lat="46.350097" lon="13.871784">
				<ele>1860.000000</ele>
			</trkpt>
			<trkpt lat="46.350059" lon="13.871757">
				<ele>1860.000000</ele>
			</trkpt>
			<trkpt lat="46.350034" lon="13.871721">
				<ele>1860.000000</ele>
			</trkpt>
			<trkpt lat="46.349979" lon="13.871641">
				<ele>1860.000000</ele>
			</trkpt>
			<trkpt lat="46.349916" lon="13.871578">
				<ele>1860.000000</ele>
			</trkpt>
			<trkpt lat="46.349855" lon="13.871524">
				<ele>1860.000000</ele>
			</trkpt>
			<trkpt lat="46.349792" lon="13.871515">
				<ele>1860.000000</ele>
			</trkpt>
			<trkpt lat="46.349767" lon="13.871515">
				<ele>1860.000000</ele>
			</trkpt>
			<trkpt lat="46.349743" lon="13.871507">
				<ele>1860.000000</ele>
			</trkpt>
			<trkpt lat="46.349706" lon="13.871488">
				<ele>1860.000000</ele>
			</trkpt>
			<trkpt lat="46.349662" lon="13.871488">
				<ele>1860.000000</ele>
			</trkpt>
			<trkpt lat="46.349588" lon="13.871470">
				<ele>1860.000000</ele>
			</trkpt>
			<trkpt lat="46.349557" lon="13.871434">
				<ele>1860.000000</ele>
			</trkpt>
			<trkpt lat="46.349526" lon="13.871425">
				<ele>1860.000000</ele>
			</trkpt>
			<trkpt lat="46.349446" lon="13.871390">
				<ele>1860.000000</ele>
			</trkpt>
			<trkpt lat="46.349364" lon="13.871354">
				<ele>1860.000000</ele>
			</trkpt>
			<trkpt lat="46.349327" lon="13.871344">
				<ele>1860.000000</ele>
			</trkpt>
			<trkpt lat="46.349272" lon="13.871354">
				<ele>1860.000000</ele>
			</trkpt>
			<trkpt lat="46.349234" lon="13.871327">
				<ele>1860.000000</ele>
			</trkpt>
			<trkpt lat="46.349166" lon="13.871281">
				<ele>1860.000000</ele>
			</trkpt>
			<trkpt lat="46.349067" lon="13.871264">
				<ele>1860.000000</ele>
			</trkpt>
			<trkpt lat="46.349018" lon="13.871281">
				<ele>1859.000000</ele>
			</trkpt>
			<trkpt lat="46.348949" lon="13.871300">
				<ele>1858.000000</ele>
			</trkpt>
			<trkpt lat="46.348825" lon="13.871344">
				<ele>1857.000000</ele>
			</trkpt>
			<trkpt lat="46.348763" lon="13.871344">
				<ele>1856.000000</ele>
			</trkpt>
			<trkpt lat="46.348720" lon="13.871318">
				<ele>1856.000000</ele>
			</trkpt>
			<trkpt lat="46.348639" lon="13.871335">
				<ele>1855.000000</ele>
			</trkpt>
			<trkpt lat="46.348577" lon="13.871300">
				<ele>1854.000000</ele>
			</trkpt>
			<trkpt lat="46.348509" lon="13.871300">
				<ele>1853.000000</ele>
			</trkpt>
			<trkpt lat="46.348447" lon="13.871264">
				<ele>1852.000000</ele>
			</trkpt>
			<trkpt lat="46.348403" lon="13.871228">
				<ele>1851.000000</ele>
			</trkpt>
			<trkpt lat="46.348323" lon="13.871218">
				<ele>1850.000000</ele>
			</trkpt>
			<trkpt lat="46.348261" lon="13.871183">
				<ele>1850.000000</ele>
			</trkpt>
			<trkpt lat="46.348224" lon="13.871138">
				<ele>1850.000000</ele>
			</trkpt>
			<trkpt lat="46.348155" lon="13.871075">
				<ele>1850.000000</ele>
			</trkpt>
			<trkpt lat="46.348075" lon="13.871065">
				<ele>1850.000000</ele>
			</trkpt>
			<trkpt lat="46.347964" lon="13.871155">
				<ele>1850.000000</ele>
			</trkpt>
			<trkpt lat="46.347889" lon="13.871218">
				<ele>1850.000000</ele>
			</trkpt>
			<trkpt lat="46.347840" lon="13.871218">
				<ele>1850.000000</ele>
			</trkpt>
			<trkpt lat="46.347771" lon="13.871191">
				<ele>1850.000000</ele>
			</trkpt>
			<trkpt lat="46.347684" lon="13.871065">
				<ele>1850.000000</ele>
			</trkpt>
			<trkpt lat="46.347616" lon="13.870958">
				<ele>1850.000000</ele>
			</trkpt>
			<trkpt lat="46.347597" lon="13.870914">
				<ele>1850.000000</ele>
			</trkpt>
			<trkpt lat="46.347542" lon="13.870761">
				<ele>1850.000000</ele>
			</trkpt>
			<trkpt lat="46.347455" lon="13.870608">
				<ele>1850.000000</ele>
			</trkpt>
			<trkpt lat="46.347362" lon="13.870402">
				<ele>1850.000000</ele>
			</trkpt>
			<trkpt lat="46.347294" lon="13.870293">
				<ele>1850.000000</ele>
			</trkpt>
			<trkpt lat="46.347244" lon="13.870195">
				<ele>1850.000000</ele>
			</trkpt>
			<trkpt lat="46.347219" lon="13.870105">
				<ele>1850.000000</ele>
			</trkpt>
			<trkpt lat="46.347182" lon="13.870033">
				<ele>1850.000000</ele>
			</trkpt>
			<trkpt lat="46.346946" lon="13.869520">
				<ele>1850.000000</ele>
			</trkpt>
			<trkpt lat="46.346909" lon="13.869278">
				<ele>1850.000000</ele>
			</trkpt>
			<trkpt lat="46.346866" lon="13.869180">
				<ele>1850.000000</ele>
			</trkpt>
			<trkpt lat="46.346797" lon="13.869099">
				<ele>1850.000000</ele>
			</trkpt>
			<trkpt lat="46.346748" lon="13.868937">
				<ele>1850.000000</ele>
			</trkpt>
			<trkpt lat="46.346723" lon="13.868874">
				<ele>1850.000000</ele>
			</trkpt>
			<trkpt lat="46.346698" lon="13.868830">
				<ele>1850.000000</ele>
			</trkpt>
			<trkpt lat="46.346679" lon="13.868784">
				<ele>1850.000000</ele>
			</trkpt>
			<trkpt lat="46.346649" lon="13.868767">
				<ele>1850.000000</ele>
			</trkpt>
			<trkpt lat="46.346637" lon="13.868704">
				<ele>1850.000000</ele>
			</trkpt>
			<trkpt lat="46.346624" lon="13.868650">
				<ele>1850.000000</ele>
			</trkpt>
			<trkpt lat="46.346574" lon="13.868578">
				<ele>1849.000000</ele>
			</trkpt>
			<trkpt lat="46.346513" lon="13.868444">
				<ele>1849.000000</ele>
			</trkpt>
			<trkpt lat="46.346475" lon="13.868281">
				<ele>1848.000000</ele>
			</trkpt>
			<trkpt lat="46.346444" lon="13.868102">
				<ele>1848.000000</ele>
			</trkpt>
			<trkpt lat="46.346413" lon="13.867958">
				<ele>1847.000000</ele>
			</trkpt>
			<trkpt lat="46.346407" lon="13.867849">
				<ele>1847.000000</ele>
			</trkpt>
			<trkpt lat="46.346382" lon="13.867760">
				<ele>1847.000000</ele>
			</trkpt>
			<trkpt lat="46.346364" lon="13.867589">
				<ele>1846.000000</ele>
			</trkpt>
			<trkpt lat="46.346332" lon="13.867383">
				<ele>1846.000000</ele>
			</trkpt>
			<trkpt lat="46.346320" lon="13.867275">
				<ele>1846.000000</ele>
			</trkpt>
			<trkpt lat="46.346320" lon="13.867203">
				<ele>1845.000000</ele>
			</trkpt>
			<trkpt lat="46.346301" lon="13.867069">
				<ele>1845.000000</ele>
			</trkpt>
			<trkpt lat="46.346301" lon="13.866960">
				<ele>1845.000000</ele>
			</trkpt>
			<trkpt lat="46.346295" lon="13.866853">
				<ele>1844.000000</ele>
			</trkpt>
			<trkpt lat="46.346276" lon="13.866718">
				<ele>1844.000000</ele>
			</trkpt>
			<trkpt lat="46.346289" lon="13.866628">
				<ele>1844.000000</ele>
			</trkpt>
			<trkpt lat="46.346295" lon="13.866457">
				<ele>1843.000000</ele>
			</trkpt>
			<trkpt lat="46.346289" lon="13.866287">
				<ele>1843.000000</ele>
			</trkpt>
			<trkpt lat="46.346295" lon="13.866090">
				<ele>1842.000000</ele>
			</trkpt>
			<trkpt lat="46.346332" lon="13.865901">
				<ele>1842.000000</ele>
			</trkpt>
			<trkpt lat="46.346364" lon="13.865784">
				<ele>1841.000000</ele>
			</trkpt>
			<trkpt lat="46.346413" lon="13.865704">
				<ele>1841.000000</ele>
			</trkpt>
			<trkpt lat="46.346506" lon="13.865551">
				<ele>1841.000000</ele>
			</trkpt>
			<trkpt lat="46.346543" lon="13.865488">
				<ele>1840.000000</ele>
			</trkpt>
			<trkpt lat="46.346587" lon="13.865434">
				<ele>1840.000000</ele>
			</trkpt>
			<trkpt lat="46.346605" lon="13.865352">
				<ele>1840.000000</ele>
			</trkpt>
			<trkpt lat="46.346624" lon="13.865281">
				<ele>1839.000000</ele>
			</trkpt>
			<trkpt lat="46.346698" lon="13.865165">
				<ele>1839.000000</ele>
			</trkpt>
			<trkpt lat="46.346754" lon="13.865038">
				<ele>1838.000000</ele>
			</trkpt>
			<trkpt lat="46.346841" lon="13.864939">
				<ele>1837.000000</ele>
			</trkpt>
			<trkpt lat="46.346903" lon="13.864859">
				<ele>1837.000000</ele>
			</trkpt>
			<trkpt lat="46.346922" lon="13.864778">
				<ele>1837.000000</ele>
			</trkpt>
			<trkpt lat="46.346909" lon="13.864688">
				<ele>1836.000000</ele>
			</trkpt>
			<trkpt lat="46.346922" lon="13.864580">
				<ele>1836.000000</ele>
			</trkpt>
			<trkpt lat="46.346946" lon="13.864536">
				<ele>1835.000000</ele>
			</trkpt>
			<trkpt lat="46.346934" lon="13.864446">
				<ele>1835.000000</ele>
			</trkpt>
			<trkpt lat="46.346916" lon="13.864373">
				<ele>1835.000000</ele>
			</trkpt>
			<trkpt lat="46.346903" lon="13.864302">
				<ele>1834.000000</ele>
			</trkpt>
			<trkpt lat="46.346909" lon="13.864247">
				<ele>1834.000000</ele>
			</trkpt>
			<trkpt lat="46.346916" lon="13.864176">
				<ele>1834.000000</ele>
			</trkpt>
			<trkpt lat="46.346952" lon="13.864104">
				<ele>1833.000000</ele>
			</trkpt>
			<trkpt lat="46.346965" lon="13.863996">
				<ele>1833.000000</ele>
			</trkpt>
			<trkpt lat="46.346990" lon="13.863907">
				<ele>1833.000000</ele>
			</trkpt>
			<trkpt lat="46.346990" lon="13.863826">
				<ele>1832.000000</ele>
			</trkpt>
			<trkpt lat="46.347033" lon="13.863654">
				<ele>1831.000000</ele>
			</trkpt>
			<trkpt lat="46.347052" lon="13.863494">
				<ele>1831.000000</ele>
			</trkpt>
			<trkpt lat="46.347040" lon="13.863314">
				<ele>1830.000000</ele>
			</trkpt>
			<trkpt lat="46.347046" lon="13.863062">
				<ele>1830.000000</ele>
			</trkpt>
			<trkpt lat="46.347040" lon="13.862901">
				<ele>1830.000000</ele>
			</trkpt>
			<trkpt lat="46.347021" lon="13.862801">
				<ele>1830.000000</ele>
			</trkpt>
			<trkpt lat="46.347002" lon="13.862685">
				<ele>1830.000000</ele>
			</trkpt>
			<trkpt lat="46.346983" lon="13.862639">
				<ele>1830.000000</ele>
			</trkpt>
			<trkpt lat="46.346990" lon="13.862568">
				<ele>1830.000000</ele>
			</trkpt>
			<trkpt lat="46.347021" lon="13.862523">
				<ele>1830.000000</ele>
			</trkpt>
			<trkpt lat="46.347046" lon="13.862460">
				<ele>1830.000000</ele>
			</trkpt>
			<trkpt lat="46.347076" lon="13.862388">
				<ele>1830.000000</ele>
			</trkpt>
			<trkpt lat="46.347200" lon="13.862299">
				<ele>1830.000000</ele>
			</trkpt>
			<trkpt lat="46.347250" lon="13.862209">
				<ele>1830.000000</ele>
			</trkpt>
			<trkpt lat="46.347256" lon="13.862136">
				<ele>1830.000000</ele>
			</trkpt>
			<trkpt lat="46.347275" lon="13.862073">
				<ele>1830.000000</ele>
			</trkpt>
			<trkpt lat="46.347300" lon="13.862038">
				<ele>1830.000000</ele>
			</trkpt>
			<trkpt lat="46.347331" lon="13.861957">
				<ele>1830.000000</ele>
			</trkpt>
			<trkpt lat="46.347368" lon="13.861886">
				<ele>1830.000000</ele>
			</trkpt>
			<trkpt lat="46.347418" lon="13.861804">
				<ele>1830.000000</ele>
			</trkpt>
			<trkpt lat="46.347455" lon="13.861679">
				<ele>1830.000000</ele>
			</trkpt>
			<trkpt lat="46.347535" lon="13.861526">
				<ele>1830.000000</ele>
			</trkpt>
			<trkpt lat="46.347585" lon="13.861472">
				<ele>1830.000000</ele>
			</trkpt>
			<trkpt lat="46.347628" lon="13.861436">
				<ele>1830.000000</ele>
			</trkpt>
			<trkpt lat="46.347715" lon="13.861417">
				<ele>1830.000000</ele>
			</trkpt>
			<trkpt lat="46.347815" lon="13.861328">
				<ele>1825.000000</ele>
			</trkpt>
			<trkpt lat="46.347882" lon="13.861238">
				<ele>1819.000000</ele>
			</trkpt>
			<trkpt lat="46.347895" lon="13.861220">
				<ele>1819.000000</ele>
			</trkpt>
			<trkpt lat="46.347957" lon="13.861157">
				<ele>1818.000000</ele>
			</trkpt>
			<trkpt lat="46.348013" lon="13.861094">
				<ele>1816.000000</ele>
			</trkpt>
			<trkpt lat="46.348037" lon="13.861041">
				<ele>1815.000000</ele>
			</trkpt>
			<trkpt lat="46.348044" lon="13.860951">
				<ele>1814.000000</ele>
			</trkpt>
			<trkpt lat="46.348094" lon="13.860825">
				<ele>1812.000000</ele>
			</trkpt>
			<trkpt lat="46.348118" lon="13.860754">
				<ele>1811.000000</ele>
			</trkpt>
			<trkpt lat="46.348125" lon="13.860645">
				<ele>1810.000000</ele>
			</trkpt>
			<trkpt lat="46.348137" lon="13.860601">
				<ele>1810.000000</ele>
			</trkpt>
			<trkpt lat="46.348149" lon="13.860501">
				<ele>1810.000000</ele>
			</trkpt>
			<trkpt lat="46.348186" lon="13.860404">
				<ele>1810.000000</ele>
			</trkpt>
			<trkpt lat="46.348224" lon="13.860278">
				<ele>1810.000000</ele>
			</trkpt>
			<trkpt lat="46.348224" lon="13.860241">
				<ele>1810.000000</ele>
			</trkpt>
			<trkpt lat="46.348218" lon="13.860215">
				<ele>1810.000000</ele>
			</trkpt>
			<trkpt lat="46.348180" lon="13.860125">
				<ele>1810.000000</ele>
			</trkpt>
			<trkpt lat="46.348137" lon="13.860052">
				<ele>1810.000000</ele>
			</trkpt>
			<trkpt lat="46.348118" lon="13.859999">
				<ele>1810.000000</ele>
			</trkpt>
			<trkpt lat="46.348106" lon="13.859972">
				<ele>1810.000000</ele>
			</trkpt>
			<trkpt lat="46.348112" lon="13.859928">
				<ele>1810.000000</ele>
			</trkpt>
			<trkpt lat="46.348112" lon="13.859882">
				<ele>1810.000000</ele>
			</trkpt>
			<trkpt lat="46.348125" lon="13.859819">
				<ele>1810.000000</ele>
			</trkpt>
			<trkpt lat="46.348118" lon="13.859765">
				<ele>1810.000000</ele>
			</trkpt>
			<trkpt lat="46.348125" lon="13.859712">
				<ele>1810.000000</ele>
			</trkpt>
			<trkpt lat="46.348137" lon="13.859622">
				<ele>1810.000000</ele>
			</trkpt>
			<trkpt lat="46.348149" lon="13.859576">
				<ele>1811.000000</ele>
			</trkpt>
			<trkpt lat="46.348125" lon="13.859522">
				<ele>1811.000000</ele>
			</trkpt>
			<trkpt lat="46.348168" lon="13.859415">
				<ele>1812.000000</ele>
			</trkpt>
			<trkpt lat="46.348186" lon="13.859343">
				<ele>1812.000000</ele>
			</trkpt>
			<trkpt lat="46.348211" lon="13.859352">
				<ele>1812.000000</ele>
			</trkpt>
			<trkpt lat="46.348243" lon="13.859307">
				<ele>1812.000000</ele>
			</trkpt>
			<trkpt lat="46.348261" lon="13.859253">
				<ele>1813.000000</ele>
			</trkpt>
			<trkpt lat="46.348292" lon="13.859235">
				<ele>1813.000000</ele>
			</trkpt>
			<trkpt lat="46.348329" lon="13.859217">
				<ele>1813.000000</ele>
			</trkpt>
			<trkpt lat="46.348367" lon="13.859154">
				<ele>1814.000000</ele>
			</trkpt>
			<trkpt lat="46.348397" lon="13.859136">
				<ele>1814.000000</ele>
			</trkpt>
			<trkpt lat="46.348428" lon="13.859100">
				<ele>1814.000000</ele>
			</trkpt>
			<trkpt lat="46.348434" lon="13.859064">
				<ele>1814.000000</ele>
			</trkpt>
			<trkpt lat="46.348459" lon="13.859020">
				<ele>1815.000000</ele>
			</trkpt>
			<trkpt lat="46.348497" lon="13.858983">
				<ele>1815.000000</ele>
			</trkpt>
			<trkpt lat="46.348558" lon="13.858957">
				<ele>1816.000000</ele>
			</trkpt>
			<trkpt lat="46.348614" lon="13.858983">
				<ele>1816.000000</ele>
			</trkpt>
			<trkpt lat="46.348652" lon="13.858983">
				<ele>1816.000000</ele>
			</trkpt>
			<trkpt lat="46.348701" lon="13.858957">
				<ele>1817.000000</ele>
			</trkpt>
			<trkpt lat="46.348745" lon="13.858920">
				<ele>1817.000000</ele>
			</trkpt>
			<trkpt lat="46.348782" lon="13.858894">
				<ele>1817.000000</ele>
			</trkpt>
			<trkpt lat="46.348881" lon="13.858912">
				<ele>1818.000000</ele>
			</trkpt>
			<trkpt lat="46.348961" lon="13.858930">
				<ele>1819.000000</ele>
			</trkpt>
			<trkpt lat="46.349043" lon="13.858939">
				<ele>1819.000000</ele>
			</trkpt>
			<trkpt lat="46.349104" lon="13.858930">
				<ele>1820.000000</ele>
			</trkpt>
			<trkpt lat="46.349216" lon="13.858920">
				<ele>1820.000000</ele>
			</trkpt>
			<trkpt lat="46.349284" lon="13.858903">
				<ele>1820.000000</ele>
			</trkpt>
			<trkpt lat="46.349297" lon="13.858894">
				<ele>1820.000000</ele>
			</trkpt>
			<trkpt lat="46.349377" lon="13.858939">
				<ele>1820.000000</ele>
			</trkpt>
			<trkpt lat="46.349464" lon="13.858957">
				<ele>1820.000000</ele>
			</trkpt>
			<trkpt lat="46.349662" lon="13.859064">
				<ele>1820.000000</ele>
			</trkpt>
			<trkpt lat="46.349718" lon="13.859154">
				<ele>1820.000000</ele>
			</trkpt>
			<trkpt lat="46.349792" lon="13.859244">
				<ele>1820.000000</ele>
			</trkpt>
			<trkpt lat="46.349836" lon="13.859272">
				<ele>1820.000000</ele>
			</trkpt>
			<trkpt lat="46.349855" lon="13.859316">
				<ele>1820.000000</ele>
			</trkpt>
			<trkpt lat="46.349891" lon="13.859352">
				<ele>1820.000000</ele>
			</trkpt>
			<trkpt lat="46.349916" lon="13.859370">
				<ele>1820.000000</ele>
			</trkpt>
			<trkpt lat="46.349948" lon="13.859469">
				<ele>1820.000000</ele>
			</trkpt>
			<trkpt lat="46.349954" lon="13.859559">
				<ele>1820.000000</ele>
			</trkpt>
			<trkpt lat="46.349973" lon="13.859622">
				<ele>1821.000000</ele>
			</trkpt>
			<trkpt lat="46.350015" lon="13.859693">
				<ele>1822.000000</ele>
			</trkpt>
			<trkpt lat="46.350053" lon="13.859729">
				<ele>1823.000000</ele>
			</trkpt>
			<trkpt lat="46.350146" lon="13.859783">
				<ele>1824.000000</ele>
			</trkpt>
			<trkpt lat="46.350270" lon="13.859899">
				<ele>1827.000000</ele>
			</trkpt>
			<trkpt lat="46.350357" lon="13.859989">
				<ele>1828.000000</ele>
			</trkpt>
			<trkpt lat="46.350406" lon="13.860044">
				<ele>1829.000000</ele>
			</trkpt>
			<trkpt lat="46.350481" lon="13.860106">
				<ele>1830.000000</ele>
			</trkpt>
			<trkpt lat="46.350555" lon="13.860161">
				<ele>1830.000000</ele>
			</trkpt>
			<trkpt lat="46.350605" lon="13.860196">
				<ele>1830.000000</ele>
			</trkpt>
			<trkpt lat="46.350685" lon="13.860286">
				<ele>1830.000000</ele>
			</trkpt>
			<trkpt lat="46.350772" lon="13.860412">
				<ele>1830.000000</ele>
			</trkpt>
			<trkpt lat="46.350797" lon="13.860448">
				<ele>1830.000000</ele>
			</trkpt>
			<trkpt lat="46.350853" lon="13.860528">
				<ele>1830.000000</ele>
			</trkpt>
			<trkpt lat="46.350964" lon="13.860618">
				<ele>1830.000000</ele>
			</trkpt>
			<trkpt lat="46.351027" lon="13.860672">
				<ele>1830.000000</ele>
			</trkpt>
			<trkpt lat="46.351113" lon="13.860691">
				<ele>1830.000000</ele>
			</trkpt>
			<trkpt lat="46.351169" lon="13.860700">
				<ele>1830.000000</ele>
			</trkpt>
			<trkpt lat="46.351256" lon="13.860790">
				<ele>1830.000000</ele>
			</trkpt>
			<trkpt lat="46.351349" lon="13.860790">
				<ele>1830.000000</ele>
			</trkpt>
			<trkpt lat="46.351417" lon="13.860798">
				<ele>1830.000000</ele>
			</trkpt>
			<trkpt lat="46.351522" lon="13.860780">
				<ele>1830.000000</ele>
			</trkpt>
			<trkpt lat="46.351646" lon="13.860717">
				<ele>1830.000000</ele>
			</trkpt>
			<trkpt lat="46.351820" lon="13.860610">
				<ele>1830.000000</ele>
			</trkpt>
			<trkpt lat="46.351994" lon="13.860538">
				<ele>1830.000000</ele>
			</trkpt>
			<trkpt lat="46.352081" lon="13.860465">
				<ele>1830.000000</ele>
			</trkpt>
			<trkpt lat="46.352124" lon="13.860438">
				<ele>1830.000000</ele>
			</trkpt>
			<trkpt lat="46.352180" lon="13.860394">
				<ele>1830.000000</ele>
			</trkpt>
			<trkpt lat="46.352229" lon="13.860394">
				<ele>1830.000000</ele>
			</trkpt>
			<trkpt lat="46.352316" lon="13.860465">
				<ele>1830.000000</ele>
			</trkpt>
			<trkpt lat="46.352378" lon="13.860501">
				<ele>1830.000000</ele>
			</trkpt>
			<trkpt lat="46.352434" lon="13.860520">
				<ele>1830.000000</ele>
			</trkpt>
			<trkpt lat="46.352502" lon="13.860520">
				<ele>1830.000000</ele>
			</trkpt>
			<trkpt lat="46.352552" lon="13.860511">
				<ele>1830.000000</ele>
			</trkpt>
			<trkpt lat="46.352608" lon="13.860475">
				<ele>1830.000000</ele>
			</trkpt>
			<trkpt lat="46.352645" lon="13.860457">
				<ele>1830.000000</ele>
			</trkpt>
			<trkpt lat="46.352676" lon="13.860430">
				<ele>1830.000000</ele>
			</trkpt>
			<trkpt lat="46.352738" lon="13.860430">
				<ele>1830.000000</ele>
			</trkpt>
			<trkpt lat="46.352800" lon="13.860465">
				<ele>1830.000000</ele>
			</trkpt>
			<trkpt lat="46.352887" lon="13.860547">
				<ele>1830.000000</ele>
			</trkpt>
			<trkpt lat="46.352973" lon="13.860628">
				<ele>1830.000000</ele>
			</trkpt>
			<trkpt lat="46.353091" lon="13.860691">
				<ele>1830.000000</ele>
			</trkpt>
			<trkpt lat="46.353172" lon="13.860700">
				<ele>1829.000000</ele>
			</trkpt>
			<trkpt lat="46.353203" lon="13.860735">
				<ele>1829.000000</ele>
			</trkpt>
			<trkpt lat="46.353233" lon="13.860790">
				<ele>1828.000000</ele>
			</trkpt>
			<trkpt lat="46.353258" lon="13.860861">
				<ele>1828.000000</ele>
			</trkpt>
			<trkpt lat="46.353321" lon="13.860933">
				<ele>1827.000000</ele>
			</trkpt>
			<trkpt lat="46.353389" lon="13.860978">
				<ele>1827.000000</ele>
			</trkpt>
			<trkpt lat="46.353506" lon="13.861023">
				<ele>1826.000000</ele>
			</trkpt>
			<trkpt lat="46.353636" lon="13.861130">
				<ele>1825.000000</ele>
			</trkpt>
			<trkpt lat="46.353730" lon="13.861194">
				<ele>1824.000000</ele>
			</trkpt>
			<trkpt lat="46.353848" lon="13.861337">
				<ele>1823.000000</ele>
			</trkpt>
			<trkpt lat="46.353916" lon="13.861400">
				<ele>1822.000000</ele>
			</trkpt>
			<trkpt lat="46.353941" lon="13.861481">
				<ele>1822.000000</ele>
			</trkpt>
			<trkpt lat="46.354046" lon="13.861580">
				<ele>1821.000000</ele>
			</trkpt>
			<trkpt lat="46.354182" lon="13.861652">
				<ele>1820.000000</ele>
			</trkpt>
			<trkpt lat="46.354245" lon="13.861679">
				<ele>1820.000000</ele>
			</trkpt>
			<trkpt lat="46.354300" lon="13.861706">
				<ele>1819.000000</ele>
			</trkpt>
			<trkpt lat="46.354362" lon="13.861706">
				<ele>1819.000000</ele>
			</trkpt>
			<trkpt lat="46.354455" lon="13.861687">
				<ele>1819.000000</ele>
			</trkpt>
			<trkpt lat="46.354591" lon="13.861706">
				<ele>1818.000000</ele>
			</trkpt>
			<trkpt lat="46.354715" lon="13.861733">
				<ele>1818.000000</ele>
			</trkpt>
			<trkpt lat="46.354790" lon="13.861804">
				<ele>1817.000000</ele>
			</trkpt>
			<trkpt lat="46.354870" lon="13.861867">
				<ele>1817.000000</ele>
			</trkpt>
			<trkpt lat="46.354933" lon="13.862020">
				<ele>1816.000000</ele>
			</trkpt>
			<trkpt lat="46.354982" lon="13.862109">
				<ele>1816.000000</ele>
			</trkpt>
			<trkpt lat="46.355019" lon="13.862163">
				<ele>1816.000000</ele>
			</trkpt>
			<trkpt lat="46.355081" lon="13.862182">
				<ele>1816.000000</ele>
			</trkpt>
			<trkpt lat="46.355137" lon="13.862163">
				<ele>1815.000000</ele>
			</trkpt>
			<trkpt lat="46.355212" lon="13.862101">
				<ele>1815.000000</ele>
			</trkpt>
			<trkpt lat="46.355280" lon="13.862046">
				<ele>1815.000000</ele>
			</trkpt>
			<trkpt lat="46.355348" lon="13.862029">
				<ele>1814.000000</ele>
			</trkpt>
			<trkpt lat="46.355397" lon="13.862012">
				<ele>1814.000000</ele>
			</trkpt>
			<trkpt lat="46.355454" lon="13.861957">
				<ele>1814.000000</ele>
			</trkpt>
			<trkpt lat="46.355565" lon="13.861849">
				<ele>1813.000000</ele>
			</trkpt>
			<trkpt lat="46.355701" lon="13.861742">
				<ele>1813.000000</ele>
			</trkpt>
			<trkpt lat="46.355745" lon="13.861670">
				<ele>1812.000000</ele>
			</trkpt>
			<trkpt lat="46.355763" lon="13.861607">
				<ele>1812.000000</ele>
			</trkpt>
			<trkpt lat="46.355788" lon="13.861544">
				<ele>1812.000000</ele>
			</trkpt>
			<trkpt lat="46.355832" lon="13.861481">
				<ele>1812.000000</ele>
			</trkpt>
			<trkpt lat="46.355943" lon="13.861436">
				<ele>1817.000000</ele>
			</trkpt>
			<trkpt lat="46.355956" lon="13.861427">
				<ele>1817.000000</ele>
			</trkpt>
			<trkpt lat="46.355974" lon="13.861373">
				<ele>1818.000000</ele>
			</trkpt>
			<trkpt lat="46.356030" lon="13.861320">
				<ele>1819.000000</ele>
			</trkpt>
			<trkpt lat="46.356073" lon="13.861283">
				<ele>1819.000000</ele>
			</trkpt>
			<trkpt lat="46.356203" lon="13.861266">
				<ele>1821.000000</ele>
			</trkpt>
			<trkpt lat="46.356315" lon="13.861238">
				<ele>1824.000000</ele>
			</trkpt>
			<trkpt lat="46.356445" lon="13.861157">
				<ele>1827.000000</ele>
			</trkpt>
			<trkpt lat="46.356457" lon="13.861104">
				<ele>1827.000000</ele>
			</trkpt>
			<trkpt lat="46.356489" lon="13.861059">
				<ele>1828.000000</ele>
			</trkpt>
			<trkpt lat="46.356495" lon="13.861004">
				<ele>1829.000000</ele>
			</trkpt>
			<trkpt lat="46.356514" lon="13.860951">
				<ele>1830.000000</ele>
			</trkpt>
			<trkpt lat="46.356569" lon="13.860870">
				<ele>1832.000000</ele>
			</trkpt>
			<trkpt lat="46.356588" lon="13.860817">
				<ele>1833.000000</ele>
			</trkpt>
			<trkpt lat="46.356625" lon="13.860735">
				<ele>1834.000000</ele>
			</trkpt>
			<trkpt lat="46.356663" lon="13.860654">
				<ele>1836.000000</ele>
			</trkpt>
			<trkpt lat="46.356687" lon="13.860628">
				<ele>1836.000000</ele>
			</trkpt>
			<trkpt lat="46.356724" lon="13.860645">
				<ele>1837.000000</ele>
			</trkpt>
			<trkpt lat="46.356780" lon="13.860735">
				<ele>1839.000000</ele>
			</trkpt>
			<trkpt lat="46.356830" lon="13.860790">
				<ele>1840.000000</ele>
			</trkpt>
			<trkpt lat="46.356885" lon="13.860817">
				<ele>1841.000000</ele>
			</trkpt>
			<trkpt lat="46.356960" lon="13.860790">
				<ele>1842.000000</ele>
			</trkpt>
			<trkpt lat="46.357022" lon="13.860762">
				<ele>1843.000000</ele>
			</trkpt>
			<trkpt lat="46.357127" lon="13.860681">
				<ele>1845.000000</ele>
			</trkpt>
			<trkpt lat="46.357251" lon="13.860565">
				<ele>1847.000000</ele>
			</trkpt>
			<trkpt lat="46.357301" lon="13.860511">
				<ele>1848.000000</ele>
			</trkpt>
			<trkpt lat="46.357369" lon="13.860511">
				<ele>1849.000000</ele>
			</trkpt>
			<trkpt lat="46.357431" lon="13.860457">
				<ele>1850.000000</ele>
			</trkpt>
			<trkpt lat="46.357475" lon="13.860457">
				<ele>1850.000000</ele>
			</trkpt>
			<trkpt lat="46.357524" lon="13.860412">
				<ele>1851.000000</ele>
			</trkpt>
			<trkpt lat="46.357592" lon="13.860341">
				<ele>1851.000000</ele>
			</trkpt>
			<trkpt lat="46.357691" lon="13.860278">
				<ele>1852.000000</ele>
			</trkpt>
			<trkpt lat="46.357754" lon="13.860196">
				<ele>1853.000000</ele>
			</trkpt>
			<trkpt lat="46.357784" lon="13.860178">
				<ele>1853.000000</ele>
			</trkpt>
			<trkpt lat="46.357834" lon="13.860169">
				<ele>1853.000000</ele>
			</trkpt>
			<trkpt lat="46.357890" lon="13.860161">
				<ele>1854.000000</ele>
			</trkpt>
			<trkpt lat="46.357921" lon="13.860106">
				<ele>1854.000000</ele>
			</trkpt>
			<trkpt lat="46.357958" lon="13.860071">
				<ele>1855.000000</ele>
			</trkpt>
			<trkpt lat="46.358027" lon="13.859999">
				<ele>1855.000000</ele>
			</trkpt>
			<trkpt lat="46.358063" lon="13.859954">
				<ele>1856.000000</ele>
			</trkpt>
			<trkpt lat="46.358094" lon="13.859882">
				<ele>1856.000000</ele>
			</trkpt>
			<trkpt lat="46.358126" lon="13.859765">
				<ele>1857.000000</ele>
			</trkpt>
			<trkpt lat="46.358157" lon="13.859712">
				<ele>1857.000000</ele>
			</trkpt>
			<trkpt lat="46.358212" lon="13.859586">
				<ele>1858.000000</ele>
			</trkpt>
			<trkpt lat="46.358250" lon="13.859540">
				<ele>1858.000000</ele>
			</trkpt>
			<trkpt lat="46.358287" lon="13.859513">
				<ele>1859.000000</ele>
			</trkpt>
			<trkpt lat="46.358324" lon="13.859451">
				<ele>1859.000000</ele>
			</trkpt>
			<trkpt lat="46.358361" lon="13.859343">
				<ele>1860.000000</ele>
			</trkpt>
			<trkpt lat="46.358405" lon="13.859272">
				<ele>1860.000000</ele>
			</trkpt>
			<trkpt lat="46.358442" lon="13.859209">
				<ele>1860.000000</ele>
			</trkpt>
			<trkpt lat="46.358504" lon="13.859163">
				<ele>1861.000000</ele>
			</trkpt>
			<trkpt lat="46.358566" lon="13.859136">
				<ele>1861.000000</ele>
			</trkpt>
			<trkpt lat="46.358590" lon="13.859119">
				<ele>1861.000000</ele>
			</trkpt>
			<trkpt lat="46.358603" lon="13.859073">
				<ele>1861.000000</ele>
			</trkpt>
			<trkpt lat="46.358627" lon="13.859037">
				<ele>1862.000000</ele>
			</trkpt>
			<trkpt lat="46.358684" lon="13.858993">
				<ele>1862.000000</ele>
			</trkpt>
			<trkpt lat="46.358751" lon="13.858947">
				<ele>1862.000000</ele>
			</trkpt>
			<trkpt lat="46.358808" lon="13.858894">
				<ele>1863.000000</ele>
			</trkpt>
			<trkpt lat="46.358839" lon="13.858876">
				<ele>1863.000000</ele>
			</trkpt>
			<trkpt lat="46.358925" lon="13.858857">
				<ele>1863.000000</ele>
			</trkpt>
			<trkpt lat="46.358963" lon="13.858885">
				<ele>1864.000000</ele>
			</trkpt>
			<trkpt lat="46.358981" lon="13.858903">
				<ele>1864.000000</ele>
			</trkpt>
			<trkpt lat="46.359018" lon="13.858894">
				<ele>1864.000000</ele>
			</trkpt>
			<trkpt lat="46.359043" lon="13.858857">
				<ele>1864.000000</ele>
			</trkpt>
			<trkpt lat="46.359087" lon="13.858830">
				<ele>1864.000000</ele>
			</trkpt>
			<trkpt lat="46.359148" lon="13.858804">
				<ele>1865.000000</ele>
			</trkpt>
			<trkpt lat="46.359204" lon="13.858786">
				<ele>1865.000000</ele>
			</trkpt>
			<trkpt lat="46.359229" lon="13.858750">
				<ele>1865.000000</ele>
			</trkpt>
			<trkpt lat="46.359260" lon="13.858714">
				<ele>1865.000000</ele>
			</trkpt>
			<trkpt lat="46.359303" lon="13.858733">
				<ele>1865.000000</ele>
			</trkpt>
			<trkpt lat="46.359347" lon="13.858777">
				<ele>1866.000000</ele>
			</trkpt>
			<trkpt lat="46.359433" lon="13.858840">
				<ele>1866.000000</ele>
			</trkpt>
			<trkpt lat="46.359502" lon="13.858867">
				<ele>1867.000000</ele>
			</trkpt>
			<trkpt lat="46.359607" lon="13.858857">
				<ele>1867.000000</ele>
			</trkpt>
			<trkpt lat="46.359694" lon="13.858804">
				<ele>1868.000000</ele>
			</trkpt>
			<trkpt lat="46.359762" lon="13.858804">
				<ele>1868.000000</ele>
			</trkpt>
			<trkpt lat="46.359800" lon="13.858813">
				<ele>1868.000000</ele>
			</trkpt>
			<trkpt lat="46.359874" lon="13.858857">
				<ele>1869.000000</ele>
			</trkpt>
			<trkpt lat="46.359924" lon="13.858857">
				<ele>1869.000000</ele>
			</trkpt>
			<trkpt lat="46.360041" lon="13.858804">
				<ele>1869.000000</ele>
			</trkpt>
			<trkpt lat="46.360122" lon="13.858786">
				<ele>1870.000000</ele>
			</trkpt>
			<trkpt lat="46.360178" lon="13.858767">
				<ele>1871.000000</ele>
			</trkpt>
			<trkpt lat="46.360252" lon="13.858706">
				<ele>1873.000000</ele>
			</trkpt>
			<trkpt lat="46.360321" lon="13.858670">
				<ele>1875.000000</ele>
			</trkpt>
			<trkpt lat="46.360363" lon="13.858607">
				<ele>1877.000000</ele>
			</trkpt>
			<trkpt lat="46.360407" lon="13.858588">
				<ele>1878.000000</ele>
			</trkpt>
			<trkpt lat="46.360469" lon="13.858607">
				<ele>1880.000000</ele>
			</trkpt>
			<trkpt lat="46.360661" lon="13.858651">
				<ele>1886.000000</ele>
			</trkpt>
			<trkpt lat="46.360791" lon="13.858678">
				<ele>1891.000000</ele>
			</trkpt>
			<trkpt lat="46.360971" lon="13.858561">
				<ele>1897.000000</ele>
			</trkpt>
			<trkpt lat="46.361169" lon="13.858454">
				<ele>1904.000000</ele>
			</trkpt>
			<trkpt lat="46.361324" lon="13.858400">
				<ele>1909.000000</ele>
			</trkpt>
			<trkpt lat="46.361758" lon="13.858310">
				<ele>1922.000000</ele>
			</trkpt>
			<trkpt lat="46.361938" lon="13.858230">
				<ele>1925.000000</ele>
			</trkpt>
			<trkpt lat="46.362012" lon="13.858184">
				<ele>1927.000000</ele>
			</trkpt>
			<trkpt lat="46.362069" lon="13.858094">
				<ele>1929.000000</ele>
			</trkpt>
			<trkpt lat="46.362168" lon="13.858022">
				<ele>1931.000000</ele>
			</trkpt>
			<trkpt lat="46.362310" lon="13.857978">
				<ele>1935.000000</ele>
			</trkpt>
			<trkpt lat="46.362409" lon="13.857960">
				<ele>1938.000000</ele>
			</trkpt>
			<trkpt lat="46.362509" lon="13.857932">
				<ele>1941.000000</ele>
			</trkpt>
			<trkpt lat="46.362546" lon="13.857878">
				<ele>1942.000000</ele>
			</trkpt>
			<trkpt lat="46.362570" lon="13.857780">
				<ele>1945.000000</ele>
			</trkpt>
			<trkpt lat="46.362583" lon="13.857654">
				<ele>1947.000000</ele>
			</trkpt>
			<trkpt lat="46.362620" lon="13.857546">
				<ele>1949.000000</ele>
			</trkpt>
			<trkpt lat="46.362669" lon="13.857339">
				<ele>1954.000000</ele>
			</trkpt>
			<trkpt lat="46.362713" lon="13.857125">
				<ele>1959.000000</ele>
			</trkpt>
			<trkpt lat="46.362744" lon="13.857008">
				<ele>1962.000000</ele>
			</trkpt>
			<trkpt lat="46.362763" lon="13.856855">
				<ele>1967.000000</ele>
			</trkpt>
			<trkpt lat="46.362781" lon="13.856738">
				<ele>1970.000000</ele>
			</trkpt>
			<trkpt lat="46.362812" lon="13.856675">
				<ele>1972.000000</ele>
			</trkpt>
			<trkpt lat="46.362899" lon="13.856612">
				<ele>1976.000000</ele>
			</trkpt>
			<trkpt lat="46.363042" lon="13.856522">
				<ele>1982.000000</ele>
			</trkpt>
			<trkpt lat="46.363153" lon="13.856406">
				<ele>1987.000000</ele>
			</trkpt>
			<trkpt lat="46.363240" lon="13.856343">
				<ele>1990.000000</ele>
			</trkpt>
			<trkpt lat="46.363351" lon="13.856343">
				<ele>1997.000000</ele>
			</trkpt>
			<trkpt lat="46.363488" lon="13.856262">
				<ele>2002.000000</ele>
			</trkpt>
			<trkpt lat="46.363612" lon="13.856199">
				<ele>2005.000000</ele>
			</trkpt>
			<trkpt lat="46.363712" lon="13.856163">
				<ele>2007.000000</ele>
			</trkpt>
			<trkpt lat="46.363742" lon="13.856127">
				<ele>2008.000000</ele>
			</trkpt>
			<trkpt lat="46.363810" lon="13.856064">
				<ele>2009.000000</ele>
			</trkpt>
			<trkpt lat="46.363866" lon="13.856037">
				<ele>2010.000000</ele>
			</trkpt>
			<trkpt lat="46.363978" lon="13.855966">
				<ele>2011.000000</ele>
			</trkpt>
			<trkpt lat="46.364083" lon="13.855893">
				<ele>2012.000000</ele>
			</trkpt>
			<trkpt lat="46.364163" lon="13.855911">
				<ele>2013.000000</ele>
			</trkpt>
			<trkpt lat="46.364294" lon="13.855884">
				<ele>2014.000000</ele>
			</trkpt>
			<trkpt lat="46.364387" lon="13.855876">
				<ele>2015.000000</ele>
			</trkpt>
			<trkpt lat="46.364492" lon="13.855930">
				<ele>2016.000000</ele>
			</trkpt>
			<trkpt lat="46.364560" lon="13.855956">
				<ele>2016.000000</ele>
			</trkpt>
			<trkpt lat="46.364610" lon="13.855938">
				<ele>2017.000000</ele>
			</trkpt>
			<trkpt lat="46.364734" lon="13.855903">
				<ele>2018.000000</ele>
			</trkpt>
			<trkpt lat="46.364839" lon="13.855903">
				<ele>2019.000000</ele>
			</trkpt>
			<trkpt lat="46.364951" lon="13.855938">
				<ele>2020.000000</ele>
			</trkpt>
			<trkpt lat="46.364975" lon="13.855956">
				<ele>2020.000000</ele>
			</trkpt>
			<trkpt lat="46.365050" lon="13.856117">
				<ele>2020.000000</ele>
			</trkpt>
			<trkpt lat="46.365131" lon="13.856190">
				<ele>2020.000000</ele>
			</trkpt>
			<trkpt lat="46.365168" lon="13.856226">
				<ele>2020.000000</ele>
			</trkpt>
			<trkpt lat="46.365212" lon="13.856217">
				<ele>2020.000000</ele>
			</trkpt>
			<trkpt lat="46.365391" lon="13.856109">
				<ele>2020.000000</ele>
			</trkpt>
			<trkpt lat="46.365460" lon="13.856146">
				<ele>2020.000000</ele>
			</trkpt>
			<trkpt lat="46.365515" lon="13.856172">
				<ele>2020.000000</ele>
			</trkpt>
			<trkpt lat="46.365552" lon="13.856154">
				<ele>2020.000000</ele>
			</trkpt>
			<trkpt lat="46.365615" lon="13.856127">
				<ele>2020.000000</ele>
			</trkpt>
			<trkpt lat="46.365676" lon="13.856146">
				<ele>2020.000000</ele>
			</trkpt>
			<trkpt lat="46.365714" lon="13.856154">
				<ele>2020.000000</ele>
			</trkpt>
			<trkpt lat="46.365732" lon="13.856146">
				<ele>2020.000000</ele>
			</trkpt>
			<trkpt lat="46.365739" lon="13.856117">
				<ele>2020.000000</ele>
			</trkpt>
			<trkpt lat="46.365739" lon="13.856073">
				<ele>2020.000000</ele>
			</trkpt>
			<trkpt lat="46.365788" lon="13.856001">
				<ele>2020.000000</ele>
			</trkpt>
			<trkpt lat="46.365906" lon="13.855930">
				<ele>2020.000000</ele>
			</trkpt>
			<trkpt lat="46.365943" lon="13.855867">
				<ele>2020.000000</ele>
			</trkpt>
			<trkpt lat="46.365974" lon="13.855777">
				<ele>2020.000000</ele>
			</trkpt>
			<trkpt lat="46.366085" lon="13.855741">
				<ele>2020.000000</ele>
			</trkpt>
			<trkpt lat="46.366240" lon="13.855714">
				<ele>2020.000000</ele>
			</trkpt>
			<trkpt lat="46.366290" lon="13.855884">
				<ele>2020.000000</ele>
			</trkpt>
			<trkpt lat="46.366395" lon="13.855938">
				<ele>2020.000000</ele>
			</trkpt>
			<trkpt lat="46.366463" lon="13.855930">
				<ele>2020.000000</ele>
			</trkpt>
			<trkpt lat="46.366544" lon="13.855974">
				<ele>2020.000000</ele>
			</trkpt>
			<trkpt lat="46.366612" lon="13.856020">
				<ele>2020.000000</ele>
			</trkpt>
			<trkpt lat="46.366718" lon="13.856109">
				<ele>2020.000000</ele>
			</trkpt>
			<trkpt lat="46.366773" lon="13.856109">
				<ele>2020.000000</ele>
			</trkpt>
			<trkpt lat="46.366823" lon="13.856127">
				<ele>2020.000000</ele>
			</trkpt>
			<trkpt lat="46.366885" lon="13.856109">
				<ele>2020.000000</ele>
			</trkpt>
			<trkpt lat="46.366916" lon="13.856073">
				<ele>2020.000000</ele>
			</trkpt>
			<trkpt lat="46.366960" lon="13.856046">
				<ele>2020.000000</ele>
			</trkpt>
			<trkpt lat="46.367021" lon="13.856046">
				<ele>2020.000000</ele>
			</trkpt>
			<trkpt lat="46.367046" lon="13.856020">
				<ele>2020.000000</ele>
			</trkpt>
			<trkpt lat="46.367077" lon="13.856010">
				<ele>2020.000000</ele>
			</trkpt>
			<trkpt lat="46.367108" lon="13.856037">
				<ele>2020.000000</ele>
			</trkpt>
			<trkpt lat="46.367139" lon="13.856056">
				<ele>2020.000000</ele>
			</trkpt>
			<trkpt lat="46.367201" lon="13.856037">
				<ele>2020.000000</ele>
			</trkpt>
			<trkpt lat="46.367239" lon="13.856020">
				<ele>2020.000000</ele>
			</trkpt>
			<trkpt lat="46.367294" lon="13.856028">
				<ele>2020.000000</ele>
			</trkpt>
			<trkpt lat="46.367350" lon="13.856020">
				<ele>2020.000000</ele>
			</trkpt>
			<trkpt lat="46.367505" lon="13.855920">
				<ele>2020.000000</ele>
			</trkpt>
			<trkpt lat="46.367548" lon="13.855903">
				<ele>2020.000000</ele>
			</trkpt>
			<trkpt lat="46.367592" lon="13.855903">
				<ele>2020.000000</ele>
			</trkpt>
			<trkpt lat="46.367648" lon="13.855966">
				<ele>2020.000000</ele>
			</trkpt>
			<trkpt lat="46.367703" lon="13.855974">
				<ele>2020.000000</ele>
			</trkpt>
			<trkpt lat="46.367728" lon="13.855993">
				<ele>2020.000000</ele>
			</trkpt>
			<trkpt lat="46.367945" lon="13.856172">
				<ele>2024.000000</ele>
			</trkpt>
			<trkpt lat="46.368044" lon="13.855983">
				<ele>2028.000000</ele>
			</trkpt>
			<trkpt lat="46.368051" lon="13.855867">
				<ele>2030.000000</ele>
			</trkpt>
			<trkpt lat="46.368336" lon="13.855867">
				<ele>2039.000000</ele>
			</trkpt>
			<trkpt lat="46.368248" lon="13.855561">
				<ele>2046.000000</ele>
			</trkpt>
			<trkpt lat="46.368199" lon="13.855264">
				<ele>2052.000000</ele>
			</trkpt>
			<trkpt lat="46.368112" lon="13.854869">
				<ele>2060.000000</ele>
			</trkpt>
			<trkpt lat="46.368094" lon="13.854806">
				<ele>2061.000000</ele>
			</trkpt>
			<trkpt lat="46.368100" lon="13.854752">
				<ele>2062.000000</ele>
			</trkpt>
			<trkpt lat="46.368069" lon="13.854752">
				<ele>2063.000000</ele>
			</trkpt>
			<trkpt lat="46.368038" lon="13.854752">
				<ele>2063.000000</ele>
			</trkpt>
			<trkpt lat="46.367982" lon="13.854618">
				<ele>2066.000000</ele>
			</trkpt>
			<trkpt lat="46.368001" lon="13.854564">
				<ele>2067.000000</ele>
			</trkpt>
			<trkpt lat="46.368057" lon="13.854546">
				<ele>2068.000000</ele>
			</trkpt>
			<trkpt lat="46.368137" lon="13.854591">
				<ele>2070.000000</ele>
			</trkpt>
			<trkpt lat="46.368206" lon="13.854609">
				<ele>2072.000000</ele>
			</trkpt>
			<trkpt lat="46.368255" lon="13.854599">
				<ele>2073.000000</ele>
			</trkpt>
			<trkpt lat="46.368218" lon="13.854509">
				<ele>2075.000000</ele>
			</trkpt>
			<trkpt lat="46.368242" lon="13.854393">
				<ele>2077.000000</ele>
			</trkpt>
			<trkpt lat="46.368218" lon="13.854052">
				<ele>2084.000000</ele>
			</trkpt>
			<trkpt lat="46.368131" lon="13.853800">
				<ele>2090.000000</ele>
			</trkpt>
			<trkpt lat="46.368069" lon="13.853504">
				<ele>2094.000000</ele>
			</trkpt>
			<trkpt lat="46.368088" lon="13.853360">
				<ele>2097.000000</ele>
			</trkpt>
			<trkpt lat="46.368088" lon="13.853073">
				<ele>2101.000000</ele>
			</trkpt>
			<trkpt lat="46.368075" lon="13.852911">
				<ele>2103.000000</ele>
			</trkpt>
			<trkpt lat="46.368094" lon="13.852794">
				<ele>2105.000000</ele>
			</trkpt>
			<trkpt lat="46.368051" lon="13.852588">
				<ele>2108.000000</ele>
			</trkpt>
			<trkpt lat="46.368063" lon="13.852542">
				<ele>2109.000000</ele>
			</trkpt>
			<trkpt lat="46.368106" lon="13.852597">
				<ele>2110.000000</ele>
			</trkpt>
			<trkpt lat="46.368181" lon="13.852624">
				<ele>2112.000000</ele>
			</trkpt>
			<trkpt lat="46.368181" lon="13.852561">
				<ele>2114.000000</ele>
			</trkpt>
			<trkpt lat="46.368224" lon="13.852551">
				<ele>2115.000000</ele>
			</trkpt>
			<trkpt lat="46.368292" lon="13.852687">
				<ele>2119.000000</ele>
			</trkpt>
			<trkpt lat="46.368330" lon="13.852677">
				<ele>2120.000000</ele>
			</trkpt>
			<trkpt lat="46.368354" lon="13.852578">
				<ele>2122.000000</ele>
			</trkpt>
			<trkpt lat="46.368379" lon="13.852551">
				<ele>2123.000000</ele>
			</trkpt>
			<trkpt lat="46.368403" lon="13.852624">
				<ele>2124.000000</ele>
			</trkpt>
			<trkpt lat="46.368416" lon="13.852695">
				<ele>2125.000000</ele>
			</trkpt>
			<trkpt lat="46.368453" lon="13.852704">
				<ele>2126.000000</ele>
			</trkpt>
			<trkpt lat="46.368540" lon="13.852480">
				<ele>2131.000000</ele>
			</trkpt>
			<trkpt lat="46.368602" lon="13.852228">
				<ele>2135.000000</ele>
			</trkpt>
			<trkpt lat="46.368559" lon="13.851798">
				<ele>2141.000000</ele>
			</trkpt>
			<trkpt lat="46.368472" lon="13.851366">
				<ele>2146.000000</ele>
			</trkpt>
			<trkpt lat="46.368330" lon="13.850791">
				<ele>2152.000000</ele>
			</trkpt>
			<trkpt lat="46.368218" lon="13.850764">
				<ele>2155.000000</ele>
			</trkpt>
			<trkpt lat="46.368125" lon="13.850647">
				<ele>2157.000000</ele>
			</trkpt>
			<trkpt lat="46.367988" lon="13.850198">
				<ele>2169.000000</ele>
			</trkpt>
			<trkpt lat="46.367908" lon="13.849955">
				<ele>2176.000000</ele>
			</trkpt>
			<trkpt lat="46.368026" lon="13.849991">
				<ele>2180.000000</ele>
			</trkpt>
			<trkpt lat="46.368168" lon="13.850045">
				<ele>2185.000000</ele>
			</trkpt>
			<trkpt lat="46.368255" lon="13.850081">
				<ele>2188.000000</ele>
			</trkpt>
			<trkpt lat="46.368305" lon="13.850100">
				<ele>2189.000000</ele>
			</trkpt>
			<trkpt lat="46.368317" lon="13.850072">
				<ele>2190.000000</ele>
			</trkpt>
			<trkpt lat="46.368311" lon="13.850010">
				<ele>2191.000000</ele>
			</trkpt>
			<trkpt lat="46.368242" lon="13.849875">
				<ele>2194.000000</ele>
			</trkpt>
			<trkpt lat="46.368206" lon="13.849804">
				<ele>2196.000000</ele>
			</trkpt>
			<trkpt lat="46.368298" lon="13.849785">
				<ele>2198.000000</ele>
			</trkpt>
			<trkpt lat="46.368360" lon="13.849775">
				<ele>2200.000000</ele>
			</trkpt>
			<trkpt lat="46.368391" lon="13.849758">
				<ele>2201.000000</ele>
			</trkpt>
			<trkpt lat="46.368379" lon="13.849695">
				<ele>2203.000000</ele>
			</trkpt>
			<trkpt lat="46.368317" lon="13.849525">
				<ele>2207.000000</ele>
			</trkpt>
			<trkpt lat="46.368286" lon="13.849219">
				<ele>2215.000000</ele>
			</trkpt>
			<trkpt lat="46.368206" lon="13.849030">
				<ele>2222.000000</ele>
			</trkpt>
			<trkpt lat="46.368174" lon="13.848940">
				<ele>2224.000000</ele>
			</trkpt>
			<trkpt lat="46.368156" lon="13.848878">
				<ele>2226.000000</ele>
			</trkpt>
			<trkpt lat="46.368112" lon="13.848743">
				<ele>2231.000000</ele>
			</trkpt>
			<trkpt lat="46.368242" lon="13.848752">
				<ele>2236.000000</ele>
			</trkpt>
			<trkpt lat="46.368366" lon="13.848725">
				<ele>2241.000000</ele>
			</trkpt>
			<trkpt lat="46.368422" lon="13.848743">
				<ele>2243.000000</ele>
			</trkpt>
			<trkpt lat="46.368478" lon="13.848706">
				<ele>2246.000000</ele>
			</trkpt>
			<trkpt lat="46.368428" lon="13.848626">
				<ele>2249.000000</ele>
			</trkpt>
			<trkpt lat="46.368342" lon="13.848473">
				<ele>2253.000000</ele>
			</trkpt>
			<trkpt lat="46.368305" lon="13.848383">
				<ele>2255.000000</ele>
			</trkpt>
			<trkpt lat="46.368342" lon="13.848240">
				<ele>2258.000000</ele>
			</trkpt>
			<trkpt lat="46.368441" lon="13.848240">
				<ele>2261.000000</ele>
			</trkpt>
			<trkpt lat="46.368546" lon="13.848240">
				<ele>2264.000000</ele>
			</trkpt>
			<trkpt lat="46.368689" lon="13.848366">
				<ele>2268.000000</ele>
			</trkpt>
			<trkpt lat="46.368813" lon="13.848383">
				<ele>2272.000000</ele>
			</trkpt>
			<trkpt lat="46.368844" lon="13.848276">
				<ele>2275.000000</ele>
			</trkpt>
			<trkpt lat="46.368863" lon="13.848051">
				<ele>2280.000000</ele>
			</trkpt>
			<trkpt lat="46.368918" lon="13.847926">
				<ele>2283.000000</ele>
			</trkpt>
			<trkpt lat="46.369073" lon="13.848177">
				<ele>2289.000000</ele>
			</trkpt>
			<trkpt lat="46.369209" lon="13.848347">
				<ele>2294.000000</ele>
			</trkpt>
			<trkpt lat="46.369501" lon="13.848257">
				<ele>2302.000000</ele>
			</trkpt>
			<trkpt lat="46.369693" lon="13.848204">
				<ele>2305.000000</ele>
			</trkpt>
			<trkpt lat="46.369780" lon="13.847943">
				<ele>2309.000000</ele>
			</trkpt>
			<trkpt lat="46.369805" lon="13.847683">
				<ele>2313.000000</ele>
			</trkpt>
			<trkpt lat="46.369972" lon="13.847647">
				<ele>2317.000000</ele>
			</trkpt>
			<trkpt lat="46.369947" lon="13.847440">
				<ele>2320.000000</ele>
			</trkpt>
			<trkpt lat="46.370071" lon="13.847450">
				<ele>2323.000000</ele>
			</trkpt>
			<trkpt lat="46.370164" lon="13.847557">
				<ele>2326.000000</ele>
			</trkpt>
			<trkpt lat="46.370288" lon="13.847737">
				<ele>2330.000000</ele>
			</trkpt>
			<trkpt lat="46.370331" lon="13.847773">
				<ele>2331.000000</ele>
			</trkpt>
			<trkpt lat="46.370604" lon="13.847593">
				<ele>2343.000000</ele>
			</trkpt>
			<trkpt lat="46.370846" lon="13.847548">
				<ele>2354.000000</ele>
			</trkpt>
			<trkpt lat="46.370933" lon="13.847691">
				<ele>2359.000000</ele>
			</trkpt>
			<trkpt lat="46.371051" lon="13.847710">
				<ele>2363.000000</ele>
			</trkpt>
			<trkpt lat="46.371143" lon="13.847198">
				<ele>2374.000000</ele>
			</trkpt>
			<trkpt lat="46.371181" lon="13.847027">
				<ele>2379.000000</ele>
			</trkpt>
			<trkpt lat="46.371137" lon="13.846892">
				<ele>2383.000000</ele>
			</trkpt>
			<trkpt lat="46.371088" lon="13.846695">
				<ele>2388.000000</ele>
			</trkpt>
			<trkpt lat="46.371100" lon="13.846525">
				<ele>2392.000000</ele>
			</trkpt>
			<trkpt lat="46.371323" lon="13.846353">
				<ele>2400.000000</ele>
			</trkpt>
			<trkpt lat="46.371428" lon="13.846219">
				<ele>2400.000000</ele>
			</trkpt>
			<trkpt lat="46.371565" lon="13.846156">
				<ele>2400.000000</ele>
			</trkpt>
			<trkpt lat="46.371615" lon="13.846048">
				<ele>2400.000000</ele>
			</trkpt>
			<trkpt lat="46.371776" lon="13.845706">
				<ele>2400.000000</ele>
			</trkpt>
			<trkpt lat="46.371999" lon="13.845662">
				<ele>2400.000000</ele>
			</trkpt>
			<trkpt lat="46.372259" lon="13.845427">
				<ele>2400.000000</ele>
			</trkpt>
			<trkpt lat="46.372612" lon="13.845267">
				<ele>2400.000000</ele>
			</trkpt>
			<trkpt lat="46.372773" lon="13.845311">
				<ele>2402.000000</ele>
			</trkpt>
			<trkpt lat="46.372867" lon="13.845544">
				<ele>2408.000000</ele>
			</trkpt>
			<trkpt lat="46.372941" lon="13.845643">
				<ele>2412.000000</ele>
			</trkpt>
			<trkpt lat="46.373090" lon="13.845374">
				<ele>2426.000000</ele>
			</trkpt>
			<trkpt lat="46.373195" lon="13.844988">
				<ele>2438.000000</ele>
			</trkpt>
			<trkpt lat="46.373306" lon="13.844467">
				<ele>2446.000000</ele>
			</trkpt>
			<trkpt lat="46.373418" lon="13.844385">
				<ele>2449.000000</ele>
			</trkpt>
			<trkpt lat="46.373579" lon="13.844332">
				<ele>2454.000000</ele>
			</trkpt>
			<trkpt lat="46.373685" lon="13.844377">
				<ele>2458.000000</ele>
			</trkpt>
			<trkpt lat="46.373895" lon="13.844565">
				<ele>2469.000000</ele>
			</trkpt>
			<trkpt lat="46.373889" lon="13.844718">
				<ele>2472.000000</ele>
			</trkpt>
			<trkpt lat="46.374019" lon="13.844772">
				<ele>2476.000000</ele>
			</trkpt>
			<trkpt lat="46.374112" lon="13.844871">
				<ele>2478.000000</ele>
			</trkpt>
			<trkpt lat="46.374304" lon="13.844862">
				<ele>2485.000000</ele>
			</trkpt>
			<trkpt lat="46.374403" lon="13.844917">
				<ele>2489.000000</ele>
			</trkpt>
			<trkpt lat="46.374459" lon="13.845303">
				<ele>2498.000000</ele>
			</trkpt>
			<trkpt lat="46.374577" lon="13.845500">
				<ele>2506.000000</ele>
			</trkpt>
			<trkpt lat="46.374646" lon="13.845590">
				<ele>2511.000000</ele>
			</trkpt>
			<trkpt lat="46.374788" lon="13.845527">
				<ele>2520.000000</ele>
			</trkpt>
			<trkpt lat="46.375067" lon="13.845383">
				<ele>2540.000000</ele>
			</trkpt>
			<trkpt lat="46.375296" lon="13.845150">
				<ele>2555.000000</ele>
			</trkpt>
			<trkpt lat="46.375340" lon="13.845077">
				<ele>2558.000000</ele>
			</trkpt>
			<trkpt lat="46.375395" lon="13.845221">
				<ele>2566.000000</ele>
			</trkpt>
			<trkpt lat="46.375395" lon="13.845366">
				<ele>2576.000000</ele>
			</trkpt>
			<trkpt lat="46.375414" lon="13.845482">
				<ele>2582.000000</ele>
			</trkpt>
			<trkpt lat="46.375420" lon="13.845536">
				<ele>2583.000000</ele>
			</trkpt>
			<trkpt lat="46.375575" lon="13.845338">
				<ele>2591.000000</ele>
			</trkpt>
			<trkpt lat="46.375699" lon="13.844961">
				<ele>2614.000000</ele>
			</trkpt>
			<trkpt lat="46.375866" lon="13.845096">
				<ele>2628.000000</ele>
			</trkpt>
			<trkpt lat="46.375984" lon="13.845221">
				<ele>2635.000000</ele>
			</trkpt>
			<trkpt lat="46.376152" lon="13.845014">
				<ele>2652.000000</ele>
			</trkpt>
			<trkpt lat="46.376152" lon="13.844817">
				<ele>2664.000000</ele>
			</trkpt>
			<trkpt lat="46.376325" lon="13.844682">
				<ele>2678.000000</ele>
			</trkpt>
			<trkpt lat="46.376418" lon="13.844502">
				<ele>2690.000000</ele>
			</trkpt>
			<trkpt lat="46.376406" lon="13.844351">
				<ele>2696.000000</ele>
			</trkpt>
			<trkpt lat="46.376486" lon="13.844377">
				<ele>2700.000000</ele>
			</trkpt>
			<trkpt lat="46.376585" lon="13.844359">
				<ele>2707.000000</ele>
			</trkpt>
			<trkpt lat="46.376653" lon="13.844188">
				<ele>2716.000000</ele>
			</trkpt>
			<trkpt lat="46.376641" lon="13.844045">
				<ele>2721.000000</ele>
			</trkpt>
			<trkpt lat="46.376672" lon="13.843848">
				<ele>2725.000000</ele>
			</trkpt>
			<trkpt lat="46.376691" lon="13.843695">
				<ele>2728.000000</ele>
			</trkpt>
			<trkpt lat="46.376771" lon="13.843380">
				<ele>2730.000000</ele>
			</trkpt>
			<trkpt lat="46.376852" lon="13.843236">
				<ele>2730.000000</ele>
			</trkpt>
			<trkpt lat="46.376913" lon="13.843093">
				<ele>2730.000000</ele>
			</trkpt>
			<trkpt lat="46.376976" lon="13.842949">
				<ele>2730.000000</ele>
			</trkpt>
			<trkpt lat="46.377050" lon="13.842823">
				<ele>2730.000000</ele>
			</trkpt>
			<trkpt lat="46.377131" lon="13.842680">
				<ele>2730.000000</ele>
			</trkpt>
			<trkpt lat="46.377180" lon="13.842454">
				<ele>2730.000000</ele>
			</trkpt>
			<trkpt lat="46.377230" lon="13.842347">
				<ele>2730.000000</ele>
			</trkpt>
			<trkpt lat="46.377329" lon="13.842095">
				<ele>2726.000000</ele>
			</trkpt>
			<trkpt lat="46.377385" lon="13.841934">
				<ele>2723.000000</ele>
			</trkpt>
			<trkpt lat="46.377434" lon="13.841745">
				<ele>2720.000000</ele>
			</trkpt>
			<trkpt lat="46.377459" lon="13.841628">
				<ele>2720.000000</ele>
			</trkpt>
			<trkpt lat="46.377502" lon="13.841395">
				<ele>2720.000000</ele>
			</trkpt>
			<trkpt lat="46.377515" lon="13.841269">
				<ele>2720.000000</ele>
			</trkpt>
			<trkpt lat="46.377534" lon="13.841135">
				<ele>2720.000000</ele>
			</trkpt>
			<trkpt lat="46.377564" lon="13.840999">
				<ele>2720.000000</ele>
			</trkpt>
			<trkpt lat="46.377577" lon="13.840838">
				<ele>2720.000000</ele>
			</trkpt>
			<trkpt lat="46.377577" lon="13.840649">
				<ele>2723.000000</ele>
			</trkpt>
			<trkpt lat="46.377651" lon="13.840479">
				<ele>2726.000000</ele>
			</trkpt>
			<trkpt lat="46.377688" lon="13.840317">
				<ele>2729.000000</ele>
			</trkpt>
			<trkpt lat="46.377756" lon="13.840074">
				<ele>2735.000000</ele>
			</trkpt>
			<trkpt lat="46.377769" lon="13.839858">
				<ele>2741.000000</ele>
			</trkpt>
			<trkpt lat="46.377763" lon="13.839643">
				<ele>2749.000000</ele>
			</trkpt>
			<trkpt lat="46.377756" lon="13.839481">
				<ele>2760.000000</ele>
			</trkpt>
			<trkpt lat="46.377738" lon="13.839292">
				<ele>2770.000000</ele>
			</trkpt>
			<trkpt lat="46.377756" lon="13.839158">
				<ele>2775.000000</ele>
			</trkpt>
			<trkpt lat="46.377813" lon="13.838906">
				<ele>2785.000000</ele>
			</trkpt>
			<trkpt lat="46.377899" lon="13.838699">
				<ele>2792.000000</ele>
			</trkpt>
			<trkpt lat="46.377930" lon="13.838529">
				<ele>2795.000000</ele>
			</trkpt>
			<trkpt lat="46.377930" lon="13.838368">
				<ele>2797.000000</ele>
			</trkpt>
			<trkpt lat="46.377943" lon="13.838152">
				<ele>2801.000000</ele>
			</trkpt>
			<trkpt lat="46.377949" lon="13.838053">
				<ele>2806.000000</ele>
			</trkpt>
			<trkpt lat="46.377943" lon="13.837945">
				<ele>2810.000000</ele>
			</trkpt>
			<trkpt lat="46.377936" lon="13.837919">
				<ele>2812.000000</ele>
			</trkpt>
			<trkpt lat="46.377924" lon="13.837882">
				<ele>2813.000000</ele>
			</trkpt>
			<trkpt lat="46.377905" lon="13.837846">
				<ele>2815.000000</ele>
			</trkpt>
			<trkpt lat="46.377880" lon="13.837829">
				<ele>2817.000000</ele>
			</trkpt>
			<trkpt lat="46.377862" lon="13.837810">
				<ele>2818.000000</ele>
			</trkpt>
			<trkpt lat="46.377855" lon="13.837793">
				<ele>2819.000000</ele>
			</trkpt>
			<trkpt lat="46.377862" lon="13.837766">
				<ele>2820.000000</ele>
			</trkpt>
			<trkpt lat="46.377855" lon="13.837613">
				<ele>2829.000000</ele>
			</trkpt>
			<trkpt lat="46.377874" lon="13.837416">
				<ele>2841.000000</ele>
			</trkpt>
			<trkpt lat="46.377886" lon="13.837307">
				<ele>2843.000000</ele>
			</trkpt>
			<trkpt lat="46.377930" lon="13.837110">
				<ele>2847.000000</ele>
			</trkpt>
			<trkpt lat="46.377998" lon="13.837020">
				<ele>2850.000000</ele>
			</trkpt>
			<trkpt lat="46.378010" lon="13.837011">
				<ele>2851.000000</ele>
			</trkpt>
			<trkpt lat="46.378060" lon="13.836966">
				<ele>2853.000000</ele>
			</trkpt>
			<trkpt lat="46.378172" lon="13.836840">
				<ele>2858.000000</ele>
			</trkpt>
			<trkpt lat="46.378252" lon="13.836724">
				<ele>2860.000000</ele>
			</trkpt>
			<trkpt lat="46.378302" lon="13.836580">
				<ele>2860.000000</ele>
			</trkpt>
			<trkpt lat="46.378302" lon="13.836580">
				<ele>2860.000000</ele>
			</trkpt>
			<trkpt lat="46.378252" lon="13.836724">
				<ele>2860.000000</ele>
			</trkpt>
			<trkpt lat="46.378172" lon="13.836840">
				<ele>2858.000000</ele>
			</trkpt>
			<trkpt lat="46.378060" lon="13.836966">
				<ele>2853.000000</ele>
			</trkpt>
			<trkpt lat="46.378010" lon="13.837011">
				<ele>2851.000000</ele>
			</trkpt>
			<trkpt lat="46.377998" lon="13.837020">
				<ele>2850.000000</ele>
			</trkpt>
			<trkpt lat="46.377930" lon="13.837110">
				<ele>2847.000000</ele>
			</trkpt>
			<trkpt lat="46.377886" lon="13.837307">
				<ele>2843.000000</ele>
			</trkpt>
			<trkpt lat="46.377874" lon="13.837416">
				<ele>2841.000000</ele>
			</trkpt>
			<trkpt lat="46.377855" lon="13.837613">
				<ele>2829.000000</ele>
			</trkpt>
			<trkpt lat="46.377862" lon="13.837766">
				<ele>2820.000000</ele>
			</trkpt>
			<trkpt lat="46.377855" lon="13.837793">
				<ele>2819.000000</ele>
			</trkpt>
			<trkpt lat="46.377862" lon="13.837810">
				<ele>2818.000000</ele>
			</trkpt>
			<trkpt lat="46.377880" lon="13.837829">
				<ele>2817.000000</ele>
			</trkpt>
			<trkpt lat="46.377905" lon="13.837846">
				<ele>2815.000000</ele>
			</trkpt>
			<trkpt lat="46.377924" lon="13.837882">
				<ele>2813.000000</ele>
			</trkpt>
			<trkpt lat="46.377936" lon="13.837919">
				<ele>2812.000000</ele>
			</trkpt>
			<trkpt lat="46.377943" lon="13.837945">
				<ele>2810.000000</ele>
			</trkpt>
			<trkpt lat="46.377949" lon="13.838053">
				<ele>2806.000000</ele>
			</trkpt>
			<trkpt lat="46.377943" lon="13.838152">
				<ele>2801.000000</ele>
			</trkpt>
			<trkpt lat="46.377930" lon="13.838368">
				<ele>2797.000000</ele>
			</trkpt>
			<trkpt lat="46.377930" lon="13.838529">
				<ele>2795.000000</ele>
			</trkpt>
			<trkpt lat="46.377899" lon="13.838699">
				<ele>2792.000000</ele>
			</trkpt>
			<trkpt lat="46.377813" lon="13.838906">
				<ele>2785.000000</ele>
			</trkpt>
			<trkpt lat="46.377756" lon="13.839158">
				<ele>2775.000000</ele>
			</trkpt>
			<trkpt lat="46.377738" lon="13.839292">
				<ele>2770.000000</ele>
			</trkpt>
			<trkpt lat="46.377756" lon="13.839481">
				<ele>2760.000000</ele>
			</trkpt>
			<trkpt lat="46.377763" lon="13.839643">
				<ele>2749.000000</ele>
			</trkpt>
			<trkpt lat="46.377769" lon="13.839858">
				<ele>2741.000000</ele>
			</trkpt>
			<trkpt lat="46.377756" lon="13.840074">
				<ele>2735.000000</ele>
			</trkpt>
			<trkpt lat="46.377688" lon="13.840317">
				<ele>2729.000000</ele>
			</trkpt>
			<trkpt lat="46.377651" lon="13.840479">
				<ele>2726.000000</ele>
			</trkpt>
			<trkpt lat="46.377577" lon="13.840649">
				<ele>2723.000000</ele>
			</trkpt>
			<trkpt lat="46.377577" lon="13.840838">
				<ele>2720.000000</ele>
			</trkpt>
			<trkpt lat="46.377564" lon="13.840999">
				<ele>2720.000000</ele>
			</trkpt>
			<trkpt lat="46.377534" lon="13.841135">
				<ele>2720.000000</ele>
			</trkpt>
			<trkpt lat="46.377515" lon="13.841269">
				<ele>2720.000000</ele>
			</trkpt>
			<trkpt lat="46.377502" lon="13.841395">
				<ele>2720.000000</ele>
			</trkpt>
			<trkpt lat="46.377459" lon="13.841628">
				<ele>2720.000000</ele>
			</trkpt>
			<trkpt lat="46.377434" lon="13.841745">
				<ele>2720.000000</ele>
			</trkpt>
			<trkpt lat="46.377385" lon="13.841934">
				<ele>2723.000000</ele>
			</trkpt>
			<trkpt lat="46.377329" lon="13.842095">
				<ele>2726.000000</ele>
			</trkpt>
			<trkpt lat="46.377230" lon="13.842347">
				<ele>2730.000000</ele>
			</trkpt>
			<trkpt lat="46.377180" lon="13.842454">
				<ele>2730.000000</ele>
			</trkpt>
			<trkpt lat="46.377131" lon="13.842680">
				<ele>2730.000000</ele>
			</trkpt>
			<trkpt lat="46.377050" lon="13.842823">
				<ele>2730.000000</ele>
			</trkpt>
			<trkpt lat="46.376976" lon="13.842949">
				<ele>2730.000000</ele>
			</trkpt>
			<trkpt lat="46.376913" lon="13.843093">
				<ele>2730.000000</ele>
			</trkpt>
			<trkpt lat="46.376852" lon="13.843236">
				<ele>2730.000000</ele>
			</trkpt>
			<trkpt lat="46.376771" lon="13.843380">
				<ele>2730.000000</ele>
			</trkpt>
			<trkpt lat="46.376691" lon="13.843695">
				<ele>2728.000000</ele>
			</trkpt>
			<trkpt lat="46.376672" lon="13.843848">
				<ele>2725.000000</ele>
			</trkpt>
			<trkpt lat="46.376641" lon="13.844045">
				<ele>2721.000000</ele>
			</trkpt>
			<trkpt lat="46.376653" lon="13.844188">
				<ele>2716.000000</ele>
			</trkpt>
			<trkpt lat="46.376585" lon="13.844359">
				<ele>2707.000000</ele>
			</trkpt>
			<trkpt lat="46.376486" lon="13.844377">
				<ele>2700.000000</ele>
			</trkpt>
			<trkpt lat="46.376406" lon="13.844351">
				<ele>2696.000000</ele>
			</trkpt>
			<trkpt lat="46.376418" lon="13.844502">
				<ele>2690.000000</ele>
			</trkpt>
			<trkpt lat="46.376325" lon="13.844682">
				<ele>2678.000000</ele>
			</trkpt>
			<trkpt lat="46.376152" lon="13.844817">
				<ele>2664.000000</ele>
			</trkpt>
			<trkpt lat="46.376152" lon="13.845014">
				<ele>2652.000000</ele>
			</trkpt>
			<trkpt lat="46.375984" lon="13.845221">
				<ele>2635.000000</ele>
			</trkpt>
			<trkpt lat="46.375866" lon="13.845096">
				<ele>2628.000000</ele>
			</trkpt>
			<trkpt lat="46.375699" lon="13.844961">
				<ele>2614.000000</ele>
			</trkpt>
			<trkpt lat="46.375575" lon="13.845338">
				<ele>2591.000000</ele>
			</trkpt>
			<trkpt lat="46.375420" lon="13.845536">
				<ele>2583.000000</ele>
			</trkpt>
			<trkpt lat="46.375414" lon="13.845482">
				<ele>2582.000000</ele>
			</trkpt>
			<trkpt lat="46.375395" lon="13.845366">
				<ele>2576.000000</ele>
			</trkpt>
			<trkpt lat="46.375395" lon="13.845221">
				<ele>2566.000000</ele>
			</trkpt>
			<trkpt lat="46.375340" lon="13.845077">
				<ele>2558.000000</ele>
			</trkpt>
			<trkpt lat="46.375296" lon="13.845150">
				<ele>2555.000000</ele>
			</trkpt>
			<trkpt lat="46.375067" lon="13.845383">
				<ele>2540.000000</ele>
			</trkpt>
			<trkpt lat="46.374788" lon="13.845527">
				<ele>2520.000000</ele>
			</trkpt>
			<trkpt lat="46.374646" lon="13.845590">
				<ele>2511.000000</ele>
			</trkpt>
			<trkpt lat="46.374577" lon="13.845500">
				<ele>2506.000000</ele>
			</trkpt>
			<trkpt lat="46.374459" lon="13.845303">
				<ele>2498.000000</ele>
			</trkpt>
			<trkpt lat="46.374403" lon="13.844917">
				<ele>2489.000000</ele>
			</trkpt>
			<trkpt lat="46.374304" lon="13.844862">
				<ele>2485.000000</ele>
			</trkpt>
			<trkpt lat="46.374112" lon="13.844871">
				<ele>2478.000000</ele>
			</trkpt>
			<trkpt lat="46.374019" lon="13.844772">
				<ele>2476.000000</ele>
			</trkpt>
			<trkpt lat="46.373889" lon="13.844718">
				<ele>2472.000000</ele>
			</trkpt>
			<trkpt lat="46.373895" lon="13.844565">
				<ele>2469.000000</ele>
			</trkpt>
			<trkpt lat="46.373685" lon="13.844377">
				<ele>2458.000000</ele>
			</trkpt>
			<trkpt lat="46.373579" lon="13.844332">
				<ele>2454.000000</ele>
			</trkpt>
			<trkpt lat="46.373418" lon="13.844385">
				<ele>2449.000000</ele>
			</trkpt>
			<trkpt lat="46.373306" lon="13.844467">
				<ele>2446.000000</ele>
			</trkpt>
			<trkpt lat="46.373195" lon="13.844988">
				<ele>2438.000000</ele>
			</trkpt>
			<trkpt lat="46.373090" lon="13.845374">
				<ele>2426.000000</ele>
			</trkpt>
			<trkpt lat="46.372941" lon="13.845643">
				<ele>2412.000000</ele>
			</trkpt>
			<trkpt lat="46.372867" lon="13.845544">
				<ele>2408.000000</ele>
			</trkpt>
			<trkpt lat="46.372773" lon="13.845311">
				<ele>2402.000000</ele>
			</trkpt>
			<trkpt lat="46.372612" lon="13.845267">
				<ele>2400.000000</ele>
			</trkpt>
			<trkpt lat="46.372259" lon="13.845427">
				<ele>2400.000000</ele>
			</trkpt>
			<trkpt lat="46.371999" lon="13.845662">
				<ele>2400.000000</ele>
			</trkpt>
			<trkpt lat="46.371776" lon="13.845706">
				<ele>2400.000000</ele>
			</trkpt>
			<trkpt lat="46.371615" lon="13.846048">
				<ele>2400.000000</ele>
			</trkpt>
			<trkpt lat="46.371565" lon="13.846156">
				<ele>2400.000000</ele>
			</trkpt>
			<trkpt lat="46.371428" lon="13.846219">
				<ele>2400.000000</ele>
			</trkpt>
			<trkpt lat="46.371323" lon="13.846353">
				<ele>2400.000000</ele>
			</trkpt>
			<trkpt lat="46.371100" lon="13.846525">
				<ele>2392.000000</ele>
			</trkpt>
			<trkpt lat="46.371088" lon="13.846695">
				<ele>2388.000000</ele>
			</trkpt>
			<trkpt lat="46.371137" lon="13.846892">
				<ele>2383.000000</ele>
			</trkpt>
			<trkpt lat="46.371181" lon="13.847027">
				<ele>2379.000000</ele>
			</trkpt>
			<trkpt lat="46.371143" lon="13.847198">
				<ele>2374.000000</ele>
			</trkpt>
			<trkpt lat="46.371051" lon="13.847710">
				<ele>2363.000000</ele>
			</trkpt>
			<trkpt lat="46.370933" lon="13.847691">
				<ele>2359.000000</ele>
			</trkpt>
			<trkpt lat="46.370846" lon="13.847548">
				<ele>2354.000000</ele>
			</trkpt>
			<trkpt lat="46.370604" lon="13.847593">
				<ele>2343.000000</ele>
			</trkpt>
			<trkpt lat="46.370331" lon="13.847773">
				<ele>2331.000000</ele>
			</trkpt>
			<trkpt lat="46.370288" lon="13.847737">
				<ele>2330.000000</ele>
			</trkpt>
			<trkpt lat="46.370164" lon="13.847557">
				<ele>2326.000000</ele>
			</trkpt>
			<trkpt lat="46.370071" lon="13.847450">
				<ele>2323.000000</ele>
			</trkpt>
			<trkpt lat="46.369947" lon="13.847440">
				<ele>2320.000000</ele>
			</trkpt>
			<trkpt lat="46.369972" lon="13.847647">
				<ele>2317.000000</ele>
			</trkpt>
			<trkpt lat="46.369805" lon="13.847683">
				<ele>2313.000000</ele>
			</trkpt>
			<trkpt lat="46.369780" lon="13.847943">
				<ele>2309.000000</ele>
			</trkpt>
			<trkpt lat="46.369693" lon="13.848204">
				<ele>2305.000000</ele>
			</trkpt>
			<trkpt lat="46.369501" lon="13.848257">
				<ele>2302.000000</ele>
			</trkpt>
			<trkpt lat="46.369209" lon="13.848347">
				<ele>2294.000000</ele>
			</trkpt>
			<trkpt lat="46.369073" lon="13.848177">
				<ele>2289.000000</ele>
			</trkpt>
			<trkpt lat="46.368918" lon="13.847926">
				<ele>2283.000000</ele>
			</trkpt>
			<trkpt lat="46.368863" lon="13.848051">
				<ele>2280.000000</ele>
			</trkpt>
			<trkpt lat="46.368844" lon="13.848276">
				<ele>2275.000000</ele>
			</trkpt>
			<trkpt lat="46.368813" lon="13.848383">
				<ele>2272.000000</ele>
			</trkpt>
			<trkpt lat="46.368689" lon="13.848366">
				<ele>2268.000000</ele>
			</trkpt>
			<trkpt lat="46.368546" lon="13.848240">
				<ele>2264.000000</ele>
			</trkpt>
			<trkpt lat="46.368441" lon="13.848240">
				<ele>2261.000000</ele>
			</trkpt>
			<trkpt lat="46.368342" lon="13.848240">
				<ele>2258.000000</ele>
			</trkpt>
			<trkpt lat="46.368305" lon="13.848383">
				<ele>2255.000000</ele>
			</trkpt>
			<trkpt lat="46.368342" lon="13.848473">
				<ele>2253.000000</ele>
			</trkpt>
			<trkpt lat="46.368428" lon="13.848626">
				<ele>2249.000000</ele>
			</trkpt>
			<trkpt lat="46.368478" lon="13.848706">
				<ele>2246.000000</ele>
			</trkpt>
			<trkpt lat="46.368422" lon="13.848743">
				<ele>2243.000000</ele>
			</trkpt>
			<trkpt lat="46.368366" lon="13.848725">
				<ele>2241.000000</ele>
			</trkpt>
			<trkpt lat="46.368242" lon="13.848752">
				<ele>2236.000000</ele>
			</trkpt>
			<trkpt lat="46.368112" lon="13.848743">
				<ele>2231.000000</ele>
			</trkpt>
			<trkpt lat="46.368156" lon="13.848878">
				<ele>2226.000000</ele>
			</trkpt>
			<trkpt lat="46.368174" lon="13.848940">
				<ele>2224.000000</ele>
			</trkpt>
			<trkpt lat="46.368206" lon="13.849030">
				<ele>2222.000000</ele>
			</trkpt>
			<trkpt lat="46.368286" lon="13.849219">
				<ele>2215.000000</ele>
			</trkpt>
			<trkpt lat="46.368317" lon="13.849525">
				<ele>2207.000000</ele>
			</trkpt>
			<trkpt lat="46.368379" lon="13.849695">
				<ele>2203.000000</ele>
			</trkpt>
			<trkpt lat="46.368391" lon="13.849758">
				<ele>2201.000000</ele>
			</trkpt>
			<trkpt lat="46.368360" lon="13.849775">
				<ele>2200.000000</ele>
			</trkpt>
			<trkpt lat="46.368298" lon="13.849785">
				<ele>2198.000000</ele>
			</trkpt>
			<trkpt lat="46.368206" lon="13.849804">
				<ele>2196.000000</ele>
			</trkpt>
			<trkpt lat="46.368242" lon="13.849875">
				<ele>2194.000000</ele>
			</trkpt>
			<trkpt lat="46.368311" lon="13.850010">
				<ele>2191.000000</ele>
			</trkpt>
			<trkpt lat="46.368317" lon="13.850072">
				<ele>2190.000000</ele>
			</trkpt>
			<trkpt lat="46.368305" lon="13.850100">
				<ele>2189.000000</ele>
			</trkpt>
			<trkpt lat="46.368255" lon="13.850081">
				<ele>2188.000000</ele>
			</trkpt>
			<trkpt lat="46.368168" lon="13.850045">
				<ele>2185.000000</ele>
			</trkpt>
			<trkpt lat="46.368026" lon="13.849991">
				<ele>2180.000000</ele>
			</trkpt>
			<trkpt lat="46.367908" lon="13.849955">
				<ele>2176.000000</ele>
			</trkpt>
			<trkpt lat="46.367988" lon="13.850198">
				<ele>2169.000000</ele>
			</trkpt>
			<trkpt lat="46.368125" lon="13.850647">
				<ele>2157.000000</ele>
			</trkpt>
			<trkpt lat="46.368218" lon="13.850764">
				<ele>2155.000000</ele>
			</trkpt>
			<trkpt lat="46.368330" lon="13.850791">
				<ele>2152.000000</ele>
			</trkpt>
			<trkpt lat="46.368472" lon="13.851366">
				<ele>2146.000000</ele>
			</trkpt>
			<trkpt lat="46.368559" lon="13.851798">
				<ele>2141.000000</ele>
			</trkpt>
			<trkpt lat="46.368602" lon="13.852228">
				<ele>2135.000000</ele>
			</trkpt>
			<trkpt lat="46.368540" lon="13.852480">
				<ele>2131.000000</ele>
			</trkpt>
			<trkpt lat="46.368453" lon="13.852704">
				<ele>2126.000000</ele>
			</trkpt>
			<trkpt lat="46.368416" lon="13.852695">
				<ele>2125.000000</ele>
			</trkpt>
			<trkpt lat="46.368403" lon="13.852624">
				<ele>2124.000000</ele>
			</trkpt>
			<trkpt lat="46.368379" lon="13.852551">
				<ele>2123.000000</ele>
			</trkpt>
			<trkpt lat="46.368354" lon="13.852578">
				<ele>2122.000000</ele>
			</trkpt>
			<trkpt lat="46.368330" lon="13.852677">
				<ele>2120.000000</ele>
			</trkpt>
			<trkpt lat="46.368292" lon="13.852687">
				<ele>2119.000000</ele>
			</trkpt>
			<trkpt lat="46.368224" lon="13.852551">
				<ele>2115.000000</ele>
			</trkpt>
			<trkpt lat="46.368181" lon="13.852561">
				<ele>2114.000000</ele>
			</trkpt>
			<trkpt lat="46.368181" lon="13.852624">
				<ele>2112.000000</ele>
			</trkpt>
			<trkpt lat="46.368106" lon="13.852597">
				<ele>2110.000000</ele>
			</trkpt>
			<trkpt lat="46.368063" lon="13.852542">
				<ele>2109.000000</ele>
			</trkpt>
			<trkpt lat="46.368051" lon="13.852588">
				<ele>2108.000000</ele>
			</trkpt>
			<trkpt lat="46.368094" lon="13.852794">
				<ele>2105.000000</ele>
			</trkpt>
			<trkpt lat="46.368075" lon="13.852911">
				<ele>2103.000000</ele>
			</trkpt>
			<trkpt lat="46.368088" lon="13.853073">
				<ele>2101.000000</ele>
			</trkpt>
			<trkpt lat="46.368088" lon="13.853360">
				<ele>2097.000000</ele>
			</trkpt>
			<trkpt lat="46.368069" lon="13.853504">
				<ele>2094.000000</ele>
			</trkpt>
			<trkpt lat="46.368131" lon="13.853800">
				<ele>2090.000000</ele>
			</trkpt>
			<trkpt lat="46.368218" lon="13.854052">
				<ele>2084.000000</ele>
			</trkpt>
			<trkpt lat="46.368242" lon="13.854393">
				<ele>2077.000000</ele>
			</trkpt>
			<trkpt lat="46.368218" lon="13.854509">
				<ele>2075.000000</ele>
			</trkpt>
			<trkpt lat="46.368255" lon="13.854599">
				<ele>2073.000000</ele>
			</trkpt>
			<trkpt lat="46.368206" lon="13.854609">
				<ele>2072.000000</ele>
			</trkpt>
			<trkpt lat="46.368137" lon="13.854591">
				<ele>2070.000000</ele>
			</trkpt>
			<trkpt lat="46.368057" lon="13.854546">
				<ele>2068.000000</ele>
			</trkpt>
			<trkpt lat="46.368001" lon="13.854564">
				<ele>2067.000000</ele>
			</trkpt>
			<trkpt lat="46.367982" lon="13.854618">
				<ele>2066.000000</ele>
			</trkpt>
			<trkpt lat="46.368038" lon="13.854752">
				<ele>2063.000000</ele>
			</trkpt>
			<trkpt lat="46.368069" lon="13.854752">
				<ele>2063.000000</ele>
			</trkpt>
			<trkpt lat="46.368100" lon="13.854752">
				<ele>2062.000000</ele>
			</trkpt>
			<trkpt lat="46.368094" lon="13.854806">
				<ele>2061.000000</ele>
			</trkpt>
			<trkpt lat="46.368112" lon="13.854869">
				<ele>2060.000000</ele>
			</trkpt>
			<trkpt lat="46.368199" lon="13.855264">
				<ele>2052.000000</ele>
			</trkpt>
			<trkpt lat="46.368248" lon="13.855561">
				<ele>2046.000000</ele>
			</trkpt>
			<trkpt lat="46.368336" lon="13.855867">
				<ele>2039.000000</ele>
			</trkpt>
			<trkpt lat="46.368051" lon="13.855867">
				<ele>2030.000000</ele>
			</trkpt>
			<trkpt lat="46.368044" lon="13.855983">
				<ele>2028.000000</ele>
			</trkpt>
			<trkpt lat="46.367945" lon="13.856172">
				<ele>2024.000000</ele>
			</trkpt>
			<trkpt lat="46.367728" lon="13.855993">
				<ele>2020.000000</ele>
			</trkpt>
			<trkpt lat="46.367703" lon="13.855974">
				<ele>2020.000000</ele>
			</trkpt>
			<trkpt lat="46.367648" lon="13.855966">
				<ele>2020.000000</ele>
			</trkpt>
			<trkpt lat="46.367592" lon="13.855903">
				<ele>2020.000000</ele>
			</trkpt>
			<trkpt lat="46.367548" lon="13.855903">
				<ele>2020.000000</ele>
			</trkpt>
			<trkpt lat="46.367505" lon="13.855920">
				<ele>2020.000000</ele>
			</trkpt>
			<trkpt lat="46.367350" lon="13.856020">
				<ele>2020.000000</ele>
			</trkpt>
			<trkpt lat="46.367294" lon="13.856028">
				<ele>2020.000000</ele>
			</trkpt>
			<trkpt lat="46.367239" lon="13.856020">
				<ele>2020.000000</ele>
			</trkpt>
			<trkpt lat="46.367201" lon="13.856037">
				<ele>2020.000000</ele>
			</trkpt>
			<trkpt lat="46.367139" lon="13.856056">
				<ele>2020.000000</ele>
			</trkpt>
			<trkpt lat="46.367108" lon="13.856037">
				<ele>2020.000000</ele>
			</trkpt>
			<trkpt lat="46.367077" lon="13.856010">
				<ele>2020.000000</ele>
			</trkpt>
			<trkpt lat="46.367046" lon="13.856020">
				<ele>2020.000000</ele>
			</trkpt>
			<trkpt lat="46.367021" lon="13.856046">
				<ele>2020.000000</ele>
			</trkpt>
			<trkpt lat="46.366960" lon="13.856046">
				<ele>2020.000000</ele>
			</trkpt>
			<trkpt lat="46.366916" lon="13.856073">
				<ele>2020.000000</ele>
			</trkpt>
			<trkpt lat="46.366885" lon="13.856109">
				<ele>2020.000000</ele>
			</trkpt>
			<trkpt lat="46.366823" lon="13.856127">
				<ele>2020.000000</ele>
			</trkpt>
			<trkpt lat="46.366773" lon="13.856109">
				<ele>2020.000000</ele>
			</trkpt>
			<trkpt lat="46.366718" lon="13.856109">
				<ele>2020.000000</ele>
			</trkpt>
			<trkpt lat="46.366612" lon="13.856020">
				<ele>2020.000000</ele>
			</trkpt>
			<trkpt lat="46.366544" lon="13.855974">
				<ele>2020.000000</ele>
			</trkpt>
			<trkpt lat="46.366463" lon="13.855930">
				<ele>2020.000000</ele>
			</trkpt>
			<trkpt lat="46.366395" lon="13.855938">
				<ele>2020.000000</ele>
			</trkpt>
			<trkpt lat="46.366290" lon="13.855884">
				<ele>2020.000000</ele>
			</trkpt>
			<trkpt lat="46.366240" lon="13.855714">
				<ele>2020.000000</ele>
			</trkpt>
			<trkpt lat="46.366085" lon="13.855741">
				<ele>2020.000000</ele>
			</trkpt>
			<trkpt lat="46.365974" lon="13.855777">
				<ele>2020.000000</ele>
			</trkpt>
			<trkpt lat="46.365943" lon="13.855867">
				<ele>2020.000000</ele>
			</trkpt>
			<trkpt lat="46.365906" lon="13.855930">
				<ele>2020.000000</ele>
			</trkpt>
			<trkpt lat="46.365788" lon="13.856001">
				<ele>2020.000000</ele>
			</trkpt>
			<trkpt lat="46.365739" lon="13.856073">
				<ele>2020.000000</ele>
			</trkpt>
			<trkpt lat="46.365739" lon="13.856117">
				<ele>2020.000000</ele>
			</trkpt>
			<trkpt lat="46.365732" lon="13.856146">
				<ele>2020.000000</ele>
			</trkpt>
			<trkpt lat="46.365714" lon="13.856154">
				<ele>2020.000000</ele>
			</trkpt>
			<trkpt lat="46.365676" lon="13.856146">
				<ele>2020.000000</ele>
			</trkpt>
			<trkpt lat="46.365615" lon="13.856127">
				<ele>2020.000000</ele>
			</trkpt>
			<trkpt lat="46.365552" lon="13.856154">
				<ele>2020.000000</ele>
			</trkpt>
			<trkpt lat="46.365515" lon="13.856172">
				<ele>2020.000000</ele>
			</trkpt>
			<trkpt lat="46.365460" lon="13.856146">
				<ele>2020.000000</ele>
			</trkpt>
			<trkpt lat="46.365391" lon="13.856109">
				<ele>2020.000000</ele>
			</trkpt>
			<trkpt lat="46.365212" lon="13.856217">
				<ele>2020.000000</ele>
			</trkpt>
			<trkpt lat="46.365168" lon="13.856226">
				<ele>2020.000000</ele>
			</trkpt>
			<trkpt lat="46.365131" lon="13.856190">
				<ele>2020.000000</ele>
			</trkpt>
			<trkpt lat="46.365050" lon="13.856117">
				<ele>2020.000000</ele>
			</trkpt>
			<trkpt lat="46.364975" lon="13.855956">
				<ele>2020.000000</ele>
			</trkpt>
			<trkpt lat="46.364951" lon="13.855938">
				<ele>2020.000000</ele>
			</trkpt>
			<trkpt lat="46.364839" lon="13.855903">
				<ele>2019.000000</ele>
			</trkpt>
			<trkpt lat="46.364734" lon="13.855903">
				<ele>2018.000000</ele>
			</trkpt>
			<trkpt lat="46.364610" lon="13.855938">
				<ele>2017.000000</ele>
			</trkpt>
			<trkpt lat="46.364560" lon="13.855956">
				<ele>2016.000000</ele>
			</trkpt>
			<trkpt lat="46.364492" lon="13.855930">
				<ele>2016.000000</ele>
			</trkpt>
			<trkpt lat="46.364387" lon="13.855876">
				<ele>2015.000000</ele>
			</trkpt>
			<trkpt lat="46.364294" lon="13.855884">
				<ele>2014.000000</ele>
			</trkpt>
			<trkpt lat="46.364163" lon="13.855911">
				<ele>2013.000000</ele>
			</trkpt>
			<trkpt lat="46.364083" lon="13.855893">
				<ele>2012.000000</ele>
			</trkpt>
			<trkpt lat="46.363978" lon="13.855966">
				<ele>2011.000000</ele>
			</trkpt>
			<trkpt lat="46.363866" lon="13.856037">
				<ele>2010.000000</ele>
			</trkpt>
			<trkpt lat="46.363810" lon="13.856064">
				<ele>2009.000000</ele>
			</trkpt>
			<trkpt lat="46.363742" lon="13.856127">
				<ele>2008.000000</ele>
			</trkpt>
			<trkpt lat="46.363712" lon="13.856163">
				<ele>2007.000000</ele>
			</trkpt>
			<trkpt lat="46.363612" lon="13.856199">
				<ele>2005.000000</ele>
			</trkpt>
			<trkpt lat="46.363488" lon="13.856262">
				<ele>2002.000000</ele>
			</trkpt>
			<trkpt lat="46.363351" lon="13.856343">
				<ele>1997.000000</ele>
			</trkpt>
			<trkpt lat="46.363240" lon="13.856343">
				<ele>1990.000000</ele>
			</trkpt>
			<trkpt lat="46.363153" lon="13.856406">
				<ele>1987.000000</ele>
			</trkpt>
			<trkpt lat="46.363042" lon="13.856522">
				<ele>1982.000000</ele>
			</trkpt>
			<trkpt lat="46.362899" lon="13.856612">
				<ele>1976.000000</ele>
			</trkpt>
			<trkpt lat="46.362812" lon="13.856675">
				<ele>1972.000000</ele>
			</trkpt>
			<trkpt lat="46.362781" lon="13.856738">
				<ele>1970.000000</ele>
			</trkpt>
			<trkpt lat="46.362763" lon="13.856855">
				<ele>1967.000000</ele>
			</trkpt>
			<trkpt lat="46.362744" lon="13.857008">
				<ele>1962.000000</ele>
			</trkpt>
			<trkpt lat="46.362713" lon="13.857125">
				<ele>1959.000000</ele>
			</trkpt>
			<trkpt lat="46.362669" lon="13.857339">
				<ele>1954.000000</ele>
			</trkpt>
			<trkpt lat="46.362620" lon="13.857546">
				<ele>1949.000000</ele>
			</trkpt>
			<trkpt lat="46.362583" lon="13.857654">
				<ele>1947.000000</ele>
			</trkpt>
			<trkpt lat="46.362570" lon="13.857780">
				<ele>1945.000000</ele>
			</trkpt>
			<trkpt lat="46.362546" lon="13.857878">
				<ele>1942.000000</ele>
			</trkpt>
			<trkpt lat="46.362509" lon="13.857932">
				<ele>1941.000000</ele>
			</trkpt>
			<trkpt lat="46.362409" lon="13.857960">
				<ele>1938.000000</ele>
			</trkpt>
			<trkpt lat="46.362310" lon="13.857978">
				<ele>1935.000000</ele>
			</trkpt>
			<trkpt lat="46.362168" lon="13.858022">
				<ele>1931.000000</ele>
			</trkpt>
			<trkpt lat="46.362069" lon="13.858094">
				<ele>1929.000000</ele>
			</trkpt>
			<trkpt lat="46.362012" lon="13.858184">
				<ele>1927.000000</ele>
			</trkpt>
			<trkpt lat="46.361938" lon="13.858230">
				<ele>1925.000000</ele>
			</trkpt>
			<trkpt lat="46.361758" lon="13.858310">
				<ele>1922.000000</ele>
			</trkpt>
			<trkpt lat="46.361324" lon="13.858400">
				<ele>1909.000000</ele>
			</trkpt>
			<trkpt lat="46.361169" lon="13.858454">
				<ele>1904.000000</ele>
			</trkpt>
			<trkpt lat="46.360971" lon="13.858561">
				<ele>1897.000000</ele>
			</trkpt>
			<trkpt lat="46.360791" lon="13.858678">
				<ele>1891.000000</ele>
			</trkpt>
			<trkpt lat="46.360661" lon="13.858651">
				<ele>1886.000000</ele>
			</trkpt>
			<trkpt lat="46.360469" lon="13.858607">
				<ele>1880.000000</ele>
			</trkpt>
			<trkpt lat="46.360407" lon="13.858588">
				<ele>1878.000000</ele>
			</trkpt>
			<trkpt lat="46.360363" lon="13.858607">
				<ele>1877.000000</ele>
			</trkpt>
			<trkpt lat="46.360321" lon="13.858670">
				<ele>1875.000000</ele>
			</trkpt>
			<trkpt lat="46.360252" lon="13.858706">
				<ele>1873.000000</ele>
			</trkpt>
			<trkpt lat="46.360178" lon="13.858767">
				<ele>1871.000000</ele>
			</trkpt>
			<trkpt lat="46.360122" lon="13.858786">
				<ele>1870.000000</ele>
			</trkpt>
			<trkpt lat="46.360041" lon="13.858804">
				<ele>1869.000000</ele>
			</trkpt>
			<trkpt lat="46.359924" lon="13.858857">
				<ele>1869.000000</ele>
			</trkpt>
			<trkpt lat="46.359874" lon="13.858857">
				<ele>1869.000000</ele>
			</trkpt>
			<trkpt lat="46.359800" lon="13.858813">
				<ele>1868.000000</ele>
			</trkpt>
			<trkpt lat="46.359762" lon="13.858804">
				<ele>1868.000000</ele>
			</trkpt>
			<trkpt lat="46.359694" lon="13.858804">
				<ele>1868.000000</ele>
			</trkpt>
			<trkpt lat="46.359607" lon="13.858857">
				<ele>1867.000000</ele>
			</trkpt>
			<trkpt lat="46.359502" lon="13.858867">
				<ele>1867.000000</ele>
			</trkpt>
			<trkpt lat="46.359433" lon="13.858840">
				<ele>1866.000000</ele>
			</trkpt>
			<trkpt lat="46.359347" lon="13.858777">
				<ele>1866.000000</ele>
			</trkpt>
			<trkpt lat="46.359303" lon="13.858733">
				<ele>1865.000000</ele>
			</trkpt>
			<trkpt lat="46.359260" lon="13.858714">
				<ele>1865.000000</ele>
			</trkpt>
			<trkpt lat="46.359229" lon="13.858750">
				<ele>1865.000000</ele>
			</trkpt>
			<trkpt lat="46.359204" lon="13.858786">
				<ele>1865.000000</ele>
			</trkpt>
			<trkpt lat="46.359148" lon="13.858804">
				<ele>1865.000000</ele>
			</trkpt>
			<trkpt lat="46.359087" lon="13.858830">
				<ele>1864.000000</ele>
			</trkpt>
			<trkpt lat="46.359043" lon="13.858857">
				<ele>1864.000000</ele>
			</trkpt>
			<trkpt lat="46.359018" lon="13.858894">
				<ele>1864.000000</ele>
			</trkpt>
			<trkpt lat="46.358981" lon="13.858903">
				<ele>1864.000000</ele>
			</trkpt>
			<trkpt lat="46.358963" lon="13.858885">
				<ele>1864.000000</ele>
			</trkpt>
			<trkpt lat="46.358925" lon="13.858857">
				<ele>1863.000000</ele>
			</trkpt>
			<trkpt lat="46.358839" lon="13.858876">
				<ele>1863.000000</ele>
			</trkpt>
			<trkpt lat="46.358808" lon="13.858894">
				<ele>1863.000000</ele>
			</trkpt>
			<trkpt lat="46.358751" lon="13.858947">
				<ele>1862.000000</ele>
			</trkpt>
			<trkpt lat="46.358684" lon="13.858993">
				<ele>1862.000000</ele>
			</trkpt>
			<trkpt lat="46.358627" lon="13.859037">
				<ele>1862.000000</ele>
			</trkpt>
			<trkpt lat="46.358603" lon="13.859073">
				<ele>1861.000000</ele>
			</trkpt>
			<trkpt lat="46.358590" lon="13.859119">
				<ele>1861.000000</ele>
			</trkpt>
			<trkpt lat="46.358566" lon="13.859136">
				<ele>1861.000000</ele>
			</trkpt>
			<trkpt lat="46.358504" lon="13.859163">
				<ele>1861.000000</ele>
			</trkpt>
			<trkpt lat="46.358442" lon="13.859209">
				<ele>1860.000000</ele>
			</trkpt>
			<trkpt lat="46.358405" lon="13.859272">
				<ele>1860.000000</ele>
			</trkpt>
			<trkpt lat="46.358361" lon="13.859343">
				<ele>1860.000000</ele>
			</trkpt>
			<trkpt lat="46.358324" lon="13.859451">
				<ele>1859.000000</ele>
			</trkpt>
			<trkpt lat="46.358287" lon="13.859513">
				<ele>1859.000000</ele>
			</trkpt>
			<trkpt lat="46.358250" lon="13.859540">
				<ele>1858.000000</ele>
			</trkpt>
			<trkpt lat="46.358212" lon="13.859586">
				<ele>1858.000000</ele>
			</trkpt>
			<trkpt lat="46.358157" lon="13.859712">
				<ele>1857.000000</ele>
			</trkpt>
			<trkpt lat="46.358126" lon="13.859765">
				<ele>1857.000000</ele>
			</trkpt>
			<trkpt lat="46.358094" lon="13.859882">
				<ele>1856.000000</ele>
			</trkpt>
			<trkpt lat="46.358063" lon="13.859954">
				<ele>1856.000000</ele>
			</trkpt>
			<trkpt lat="46.358027" lon="13.859999">
				<ele>1855.000000</ele>
			</trkpt>
			<trkpt lat="46.357958" lon="13.860071">
				<ele>1855.000000</ele>
			</trkpt>
			<trkpt lat="46.357921" lon="13.860106">
				<ele>1854.000000</ele>
			</trkpt>
			<trkpt lat="46.357890" lon="13.860161">
				<ele>1854.000000</ele>
			</trkpt>
			<trkpt lat="46.357834" lon="13.860169">
				<ele>1853.000000</ele>
			</trkpt>
			<trkpt lat="46.357784" lon="13.860178">
				<ele>1853.000000</ele>
			</trkpt>
			<trkpt lat="46.357754" lon="13.860196">
				<ele>1853.000000</ele>
			</trkpt>
			<trkpt lat="46.357691" lon="13.860278">
				<ele>1852.000000</ele>
			</trkpt>
			<trkpt lat="46.357592" lon="13.860341">
				<ele>1851.000000</ele>
			</trkpt>
			<trkpt lat="46.357524" lon="13.860412">
				<ele>1851.000000</ele>
			</trkpt>
			<trkpt lat="46.357475" lon="13.860457">
				<ele>1850.000000</ele>
			</trkpt>
			<trkpt lat="46.357431" lon="13.860457">
				<ele>1850.000000</ele>
			</trkpt>
			<trkpt lat="46.357369" lon="13.860511">
				<ele>1849.000000</ele>
			</trkpt>
			<trkpt lat="46.357301" lon="13.860511">
				<ele>1848.000000</ele>
			</trkpt>
			<trkpt lat="46.357251" lon="13.860565">
				<ele>1847.000000</ele>
			</trkpt>
			<trkpt lat="46.357127" lon="13.860681">
				<ele>1845.000000</ele>
			</trkpt>
			<trkpt lat="46.357022" lon="13.860762">
				<ele>1843.000000</ele>
			</trkpt>
			<trkpt lat="46.356960" lon="13.860790">
				<ele>1842.000000</ele>
			</trkpt>
			<trkpt lat="46.356885" lon="13.860817">
				<ele>1841.000000</ele>
			</trkpt>
			<trkpt lat="46.356830" lon="13.860790">
				<ele>1840.000000</ele>
			</trkpt>
			<trkpt lat="46.356780" lon="13.860735">
				<ele>1839.000000</ele>
			</trkpt>
			<trkpt lat="46.356724" lon="13.860645">
				<ele>1837.000000</ele>
			</trkpt>
			<trkpt lat="46.356687" lon="13.860628">
				<ele>1836.000000</ele>
			</trkpt>
			<trkpt lat="46.356663" lon="13.860654">
				<ele>1836.000000</ele>
			</trkpt>
			<trkpt lat="46.356625" lon="13.860735">
				<ele>1834.000000</ele>
			</trkpt>
			<trkpt lat="46.356588" lon="13.860817">
				<ele>1833.000000</ele>
			</trkpt>
			<trkpt lat="46.356569" lon="13.860870">
				<ele>1832.000000</ele>
			</trkpt>
			<trkpt lat="46.356514" lon="13.860951">
				<ele>1830.000000</ele>
			</trkpt>
			<trkpt lat="46.356495" lon="13.861004">
				<ele>1829.000000</ele>
			</trkpt>
			<trkpt lat="46.356489" lon="13.861059">
				<ele>1828.000000</ele>
			</trkpt>
			<trkpt lat="46.356457" lon="13.861104">
				<ele>1827.000000</ele>
			</trkpt>
			<trkpt lat="46.356445" lon="13.861157">
				<ele>1827.000000</ele>
			</trkpt>
			<trkpt lat="46.356315" lon="13.861238">
				<ele>1824.000000</ele>
			</trkpt>
			<trkpt lat="46.356203" lon="13.861266">
				<ele>1821.000000</ele>
			</trkpt>
			<trkpt lat="46.356073" lon="13.861283">
				<ele>1819.000000</ele>
			</trkpt>
			<trkpt lat="46.356030" lon="13.861320">
				<ele>1819.000000</ele>
			</trkpt>
			<trkpt lat="46.355974" lon="13.861373">
				<ele>1818.000000</ele>
			</trkpt>
			<trkpt lat="46.355956" lon="13.861427">
				<ele>1817.000000</ele>
			</trkpt>
			<trkpt lat="46.355943" lon="13.861436">
				<ele>1817.000000</ele>
			</trkpt>
			<trkpt lat="46.355832" lon="13.861481">
				<ele>1812.000000</ele>
			</trkpt>
			<trkpt lat="46.355788" lon="13.861544">
				<ele>1812.000000</ele>
			</trkpt>
			<trkpt lat="46.355763" lon="13.861607">
				<ele>1812.000000</ele>
			</trkpt>
			<trkpt lat="46.355745" lon="13.861670">
				<ele>1812.000000</ele>
			</trkpt>
			<trkpt lat="46.355701" lon="13.861742">
				<ele>1813.000000</ele>
			</trkpt>
			<trkpt lat="46.355565" lon="13.861849">
				<ele>1813.000000</ele>
			</trkpt>
			<trkpt lat="46.355454" lon="13.861957">
				<ele>1814.000000</ele>
			</trkpt>
			<trkpt lat="46.355397" lon="13.862012">
				<ele>1814.000000</ele>
			</trkpt>
			<trkpt lat="46.355348" lon="13.862029">
				<ele>1814.000000</ele>
			</trkpt>
			<trkpt lat="46.355280" lon="13.862046">
				<ele>1815.000000</ele>
			</trkpt>
			<trkpt lat="46.355212" lon="13.862101">
				<ele>1815.000000</ele>
			</trkpt>
			<trkpt lat="46.355137" lon="13.862163">
				<ele>1815.000000</ele>
			</trkpt>
			<trkpt lat="46.355081" lon="13.862182">
				<ele>1816.000000</ele>
			</trkpt>
			<trkpt lat="46.355019" lon="13.862163">
				<ele>1816.000000</ele>
			</trkpt>
			<trkpt lat="46.354982" lon="13.862109">
				<ele>1816.000000</ele>
			</trkpt>
			<trkpt lat="46.354933" lon="13.862020">
				<ele>1816.000000</ele>
			</trkpt>
			<trkpt lat="46.354870" lon="13.861867">
				<ele>1817.000000</ele>
			</trkpt>
			<trkpt lat="46.354790" lon="13.861804">
				<ele>1817.000000</ele>
			</trkpt>
			<trkpt lat="46.354715" lon="13.861733">
				<ele>1818.000000</ele>
			</trkpt>
			<trkpt lat="46.354591" lon="13.861706">
				<ele>1818.000000</ele>
			</trkpt>
			<trkpt lat="46.354455" lon="13.861687">
				<ele>1819.000000</ele>
			</trkpt>
			<trkpt lat="46.354362" lon="13.861706">
				<ele>1819.000000</ele>
			</trkpt>
			<trkpt lat="46.354300" lon="13.861706">
				<ele>1819.000000</ele>
			</trkpt>
			<trkpt lat="46.354245" lon="13.861679">
				<ele>1820.000000</ele>
			</trkpt>
			<trkpt lat="46.354182" lon="13.861652">
				<ele>1820.000000</ele>
			</trkpt>
			<trkpt lat="46.354046" lon="13.861580">
				<ele>1821.000000</ele>
			</trkpt>
			<trkpt lat="46.353941" lon="13.861481">
				<ele>1822.000000</ele>
			</trkpt>
			<trkpt lat="46.353916" lon="13.861400">
				<ele>1822.000000</ele>
			</trkpt>
			<trkpt lat="46.353848" lon="13.861337">
				<ele>1823.000000</ele>
			</trkpt>
			<trkpt lat="46.353730" lon="13.861194">
				<ele>1824.000000</ele>
			</trkpt>
			<trkpt lat="46.353636" lon="13.861130">
				<ele>1825.000000</ele>
			</trkpt>
			<trkpt lat="46.353506" lon="13.861023">
				<ele>1826.000000</ele>
			</trkpt>
			<trkpt lat="46.353389" lon="13.860978">
				<ele>1827.000000</ele>
			</trkpt>
			<trkpt lat="46.353321" lon="13.860933">
				<ele>1827.000000</ele>
			</trkpt>
			<trkpt lat="46.353258" lon="13.860861">
				<ele>1828.000000</ele>
			</trkpt>
			<trkpt lat="46.353233" lon="13.860790">
				<ele>1828.000000</ele>
			</trkpt>
			<trkpt lat="46.353203" lon="13.860735">
				<ele>1829.000000</ele>
			</trkpt>
			<trkpt lat="46.353172" lon="13.860700">
				<ele>1829.000000</ele>
			</trkpt>
			<trkpt lat="46.353091" lon="13.860691">
				<ele>1830.000000</ele>
			</trkpt>
			<trkpt lat="46.352973" lon="13.860628">
				<ele>1830.000000</ele>
			</trkpt>
			<trkpt lat="46.352887" lon="13.860547">
				<ele>1830.000000</ele>
			</trkpt>
			<trkpt lat="46.352800" lon="13.860465">
				<ele>1830.000000</ele>
			</trkpt>
			<trkpt lat="46.352738" lon="13.860430">
				<ele>1830.000000</ele>
			</trkpt>
			<trkpt lat="46.352676" lon="13.860430">
				<ele>1830.000000</ele>
			</trkpt>
			<trkpt lat="46.352645" lon="13.860457">
				<ele>1830.000000</ele>
			</trkpt>
			<trkpt lat="46.352608" lon="13.860475">
				<ele>1830.000000</ele>
			</trkpt>
			<trkpt lat="46.352552" lon="13.860511">
				<ele>1830.000000</ele>
			</trkpt>
			<trkpt lat="46.352502" lon="13.860520">
				<ele>1830.000000</ele>
			</trkpt>
			<trkpt lat="46.352434" lon="13.860520">
				<ele>1830.000000</ele>
			</trkpt>
			<trkpt lat="46.352378" lon="13.860501">
				<ele>1830.000000</ele>
			</trkpt>
			<trkpt lat="46.352316" lon="13.860465">
				<ele>1830.000000</ele>
			</trkpt>
			<trkpt lat="46.352229" lon="13.860394">
				<ele>1830.000000</ele>
			</trkpt>
			<trkpt lat="46.352180" lon="13.860394">
				<ele>1830.000000</ele>
			</trkpt>
			<trkpt lat="46.352124" lon="13.860438">
				<ele>1830.000000</ele>
			</trkpt>
			<trkpt lat="46.352081" lon="13.860465">
				<ele>1830.000000</ele>
			</trkpt>
			<trkpt lat="46.351994" lon="13.860538">
				<ele>1830.000000</ele>
			</trkpt>
			<trkpt lat="46.351820" lon="13.860610">
				<ele>1830.000000</ele>
			</trkpt>
			<trkpt lat="46.351646" lon="13.860717">
				<ele>1830.000000</ele>
			</trkpt>
			<trkpt lat="46.351522" lon="13.860780">
				<ele>1830.000000</ele>
			</trkpt>
			<trkpt lat="46.351417" lon="13.860798">
				<ele>1830.000000</ele>
			</trkpt>
			<trkpt lat="46.351349" lon="13.860790">
				<ele>1830.000000</ele>
			</trkpt>
			<trkpt lat="46.351256" lon="13.860790">
				<ele>1830.000000</ele>
			</trkpt>
			<trkpt lat="46.351169" lon="13.860700">
				<ele>1830.000000</ele>
			</trkpt>
			<trkpt lat="46.351113" lon="13.860691">
				<ele>1830.000000</ele>
			</trkpt>
			<trkpt lat="46.351027" lon="13.860672">
				<ele>1830.000000</ele>
			</trkpt>
			<trkpt lat="46.350964" lon="13.860618">
				<ele>1830.000000</ele>
			</trkpt>
			<trkpt lat="46.350853" lon="13.860528">
				<ele>1830.000000</ele>
			</trkpt>
			<trkpt lat="46.350797" lon="13.860448">
				<ele>1830.000000</ele>
			</trkpt>
			<trkpt lat="46.350772" lon="13.860412">
				<ele>1830.000000</ele>
			</trkpt>
			<trkpt lat="46.350685" lon="13.860286">
				<ele>1830.000000</ele>
			</trkpt>
			<trkpt lat="46.350605" lon="13.860196">
				<ele>1830.000000</ele>
			</trkpt>
			<trkpt lat="46.350555" lon="13.860161">
				<ele>1830.000000</ele>
			</trkpt>
			<trkpt lat="46.350481" lon="13.860106">
				<ele>1830.000000</ele>
			</trkpt>
			<trkpt lat="46.350406" lon="13.860044">
				<ele>1829.000000</ele>
			</trkpt>
			<trkpt lat="46.350357" lon="13.859989">
				<ele>1828.000000</ele>
			</trkpt>
			<trkpt lat="46.350270" lon="13.859899">
				<ele>1827.000000</ele>
			</trkpt>
			<trkpt lat="46.350146" lon="13.859783">
				<ele>1824.000000</ele>
			</trkpt>
			<trkpt lat="46.350053" lon="13.859729">
				<ele>1823.000000</ele>
			</trkpt>
			<trkpt lat="46.350015" lon="13.859693">
				<ele>1822.000000</ele>
			</trkpt>
			<trkpt lat="46.349973" lon="13.859622">
				<ele>1821.000000</ele>
			</trkpt>
			<trkpt lat="46.349954" lon="13.859559">
				<ele>1820.000000</ele>
			</trkpt>
			<trkpt lat="46.349948" lon="13.859469">
				<ele>1820.000000</ele>
			</trkpt>
			<trkpt lat="46.349916" lon="13.859370">
				<ele>1820.000000</ele>
			</trkpt>
			<trkpt lat="46.349891" lon="13.859352">
				<ele>1820.000000</ele>
			</trkpt>
			<trkpt lat="46.349855" lon="13.859316">
				<ele>1820.000000</ele>
			</trkpt>
			<trkpt lat="46.349836" lon="13.859272">
				<ele>1820.000000</ele>
			</trkpt>
			<trkpt lat="46.349792" lon="13.859244">
				<ele>1820.000000</ele>
			</trkpt>
			<trkpt lat="46.349718" lon="13.859154">
				<ele>1820.000000</ele>
			</trkpt>
			<trkpt lat="46.349662" lon="13.859064">
				<ele>1820.000000</ele>
			</trkpt>
			<trkpt lat="46.349464" lon="13.858957">
				<ele>1820.000000</ele>
			</trkpt>
			<trkpt lat="46.349377" lon="13.858939">
				<ele>1820.000000</ele>
			</trkpt>
			<trkpt lat="46.349297" lon="13.858894">
				<ele>1820.000000</ele>
			</trkpt>
			<trkpt lat="46.349284" lon="13.858903">
				<ele>1820.000000</ele>
			</trkpt>
			<trkpt lat="46.349216" lon="13.858920">
				<ele>1820.000000</ele>
			</trkpt>
			<trkpt lat="46.349104" lon="13.858930">
				<ele>1820.000000</ele>
			</trkpt>
			<trkpt lat="46.349043" lon="13.858939">
				<ele>1819.000000</ele>
			</trkpt>
			<trkpt lat="46.348961" lon="13.858930">
				<ele>1819.000000</ele>
			</trkpt>
			<trkpt lat="46.348881" lon="13.858912">
				<ele>1818.000000</ele>
			</trkpt>
			<trkpt lat="46.348782" lon="13.858894">
				<ele>1817.000000</ele>
			</trkpt>
			<trkpt lat="46.348745" lon="13.858920">
				<ele>1817.000000</ele>
			</trkpt>
			<trkpt lat="46.348701" lon="13.858957">
				<ele>1817.000000</ele>
			</trkpt>
			<trkpt lat="46.348652" lon="13.858983">
				<ele>1816.000000</ele>
			</trkpt>
			<trkpt lat="46.348614" lon="13.858983">
				<ele>1816.000000</ele>
			</trkpt>
			<trkpt lat="46.348558" lon="13.858957">
				<ele>1816.000000</ele>
			</trkpt>
			<trkpt lat="46.348497" lon="13.858983">
				<ele>1815.000000</ele>
			</trkpt>
			<trkpt lat="46.348459" lon="13.859020">
				<ele>1815.000000</ele>
			</trkpt>
			<trkpt lat="46.348434" lon="13.859064">
				<ele>1814.000000</ele>
			</trkpt>
			<trkpt lat="46.348428" lon="13.859100">
				<ele>1814.000000</ele>
			</trkpt>
			<trkpt lat="46.348397" lon="13.859136">
				<ele>1814.000000</ele>
			</trkpt>
			<trkpt lat="46.348367" lon="13.859154">
				<ele>1814.000000</ele>
			</trkpt>
			<trkpt lat="46.348329" lon="13.859217">
				<ele>1813.000000</ele>
			</trkpt>
			<trkpt lat="46.348292" lon="13.859235">
				<ele>1813.000000</ele>
			</trkpt>
			<trkpt lat="46.348261" lon="13.859253">
				<ele>1813.000000</ele>
			</trkpt>
			<trkpt lat="46.348243" lon="13.859307">
				<ele>1812.000000</ele>
			</trkpt>
			<trkpt lat="46.348211" lon="13.859352">
				<ele>1812.000000</ele>
			</trkpt>
			<trkpt lat="46.348186" lon="13.859343">
				<ele>1812.000000</ele>
			</trkpt>
			<trkpt lat="46.348168" lon="13.859415">
				<ele>1812.000000</ele>
			</trkpt>
			<trkpt lat="46.348125" lon="13.859522">
				<ele>1811.000000</ele>
			</trkpt>
			<trkpt lat="46.348149" lon="13.859576">
				<ele>1811.000000</ele>
			</trkpt>
			<trkpt lat="46.348137" lon="13.859622">
				<ele>1810.000000</ele>
			</trkpt>
			<trkpt lat="46.348125" lon="13.859712">
				<ele>1810.000000</ele>
			</trkpt>
			<trkpt lat="46.348118" lon="13.859765">
				<ele>1810.000000</ele>
			</trkpt>
			<trkpt lat="46.348125" lon="13.859819">
				<ele>1810.000000</ele>
			</trkpt>
			<trkpt lat="46.348112" lon="13.859882">
				<ele>1810.000000</ele>
			</trkpt>
			<trkpt lat="46.348112" lon="13.859928">
				<ele>1810.000000</ele>
			</trkpt>
			<trkpt lat="46.348106" lon="13.859972">
				<ele>1810.000000</ele>
			</trkpt>
			<trkpt lat="46.348118" lon="13.859999">
				<ele>1810.000000</ele>
			</trkpt>
			<trkpt lat="46.348137" lon="13.860052">
				<ele>1810.000000</ele>
			</trkpt>
			<trkpt lat="46.348180" lon="13.860125">
				<ele>1810.000000</ele>
			</trkpt>
			<trkpt lat="46.348218" lon="13.860215">
				<ele>1810.000000</ele>
			</trkpt>
			<trkpt lat="46.348224" lon="13.860241">
				<ele>1810.000000</ele>
			</trkpt>
			<trkpt lat="46.348224" lon="13.860278">
				<ele>1810.000000</ele>
			</trkpt>
			<trkpt lat="46.348186" lon="13.860404">
				<ele>1810.000000</ele>
			</trkpt>
			<trkpt lat="46.348149" lon="13.860501">
				<ele>1810.000000</ele>
			</trkpt>
			<trkpt lat="46.348137" lon="13.860601">
				<ele>1810.000000</ele>
			</trkpt>
			<trkpt lat="46.348125" lon="13.860645">
				<ele>1810.000000</ele>
			</trkpt>
			<trkpt lat="46.348118" lon="13.860754">
				<ele>1811.000000</ele>
			</trkpt>
			<trkpt lat="46.348094" lon="13.860825">
				<ele>1812.000000</ele>
			</trkpt>
			<trkpt lat="46.348044" lon="13.860951">
				<ele>1814.000000</ele>
			</trkpt>
			<trkpt lat="46.348037" lon="13.861041">
				<ele>1815.000000</ele>
			</trkpt>
			<trkpt lat="46.348013" lon="13.861094">
				<ele>1816.000000</ele>
			</trkpt>
			<trkpt lat="46.347957" lon="13.861157">
				<ele>1818.000000</ele>
			</trkpt>
			<trkpt lat="46.347895" lon="13.861220">
				<ele>1819.000000</ele>
			</trkpt>
			<trkpt lat="46.347882" lon="13.861238">
				<ele>1819.000000</ele>
			</trkpt>
			<trkpt lat="46.347815" lon="13.861328">
				<ele>1825.000000</ele>
			</trkpt>
			<trkpt lat="46.347715" lon="13.861417">
				<ele>1830.000000</ele>
			</trkpt>
			<trkpt lat="46.347628" lon="13.861436">
				<ele>1830.000000</ele>
			</trkpt>
			<trkpt lat="46.347585" lon="13.861472">
				<ele>1830.000000</ele>
			</trkpt>
			<trkpt lat="46.347535" lon="13.861526">
				<ele>1830.000000</ele>
			</trkpt>
			<trkpt lat="46.347455" lon="13.861679">
				<ele>1830.000000</ele>
			</trkpt>
			<trkpt lat="46.347418" lon="13.861804">
				<ele>1830.000000</ele>
			</trkpt>
			<trkpt lat="46.347368" lon="13.861886">
				<ele>1830.000000</ele>
			</trkpt>
			<trkpt lat="46.347331" lon="13.861957">
				<ele>1830.000000</ele>
			</trkpt>
			<trkpt lat="46.347300" lon="13.862038">
				<ele>1830.000000</ele>
			</trkpt>
			<trkpt lat="46.347275" lon="13.862073">
				<ele>1830.000000</ele>
			</trkpt>
			<trkpt lat="46.347256" lon="13.862136">
				<ele>1830.000000</ele>
			</trkpt>
			<trkpt lat="46.347250" lon="13.862209">
				<ele>1830.000000</ele>
			</trkpt>
			<trkpt lat="46.347200" lon="13.862299">
				<ele>1830.000000</ele>
			</trkpt>
			<trkpt lat="46.347076" lon="13.862388">
				<ele>1830.000000</ele>
			</trkpt>
			<trkpt lat="46.347046" lon="13.862460">
				<ele>1830.000000</ele>
			</trkpt>
			<trkpt lat="46.347021" lon="13.862523">
				<ele>1830.000000</ele>
			</trkpt>
			<trkpt lat="46.346990" lon="13.862568">
				<ele>1830.000000</ele>
			</trkpt>
			<trkpt lat="46.346983" lon="13.862639">
				<ele>1830.000000</ele>
			</trkpt>
			<trkpt lat="46.347002" lon="13.862685">
				<ele>1830.000000</ele>
			</trkpt>
			<trkpt lat="46.347021" lon="13.862801">
				<ele>1830.000000</ele>
			</trkpt>
			<trkpt lat="46.347040" lon="13.862901">
				<ele>1830.000000</ele>
			</trkpt>
			<trkpt lat="46.347046" lon="13.863062">
				<ele>1830.000000</ele>
			</trkpt>
			<trkpt lat="46.347040" lon="13.863314">
				<ele>1830.000000</ele>
			</trkpt>
			<trkpt lat="46.347052" lon="13.863494">
				<ele>1831.000000</ele>
			</trkpt>
			<trkpt lat="46.347033" lon="13.863654">
				<ele>1831.000000</ele>
			</trkpt>
			<trkpt lat="46.346990" lon="13.863826">
				<ele>1832.000000</ele>
			</trkpt>
			<trkpt lat="46.346990" lon="13.863907">
				<ele>1833.000000</ele>
			</trkpt>
			<trkpt lat="46.346965" lon="13.863996">
				<ele>1833.000000</ele>
			</trkpt>
			<trkpt lat="46.346952" lon="13.864104">
				<ele>1833.000000</ele>
			</trkpt>
			<trkpt lat="46.346916" lon="13.864176">
				<ele>1834.000000</ele>
			</trkpt>
			<trkpt lat="46.346909" lon="13.864247">
				<ele>1834.000000</ele>
			</trkpt>
			<trkpt lat="46.346903" lon="13.864302">
				<ele>1834.000000</ele>
			</trkpt>
			<trkpt lat="46.346916" lon="13.864373">
				<ele>1835.000000</ele>
			</trkpt>
			<trkpt lat="46.346934" lon="13.864446">
				<ele>1835.000000</ele>
			</trkpt>
			<trkpt lat="46.346946" lon="13.864536">
				<ele>1835.000000</ele>
			</trkpt>
			<trkpt lat="46.346922" lon="13.864580">
				<ele>1836.000000</ele>
			</trkpt>
			<trkpt lat="46.346909" lon="13.864688">
				<ele>1836.000000</ele>
			</trkpt>
			<trkpt lat="46.346922" lon="13.864778">
				<ele>1837.000000</ele>
			</trkpt>
			<trkpt lat="46.346903" lon="13.864859">
				<ele>1837.000000</ele>
			</trkpt>
			<trkpt lat="46.346841" lon="13.864939">
				<ele>1837.000000</ele>
			</trkpt>
			<trkpt lat="46.346754" lon="13.865038">
				<ele>1838.000000</ele>
			</trkpt>
			<trkpt lat="46.346698" lon="13.865165">
				<ele>1839.000000</ele>
			</trkpt>
			<trkpt lat="46.346624" lon="13.865281">
				<ele>1839.000000</ele>
			</trkpt>
			<trkpt lat="46.346605" lon="13.865352">
				<ele>1840.000000</ele>
			</trkpt>
			<trkpt lat="46.346587" lon="13.865434">
				<ele>1840.000000</ele>
			</trkpt>
			<trkpt lat="46.346543" lon="13.865488">
				<ele>1840.000000</ele>
			</trkpt>
			<trkpt lat="46.346506" lon="13.865551">
				<ele>1841.000000</ele>
			</trkpt>
			<trkpt lat="46.346413" lon="13.865704">
				<ele>1841.000000</ele>
			</trkpt>
			<trkpt lat="46.346364" lon="13.865784">
				<ele>1841.000000</ele>
			</trkpt>
			<trkpt lat="46.346332" lon="13.865901">
				<ele>1842.000000</ele>
			</trkpt>
			<trkpt lat="46.346295" lon="13.866090">
				<ele>1842.000000</ele>
			</trkpt>
			<trkpt lat="46.346289" lon="13.866287">
				<ele>1843.000000</ele>
			</trkpt>
			<trkpt lat="46.346295" lon="13.866457">
				<ele>1843.000000</ele>
			</trkpt>
			<trkpt lat="46.346289" lon="13.866628">
				<ele>1844.000000</ele>
			</trkpt>
			<trkpt lat="46.346276" lon="13.866718">
				<ele>1844.000000</ele>
			</trkpt>
			<trkpt lat="46.346295" lon="13.866853">
				<ele>1844.000000</ele>
			</trkpt>
			<trkpt lat="46.346301" lon="13.866960">
				<ele>1845.000000</ele>
			</trkpt>
			<trkpt lat="46.346301" lon="13.867069">
				<ele>1845.000000</ele>
			</trkpt>
			<trkpt lat="46.346320" lon="13.867203">
				<ele>1845.000000</ele>
			</trkpt>
			<trkpt lat="46.346320" lon="13.867275">
				<ele>1846.000000</ele>
			</trkpt>
			<trkpt lat="46.346332" lon="13.867383">
				<ele>1846.000000</ele>
			</trkpt>
			<trkpt lat="46.346364" lon="13.867589">
				<ele>1846.000000</ele>
			</trkpt>
			<trkpt lat="46.346382" lon="13.867760">
				<ele>1847.000000</ele>
			</trkpt>
			<trkpt lat="46.346407" lon="13.867849">
				<ele>1847.000000</ele>
			</trkpt>
			<trkpt lat="46.346413" lon="13.867958">
				<ele>1847.000000</ele>
			</trkpt>
			<trkpt lat="46.346444" lon="13.868102">
				<ele>1848.000000</ele>
			</trkpt>
			<trkpt lat="46.346475" lon="13.868281">
				<ele>1848.000000</ele>
			</trkpt>
			<trkpt lat="46.346513" lon="13.868444">
				<ele>1849.000000</ele>
			</trkpt>
			<trkpt lat="46.346574" lon="13.868578">
				<ele>1849.000000</ele>
			</trkpt>
			<trkpt lat="46.346624" lon="13.868650">
				<ele>1850.000000</ele>
			</trkpt>
			<trkpt lat="46.346637" lon="13.868704">
				<ele>1850.000000</ele>
			</trkpt>
			<trkpt lat="46.346649" lon="13.868767">
				<ele>1850.000000</ele>
			</trkpt>
			<trkpt lat="46.346679" lon="13.868784">
				<ele>1850.000000</ele>
			</trkpt>
			<trkpt lat="46.346698" lon="13.868830">
				<ele>1850.000000</ele>
			</trkpt>
			<trkpt lat="46.346723" lon="13.868874">
				<ele>1850.000000</ele>
			</trkpt>
			<trkpt lat="46.346748" lon="13.868937">
				<ele>1850.000000</ele>
			</trkpt>
			<trkpt lat="46.346797" lon="13.869099">
				<ele>1850.000000</ele>
			</trkpt>
			<trkpt lat="46.346866" lon="13.869180">
				<ele>1850.000000</ele>
			</trkpt>
			<trkpt lat="46.346909" lon="13.869278">
				<ele>1850.000000</ele>
			</trkpt>
			<trkpt lat="46.346946" lon="13.869520">
				<ele>1850.000000</ele>
			</trkpt>
			<trkpt lat="46.347182" lon="13.870033">
				<ele>1850.000000</ele>
			</trkpt>
			<trkpt lat="46.347219" lon="13.870105">
				<ele>1850.000000</ele>
			</trkpt>
			<trkpt lat="46.347244" lon="13.870195">
				<ele>1850.000000</ele>
			</trkpt>
			<trkpt lat="46.347294" lon="13.870293">
				<ele>1850.000000</ele>
			</trkpt>
			<trkpt lat="46.347362" lon="13.870402">
				<ele>1850.000000</ele>
			</trkpt>
			<trkpt lat="46.347455" lon="13.870608">
				<ele>1850.000000</ele>
			</trkpt>
			<trkpt lat="46.347542" lon="13.870761">
				<ele>1850.000000</ele>
			</trkpt>
			<trkpt lat="46.347597" lon="13.870914">
				<ele>1850.000000</ele>
			</trkpt>
			<trkpt lat="46.347616" lon="13.870958">
				<ele>1850.000000</ele>
			</trkpt>
			<trkpt lat="46.347684" lon="13.871065">
				<ele>1850.000000</ele>
			</trkpt>
			<trkpt lat="46.347771" lon="13.871191">
				<ele>1850.000000</ele>
			</trkpt>
			<trkpt lat="46.347840" lon="13.871218">
				<ele>1850.000000</ele>
			</trkpt>
			<trkpt lat="46.347889" lon="13.871218">
				<ele>1850.000000</ele>
			</trkpt>
			<trkpt lat="46.347964" lon="13.871155">
				<ele>1850.000000</ele>
			</trkpt>
			<trkpt lat="46.348075" lon="13.871065">
				<ele>1850.000000</ele>
			</trkpt>
			<trkpt lat="46.348155" lon="13.871075">
				<ele>1850.000000</ele>
			</trkpt>
			<trkpt lat="46.348224" lon="13.871138">
				<ele>1850.000000</ele>
			</trkpt>
			<trkpt lat="46.348261" lon="13.871183">
				<ele>1850.000000</ele>
			</trkpt>
			<trkpt lat="46.348323" lon="13.871218">
				<ele>1850.000000</ele>
			</trkpt>
			<trkpt lat="46.348403" lon="13.871228">
				<ele>1851.000000</ele>
			</trkpt>
			<trkpt lat="46.348447" lon="13.871264">
				<ele>1852.000000</ele>
			</trkpt>
			<trkpt lat="46.348509" lon="13.871300">
				<ele>1853.000000</ele>
			</trkpt>
			<trkpt lat="46.348577" lon="13.871300">
				<ele>1854.000000</ele>
			</trkpt>
			<trkpt lat="46.348639" lon="13.871335">
				<ele>1855.000000</ele>
			</trkpt>
			<trkpt lat="46.348720" lon="13.871318">
				<ele>1856.000000</ele>
			</trkpt>
			<trkpt lat="46.348763" lon="13.871344">
				<ele>1856.000000</ele>
			</trkpt>
			<trkpt lat="46.348825" lon="13.871344">
				<ele>1857.000000</ele>
			</trkpt>
			<trkpt lat="46.348949" lon="13.871300">
				<ele>1858.000000</ele>
			</trkpt>
			<trkpt lat="46.349018" lon="13.871281">
				<ele>1859.000000</ele>
			</trkpt>
			<trkpt lat="46.349067" lon="13.871264">
				<ele>1860.000000</ele>
			</trkpt>
			<trkpt lat="46.349166" lon="13.871281">
				<ele>1860.000000</ele>
			</trkpt>
			<trkpt lat="46.349234" lon="13.871327">
				<ele>1860.000000</ele>
			</trkpt>
			<trkpt lat="46.349272" lon="13.871354">
				<ele>1860.000000</ele>
			</trkpt>
			<trkpt lat="46.349327" lon="13.871344">
				<ele>1860.000000</ele>
			</trkpt>
			<trkpt lat="46.349364" lon="13.871354">
				<ele>1860.000000</ele>
			</trkpt>
			<trkpt lat="46.349446" lon="13.871390">
				<ele>1860.000000</ele>
			</trkpt>
			<trkpt lat="46.349526" lon="13.871425">
				<ele>1860.000000</ele>
			</trkpt>
			<trkpt lat="46.349557" lon="13.871434">
				<ele>1860.000000</ele>
			</trkpt>
			<trkpt lat="46.349588" lon="13.871470">
				<ele>1860.000000</ele>
			</trkpt>
			<trkpt lat="46.349662" lon="13.871488">
				<ele>1860.000000</ele>
			</trkpt>
			<trkpt lat="46.349706" lon="13.871488">
				<ele>1860.000000</ele>
			</trkpt>
			<trkpt lat="46.349743" lon="13.871507">
				<ele>1860.000000</ele>
			</trkpt>
			<trkpt lat="46.349767" lon="13.871515">
				<ele>1860.000000</ele>
			</trkpt>
			<trkpt lat="46.349792" lon="13.871515">
				<ele>1860.000000</ele>
			</trkpt>
			<trkpt lat="46.349855" lon="13.871524">
				<ele>1860.000000</ele>
			</trkpt>
			<trkpt lat="46.349916" lon="13.871578">
				<ele>1860.000000</ele>
			</trkpt>
			<trkpt lat="46.349979" lon="13.871641">
				<ele>1860.000000</ele>
			</trkpt>
			<trkpt lat="46.350034" lon="13.871721">
				<ele>1860.000000</ele>
			</trkpt>
			<trkpt lat="46.350059" lon="13.871757">
				<ele>1860.000000</ele>
			</trkpt>
			<trkpt lat="46.350097" lon="13.871784">
				<ele>1860.000000</ele>
			</trkpt>
			<trkpt lat="46.350140" lon="13.871794">
				<ele>1860.000000</ele>
			</trkpt>
			<trkpt lat="46.350158" lon="13.871794">
				<ele>1860.000000</ele>
			</trkpt>
			<trkpt lat="46.350177" lon="13.871776">
				<ele>1860.000000</ele>
			</trkpt>
			<trkpt lat="46.350227" lon="13.871784">
				<ele>1860.000000</ele>
			</trkpt>
			<trkpt lat="46.350264" lon="13.871803">
				<ele>1860.000000</ele>
			</trkpt>
			<trkpt lat="46.350344" lon="13.871857">
				<ele>1860.000000</ele>
			</trkpt>
			<trkpt lat="46.350376" lon="13.871893">
				<ele>1860.000000</ele>
			</trkpt>
			<trkpt lat="46.350400" lon="13.871937">
				<ele>1860.000000</ele>
			</trkpt>
			<trkpt lat="46.350437" lon="13.871983">
				<ele>1860.000000</ele>
			</trkpt>
			<trkpt lat="46.350450" lon="13.872018">
				<ele>1860.000000</ele>
			</trkpt>
			<trkpt lat="46.350468" lon="13.872027">
				<ele>1860.000000</ele>
			</trkpt>
			<trkpt lat="46.350506" lon="13.872036">
				<ele>1860.000000</ele>
			</trkpt>
			<trkpt lat="46.350524" lon="13.872073">
				<ele>1860.000000</ele>
			</trkpt>
			<trkpt lat="46.350555" lon="13.872126">
				<ele>1860.000000</ele>
			</trkpt>
			<trkpt lat="46.350580" lon="13.872153">
				<ele>1860.000000</ele>
			</trkpt>
			<trkpt lat="46.350580" lon="13.872189">
				<ele>1860.000000</ele>
			</trkpt>
			<trkpt lat="46.350599" lon="13.872225">
				<ele>1860.000000</ele>
			</trkpt>
			<trkpt lat="46.350624" lon="13.872260">
				<ele>1860.000000</ele>
			</trkpt>
			<trkpt lat="46.350679" lon="13.872297">
				<ele>1860.000000</ele>
			</trkpt>
			<trkpt lat="46.350716" lon="13.872323">
				<ele>1860.000000</ele>
			</trkpt>
			<trkpt lat="46.350779" lon="13.872360">
				<ele>1860.000000</ele>
			</trkpt>
			<trkpt lat="46.350803" lon="13.872404">
				<ele>1860.000000</ele>
			</trkpt>
			<trkpt lat="46.350821" lon="13.872449">
				<ele>1860.000000</ele>
			</trkpt>
			<trkpt lat="46.350840" lon="13.872476">
				<ele>1860.000000</ele>
			</trkpt>
			<trkpt lat="46.350884" lon="13.872503">
				<ele>1860.000000</ele>
			</trkpt>
			<trkpt lat="46.350921" lon="13.872512">
				<ele>1860.000000</ele>
			</trkpt>
			<trkpt lat="46.350995" lon="13.872512">
				<ele>1860.000000</ele>
			</trkpt>
			<trkpt lat="46.351076" lon="13.872494">
				<ele>1860.000000</ele>
			</trkpt>
			<trkpt lat="46.351094" lon="13.872530">
				<ele>1860.000000</ele>
			</trkpt>
			<trkpt lat="46.351101" lon="13.872575">
				<ele>1860.000000</ele>
			</trkpt>
			<trkpt lat="46.351113" lon="13.872620">
				<ele>1860.000000</ele>
			</trkpt>
			<trkpt lat="46.351157" lon="13.872673">
				<ele>1860.000000</ele>
			</trkpt>
			<trkpt lat="46.351256" lon="13.872782">
				<ele>1860.000000</ele>
			</trkpt>
			<trkpt lat="46.351281" lon="13.872826">
				<ele>1860.000000</ele>
			</trkpt>
			<trkpt lat="46.351293" lon="13.872853">
				<ele>1860.000000</ele>
			</trkpt>
			<trkpt lat="46.351293" lon="13.872872">
				<ele>1860.000000</ele>
			</trkpt>
			<trkpt lat="46.351306" lon="13.872899">
				<ele>1860.000000</ele>
			</trkpt>
			<trkpt lat="46.351336" lon="13.872925">
				<ele>1860.000000</ele>
			</trkpt>
			<trkpt lat="46.351367" lon="13.872962">
				<ele>1860.000000</ele>
			</trkpt>
			<trkpt lat="46.351398" lon="13.873006">
				<ele>1860.000000</ele>
			</trkpt>
			<trkpt lat="46.351411" lon="13.873015">
				<ele>1860.000000</ele>
			</trkpt>
			<trkpt lat="46.351467" lon="13.873033">
				<ele>1860.000000</ele>
			</trkpt>
			<trkpt lat="46.351497" lon="13.873069">
				<ele>1860.000000</ele>
			</trkpt>
			<trkpt lat="46.351510" lon="13.873088">
				<ele>1860.000000</ele>
			</trkpt>
			<trkpt lat="46.351529" lon="13.873123">
				<ele>1860.000000</ele>
			</trkpt>
			<trkpt lat="46.351535" lon="13.873132">
				<ele>1860.000000</ele>
			</trkpt>
			<trkpt lat="46.351547" lon="13.873141">
				<ele>1860.000000</ele>
			</trkpt>
			<trkpt lat="46.351560" lon="13.873141">
				<ele>1860.000000</ele>
			</trkpt>
			<trkpt lat="46.351572" lon="13.873141">
				<ele>1860.000000</ele>
			</trkpt>
			<trkpt lat="46.351603" lon="13.873132">
				<ele>1860.000000</ele>
			</trkpt>
			<trkpt lat="46.351615" lon="13.873132">
				<ele>1860.000000</ele>
			</trkpt>
			<trkpt lat="46.351628" lon="13.873141">
				<ele>1860.000000</ele>
			</trkpt>
			<trkpt lat="46.351628" lon="13.873149">
				<ele>1860.000000</ele>
			</trkpt>
			<trkpt lat="46.351628" lon="13.873168">
				<ele>1860.000000</ele>
			</trkpt>
			<trkpt lat="46.351628" lon="13.873178">
				<ele>1860.000000</ele>
			</trkpt>
			<trkpt lat="46.351653" lon="13.873212">
				<ele>1860.000000</ele>
			</trkpt>
			<trkpt lat="46.351703" lon="13.873321">
				<ele>1860.000000</ele>
			</trkpt>
			<trkpt lat="46.351715" lon="13.873365">
				<ele>1860.000000</ele>
			</trkpt>
			<trkpt lat="46.351727" lon="13.873384">
				<ele>1860.000000</ele>
			</trkpt>
			<trkpt lat="46.351739" lon="13.873392">
				<ele>1860.000000</ele>
			</trkpt>
			<trkpt lat="46.351795" lon="13.873419">
				<ele>1860.000000</ele>
			</trkpt>
			<trkpt lat="46.351888" lon="13.873482">
				<ele>1860.000000</ele>
			</trkpt>
			<trkpt lat="46.351957" lon="13.873509">
				<ele>1860.000000</ele>
			</trkpt>
			<trkpt lat="46.351988" lon="13.873518">
				<ele>1860.000000</ele>
			</trkpt>
			<trkpt lat="46.352012" lon="13.873518">
				<ele>1860.000000</ele>
			</trkpt>
			<trkpt lat="46.352031" lon="13.873528">
				<ele>1860.000000</ele>
			</trkpt>
			<trkpt lat="46.352043" lon="13.873536">
				<ele>1860.000000</ele>
			</trkpt>
			<trkpt lat="46.352056" lon="13.873572">
				<ele>1860.000000</ele>
			</trkpt>
			<trkpt lat="46.352074" lon="13.873599">
				<ele>1860.000000</ele>
			</trkpt>
			<trkpt lat="46.352099" lon="13.873626">
				<ele>1860.000000</ele>
			</trkpt>
			<trkpt lat="46.352118" lon="13.873626">
				<ele>1860.000000</ele>
			</trkpt>
			<trkpt lat="46.352155" lon="13.873635">
				<ele>1860.000000</ele>
			</trkpt>
			<trkpt lat="46.352173" lon="13.873644">
				<ele>1860.000000</ele>
			</trkpt>
			<trkpt lat="46.352204" lon="13.873662">
				<ele>1860.000000</ele>
			</trkpt>
			<trkpt lat="46.352236" lon="13.873698">
				<ele>1860.000000</ele>
			</trkpt>
			<trkpt lat="46.352303" lon="13.873788">
				<ele>1860.000000</ele>
			</trkpt>
			<trkpt lat="46.352366" lon="13.873887">
				<ele>1860.000000</ele>
			</trkpt>
			<trkpt lat="46.352378" lon="13.873904">
				<ele>1860.000000</ele>
			</trkpt>
			<trkpt lat="46.352391" lon="13.873914">
				<ele>1860.000000</ele>
			</trkpt>
			<trkpt lat="46.352409" lon="13.873941">
				<ele>1860.000000</ele>
			</trkpt>
			<trkpt lat="46.352421" lon="13.873968">
				<ele>1860.000000</ele>
			</trkpt>
			<trkpt lat="46.352427" lon="13.873994">
				<ele>1860.000000</ele>
			</trkpt>
			<trkpt lat="46.352440" lon="13.874031">
				<ele>1860.000000</ele>
			</trkpt>
			<trkpt lat="46.352477" lon="13.874111">
				<ele>1859.000000</ele>
			</trkpt>
			<trkpt lat="46.352515" lon="13.874165">
				<ele>1859.000000</ele>
			</trkpt>
			<trkpt lat="46.352533" lon="13.874191">
				<ele>1859.000000</ele>
			</trkpt>
			<trkpt lat="46.352558" lon="13.874210">
				<ele>1859.000000</ele>
			</trkpt>
			<trkpt lat="46.352570" lon="13.874228">
				<ele>1859.000000</ele>
			</trkpt>
			<trkpt lat="46.352583" lon="13.874246">
				<ele>1859.000000</ele>
			</trkpt>
			<trkpt lat="46.352589" lon="13.874264">
				<ele>1859.000000</ele>
			</trkpt>
			<trkpt lat="46.352595" lon="13.874291">
				<ele>1859.000000</ele>
			</trkpt>
			<trkpt lat="46.352614" lon="13.874371">
				<ele>1858.000000</ele>
			</trkpt>
			<trkpt lat="46.352639" lon="13.874470">
				<ele>1858.000000</ele>
			</trkpt>
			<trkpt lat="46.352651" lon="13.874507">
				<ele>1858.000000</ele>
			</trkpt>
			<trkpt lat="46.352682" lon="13.874551">
				<ele>1857.000000</ele>
			</trkpt>
			<trkpt lat="46.352694" lon="13.874578">
				<ele>1857.000000</ele>
			</trkpt>
			<trkpt lat="46.352731" lon="13.874641">
				<ele>1857.000000</ele>
			</trkpt>
			<trkpt lat="46.352756" lon="13.874686">
				<ele>1857.000000</ele>
			</trkpt>
			<trkpt lat="46.352781" lon="13.874786">
				<ele>1856.000000</ele>
			</trkpt>
			<trkpt lat="46.352794" lon="13.874847">
				<ele>1856.000000</ele>
			</trkpt>
			<trkpt lat="46.352800" lon="13.874902">
				<ele>1856.000000</ele>
			</trkpt>
			<trkpt lat="46.352818" lon="13.874973">
				<ele>1856.000000</ele>
			</trkpt>
			<trkpt lat="46.352837" lon="13.875000">
				<ele>1856.000000</ele>
			</trkpt>
			<trkpt lat="46.352849" lon="13.875019">
				<ele>1856.000000</ele>
			</trkpt>
			<trkpt lat="46.352862" lon="13.875046">
				<ele>1855.000000</ele>
			</trkpt>
			<trkpt lat="46.352874" lon="13.875082">
				<ele>1855.000000</ele>
			</trkpt>
			<trkpt lat="46.352880" lon="13.875090">
				<ele>1855.000000</ele>
			</trkpt>
			<trkpt lat="46.352880" lon="13.875117">
				<ele>1855.000000</ele>
			</trkpt>
			<trkpt lat="46.352887" lon="13.875153">
				<ele>1855.000000</ele>
			</trkpt>
			<trkpt lat="46.352893" lon="13.875189">
				<ele>1855.000000</ele>
			</trkpt>
			<trkpt lat="46.352918" lon="13.875234">
				<ele>1855.000000</ele>
			</trkpt>
			<trkpt lat="46.352942" lon="13.875289">
				<ele>1854.000000</ele>
			</trkpt>
			<trkpt lat="46.352948" lon="13.875323">
				<ele>1854.000000</ele>
			</trkpt>
			<trkpt lat="46.352948" lon="13.875360">
				<ele>1854.000000</ele>
			</trkpt>
			<trkpt lat="46.352942" lon="13.875413">
				<ele>1854.000000</ele>
			</trkpt>
			<trkpt lat="46.352936" lon="13.875441">
				<ele>1854.000000</ele>
			</trkpt>
			<trkpt lat="46.352936" lon="13.875459">
				<ele>1854.000000</ele>
			</trkpt>
			<trkpt lat="46.352942" lon="13.875476">
				<ele>1854.000000</ele>
			</trkpt>
			<trkpt lat="46.352961" lon="13.875531">
				<ele>1854.000000</ele>
			</trkpt>
			<trkpt lat="46.352961" lon="13.875558">
				<ele>1853.000000</ele>
			</trkpt>
			<trkpt lat="46.352961" lon="13.875602">
				<ele>1853.000000</ele>
			</trkpt>
			<trkpt lat="46.352955" lon="13.875648">
				<ele>1853.000000</ele>
			</trkpt>
			<trkpt lat="46.352930" lon="13.875719">
				<ele>1853.000000</ele>
			</trkpt>
			<trkpt lat="46.352905" lon="13.875809">
				<ele>1852.000000</ele>
			</trkpt>
			<trkpt lat="46.352899" lon="13.875863">
				<ele>1852.000000</ele>
			</trkpt>
			<trkpt lat="46.352899" lon="13.875917">
				<ele>1852.000000</ele>
			</trkpt>
			<trkpt lat="46.352905" lon="13.875971">
				<ele>1852.000000</ele>
			</trkpt>
			<trkpt lat="46.352955" lon="13.876078">
				<ele>1851.000000</ele>
			</trkpt>
			<trkpt lat="46.352979" lon="13.876151">
				<ele>1851.000000</ele>
			</trkpt>
			<trkpt lat="46.352992" lon="13.876186">
				<ele>1851.000000</ele>
			</trkpt>
			<trkpt lat="46.353023" lon="13.876249">
				<ele>1851.000000</ele>
			</trkpt>
			<trkpt lat="46.353029" lon="13.876276">
				<ele>1851.000000</ele>
			</trkpt>
			<trkpt lat="46.353036" lon="13.876304">
				<ele>1850.000000</ele>
			</trkpt>
			<trkpt lat="46.353048" lon="13.876321">
				<ele>1850.000000</ele>
			</trkpt>
			<trkpt lat="46.353073" lon="13.876348">
				<ele>1850.000000</ele>
			</trkpt>
			<trkpt lat="46.353128" lon="13.876438">
				<ele>1850.000000</ele>
			</trkpt>
			<trkpt lat="46.353184" lon="13.876483">
				<ele>1850.000000</ele>
			</trkpt>
			<trkpt lat="46.353227" lon="13.876510">
				<ele>1850.000000</ele>
			</trkpt>
			<trkpt lat="46.353283" lon="13.876608">
				<ele>1850.000000</ele>
			</trkpt>
			<trkpt lat="46.353345" lon="13.876690">
				<ele>1850.000000</ele>
			</trkpt>
			<trkpt lat="46.353364" lon="13.876734">
				<ele>1850.000000</ele>
			</trkpt>
			<trkpt lat="46.353389" lon="13.876807">
				<ele>1850.000000</ele>
			</trkpt>
			<trkpt lat="46.353401" lon="13.876860">
				<ele>1850.000000</ele>
			</trkpt>
			<trkpt lat="46.353445" lon="13.876950">
				<ele>1850.000000</ele>
			</trkpt>
			<trkpt lat="46.353457" lon="13.876986">
				<ele>1850.000000</ele>
			</trkpt>
			<trkpt lat="46.353488" lon="13.877040">
				<ele>1850.000000</ele>
			</trkpt>
			<trkpt lat="46.353506" lon="13.877057">
				<ele>1850.000000</ele>
			</trkpt>
			<trkpt lat="46.353519" lon="13.877094">
				<ele>1850.000000</ele>
			</trkpt>
			<trkpt lat="46.353513" lon="13.877130">
				<ele>1850.000000</ele>
			</trkpt>
			<trkpt lat="46.353506" lon="13.877174">
				<ele>1850.000000</ele>
			</trkpt>
			<trkpt lat="46.353506" lon="13.877273">
				<ele>1850.000000</ele>
			</trkpt>
			<trkpt lat="46.353519" lon="13.877390">
				<ele>1850.000000</ele>
			</trkpt>
			<trkpt lat="46.353513" lon="13.877489">
				<ele>1850.000000</ele>
			</trkpt>
			<trkpt lat="46.353494" lon="13.877543">
				<ele>1850.000000</ele>
			</trkpt>
			<trkpt lat="46.353476" lon="13.877669">
				<ele>1850.000000</ele>
			</trkpt>
			<trkpt lat="46.353451" lon="13.877732">
				<ele>1850.000000</ele>
			</trkpt>
			<trkpt lat="46.353432" lon="13.877776">
				<ele>1850.000000</ele>
			</trkpt>
			<trkpt lat="46.353376" lon="13.877902">
				<ele>1850.000000</ele>
			</trkpt>
			<trkpt lat="46.353321" lon="13.878002">
				<ele>1850.000000</ele>
			</trkpt>
			<trkpt lat="46.353315" lon="13.878036">
				<ele>1850.000000</ele>
			</trkpt>
			<trkpt lat="46.353290" lon="13.878073">
				<ele>1850.000000</ele>
			</trkpt>
			<trkpt lat="46.353258" lon="13.878073">
				<ele>1850.000000</ele>
			</trkpt>
			<trkpt lat="46.353215" lon="13.878073">
				<ele>1850.000000</ele>
			</trkpt>
			<trkpt lat="46.353147" lon="13.878109">
				<ele>1850.000000</ele>
			</trkpt>
			<trkpt lat="46.353110" lon="13.878145">
				<ele>1850.000000</ele>
			</trkpt>
			<trkpt lat="46.353103" lon="13.878199">
				<ele>1850.000000</ele>
			</trkpt>
			<trkpt lat="46.353122" lon="13.878226">
				<ele>1850.000000</ele>
			</trkpt>
			<trkpt lat="46.353153" lon="13.878289">
				<ele>1850.000000</ele>
			</trkpt>
			<trkpt lat="46.353191" lon="13.878352">
				<ele>1850.000000</ele>
			</trkpt>
			<trkpt lat="46.353246" lon="13.878423">
				<ele>1850.000000</ele>
			</trkpt>
			<trkpt lat="46.353302" lon="13.878522">
				<ele>1850.000000</ele>
			</trkpt>
			<trkpt lat="46.353333" lon="13.878576">
				<ele>1850.000000</ele>
			</trkpt>
			<trkpt lat="46.353339" lon="13.878665">
				<ele>1850.000000</ele>
			</trkpt>
			<trkpt lat="46.353333" lon="13.878738">
				<ele>1850.000000</ele>
			</trkpt>
			<trkpt lat="46.353327" lon="13.878818">
				<ele>1850.000000</ele>
			</trkpt>
			<trkpt lat="46.353327" lon="13.878864">
				<ele>1850.000000</ele>
			</trkpt>
			<trkpt lat="46.353327" lon="13.878891">
				<ele>1850.000000</ele>
			</trkpt>
			<trkpt lat="46.353351" lon="13.878981">
				<ele>1850.000000</ele>
			</trkpt>
			<trkpt lat="46.353370" lon="13.879070">
				<ele>1850.000000</ele>
			</trkpt>
			<trkpt lat="46.353395" lon="13.879151">
				<ele>1850.000000</ele>
			</trkpt>
			<trkpt lat="46.353420" lon="13.879223">
				<ele>1850.000000</ele>
			</trkpt>
			<trkpt lat="46.353439" lon="13.879250">
				<ele>1850.000000</ele>
			</trkpt>
			<trkpt lat="46.353445" lon="13.879277">
				<ele>1850.000000</ele>
			</trkpt>
			<trkpt lat="46.353457" lon="13.879367">
				<ele>1850.000000</ele>
			</trkpt>
			<trkpt lat="46.353562" lon="13.879699">
				<ele>1850.000000</ele>
			</trkpt>
			<trkpt lat="46.353600" lon="13.879780">
				<ele>1850.000000</ele>
			</trkpt>
			<trkpt lat="46.353612" lon="13.879807">
				<ele>1850.000000</ele>
			</trkpt>
			<trkpt lat="46.353618" lon="13.879843">
				<ele>1850.000000</ele>
			</trkpt>
			<trkpt lat="46.353624" lon="13.879870">
				<ele>1850.000000</ele>
			</trkpt>
			<trkpt lat="46.353618" lon="13.879914">
				<ele>1850.000000</ele>
			</trkpt>
			<trkpt lat="46.353606" lon="13.880023">
				<ele>1850.000000</ele>
			</trkpt>
			<trkpt lat="46.353600" lon="13.880076">
				<ele>1850.000000</ele>
			</trkpt>
			<trkpt lat="46.353600" lon="13.880103">
				<ele>1850.000000</ele>
			</trkpt>
			<trkpt lat="46.353606" lon="13.880176">
				<ele>1850.000000</ele>
			</trkpt>
			<trkpt lat="46.353612" lon="13.880202">
				<ele>1850.000000</ele>
			</trkpt>
			<trkpt lat="46.353618" lon="13.880237">
				<ele>1850.000000</ele>
			</trkpt>
			<trkpt lat="46.353636" lon="13.880273">
				<ele>1850.000000</ele>
			</trkpt>
			<trkpt lat="46.353636" lon="13.880292">
				<ele>1850.000000</ele>
			</trkpt>
			<trkpt lat="46.353636" lon="13.880327">
				<ele>1850.000000</ele>
			</trkpt>
			<trkpt lat="46.353643" lon="13.880382">
				<ele>1850.000000</ele>
			</trkpt>
			<trkpt lat="46.353674" lon="13.880499">
				<ele>1850.000000</ele>
			</trkpt>
			<trkpt lat="46.353680" lon="13.880579">
				<ele>1850.000000</ele>
			</trkpt>
			<trkpt lat="46.353686" lon="13.880633">
				<ele>1850.000000</ele>
			</trkpt>
			<trkpt lat="46.353699" lon="13.880669">
				<ele>1850.000000</ele>
			</trkpt>
			<trkpt lat="46.353724" lon="13.880705">
				<ele>1850.000000</ele>
			</trkpt>
			<trkpt lat="46.353754" lon="13.880749">
				<ele>1850.000000</ele>
			</trkpt>
			<trkpt lat="46.353798" lon="13.880813">
				<ele>1850.000000</ele>
			</trkpt>
			<trkpt lat="46.353842" lon="13.880902">
				<ele>1852.000000</ele>
			</trkpt>
			<trkpt lat="46.353842" lon="13.880956">
				<ele>1853.000000</ele>
			</trkpt>
			<trkpt lat="46.353835" lon="13.881002">
				<ele>1855.000000</ele>
			</trkpt>
			<trkpt lat="46.353829" lon="13.881028">
				<ele>1855.000000</ele>
			</trkpt>
			<trkpt lat="46.353823" lon="13.881046">
				<ele>1856.000000</ele>
			</trkpt>
			<trkpt lat="46.353823" lon="13.881065">
				<ele>1856.000000</ele>
			</trkpt>
			<trkpt lat="46.353829" lon="13.881073">
				<ele>1856.000000</ele>
			</trkpt>
			<trkpt lat="46.353848" lon="13.881082">
				<ele>1857.000000</ele>
			</trkpt>
			<trkpt lat="46.353860" lon="13.881073">
				<ele>1857.000000</ele>
			</trkpt>
			<trkpt lat="46.353872" lon="13.881055">
				<ele>1858.000000</ele>
			</trkpt>
			<trkpt lat="46.353891" lon="13.881055">
				<ele>1859.000000</ele>
			</trkpt>
			<trkpt lat="46.353903" lon="13.881073">
				<ele>1859.000000</ele>
			</trkpt>
			<trkpt lat="46.353972" lon="13.881145">
				<ele>1862.000000</ele>
			</trkpt>
			<trkpt lat="46.353984" lon="13.881172">
				<ele>1862.000000</ele>
			</trkpt>
			<trkpt lat="46.353984" lon="13.881199">
				<ele>1863.000000</ele>
			</trkpt>
			<trkpt lat="46.353984" lon="13.881226">
				<ele>1863.000000</ele>
			</trkpt>
			<trkpt lat="46.353978" lon="13.881244">
				<ele>1864.000000</ele>
			</trkpt>
			<trkpt lat="46.353984" lon="13.881262">
				<ele>1864.000000</ele>
			</trkpt>
			<trkpt lat="46.353990" lon="13.881279">
				<ele>1864.000000</ele>
			</trkpt>
			<trkpt lat="46.354003" lon="13.881289">
				<ele>1865.000000</ele>
			</trkpt>
			<trkpt lat="46.354027" lon="13.881289">
				<ele>1865.000000</ele>
			</trkpt>
			<trkpt lat="46.354046" lon="13.881289">
				<ele>1866.000000</ele>
			</trkpt>
			<trkpt lat="46.354052" lon="13.881298">
				<ele>1866.000000</ele>
			</trkpt>
			<trkpt lat="46.354058" lon="13.881298">
				<ele>1866.000000</ele>
			</trkpt>
			<trkpt lat="46.354064" lon="13.881315">
				<ele>1867.000000</ele>
			</trkpt>
			<trkpt lat="46.354077" lon="13.881334">
				<ele>1867.000000</ele>
			</trkpt>
			<trkpt lat="46.354089" lon="13.881361">
				<ele>1868.000000</ele>
			</trkpt>
			<trkpt lat="46.354102" lon="13.881369">
				<ele>1868.000000</ele>
			</trkpt>
			<trkpt lat="46.354114" lon="13.881378">
				<ele>1868.000000</ele>
			</trkpt>
			<trkpt lat="46.354127" lon="13.881397">
				<ele>1869.000000</ele>
			</trkpt>
			<trkpt lat="46.354127" lon="13.881424">
				<ele>1869.000000</ele>
			</trkpt>
			<trkpt lat="46.354133" lon="13.881451">
				<ele>1870.000000</ele>
			</trkpt>
			<trkpt lat="46.354139" lon="13.881541">
				<ele>1871.000000</ele>
			</trkpt>
			<trkpt lat="46.354145" lon="13.881568">
				<ele>1872.000000</ele>
			</trkpt>
			<trkpt lat="46.354157" lon="13.881631">
				<ele>1873.000000</ele>
			</trkpt>
			<trkpt lat="46.354164" lon="13.881665">
				<ele>1873.000000</ele>
			</trkpt>
			<trkpt lat="46.354170" lon="13.881711">
				<ele>1874.000000</ele>
			</trkpt>
			<trkpt lat="46.354170" lon="13.881774">
				<ele>1875.000000</ele>
			</trkpt>
			<trkpt lat="46.354170" lon="13.881810">
				<ele>1876.000000</ele>
			</trkpt>
			<trkpt lat="46.354164" lon="13.881837">
				<ele>1876.000000</ele>
			</trkpt>
			<trkpt lat="46.354139" lon="13.881881">
				<ele>1877.000000</ele>
			</trkpt>
			<trkpt lat="46.354127" lon="13.881927">
				<ele>1878.000000</ele>
			</trkpt>
			<trkpt lat="46.354121" lon="13.881963">
				<ele>1878.000000</ele>
			</trkpt>
			<trkpt lat="46.354102" lon="13.882007">
				<ele>1879.000000</ele>
			</trkpt>
			<trkpt lat="46.354089" lon="13.882007">
				<ele>1880.000000</ele>
			</trkpt>
			<trkpt lat="46.354077" lon="13.882044">
				<ele>1880.000000</ele>
			</trkpt>
			<trkpt lat="46.354064" lon="13.882052">
				<ele>1881.000000</ele>
			</trkpt>
			<trkpt lat="46.354071" lon="13.882070">
				<ele>1881.000000</ele>
			</trkpt>
			<trkpt lat="46.354077" lon="13.882080">
				<ele>1881.000000</ele>
			</trkpt>
			<trkpt lat="46.354089" lon="13.882080">
				<ele>1882.000000</ele>
			</trkpt>
			<trkpt lat="46.354102" lon="13.882070">
				<ele>1882.000000</ele>
			</trkpt>
			<trkpt lat="46.354108" lon="13.882070">
				<ele>1883.000000</ele>
			</trkpt>
			<trkpt lat="46.354121" lon="13.882080">
				<ele>1883.000000</ele>
			</trkpt>
			<trkpt lat="46.354133" lon="13.882080">
				<ele>1883.000000</ele>
			</trkpt>
			<trkpt lat="46.354207" lon="13.882080">
				<ele>1886.000000</ele>
			</trkpt>
			<trkpt lat="46.354226" lon="13.882070">
				<ele>1887.000000</ele>
			</trkpt>
			<trkpt lat="46.354245" lon="13.882061">
				<ele>1887.000000</ele>
			</trkpt>
			<trkpt lat="46.354269" lon="13.882052">
				<ele>1888.000000</ele>
			</trkpt>
			<trkpt lat="46.354300" lon="13.882052">
				<ele>1889.000000</ele>
			</trkpt>
			<trkpt lat="46.354331" lon="13.882070">
				<ele>1890.000000</ele>
			</trkpt>
			<trkpt lat="46.354356" lon="13.882070">
				<ele>1890.000000</ele>
			</trkpt>
			<trkpt lat="46.354387" lon="13.882107">
				<ele>1890.000000</ele>
			</trkpt>
			<trkpt lat="46.354442" lon="13.882124">
				<ele>1889.000000</ele>
			</trkpt>
			<trkpt lat="46.354461" lon="13.882170">
				<ele>1887.000000</ele>
			</trkpt>
			<trkpt lat="46.354499" lon="13.882214">
				<ele>1885.000000</ele>
			</trkpt>
			<trkpt lat="46.354554" lon="13.882187">
				<ele>1882.000000</ele>
			</trkpt>
			<trkpt lat="46.354585" lon="13.882294">
				<ele>1878.000000</ele>
			</trkpt>
			<trkpt lat="46.354691" lon="13.882205">
				<ele>1875.000000</ele>
			</trkpt>
			<trkpt lat="46.354765" lon="13.882107">
				<ele>1871.000000</ele>
			</trkpt>
			<trkpt lat="46.354778" lon="13.882124">
				<ele>1871.000000</ele>
			</trkpt>
			<trkpt lat="46.354784" lon="13.882268">
				<ele>1868.000000</ele>
			</trkpt>
			<trkpt lat="46.354809" lon="13.882268">
				<ele>1868.000000</ele>
			</trkpt>
			<trkpt lat="46.354845" lon="13.882214">
				<ele>1866.000000</ele>
			</trkpt>
			<trkpt lat="46.354877" lon="13.882187">
				<ele>1865.000000</ele>
			</trkpt>
			<trkpt lat="46.354908" lon="13.882205">
				<ele>1864.000000</ele>
			</trkpt>
			<trkpt lat="46.354870" lon="13.882321">
				<ele>1862.000000</ele>
			</trkpt>
			<trkpt lat="46.354870" lon="13.882403">
				<ele>1861.000000</ele>
			</trkpt>
			<trkpt lat="46.354902" lon="13.882430">
				<ele>1860.000000</ele>
			</trkpt>
			<trkpt lat="46.354951" lon="13.882421">
				<ele>1859.000000</ele>
			</trkpt>
			<trkpt lat="46.355026" lon="13.882421">
				<ele>1856.000000</ele>
			</trkpt>
			<trkpt lat="46.355100" lon="13.882430">
				<ele>1854.000000</ele>
			</trkpt>
			<trkpt lat="46.355175" lon="13.882403">
				<ele>1852.000000</ele>
			</trkpt>
			<trkpt lat="46.355218" lon="13.882403">
				<ele>1851.000000</ele>
			</trkpt>
			<trkpt lat="46.355255" lon="13.882439">
				<ele>1850.000000</ele>
			</trkpt>
			<trkpt lat="46.355317" lon="13.882430">
				<ele>1848.000000</ele>
			</trkpt>
			<trkpt lat="46.355397" lon="13.882457">
				<ele>1847.000000</ele>
			</trkpt>
			<trkpt lat="46.355460" lon="13.882528">
				<ele>1845.000000</ele>
			</trkpt>
			<trkpt lat="46.355509" lon="13.882618">
				<ele>1843.000000</ele>
			</trkpt>
			<trkpt lat="46.355521" lon="13.882744">
				<ele>1842.000000</ele>
			</trkpt>
			<trkpt lat="46.355497" lon="13.882887">
				<ele>1839.000000</ele>
			</trkpt>
			<trkpt lat="46.355521" lon="13.882996">
				<ele>1837.000000</ele>
			</trkpt>
			<trkpt lat="46.355528" lon="13.883086">
				<ele>1835.000000</ele>
			</trkpt>
			<trkpt lat="46.355540" lon="13.883184">
				<ele>1833.000000</ele>
			</trkpt>
			<trkpt lat="46.355546" lon="13.883256">
				<ele>1832.000000</ele>
			</trkpt>
			<trkpt lat="46.355571" lon="13.883302">
				<ele>1831.000000</ele>
			</trkpt>
			<trkpt lat="46.355565" lon="13.883363">
				<ele>1829.000000</ele>
			</trkpt>
			<trkpt lat="46.355521" lon="13.883382">
				<ele>1828.000000</ele>
			</trkpt>
			<trkpt lat="46.355515" lon="13.883453">
				<ele>1827.000000</ele>
			</trkpt>
			<trkpt lat="46.355534" lon="13.883543">
				<ele>1825.000000</ele>
			</trkpt>
			<trkpt lat="46.355540" lon="13.883625">
				<ele>1823.000000</ele>
			</trkpt>
			<trkpt lat="46.355521" lon="13.883642">
				<ele>1822.000000</ele>
			</trkpt>
			<trkpt lat="46.355485" lon="13.883579">
				<ele>1821.000000</ele>
			</trkpt>
			<trkpt lat="46.355422" lon="13.883543">
				<ele>1819.000000</ele>
			</trkpt>
			<trkpt lat="46.355404" lon="13.883678">
				<ele>1816.000000</ele>
			</trkpt>
			<trkpt lat="46.355391" lon="13.883822">
				<ele>1813.000000</ele>
			</trkpt>
			<trkpt lat="46.355391" lon="13.883912">
				<ele>1811.000000</ele>
			</trkpt>
			<trkpt lat="46.355385" lon="13.883975">
				<ele>1810.000000</ele>
			</trkpt>
			<trkpt lat="46.355391" lon="13.884011">
				<ele>1809.000000</ele>
			</trkpt>
			<trkpt lat="46.355410" lon="13.884028">
				<ele>1808.000000</ele>
			</trkpt>
			<trkpt lat="46.355435" lon="13.884002">
				<ele>1807.000000</ele>
			</trkpt>
			<trkpt lat="46.355466" lon="13.884092">
				<ele>1804.000000</ele>
			</trkpt>
			<trkpt lat="46.355503" lon="13.884145">
				<ele>1802.000000</ele>
			</trkpt>
			<trkpt lat="46.355521" lon="13.884208">
				<ele>1801.000000</ele>
			</trkpt>
			<trkpt lat="46.355584" lon="13.884379">
				<ele>1797.000000</ele>
			</trkpt>
			<trkpt lat="46.355571" lon="13.884505">
				<ele>1794.000000</ele>
			</trkpt>
			<trkpt lat="46.355553" lon="13.884604">
				<ele>1792.000000</ele>
			</trkpt>
			<trkpt lat="46.355590" lon="13.884694">
				<ele>1790.000000</ele>
			</trkpt>
			<trkpt lat="46.355621" lon="13.884721">
				<ele>1789.000000</ele>
			</trkpt>
			<trkpt lat="46.355670" lon="13.884784">
				<ele>1787.000000</ele>
			</trkpt>
			<trkpt lat="46.355714" lon="13.884757">
				<ele>1785.000000</ele>
			</trkpt>
			<trkpt lat="46.355769" lon="13.884855">
				<ele>1781.000000</ele>
			</trkpt>
			<trkpt lat="46.355794" lon="13.884864">
				<ele>1780.000000</ele>
			</trkpt>
			<trkpt lat="46.355825" lon="13.884873">
				<ele>1779.000000</ele>
			</trkpt>
			<trkpt lat="46.355875" lon="13.885017">
				<ele>1776.000000</ele>
			</trkpt>
			<trkpt lat="46.355949" lon="13.885134">
				<ele>1773.000000</ele>
			</trkpt>
			<trkpt lat="46.356092" lon="13.885358">
				<ele>1767.000000</ele>
			</trkpt>
			<trkpt lat="46.356210" lon="13.885476">
				<ele>1763.000000</ele>
			</trkpt>
			<trkpt lat="46.356303" lon="13.885619">
				<ele>1759.000000</ele>
			</trkpt>
			<trkpt lat="46.356415" lon="13.885726">
				<ele>1756.000000</ele>
			</trkpt>
			<trkpt lat="46.356532" lon="13.885889">
				<ele>1751.000000</ele>
			</trkpt>
			<trkpt lat="46.356631" lon="13.885915">
				<ele>1749.000000</ele>
			</trkpt>
			<trkpt lat="46.356712" lon="13.886005">
				<ele>1746.000000</ele>
			</trkpt>
			<trkpt lat="46.356780" lon="13.886131">
				<ele>1743.000000</ele>
			</trkpt>
			<trkpt lat="46.356860" lon="13.886166">
				<ele>1740.000000</ele>
			</trkpt>
			<trkpt lat="46.356954" lon="13.886221">
				<ele>1738.000000</ele>
			</trkpt>
			<trkpt lat="46.357022" lon="13.886302">
				<ele>1737.000000</ele>
			</trkpt>
			<trkpt lat="46.357121" lon="13.886481">
				<ele>1734.000000</ele>
			</trkpt>
			<trkpt lat="46.357233" lon="13.886634">
				<ele>1731.000000</ele>
			</trkpt>
			<trkpt lat="46.357326" lon="13.886742">
				<ele>1729.000000</ele>
			</trkpt>
			<trkpt lat="46.357394" lon="13.886876">
				<ele>1728.000000</ele>
			</trkpt>
			<trkpt lat="46.357487" lon="13.886984">
				<ele>1727.000000</ele>
			</trkpt>
			<trkpt lat="46.357542" lon="13.887128">
				<ele>1726.000000</ele>
			</trkpt>
			<trkpt lat="46.357561" lon="13.887235">
				<ele>1726.000000</ele>
			</trkpt>
			<trkpt lat="46.357567" lon="13.887352">
				<ele>1725.000000</ele>
			</trkpt>
			<trkpt lat="46.357567" lon="13.887505">
				<ele>1724.000000</ele>
			</trkpt>
			<trkpt lat="46.357574" lon="13.887649">
				<ele>1723.000000</ele>
			</trkpt>
			<trkpt lat="46.357567" lon="13.887820">
				<ele>1722.000000</ele>
			</trkpt>
			<trkpt lat="46.357542" lon="13.887990">
				<ele>1721.000000</ele>
			</trkpt>
			<trkpt lat="46.357512" lon="13.888269">
				<ele>1719.000000</ele>
			</trkpt>
			<trkpt lat="46.357481" lon="13.888547">
				<ele>1717.000000</ele>
			</trkpt>
			<trkpt lat="46.357512" lon="13.888637">
				<ele>1716.000000</ele>
			</trkpt>
			<trkpt lat="46.357530" lon="13.888700">
				<ele>1715.000000</ele>
			</trkpt>
			<trkpt lat="46.357450" lon="13.888781">
				<ele>1713.000000</ele>
			</trkpt>
			<trkpt lat="46.357357" lon="13.888826">
				<ele>1712.000000</ele>
			</trkpt>
			<trkpt lat="46.357202" lon="13.888843">
				<ele>1710.000000</ele>
			</trkpt>
			<trkpt lat="46.357097" lon="13.888871">
				<ele>1707.000000</ele>
			</trkpt>
			<trkpt lat="46.356991" lon="13.888915">
				<ele>1704.000000</ele>
			</trkpt>
			<trkpt lat="46.356860" lon="13.888979">
				<ele>1700.000000</ele>
			</trkpt>
			<trkpt lat="46.356737" lon="13.889059">
				<ele>1698.000000</ele>
			</trkpt>
			<trkpt lat="46.356606" lon="13.889202">
				<ele>1696.000000</ele>
			</trkpt>
			<trkpt lat="46.356439" lon="13.889355">
				<ele>1693.000000</ele>
			</trkpt>
			<trkpt lat="46.356409" lon="13.889392">
				<ele>1692.000000</ele>
			</trkpt>
			<trkpt lat="46.356371" lon="13.889428">
				<ele>1691.000000</ele>
			</trkpt>
			<trkpt lat="46.356327" lon="13.889428">
				<ele>1691.000000</ele>
			</trkpt>
			<trkpt lat="46.356291" lon="13.889437">
				<ele>1690.000000</ele>
			</trkpt>
			<trkpt lat="46.356228" lon="13.889455">
				<ele>1687.000000</ele>
			</trkpt>
			<trkpt lat="46.356191" lon="13.889455">
				<ele>1686.000000</ele>
			</trkpt>
			<trkpt lat="46.356160" lon="13.889472">
				<ele>1685.000000</ele>
			</trkpt>
			<trkpt lat="46.356117" lon="13.889481">
				<ele>1684.000000</ele>
			</trkpt>
			<trkpt lat="46.356079" lon="13.889491">
				<ele>1682.000000</ele>
			</trkpt>
			<trkpt lat="46.356042" lon="13.889508">
				<ele>1681.000000</ele>
			</trkpt>
			<trkpt lat="46.356006" lon="13.889535">
				<ele>1680.000000</ele>
			</trkpt>
			<trkpt lat="46.355981" lon="13.889554">
				<ele>1679.000000</ele>
			</trkpt>
			<trkpt lat="46.355956" lon="13.889554">
				<ele>1678.000000</ele>
			</trkpt>
			<trkpt lat="46.355949" lon="13.889589">
				<ele>1677.000000</ele>
			</trkpt>
			<trkpt lat="46.355918" lon="13.889607">
				<ele>1676.000000</ele>
			</trkpt>
			<trkpt lat="46.355888" lon="13.889634">
				<ele>1675.000000</ele>
			</trkpt>
			<trkpt lat="46.355863" lon="13.889671">
				<ele>1674.000000</ele>
			</trkpt>
			<trkpt lat="46.355813" lon="13.889679">
				<ele>1673.000000</ele>
			</trkpt>
			<trkpt lat="46.355813" lon="13.889715">
				<ele>1672.000000</ele>
			</trkpt>
			<trkpt lat="46.355832" lon="13.889768">
				<ele>1671.000000</ele>
			</trkpt>
			<trkpt lat="46.355807" lon="13.889814">
				<ele>1670.000000</ele>
			</trkpt>
			<trkpt lat="46.355751" lon="13.889831">
				<ele>1669.000000</ele>
			</trkpt>
			<trkpt lat="46.355720" lon="13.889831">
				<ele>1668.000000</ele>
			</trkpt>
			<trkpt lat="46.355683" lon="13.889795">
				<ele>1667.000000</ele>
			</trkpt>
			<trkpt lat="46.355670" lon="13.889823">
				<ele>1666.000000</ele>
			</trkpt>
			<trkpt lat="46.355645" lon="13.889868">
				<ele>1665.000000</ele>
			</trkpt>
			<trkpt lat="46.355633" lon="13.889877">
				<ele>1665.000000</ele>
			</trkpt>
			<trkpt lat="46.355609" lon="13.889868">
				<ele>1664.000000</ele>
			</trkpt>
			<trkpt lat="46.355596" lon="13.889850">
				<ele>1664.000000</ele>
			</trkpt>
			<trkpt lat="46.355578" lon="13.889841">
				<ele>1663.000000</ele>
			</trkpt>
			<trkpt lat="46.355571" lon="13.889814">
				<ele>1663.000000</ele>
			</trkpt>
			<trkpt lat="46.355559" lon="13.889787">
				<ele>1662.000000</ele>
			</trkpt>
			<trkpt lat="46.355515" lon="13.889787">
				<ele>1661.000000</ele>
			</trkpt>
			<trkpt lat="46.355491" lon="13.889768">
				<ele>1660.000000</ele>
			</trkpt>
			<trkpt lat="46.355460" lon="13.889760">
				<ele>1660.000000</ele>
			</trkpt>
			<trkpt lat="46.355422" lon="13.889751">
				<ele>1659.000000</ele>
			</trkpt>
			<trkpt lat="46.355360" lon="13.889715">
				<ele>1658.000000</ele>
			</trkpt>
			<trkpt lat="46.355317" lon="13.889715">
				<ele>1657.000000</ele>
			</trkpt>
			<trkpt lat="46.355248" lon="13.889679">
				<ele>1656.000000</ele>
			</trkpt>
			<trkpt lat="46.355168" lon="13.889652">
				<ele>1655.000000</ele>
			</trkpt>
			<trkpt lat="46.355075" lon="13.889634">
				<ele>1653.000000</ele>
			</trkpt>
			<trkpt lat="46.355013" lon="13.889634">
				<ele>1652.000000</ele>
			</trkpt>
			<trkpt lat="46.354970" lon="13.889616">
				<ele>1651.000000</ele>
			</trkpt>
			<trkpt lat="46.354914" lon="13.889589">
				<ele>1650.000000</ele>
			</trkpt>
			<trkpt lat="46.354870" lon="13.889598">
				<ele>1649.000000</ele>
			</trkpt>
			<trkpt lat="46.354827" lon="13.889571">
				<ele>1648.000000</ele>
			</trkpt>
			<trkpt lat="46.354753" lon="13.889544">
				<ele>1646.000000</ele>
			</trkpt>
			<trkpt lat="46.354715" lon="13.889508">
				<ele>1645.000000</ele>
			</trkpt>
			<trkpt lat="46.354641" lon="13.889499">
				<ele>1643.000000</ele>
			</trkpt>
			<trkpt lat="46.354567" lon="13.889472">
				<ele>1641.000000</ele>
			</trkpt>
			<trkpt lat="46.354530" lon="13.889445">
				<ele>1640.000000</ele>
			</trkpt>
			<trkpt lat="46.354480" lon="13.889428">
				<ele>1639.000000</ele>
			</trkpt>
			<trkpt lat="46.354449" lon="13.889409">
				<ele>1638.000000</ele>
			</trkpt>
			<trkpt lat="46.354430" lon="13.889374">
				<ele>1638.000000</ele>
			</trkpt>
			<trkpt lat="46.354412" lon="13.889338">
				<ele>1637.000000</ele>
			</trkpt>
			<trkpt lat="46.354418" lon="13.889284">
				<ele>1636.000000</ele>
			</trkpt>
			<trkpt lat="46.354394" lon="13.889229">
				<ele>1635.000000</ele>
			</trkpt>
			<trkpt lat="46.354344" lon="13.889176">
				<ele>1633.000000</ele>
			</trkpt>
			<trkpt lat="46.354294" lon="13.889158">
				<ele>1632.000000</ele>
			</trkpt>
			<trkpt lat="46.354269" lon="13.889131">
				<ele>1631.000000</ele>
			</trkpt>
			<trkpt lat="46.354251" lon="13.889139">
				<ele>1631.000000</ele>
			</trkpt>
			<trkpt lat="46.354257" lon="13.889168">
				<ele>1630.000000</ele>
			</trkpt>
			<trkpt lat="46.354275" lon="13.889229">
				<ele>1629.000000</ele>
			</trkpt>
			<trkpt lat="46.354288" lon="13.889266">
				<ele>1629.000000</ele>
			</trkpt>
			<trkpt lat="46.354275" lon="13.889292">
				<ele>1628.000000</ele>
			</trkpt>
			<trkpt lat="46.354257" lon="13.889275">
				<ele>1627.000000</ele>
			</trkpt>
			<trkpt lat="46.354232" lon="13.889257">
				<ele>1627.000000</ele>
			</trkpt>
			<trkpt lat="46.354207" lon="13.889248">
				<ele>1626.000000</ele>
			</trkpt>
			<trkpt lat="46.354195" lon="13.889284">
				<ele>1625.000000</ele>
			</trkpt>
			<trkpt lat="46.354220" lon="13.889319">
				<ele>1625.000000</ele>
			</trkpt>
			<trkpt lat="46.354232" lon="13.889347">
				<ele>1624.000000</ele>
			</trkpt>
			<trkpt lat="46.354251" lon="13.889374">
				<ele>1623.000000</ele>
			</trkpt>
			<trkpt lat="46.354251" lon="13.889401">
				<ele>1623.000000</ele>
			</trkpt>
			<trkpt lat="46.354220" lon="13.889392">
				<ele>1622.000000</ele>
			</trkpt>
			<trkpt lat="46.354201" lon="13.889382">
				<ele>1622.000000</ele>
			</trkpt>
			<trkpt lat="46.354170" lon="13.889392">
				<ele>1621.000000</ele>
			</trkpt>
			<trkpt lat="46.354164" lon="13.889409">
				<ele>1621.000000</ele>
			</trkpt>
			<trkpt lat="46.354170" lon="13.889445">
				<ele>1620.000000</ele>
			</trkpt>
			<trkpt lat="46.354220" lon="13.889481">
				<ele>1620.000000</ele>
			</trkpt>
			<trkpt lat="46.354238" lon="13.889491">
				<ele>1620.000000</ele>
			</trkpt>
			<trkpt lat="46.354257" lon="13.889491">
				<ele>1620.000000</ele>
			</trkpt>
			<trkpt lat="46.354263" lon="13.889518">
				<ele>1620.000000</ele>
			</trkpt>
			<trkpt lat="46.354220" lon="13.889535">
				<ele>1618.000000</ele>
			</trkpt>
			<trkpt lat="46.354207" lon="13.889562">
				<ele>1617.000000</ele>
			</trkpt>
			<trkpt lat="46.354220" lon="13.889589">
				<ele>1616.000000</ele>
			</trkpt>
			<trkpt lat="46.354263" lon="13.889616">
				<ele>1614.000000</ele>
			</trkpt>
			<trkpt lat="46.354294" lon="13.889652">
				<ele>1612.000000</ele>
			</trkpt>
			<trkpt lat="46.354312" lon="13.889742">
				<ele>1610.000000</ele>
			</trkpt>
			<trkpt lat="46.354350" lon="13.889831">
				<ele>1607.000000</ele>
			</trkpt>
			<trkpt lat="46.354350" lon="13.889904">
				<ele>1605.000000</ele>
			</trkpt>
			<trkpt lat="46.354369" lon="13.889984">
				<ele>1603.000000</ele>
			</trkpt>
			<trkpt lat="46.354387" lon="13.890030">
				<ele>1602.000000</ele>
			</trkpt>
			<trkpt lat="46.354418" lon="13.890057">
				<ele>1600.000000</ele>
			</trkpt>
			<trkpt lat="46.354406" lon="13.890101">
				<ele>1599.000000</ele>
			</trkpt>
			<trkpt lat="46.354424" lon="13.890147">
				<ele>1598.000000</ele>
			</trkpt>
			<trkpt lat="46.354424" lon="13.890173">
				<ele>1597.000000</ele>
			</trkpt>
			<trkpt lat="46.354424" lon="13.890200">
				<ele>1596.000000</ele>
			</trkpt>
			<trkpt lat="46.354418" lon="13.890245">
				<ele>1595.000000</ele>
			</trkpt>
			<trkpt lat="46.354394" lon="13.890290">
				<ele>1594.000000</ele>
			</trkpt>
			<trkpt lat="46.354375" lon="13.890299">
				<ele>1593.000000</ele>
			</trkpt>
			<trkpt lat="46.354337" lon="13.890281">
				<ele>1591.000000</ele>
			</trkpt>
			<trkpt lat="46.354300" lon="13.890334">
				<ele>1589.000000</ele>
			</trkpt>
			<trkpt lat="46.354257" lon="13.890334">
				<ele>1588.000000</ele>
			</trkpt>
			<trkpt lat="46.354232" lon="13.890334">
				<ele>1587.000000</ele>
			</trkpt>
			<trkpt lat="46.354220" lon="13.890334">
				<ele>1587.000000</ele>
			</trkpt>
			<trkpt lat="46.354207" lon="13.890326">
				<ele>1586.000000</ele>
			</trkpt>
			<trkpt lat="46.354195" lon="13.890334">
				<ele>1586.000000</ele>
			</trkpt>
			<trkpt lat="46.354188" lon="13.890371">
				<ele>1585.000000</ele>
			</trkpt>
			<trkpt lat="46.354170" lon="13.890407">
				<ele>1584.000000</ele>
			</trkpt>
			<trkpt lat="46.354145" lon="13.890416">
				<ele>1584.000000</ele>
			</trkpt>
			<trkpt lat="46.354102" lon="13.890416">
				<ele>1582.000000</ele>
			</trkpt>
			<trkpt lat="46.354064" lon="13.890424">
				<ele>1581.000000</ele>
			</trkpt>
			<trkpt lat="46.354009" lon="13.890487">
				<ele>1579.000000</ele>
			</trkpt>
			<trkpt lat="46.353972" lon="13.890533">
				<ele>1578.000000</ele>
			</trkpt>
			<trkpt lat="46.353953" lon="13.890541">
				<ele>1577.000000</ele>
			</trkpt>
			<trkpt lat="46.353947" lon="13.890613">
				<ele>1576.000000</ele>
			</trkpt>
			<trkpt lat="46.353916" lon="13.890658">
				<ele>1574.000000</ele>
			</trkpt>
			<trkpt lat="46.353860" lon="13.890703">
				<ele>1573.000000</ele>
			</trkpt>
			<trkpt lat="46.353810" lon="13.890721">
				<ele>1571.000000</ele>
			</trkpt>
			<trkpt lat="46.353754" lon="13.890747">
				<ele>1570.000000</ele>
			</trkpt>
			<trkpt lat="46.353730" lon="13.890776">
				<ele>1569.000000</ele>
			</trkpt>
			<trkpt lat="46.353724" lon="13.890810">
				<ele>1568.000000</ele>
			</trkpt>
			<trkpt lat="46.353699" lon="13.890837">
				<ele>1567.000000</ele>
			</trkpt>
			<trkpt lat="46.353693" lon="13.890892">
				<ele>1566.000000</ele>
			</trkpt>
			<trkpt lat="46.353661" lon="13.890910">
				<ele>1564.000000</ele>
			</trkpt>
			<trkpt lat="46.353600" lon="13.890927">
				<ele>1562.000000</ele>
			</trkpt>
			<trkpt lat="46.353562" lon="13.890946">
				<ele>1561.000000</ele>
			</trkpt>
			<trkpt lat="46.353538" lon="13.890973">
				<ele>1560.000000</ele>
			</trkpt>
			<trkpt lat="46.353525" lon="13.891017">
				<ele>1559.000000</ele>
			</trkpt>
			<trkpt lat="46.353506" lon="13.891036">
				<ele>1559.000000</ele>
			</trkpt>
			<trkpt lat="46.353457" lon="13.891089">
				<ele>1557.000000</ele>
			</trkpt>
			<trkpt lat="46.353451" lon="13.891099">
				<ele>1557.000000</ele>
			</trkpt>
			<trkpt lat="46.353457" lon="13.891126">
				<ele>1557.000000</ele>
			</trkpt>
			<trkpt lat="46.353500" lon="13.891189">
				<ele>1555.000000</ele>
			</trkpt>
			<trkpt lat="46.353506" lon="13.891252">
				<ele>1554.000000</ele>
			</trkpt>
			<trkpt lat="46.353482" lon="13.891332">
				<ele>1552.000000</ele>
			</trkpt>
			<trkpt lat="46.353439" lon="13.891368">
				<ele>1551.000000</ele>
			</trkpt>
			<trkpt lat="46.353414" lon="13.891386">
				<ele>1551.000000</ele>
			</trkpt>
			<trkpt lat="46.353333" lon="13.891395">
				<ele>1549.000000</ele>
			</trkpt>
			<trkpt lat="46.353296" lon="13.891403">
				<ele>1548.000000</ele>
			</trkpt>
			<trkpt lat="46.353246" lon="13.891413">
				<ele>1546.000000</ele>
			</trkpt>
			<trkpt lat="46.353209" lon="13.891466">
				<ele>1545.000000</ele>
			</trkpt>
			<trkpt lat="46.353159" lon="13.891539">
				<ele>1543.000000</ele>
			</trkpt>
			<trkpt lat="46.353122" lon="13.891629">
				<ele>1541.000000</ele>
			</trkpt>
			<trkpt lat="46.353110" lon="13.891692">
				<ele>1540.000000</ele>
			</trkpt>
			<trkpt lat="46.353073" lon="13.891709">
				<ele>1539.000000</ele>
			</trkpt>
			<trkpt lat="46.353042" lon="13.891728">
				<ele>1538.000000</ele>
			</trkpt>
			<trkpt lat="46.353017" lon="13.891818">
				<ele>1536.000000</ele>
			</trkpt>
			<trkpt lat="46.353011" lon="13.891879">
				<ele>1535.000000</ele>
			</trkpt>
			<trkpt lat="46.352948" lon="13.891871">
				<ele>1533.000000</ele>
			</trkpt>
			<trkpt lat="46.352918" lon="13.891871">
				<ele>1532.000000</ele>
			</trkpt>
			<trkpt lat="46.352899" lon="13.891916">
				<ele>1531.000000</ele>
			</trkpt>
			<trkpt lat="46.352893" lon="13.891969">
				<ele>1530.000000</ele>
			</trkpt>
			<trkpt lat="46.352912" lon="13.892005">
				<ele>1529.000000</ele>
			</trkpt>
			<trkpt lat="46.352905" lon="13.892042">
				<ele>1528.000000</ele>
			</trkpt>
			<trkpt lat="46.352893" lon="13.892105">
				<ele>1527.000000</ele>
			</trkpt>
			<trkpt lat="46.352824" lon="13.892122">
				<ele>1525.000000</ele>
			</trkpt>
			<trkpt lat="46.352769" lon="13.892158">
				<ele>1524.000000</ele>
			</trkpt>
			<trkpt lat="46.352744" lon="13.892194">
				<ele>1523.000000</ele>
			</trkpt>
			<trkpt lat="46.352694" lon="13.892248">
				<ele>1521.000000</ele>
			</trkpt>
			<trkpt lat="46.352663" lon="13.892329">
				<ele>1519.000000</ele>
			</trkpt>
			<trkpt lat="46.352626" lon="13.892392">
				<ele>1517.000000</ele>
			</trkpt>
			<trkpt lat="46.352589" lon="13.892392">
				<ele>1516.000000</ele>
			</trkpt>
			<trkpt lat="46.352545" lon="13.892374">
				<ele>1515.000000</ele>
			</trkpt>
			<trkpt lat="46.352515" lon="13.892392">
				<ele>1514.000000</ele>
			</trkpt>
			<trkpt lat="46.352490" lon="13.892445">
				<ele>1513.000000</ele>
			</trkpt>
			<trkpt lat="46.352452" lon="13.892545">
				<ele>1511.000000</ele>
			</trkpt>
			<trkpt lat="46.352452" lon="13.892590">
				<ele>1510.000000</ele>
			</trkpt>
			<trkpt lat="46.352427" lon="13.892634">
				<ele>1509.000000</ele>
			</trkpt>
			<trkpt lat="46.352385" lon="13.892697">
				<ele>1508.000000</ele>
			</trkpt>
			<trkpt lat="46.352353" lon="13.892760">
				<ele>1507.000000</ele>
			</trkpt>
			<trkpt lat="46.352328" lon="13.892814">
				<ele>1506.000000</ele>
			</trkpt>
			<trkpt lat="46.352347" lon="13.892860">
				<ele>1505.000000</ele>
			</trkpt>
			<trkpt lat="46.352341" lon="13.892877">
				<ele>1504.000000</ele>
			</trkpt>
			<trkpt lat="46.352328" lon="13.892913">
				<ele>1504.000000</ele>
			</trkpt>
			<trkpt lat="46.352335" lon="13.892950">
				<ele>1503.000000</ele>
			</trkpt>
			<trkpt lat="46.352322" lon="13.892994">
				<ele>1502.000000</ele>
			</trkpt>
			<trkpt lat="46.352297" lon="13.893003">
				<ele>1502.000000</ele>
			</trkpt>
			<trkpt lat="46.352285" lon="13.893047">
				<ele>1501.000000</ele>
			</trkpt>
			<trkpt lat="46.352242" lon="13.893093">
				<ele>1500.000000</ele>
			</trkpt>
			<trkpt lat="46.352204" lon="13.893129">
				<ele>1499.000000</ele>
			</trkpt>
			<trkpt lat="46.352167" lon="13.893191">
				<ele>1498.000000</ele>
			</trkpt>
			<trkpt lat="46.352130" lon="13.893237">
				<ele>1497.000000</ele>
			</trkpt>
			<trkpt lat="46.352124" lon="13.893263">
				<ele>1497.000000</ele>
			</trkpt>
			<trkpt lat="46.352130" lon="13.893290">
				<ele>1497.000000</ele>
			</trkpt>
			<trkpt lat="46.352167" lon="13.893344">
				<ele>1496.000000</ele>
			</trkpt>
			<trkpt lat="46.352204" lon="13.893389">
				<ele>1495.000000</ele>
			</trkpt>
			<trkpt lat="46.352211" lon="13.893460">
				<ele>1494.000000</ele>
			</trkpt>
			<trkpt lat="46.352204" lon="13.893560">
				<ele>1493.000000</ele>
			</trkpt>
			<trkpt lat="46.352180" lon="13.893667">
				<ele>1492.000000</ele>
			</trkpt>
			<trkpt lat="46.352180" lon="13.893766">
				<ele>1491.000000</ele>
			</trkpt>
			<trkpt lat="46.352142" lon="13.893874">
				<ele>1490.000000</ele>
			</trkpt>
			<trkpt lat="46.352118" lon="13.893929">
				<ele>1489.000000</ele>
			</trkpt>
			<trkpt lat="46.352087" lon="13.893955">
				<ele>1488.000000</ele>
			</trkpt>
			<trkpt lat="46.352031" lon="13.893992">
				<ele>1486.000000</ele>
			</trkpt>
			<trkpt lat="46.351988" lon="13.894053">
				<ele>1485.000000</ele>
			</trkpt>
			<trkpt lat="46.351919" lon="13.894135">
				<ele>1483.000000</ele>
			</trkpt>
			<trkpt lat="46.351715" lon="13.894413">
				<ele>1478.000000</ele>
			</trkpt>
			<trkpt lat="46.351615" lon="13.894476">
				<ele>1476.000000</ele>
			</trkpt>
			<trkpt lat="46.351485" lon="13.894592">
				<ele>1474.000000</ele>
			</trkpt>
			<trkpt lat="46.351324" lon="13.894728">
				<ele>1472.000000</ele>
			</trkpt>
			<trkpt lat="46.351218" lon="13.894827">
				<ele>1470.000000</ele>
			</trkpt>
			<trkpt lat="46.351126" lon="13.894854">
				<ele>1468.000000</ele>
			</trkpt>
			<trkpt lat="46.351033" lon="13.894908">
				<ele>1467.000000</ele>
			</trkpt>
			<trkpt lat="46.350909" lon="13.894988">
				<ele>1465.000000</ele>
			</trkpt>
			<trkpt lat="46.350828" lon="13.895034">
				<ele>1464.000000</ele>
			</trkpt>
			<trkpt lat="46.350716" lon="13.895042">
				<ele>1462.000000</ele>
			</trkpt>
			<trkpt lat="46.350599" lon="13.895078">
				<ele>1461.000000</ele>
			</trkpt>
			<trkpt lat="46.350555" lon="13.895123">
				<ele>1460.000000</ele>
			</trkpt>
			<trkpt lat="46.350456" lon="13.895185">
				<ele>1459.000000</ele>
			</trkpt>
			<trkpt lat="46.350282" lon="13.895311">
				<ele>1457.000000</ele>
			</trkpt>
			<trkpt lat="46.350133" lon="13.895410">
				<ele>1455.000000</ele>
			</trkpt>
			<trkpt lat="46.349985" lon="13.895500">
				<ele>1453.000000</ele>
			</trkpt>
			<trkpt lat="46.349805" lon="13.895600">
				<ele>1451.000000</ele>
			</trkpt>
			<trkpt lat="46.349507" lon="13.895770">
				<ele>1448.000000</ele>
			</trkpt>
			<trkpt lat="46.349234" lon="13.895931">
				<ele>1445.000000</ele>
			</trkpt>
			<trkpt lat="46.349129" lon="13.896030">
				<ele>1444.000000</ele>
			</trkpt>
			<trkpt lat="46.349061" lon="13.896102">
				<ele>1443.000000</ele>
			</trkpt>
			<trkpt lat="46.349011" lon="13.896174">
				<ele>1442.000000</ele>
			</trkpt>
			<trkpt lat="46.348999" lon="13.896237">
				<ele>1442.000000</ele>
			</trkpt>
			<trkpt lat="46.348931" lon="13.896255">
				<ele>1441.000000</ele>
			</trkpt>
			<trkpt lat="46.348881" lon="13.896273">
				<ele>1441.000000</ele>
			</trkpt>
			<trkpt lat="46.348850" lon="13.896326">
				<ele>1440.000000</ele>
			</trkpt>
			<trkpt lat="46.348738" lon="13.896416">
				<ele>1440.000000</ele>
			</trkpt>
			<trkpt lat="46.348695" lon="13.896470">
				<ele>1439.000000</ele>
			</trkpt>
			<trkpt lat="46.348707" lon="13.896560">
				<ele>1439.000000</ele>
			</trkpt>
			<trkpt lat="46.348701" lon="13.896632">
				<ele>1438.000000</ele>
			</trkpt>
			<trkpt lat="46.348707" lon="13.896758">
				<ele>1438.000000</ele>
			</trkpt>
			<trkpt lat="46.348676" lon="13.896902">
				<ele>1437.000000</ele>
			</trkpt>
			<trkpt lat="46.348707" lon="13.896946">
				<ele>1437.000000</ele>
			</trkpt>
			<trkpt lat="46.348738" lon="13.896982">
				<ele>1437.000000</ele>
			</trkpt>
			<trkpt lat="46.348751" lon="13.897018">
				<ele>1436.000000</ele>
			</trkpt>
			<trkpt lat="46.348732" lon="13.897072">
				<ele>1436.000000</ele>
			</trkpt>
			<trkpt lat="46.348713" lon="13.897081">
				<ele>1436.000000</ele>
			</trkpt>
			<trkpt lat="46.348596" lon="13.897179">
				<ele>1435.000000</ele>
			</trkpt>
			<trkpt lat="46.348534" lon="13.897261">
				<ele>1435.000000</ele>
			</trkpt>
			<trkpt lat="46.348478" lon="13.897387">
				<ele>1434.000000</ele>
			</trkpt>
			<trkpt lat="46.348391" lon="13.897512">
				<ele>1433.000000</ele>
			</trkpt>
			<trkpt lat="46.348304" lon="13.897629">
				<ele>1432.000000</ele>
			</trkpt>
			<trkpt lat="46.348180" lon="13.897728">
				<ele>1431.000000</ele>
			</trkpt>
			<trkpt lat="46.348112" lon="13.897800">
				<ele>1431.000000</ele>
			</trkpt>
			<trkpt lat="46.348031" lon="13.897898">
				<ele>1430.000000</ele>
			</trkpt>
			<trkpt lat="46.347970" lon="13.897944">
				<ele>1430.000000</ele>
			</trkpt>
			<trkpt lat="46.347957" lon="13.898097">
				<ele>1428.000000</ele>
			</trkpt>
			<trkpt lat="46.347920" lon="13.898141">
				<ele>1427.000000</ele>
			</trkpt>
			<trkpt lat="46.347790" lon="13.898105">
				<ele>1425.000000</ele>
			</trkpt>
			<trkpt lat="46.347765" lon="13.898141">
				<ele>1425.000000</ele>
			</trkpt>
			<trkpt lat="46.347758" lon="13.898240">
				<ele>1424.000000</ele>
			</trkpt>
			<trkpt lat="46.347734" lon="13.898401">
				<ele>1422.000000</ele>
			</trkpt>
			<trkpt lat="46.347337" lon="13.898573">
				<ele>1414.000000</ele>
			</trkpt>
			<trkpt lat="46.347082" lon="13.898680">
				<ele>1409.000000</ele>
			</trkpt>
			<trkpt lat="46.346996" lon="13.899013">
				<ele>1404.000000</ele>
			</trkpt>
			<trkpt lat="46.346810" lon="13.899139">
				<ele>1400.000000</ele>
			</trkpt>
			<trkpt lat="46.346419" lon="13.899758">
				<ele>1395.000000</ele>
			</trkpt>
			<trkpt lat="46.346196" lon="13.900064">
				<ele>1393.000000</ele>
			</trkpt>
			<trkpt lat="46.346165" lon="13.900154">
				<ele>1392.000000</ele>
			</trkpt>
			<trkpt lat="46.346016" lon="13.900171">
				<ele>1389.000000</ele>
			</trkpt>
			<trkpt lat="46.345973" lon="13.900181">
				<ele>1389.000000</ele>
			</trkpt>
			<trkpt lat="46.345929" lon="13.900189">
				<ele>1389.000000</ele>
			</trkpt>
			<trkpt lat="46.345917" lon="13.900189">
				<ele>1389.000000</ele>
			</trkpt>
			<trkpt lat="46.345731" lon="13.900558">
				<ele>1384.000000</ele>
			</trkpt>
			<trkpt lat="46.345520" lon="13.900900">
				<ele>1380.000000</ele>
			</trkpt>
			<trkpt lat="46.345161" lon="13.901563">
				<ele>1380.000000</ele>
			</trkpt>
			<trkpt lat="46.345055" lon="13.901617">
				<ele>1380.000000</ele>
			</trkpt>
			<trkpt lat="46.344819" lon="13.901950">
				<ele>1380.000000</ele>
			</trkpt>
			<trkpt lat="46.344602" lon="13.901968">
				<ele>1385.000000</ele>
			</trkpt>
			<trkpt lat="46.344540" lon="13.902031">
				<ele>1385.000000</ele>
			</trkpt>
			<trkpt lat="46.344367" lon="13.902372">
				<ele>1384.000000</ele>
			</trkpt>
			<trkpt lat="46.344187" lon="13.902651">
				<ele>1383.000000</ele>
			</trkpt>
			<trkpt lat="46.343920" lon="13.902894">
				<ele>1382.000000</ele>
			</trkpt>
			<trkpt lat="46.343871" lon="13.903028">
				<ele>1381.000000</ele>
			</trkpt>
			<trkpt lat="46.343746" lon="13.903181">
				<ele>1381.000000</ele>
			</trkpt>
			<trkpt lat="46.343610" lon="13.903217">
				<ele>1380.000000</ele>
			</trkpt>
			<trkpt lat="46.343449" lon="13.903343">
				<ele>1379.000000</ele>
			</trkpt>
			<trkpt lat="46.343157" lon="13.903361">
				<ele>1377.000000</ele>
			</trkpt>
			<trkpt lat="46.342736" lon="13.903648">
				<ele>1374.000000</ele>
			</trkpt>
			<trkpt lat="46.341911" lon="13.904169">
				<ele>1362.000000</ele>
			</trkpt>
			<trkpt lat="46.341626" lon="13.904223">
				<ele>1357.000000</ele>
			</trkpt>
			<trkpt lat="46.341383" lon="13.904466">
				<ele>1352.000000</ele>
			</trkpt>
			<trkpt lat="46.341229" lon="13.904618">
				<ele>1348.000000</ele>
			</trkpt>
			<trkpt lat="46.340453" lon="13.904537">
				<ele>1334.000000</ele>
			</trkpt>
			<trkpt lat="46.340305" lon="13.904753">
				<ele>1326.000000</ele>
			</trkpt>
			<trkpt lat="46.340199" lon="13.904743">
				<ele>1322.000000</ele>
			</trkpt>
			<trkpt lat="46.340112" lon="13.904932">
				<ele>1317.000000</ele>
			</trkpt>
			<trkpt lat="46.339796" lon="13.904888">
				<ele>1312.000000</ele>
			</trkpt>
			<trkpt lat="46.339716" lon="13.904816">
				<ele>1315.000000</ele>
			</trkpt>
			<trkpt lat="46.339653" lon="13.904816">
				<ele>1314.000000</ele>
			</trkpt>
			<trkpt lat="46.339610" lon="13.904825">
				<ele>1314.000000</ele>
			</trkpt>
			<trkpt lat="46.339567" lon="13.904825">
				<ele>1314.000000</ele>
			</trkpt>
			<trkpt lat="46.339443" lon="13.904825">
				<ele>1313.000000</ele>
			</trkpt>
			<trkpt lat="46.339008" lon="13.904825">
				<ele>1311.000000</ele>
			</trkpt>
			<trkpt lat="46.338680" lon="13.904636">
				<ele>1311.000000</ele>
			</trkpt>
		</trkseg>
	</trk>
</gpx>

